time,latitude,longitude,mag,depth,place,locationSource,magSource,event_type,magnitude_range,geometry,Grid_ID
1987-12-18 20:54:33.750000+00:00,28.239,56.683,4.6,33.0,"115 km S of K?h Sef?d, Iran",us,us,Aftershock,4.0 - 4.99,POINT (56.683 28.239),
1987-12-18 16:24:03.050000+00:00,28.191,56.677,5.9,19.8,"117 km NNE of Bandar Abbas, Iran",us,hrv,Mainshock,5.0 - 5.99,POINT (56.677 28.191),
1987-11-30 03:12:37+00:00,30.99,51.17,4.8,37.7,"53 km NW of Yasuj, Iran",us,us,Mainshock,4.0 - 4.99,POINT (51.17 30.99),
1987-11-27 08:26:43.780000+00:00,32.691,59.1,4.7,33.0,Eastern Iran,us,us,Mainshock,4.0 - 4.99,POINT (59.1 32.691),
1987-11-25 22:53:29.970000+00:00,28.231,56.753,4.5,33.0,"115 km S of K?h Sef?d, Iran",us,us,Mainshock,4.0 - 4.99,POINT (56.753 28.231),
1987-11-24 13:15:29.310000+00:00,32.402,58.89,4.6,33.0,"60 km SSW of B?rjand, Iran",us,us,Aftershock,4.0 - 4.99,POINT (58.89 32.402),
1987-11-24 11:23:16.900000+00:00,32.658,59.105,5.3,40.6,"25 km SSW of B?rjand, Iran",us,hrv,Mainshock,5.0 - 5.99,POINT (59.105 32.658),
1987-11-09 16:43:42.250000+00:00,32.805,47.799,4.9,42.1,"41 km ESE of ?bd?n?n, Iran",us,us,Mainshock,4.0 - 4.99,POINT (47.799 32.805),
1987-11-03 14:26:41.410000+00:00,28.42,50.439,4.6,10.0,Persian Gulf,us,us,Mainshock,4.0 - 4.99,POINT (50.439 28.42),
1987-10-28 21:47:25.220000+00:00,27.627,56.374,4.7,45.8,"49 km N of Bandar Abbas, Iran",us,us,Mainshock,4.0 - 4.99,POINT (56.374 27.627),
1987-10-07 19:54:34.580000+00:00,30.862,51.235,4.9,42.9,"40 km WNW of Yasuj, Iran",us,us,Mainshock,4.0 - 4.99,POINT (51.235 30.862),
1987-09-29 18:36:13.700000+00:00,28.554,52.806,5.0,35.0,"39 km SE of F?r?z?b?d, Iran",us,us,Mainshock,5.0 - 5.99,POINT (52.806 28.554),
1987-09-22 14:24:25.140000+00:00,27.651,55.27,4.6,28.1,"111 km E of Ger?sh, Iran",us,us,Mainshock,4.0 - 4.99,POINT (55.27 27.651),
1987-09-16 16:06:03.370000+00:00,37.404,57.221,4.6,34.1,"12 km SW of Bojn?rd, Iran",us,us,Mainshock,4.0 - 4.99,POINT (57.221 37.404),
1987-09-09 23:29:30.050000+00:00,33.71,47.125,4.7,68.0,"49 km WNW of K?hdasht, Iran",us,us,Mainshock,4.0 - 4.99,POINT (47.125 33.71),
1987-09-07 11:32:27.390000+00:00,39.367,54.755,5.7,36.7,"22 km NE of Gumdag, Turkmenistan",us,hrv,Mainshock,5.0 - 5.99,POINT (54.755 39.367),
1987-08-30 05:57:52.890000+00:00,33.281,57.066,4.8,33.0,"37 km SSE of Tabas, Iran",us,us,Mainshock,4.0 - 4.99,POINT (57.066 33.281),
1987-08-10 10:52:19.940000+00:00,29.867,63.84,6.1,164.5,"81 km SE of ‘Al?qahd?r? D?sh?, Afghanistan",us,hrv,Mainshock,6.0 - 6.99,POINT (63.84 29.867),
1987-08-01 13:55:16.770000+00:00,29.982,57.714,4.7,12.9,"69 km ESE of Kerman, Iran",us,us,Mainshock,4.0 - 4.99,POINT (57.714 29.982),
1987-08-01 13:43:19.490000+00:00,29.989,57.672,4.7,14.3,"65 km ESE of Kerman, Iran",us,us,Foreshock,4.0 - 4.99,POINT (57.672 29.989),
1987-07-20 16:47:48.110000+00:00,33.752,56.957,5.0,32.8,"17 km N of Tabas, Iran",us,us,Mainshock,5.0 - 5.99,POINT (56.957 33.752),
1987-07-16 11:29:49.320000+00:00,29.65,50.638,4.6,53.9,"14 km NE of Bandar-e Gen?veh, Iran",us,us,Mainshock,4.0 - 4.99,POINT (50.638 29.65),
1987-07-12 16:01:27.690000+00:00,34.848,46.886,4.8,48.7,"7 km NW of K?my?r?n, Iran",us,us,Mainshock,4.0 - 4.99,POINT (46.886 34.848),
1987-07-05 07:43:05.790000+00:00,37.671,58.446,4.8,33.0,"24 km SSW of Änew, Turkmenistan",us,us,Mainshock,4.0 - 4.99,POINT (58.446 37.671),
1987-06-18 17:22:41.390000+00:00,28.321,54.245,4.5,73.8,"56 km SSW of D?r?b, Iran",us,us,Mainshock,4.0 - 4.99,POINT (54.245 28.321),
1987-06-16 17:27:51.760000+00:00,28.443,57.285,4.8,41.6,"103 km SSE of K?h Sef?d, Iran",us,us,Mainshock,4.0 - 4.99,POINT (57.285 28.443),
1987-06-01 16:45:10.160000+00:00,30.843,49.966,4.6,36.2,"20 km NE of Aghajari, Iran",us,us,Mainshock,4.0 - 4.99,POINT (49.966 30.843),
1987-05-29 06:27:50.770000+00:00,34.076,48.266,5.3,40.9,"16 km SW of Nah?vand, Iran",us,hrv,Mainshock,5.0 - 5.99,POINT (48.266 34.076),
1987-05-26 19:23:57.160000+00:00,31.618,60.209,4.8,16.9,"138 km WNW of Z?bol, Iran",us,us,Mainshock,4.0 - 4.99,POINT (60.209 31.618),
1987-05-14 10:11:18.550000+00:00,27.499,56.064,4.6,46.5,"40 km NNW of Bandar Abbas, Iran",us,us,Mainshock,4.0 - 4.99,POINT (56.064 27.499),
1987-05-12 18:18:06.250000+00:00,28.113,55.579,4.5,68.9,"123 km SE of D?r?b, Iran",us,us,Aftershock,4.0 - 4.99,POINT (55.579 28.113),
1987-05-12 07:28:28.740000+00:00,28.267,55.528,4.5,42.8,"110 km ESE of D?r?b, Iran",us,us,Aftershock,4.0 - 4.99,POINT (55.528 28.267),
1987-05-12 07:15:13.100000+00:00,28.165,55.559,5.5,40.2,"118 km ESE of D?r?b, Iran",us,hrv,Mainshock,5.0 - 5.99,POINT (55.559 28.165),
1987-05-06 11:28:53.720000+00:00,36.983,57.606,4.5,33.0,"13 km SE of Esfar?yen, Iran",us,us,Mainshock,4.0 - 4.99,POINT (57.606 36.983),
1987-04-29 01:45:22.630000+00:00,27.437,56.109,5.7,8.9,"32 km NNW of Bandar Abbas, Iran",us,hrv,Mainshock,5.0 - 5.99,POINT (56.109 27.437),
1987-04-28 22:41:34.370000+00:00,27.485,56.054,4.5,37.5,southern Iran,us,us,Foreshock,4.0 - 4.99,POINT (56.054 27.485),
1987-04-22 01:05:01.460000+00:00,30.353,57.549,4.6,33.0,"45 km E of Kerman, Iran",us,us,Mainshock,4.0 - 4.99,POINT (57.549 30.353),
1987-04-12 04:50:26.360000+00:00,28.371,56.967,4.5,33.0,"101 km S of K?h Sef?d, Iran",us,us,Mainshock,4.0 - 4.99,POINT (56.967 28.371),
1987-04-11 23:50:29.330000+00:00,31.56,56.03,5.0,23.8,"58 km NW of Shahrak-e P?bed?n?, Iran",us,us,Mainshock,5.0 - 5.99,POINT (56.03 31.56),
1987-04-10 06:43:25.300000+00:00,37.093,57.61,5.1,46.4,"9 km ENE of Esfar?yen, Iran",us,hrv,Mainshock,5.0 - 5.99,POINT (57.61 37.093),
1987-03-20 11:15:16.820000+00:00,26.483,56.758,4.6,42.9,"59 km ENE of Dib Dibba, Oman",us,us,Mainshock,4.0 - 4.99,POINT (56.758 26.483),
1987-02-23 11:23:47.490000+00:00,34.378,57.324,4.6,33.0,"94 km NNE of Tabas, Iran",us,us,Mainshock,4.0 - 4.99,POINT (57.324 34.378),
1987-02-18 20:46:57.430000+00:00,26.091,57.361,4.6,33.0,"110 km E of Dib Dibba, Oman",us,us,Mainshock,4.0 - 4.99,POINT (57.361 26.091),
1987-01-21 20:01:06.120000+00:00,32.745,47.646,4.7,54.7,"34 km SE of ?bd?n?n, Iran",us,us,Mainshock,4.0 - 4.99,POINT (47.646 32.745),
1987-01-20 06:22:26.810000+00:00,31.975,50.743,4.6,33.0,"35 km SSE of F?rs?n, Iran",us,us,Mainshock,4.0 - 4.99,POINT (50.743 31.975),
1987-01-11 12:31:26.060000+00:00,29.969,51.788,4.9,9.7,"30 km ESE of N?r?b?d, Iran",us,us,Mainshock,4.0 - 4.99,POINT (51.788 29.969),
1987-01-10 13:06:56.390000+00:00,26.32,60.878,4.6,33.0,"14 km ENE of Qa?r-e Qand, Iran",us,us,Mainshock,4.0 - 4.99,POINT (60.878 26.32),
1986-12-31 16:56:48.930000+00:00,25.205,63.215,4.9,33.0,"26 km WSW of Pasni, Pakistan",us,us,Mainshock,4.0 - 4.99,POINT (63.215 25.205),
1986-12-21 00:11:51.180000+00:00,29.916,51.595,4.6,24.8,"23 km SSE of N?r?b?d, Iran",us,us,Aftershock,4.0 - 4.99,POINT (51.595 29.916),
1986-12-20 23:47:08.910000+00:00,29.985,51.623,5.4,25.5,"17 km SE of N?r?b?d, Iran",us,hrv,Mainshock,5.0 - 5.99,POINT (51.623 29.985),
1986-12-14 09:09:18.090000+00:00,27.526,54.363,4.7,33.0,"27 km SE of Ger?sh, Iran",us,us,Mainshock,4.0 - 4.99,POINT (54.363 27.526),
1986-11-20 20:08:01.600000+00:00,29.983,51.643,5.2,31.6,"18 km SE of N?r?b?d, Iran",us,us,Mainshock,5.0 - 5.99,POINT (51.643 29.983),
1986-11-20 11:05:26.440000+00:00,34.841,45.359,4.5,66.8,"40 km ENE of Kifr?, Iraq",us,us,Mainshock,4.0 - 4.99,POINT (45.359 34.841),
1986-11-20 10:09:07.870000+00:00,29.869,51.585,4.9,16.2,"27 km SSE of N?r?b?d, Iran",us,us,Mainshock,4.0 - 4.99,POINT (51.585 29.869),
1986-11-05 01:15:39.840000+00:00,38.694,48.617,4.5,86.2,"14 km WSW of Haftoni, Azerbaijan",us,us,Mainshock,4.0 - 4.99,POINT (48.617 38.694),
1986-10-18 08:48:30.780000+00:00,29.989,51.454,4.9,54.1,"15 km SSW of N?r?b?d, Iran",us,us,Mainshock,4.0 - 4.99,POINT (51.454 29.989),
1986-10-16 19:01:47.970000+00:00,28.978,52.731,4.6,33.0,"21 km NE of F?r?z?b?d, Iran",us,us,Mainshock,4.0 - 4.99,POINT (52.731 28.978),
1986-10-06 02:21:46.420000+00:00,26.674,54.58,4.9,60.5,"32 km WNW of Bandar-e Lengeh, Iran",us,us,Mainshock,4.0 - 4.99,POINT (54.58 26.674),
1986-10-01 03:57:52.950000+00:00,28.815,51.311,4.5,10.0,"49 km ESE of Bushehr, Iran",us,us,Mainshock,4.0 - 4.99,POINT (51.311 28.815),
1986-09-18 00:12:03.740000+00:00,26.611,54.617,4.6,33.0,"26 km WNW of Bandar-e Lengeh, Iran",us,us,Mainshock,4.0 - 4.99,POINT (54.617 26.611),
1986-08-25 01:21:56+00:00,36.98,44.916,4.6,10.0,"17 km WSW of Oshnav?yeh, Iran",us,us,Mainshock,4.0 - 4.99,POINT (44.916 36.98),
1986-08-18 09:49:15.750000+00:00,35.865,44.399,4.9,33.0,"31 km SW of Koysinceq, Iraq",us,us,Mainshock,4.0 - 4.99,POINT (44.399 35.865),
1986-08-09 06:37:24.040000+00:00,26.748,54.969,5.1,33.0,"22 km NNE of Bandar-e Lengeh, Iran",us,us,Mainshock,5.0 - 5.99,POINT (54.969 26.748),
1986-08-08 08:31:24.920000+00:00,27.291,57.833,5.0,33.0,"75 km ENE of M?n?b, Iran",us,us,Mainshock,5.0 - 5.99,POINT (57.833 27.291),
1986-07-29 03:17:36.530000+00:00,36.42,45.436,4.6,17.0,"40 km SE of Piranshahr, Iran",us,us,Mainshock,4.0 - 4.99,POINT (45.436 36.42),
1986-07-25 10:08:05.700000+00:00,28.085,57.287,5.2,33.5,"107 km N of M?n?b, Iran",us,us,Mainshock,5.0 - 5.99,POINT (57.287 28.085),
1986-07-20 15:56:23.120000+00:00,29.988,51.694,4.6,10.0,"21 km SE of N?r?b?d, Iran",us,us,Mainshock,4.0 - 4.99,POINT (51.694 29.988),
1986-07-19 09:12:23.350000+00:00,28.362,56.864,4.8,66.3,"101 km S of K?h Sef?d, Iran",us,us,Mainshock,4.0 - 4.99,POINT (56.864 28.362),
1986-07-17 00:12:01.420000+00:00,38.444,45.397,4.5,33.0,"33 km W of Marand, Iran",us,us,Mainshock,4.0 - 4.99,POINT (45.397 38.444),
1986-07-13 19:42:46.290000+00:00,30.1,51.727,4.5,10.0,"19 km E of N?r?b?d, Iran",us,us,Aftershock,4.0 - 4.99,POINT (51.727 30.1),
1986-07-13 00:48:45.550000+00:00,29.986,51.52,4.9,10.0,"14 km S of N?r?b?d, Iran",us,us,Mainshock,4.0 - 4.99,POINT (51.52 29.986),
1986-07-12 17:31:40.760000+00:00,29.926,51.658,4.5,33.0,"24 km SSE of N?r?b?d, Iran",us,us,Foreshock,4.0 - 4.99,POINT (51.658 29.926),
1986-07-12 17:00:53.130000+00:00,38.438,45.164,4.8,35.7,"22 km SE of Khowy, Iran",us,us,Mainshock,4.0 - 4.99,POINT (45.164 38.438),
1986-07-12 07:54:26.880000+00:00,29.962,51.582,5.7,10.0,"17 km SSE of N?r?b?d, Iran",us,hrv,Mainshock,5.0 - 5.99,POINT (51.582 29.962),
1986-07-10 18:57:17.240000+00:00,38.376,45.114,4.7,33.0,Northwestern Iran,us,us,Mainshock,4.0 - 4.99,POINT (45.114 38.376),
1986-06-07 01:46:39.760000+00:00,39.939,54.177,5.3,37.2,"50 km NNW of Balkanabat, Turkmenistan",us,us,Mainshock,5.0 - 5.99,POINT (54.177 39.939),
1986-06-02 19:04:00.130000+00:00,32.054,50.214,4.8,58.2,"39 km SW of F?rs?n, Iran",us,us,Mainshock,4.0 - 4.99,POINT (50.214 32.054),
1986-06-02 06:25:21.240000+00:00,35.837,45.634,4.7,23.4,"28 km SW of B?neh, Iran",us,us,Mainshock,4.0 - 4.99,POINT (45.634 35.837),
1986-05-26 21:07:01.700000+00:00,29.009,51.805,4.6,33.0,"63 km ESE of Bor?zj?n, Iran",us,us,Mainshock,4.0 - 4.99,POINT (51.805 29.009),
1986-05-17 03:24:31.090000+00:00,31.925,50.864,4.7,77.5,"39 km SSW of Farrokh Shahr, Iran",us,us,Mainshock,4.0 - 4.99,POINT (50.864 31.925),
1986-05-11 07:50:06.760000+00:00,37.061,45.255,4.5,33.0,"14 km E of Oshnav?yeh, Iran",us,us,Aftershock,4.0 - 4.99,POINT (45.255 37.061),
1986-05-11 07:29:13.740000+00:00,37.038,45.283,4.6,33.0,"13 km NW of Naqadeh, Iran",us,us,Mainshock,4.0 - 4.99,POINT (45.283 37.038),
1986-05-07 17:54:35.230000+00:00,26.804,57.621,4.5,33.0,"64 km SE of M?n?b, Iran",us,us,Mainshock,4.0 - 4.99,POINT (57.621 26.804),
1986-05-03 10:37:41.770000+00:00,28.025,53.356,5.2,27.0,southern Iran,us,hrv,Aftershock,5.0 - 5.99,POINT (53.356 28.025),
1986-05-02 03:18:37.480000+00:00,28.017,53.303,5.6,33.0,"65 km NE of Mohr, Iran",us,hrv,Mainshock,5.0 - 5.99,POINT (53.303 28.017),
1986-04-29 22:07:55.290000+00:00,38.056,49.036,4.7,33.0,"31 km NNE of Hashtpar, Iran",us,us,Mainshock,4.0 - 4.99,POINT (49.036 38.056),
1986-04-03 02:49:31.290000+00:00,27.02,56.156,4.6,33.0,"13 km NW of Qeshm, Iran",us,us,Mainshock,4.0 - 4.99,POINT (56.156 27.02),
1986-03-27 11:41:56.130000+00:00,30.106,57.904,4.6,33.0,"81 km ESE of Kerman, Iran",us,us,Mainshock,4.0 - 4.99,POINT (57.904 30.106),
1986-03-26 15:18:09.260000+00:00,35.86,53.685,4.6,33.0,"34 km ENE of Mahdishahr, Iran",us,us,Mainshock,4.0 - 4.99,POINT (53.685 35.86),
1986-03-25 11:25:02.080000+00:00,39.918,53.865,4.9,33.0,"62 km NW of Balkanabat, Turkmenistan",us,us,Mainshock,4.0 - 4.99,POINT (53.865 39.918),
1986-03-25 01:32:32.420000+00:00,26.722,54.816,5.4,33.0,"19 km NNW of Bandar-e Lengeh, Iran",us,us,Mainshock,5.0 - 5.99,POINT (54.816 26.722),
1986-03-15 07:59:30.040000+00:00,32.371,46.95,4.8,33.0,"26 km ESE of ‘Al? al Gharb?, Iraq",us,us,Mainshock,4.0 - 4.99,POINT (46.95 32.371),
1986-03-08 05:55:01.950000+00:00,30.983,50.317,4.7,65.9,"31 km NW of Dehdasht, Iran",us,us,Mainshock,4.0 - 4.99,POINT (50.317 30.983),
1986-01-27 16:35:52.870000+00:00,38.885,48.62,5.3,71.2,"9 km WSW of Boradigah, Azerbaijan",us,us,Mainshock,5.0 - 5.99,POINT (48.62 38.885),
1986-01-27 03:02:04.540000+00:00,28.504,51.49,4.6,33.0,"82 km SE of Bushehr, Iran",us,us,Mainshock,4.0 - 4.99,POINT (51.49 28.504),
1985-12-31 11:51:05.140000+00:00,27.808,54.492,4.6,33.0,"38 km ENE of Ger?sh, Iran",us,us,Mainshock,4.0 - 4.99,POINT (54.492 27.808),
1985-12-23 23:42:03.110000+00:00,34.173,57.773,4.5,33.0,"86 km WSW of Gon?b?d, Iran",us,us,Mainshock,4.0 - 4.99,POINT (57.773 34.173),
1985-12-13 01:54:08.660000+00:00,30.472,57.561,4.7,33.0,"50 km ENE of Kerman, Iran",us,us,Mainshock,4.0 - 4.99,POINT (57.561 30.472),
1985-12-11 09:11:30.530000+00:00,35.77,45.472,4.7,33.0,"23 km N of As Sulaym?n?yah, Iraq",us,us,Mainshock,4.0 - 4.99,POINT (45.472 35.77),
1985-12-09 13:20:23.910000+00:00,31.809,56.009,4.7,44.0,"61 km ENE of B?fq, Iran",us,us,Mainshock,4.0 - 4.99,POINT (56.009 31.809),
1985-12-05 23:40:21.280000+00:00,29.465,51.311,4.5,33.0,southern Iran,us,us,Aftershock,4.0 - 4.99,POINT (51.311 29.465),
1985-12-05 23:30:14.070000+00:00,29.449,51.424,4.7,33.0,"28 km NE of Bor?zj?n, Iran",us,us,Mainshock,4.0 - 4.99,POINT (51.424 29.449),
1985-12-05 21:50:09.250000+00:00,29.592,51.645,4.6,33.0,southern Iran,us,us,Foreshock,4.0 - 4.99,POINT (51.645 29.592),
1985-12-01 20:31:48.970000+00:00,37.497,56.61,4.7,33.0,"63 km W of Bojn?rd, Iran",us,us,Mainshock,4.0 - 4.99,POINT (56.61 37.497),
1985-11-28 23:26:28.220000+00:00,35.867,45.621,4.6,33.0,"27 km WSW of B?neh, Iran",us,us,Mainshock,4.0 - 4.99,POINT (45.621 35.867),
1985-11-23 19:31:58.580000+00:00,33.508,48.789,4.8,43.7,"17 km SW of Azn?, Iran",us,us,Mainshock,4.0 - 4.99,POINT (48.789 33.508),
1985-11-15 06:12:07.050000+00:00,28.097,51.268,4.7,16.7,"105 km SSE of Bushehr, Iran",us,us,Mainshock,4.0 - 4.99,POINT (51.268 28.097),
1985-11-06 19:47:55.910000+00:00,36.637,54.446,4.5,33.0,"22 km S of Gorg?n, Iran",us,us,Mainshock,4.0 - 4.99,POINT (54.446 36.637),
1985-11-02 15:49:27.640000+00:00,27.649,56.391,4.5,33.0,"52 km NNE of Bandar Abbas, Iran",us,us,Mainshock,4.0 - 4.99,POINT (56.391 27.649),
1985-11-02 09:34:14.190000+00:00,37.521,49.068,4.5,33.0,"18 km WNW of Ziabar (Gaskar), Iran",us,us,Mainshock,4.0 - 4.99,POINT (49.068 37.521),
1985-11-01 22:36:25.660000+00:00,27.783,56.452,4.7,51.0,"68 km NNE of Bandar Abbas, Iran",us,us,Mainshock,4.0 - 4.99,POINT (56.452 27.783),
1985-10-29 14:23:06.700000+00:00,36.88,54.803,5.0,33.0,"19 km ENE of Qarn?b?d, Iran",us,us,Aftershock,5.0 - 5.99,POINT (54.803 36.88),
1985-10-29 13:49:20.740000+00:00,36.608,54.644,4.5,33.0,"24 km S of Qarn?b?d, Iran",us,us,Aftershock,4.0 - 4.99,POINT (54.644 36.608),
1985-10-29 13:42:10.540000+00:00,36.611,54.688,4.6,33.0,"24 km SSE of Qarn?b?d, Iran",us,us,Aftershock,4.0 - 4.99,POINT (54.688 36.611),
1985-10-29 13:13:44.620000+00:00,36.681,54.75,6.3,52.9,"21 km SE of Qarn?b?d, Iran",us,nc,Mainshock,6.0 - 6.99,POINT (54.75 36.681),
1985-10-14 15:28:31.480000+00:00,35.629,52.699,4.8,10.0,"19 km SE of Soleh Bon, Iran",us,us,Mainshock,4.0 - 4.99,POINT (52.699 35.629),
1985-10-10 10:19:54.840000+00:00,26.782,54.916,5.0,44.0,"25 km N of Bandar-e Lengeh, Iran",us,us,Mainshock,5.0 - 5.99,POINT (54.916 26.782),
1985-10-01 09:48:43.550000+00:00,28.469,56.921,4.6,55.4,"90 km S of K?h Sef?d, Iran",us,us,Mainshock,4.0 - 4.99,POINT (56.921 28.469),
1985-09-24 07:05:56.390000+00:00,26.782,61.845,4.7,33.0,"123 km ENE of Qa?r-e Qand, Iran",us,us,Mainshock,4.0 - 4.99,POINT (61.845 26.782),
1985-09-18 00:10:34.880000+00:00,31.627,49.447,5.3,33.0,"36 km SSE of Masjed Soleym?n, Iran",us,hrv,Mainshock,5.0 - 5.99,POINT (49.447 31.627),
1985-08-16 10:46:51.860000+00:00,37.113,59.31,5.6,33.0,"37 km SW of Kaka, Turkmenistan",us,hrv,Mainshock,5.0 - 5.99,POINT (59.31 37.113),
1985-08-10 13:29:52.630000+00:00,28.014,53.459,4.6,33.0,"76 km NE of Mohr, Iran",us,us,Aftershock,4.0 - 4.99,POINT (53.459 28.014),
1985-08-07 15:43:22.810000+00:00,27.84,53.04,5.6,14.9,"35 km NNE of Mohr, Iran",us,hrv,Mainshock,5.0 - 5.99,POINT (53.04 27.84),
1985-07-31 18:09:41.870000+00:00,28.929,52.339,5.0,33.0,"24 km WNW of F?r?z?b?d, Iran",us,us,Mainshock,5.0 - 5.99,POINT (52.339 28.929),
1985-07-27 03:12:13.300000+00:00,33.079,46.358,4.6,57.8,"18 km ESE of Mehr?n, Iran",us,us,Mainshock,4.0 - 4.99,POINT (46.358 33.079),
1985-07-24 16:57:58.540000+00:00,35.755,45.984,4.6,61.8,"15 km NNE of Baynjiwayn, Iraq",us,us,Mainshock,4.0 - 4.99,POINT (45.984 35.755),
1985-07-23 23:51:42.280000+00:00,30.347,50.587,4.9,34.9,"20 km W of Dogonbadan, Iran",us,us,Mainshock,4.0 - 4.99,POINT (50.587 30.347),
1985-07-08 17:02:36.080000+00:00,36.111,53.779,4.7,32.6,"51 km W of D?mgh?n, Iran",us,us,Mainshock,4.0 - 4.99,POINT (53.779 36.111),
1985-07-05 00:31:49.650000+00:00,31.0,50.159,4.5,33.0,"44 km WNW of Dehdasht, Iran",us,us,Mainshock,4.0 - 4.99,POINT (50.159 31),
1985-07-04 23:38:05.930000+00:00,27.692,56.324,4.5,33.0,"56 km N of Bandar Abbas, Iran",us,us,Mainshock,4.0 - 4.99,POINT (56.324 27.692),
1985-07-04 06:04:46.020000+00:00,29.405,52.642,4.8,23.4,"22 km NW of Akbar?b?d, Iran",us,us,Mainshock,4.0 - 4.99,POINT (52.642 29.405),
1985-06-28 13:35:31.680000+00:00,30.54,57.487,4.8,33.0,"48 km NE of Kerman, Iran",us,us,Mainshock,4.0 - 4.99,POINT (57.487 30.54),
1985-06-22 12:41:03.160000+00:00,29.517,61.142,5.0,33.0,"27 km E of Zahedan, Iran",us,us,Mainshock,5.0 - 5.99,POINT (61.142 29.517),
1985-05-31 13:19:19.130000+00:00,30.084,51.656,4.7,33.0,"13 km ESE of N?r?b?d, Iran",us,us,Mainshock,4.0 - 4.99,POINT (51.656 30.084),
1985-05-21 00:36:43.590000+00:00,32.236,58.752,4.5,33.0,"82 km SSW of B?rjand, Iran",us,us,Mainshock,4.0 - 4.99,POINT (58.752 32.236),
1985-05-19 00:55:11.050000+00:00,29.738,51.127,4.7,33.0,"52 km WNW of K?zer?n, Iran",us,us,Mainshock,4.0 - 4.99,POINT (51.127 29.738),
1985-05-17 17:01:23.820000+00:00,26.616,57.359,4.7,33.0,"63 km SSE of M?n?b, Iran",us,us,Mainshock,4.0 - 4.99,POINT (57.359 26.616),
1985-05-09 18:50:22.980000+00:00,39.299,48.771,4.5,33.0,"25 km NE of Prishibinskoye, Azerbaijan",us,us,Mainshock,4.0 - 4.99,POINT (48.771 39.299),
1985-04-30 12:05:04.870000+00:00,31.549,49.852,4.5,33.0,"38 km NE of R?mhormoz, Iran",us,us,Mainshock,4.0 - 4.99,POINT (49.852 31.549),
1985-04-25 04:58:41.830000+00:00,29.297,52.669,4.8,10.0,"12 km WNW of Akbar?b?d, Iran",us,us,Mainshock,4.0 - 4.99,POINT (52.669 29.297),
1985-04-20 14:47:33.040000+00:00,29.178,53.127,4.6,33.0,"34 km ESE of Akbar?b?d, Iran",us,us,Background Event,4.0 - 4.99,POINT (53.127 29.178),
1985-04-19 23:59:13.690000+00:00,28.304,53.646,4.6,33.0,"70 km S of Fas?, Iran",us,us,Mainshock,4.0 - 4.99,POINT (53.646 28.304),
1985-04-18 16:34:41.130000+00:00,39.783,44.799,4.5,33.0,"2 km NNW of Armash, Armenia",us,us,Mainshock,4.0 - 4.99,POINT (44.799 39.783),
1985-04-03 01:44:26.830000+00:00,38.099,48.422,4.7,26.3,"20 km SE of Ardab?l, Iran",us,us,Mainshock,4.0 - 4.99,POINT (48.422 38.099),
1985-03-28 00:25:54.370000+00:00,32.374,50.307,4.5,65.7,"27 km WNW of F?rs?n, Iran",us,us,Mainshock,4.0 - 4.99,POINT (50.307 32.374),
1985-03-27 16:14:54.270000+00:00,39.107,53.725,4.8,25.1,"71 km SW of Balkanabat, Turkmenistan",us,us,Mainshock,4.0 - 4.99,POINT (53.725 39.107),
1985-03-27 02:06:42.750000+00:00,31.656,49.955,5.1,53.3,"53 km NE of R?mhormoz, Iran",us,hrv,Mainshock,5.0 - 5.99,POINT (49.955 31.656),
1985-03-17 02:51:42.640000+00:00,34.777,45.47,4.8,51.3,"47 km ENE of Kifr?, Iraq",us,us,Mainshock,4.0 - 4.99,POINT (45.47 34.777),
1985-03-13 20:24:55.950000+00:00,32.091,49.54,4.7,33.0,"28 km NE of Masjed Soleym?n, Iran",us,us,Mainshock,4.0 - 4.99,POINT (49.54 32.091),
1985-03-12 19:06:37.220000+00:00,33.366,49.463,4.5,33.0,"21 km WSW of Al?g?darz, Iran",us,us,Mainshock,4.0 - 4.99,POINT (49.463 33.366),
1985-03-03 13:54:59.020000+00:00,31.886,56.179,4.9,34.9,"79 km ENE of B?fq, Iran",us,us,Mainshock,4.0 - 4.99,POINT (56.179 31.886),
1985-02-26 20:36:57.520000+00:00,32.578,47.291,4.7,57.5,"13 km S of Dehlor?n, Iran",us,us,Aftershock,4.0 - 4.99,POINT (47.291 32.578),
1985-02-26 06:06:31.300000+00:00,32.732,47.084,4.5,53.3,"17 km WNW of Dehlor?n, Iran",us,us,Aftershock,4.0 - 4.99,POINT (47.084 32.732),
1985-02-26 04:12:33.650000+00:00,32.588,47.373,4.9,38.6,"15 km SE of Dehlor?n, Iran",us,us,Mainshock,4.0 - 4.99,POINT (47.373 32.588),
1985-02-26 03:34:40.640000+00:00,32.921,47.484,4.7,85.9,"9 km SE of ?bd?n?n, Iran",us,us,Foreshock,4.0 - 4.99,POINT (47.484 32.921),
1985-02-26 02:44:06.900000+00:00,32.575,47.366,4.9,42.5,"16 km SE of Dehlor?n, Iran",us,us,Foreshock,4.0 - 4.99,POINT (47.366 32.575),
1985-02-11 09:26:45.990000+00:00,34.56,50.677,4.7,50.6,"20 km WSW of Qom, Iran",us,us,Mainshock,4.0 - 4.99,POINT (50.677 34.56),
1985-02-08 22:38:38.320000+00:00,39.439,54.789,4.5,44.8,"31 km NNE of Gumdag, Turkmenistan",us,us,Mainshock,4.0 - 4.99,POINT (54.789 39.439),
1985-02-05 22:19:07.990000+00:00,39.73,49.096,4.5,33.0,"16 km SE of Qaraçala, Azerbaijan",us,us,Mainshock,4.0 - 4.99,POINT (49.096 39.73),
1985-02-02 22:40:09.050000+00:00,28.396,52.866,4.6,33.0,"57 km SSE of F?r?z?b?d, Iran",us,us,Aftershock,4.0 - 4.99,POINT (52.866 28.396),
1985-02-02 22:21:29.740000+00:00,28.527,52.963,4.5,33.0,"51 km SE of F?r?z?b?d, Iran",us,us,Aftershock,4.0 - 4.99,POINT (52.963 28.527),
1985-02-02 20:52:34.290000+00:00,28.399,52.997,5.5,36.8,"64 km SE of F?r?z?b?d, Iran",us,hrv,Mainshock,5.0 - 5.99,POINT (52.997 28.399),
1984-12-22 16:05:12.850000+00:00,27.856,54.439,5.1,43.2,"36 km NE of Ger?sh, Iran",us,hrv,Mainshock,5.0 - 5.99,POINT (54.439 27.856),
1984-12-06 11:31:18.660000+00:00,27.523,55.629,4.7,46.3,"74 km WNW of Bandar Abbas, Iran",us,us,Mainshock,4.0 - 4.99,POINT (55.629 27.523),
1984-11-15 06:19:15.690000+00:00,28.025,56.968,4.7,35.6,"99 km N of M?n?b, Iran",us,us,Mainshock,4.0 - 4.99,POINT (56.968 28.025),
1984-10-28 22:03:59.140000+00:00,37.017,45.297,4.6,33.0,"10 km NW of Naqadeh, Iran",us,us,Mainshock,4.0 - 4.99,POINT (45.297 37.017),
1984-10-23 07:08:14.350000+00:00,30.615,57.299,4.6,33.0,"42 km NNE of Kerman, Iran",us,us,Mainshock,4.0 - 4.99,POINT (57.299 30.615),
1984-10-21 23:40:20.790000+00:00,32.697,47.56,5.0,41.7,"27 km E of Dehlor?n, Iran",us,us,Mainshock,5.0 - 5.99,POINT (47.56 32.697),
1984-10-11 05:09:26.100000+00:00,29.645,57.979,5.0,33.0,"70 km NNW of Bam, Iran",us,us,Mainshock,5.0 - 5.99,POINT (57.979 29.645),
1984-10-03 23:37:47.850000+00:00,36.362,45.195,4.6,33.0,"37 km S of Piranshahr, Iran",us,us,Mainshock,4.0 - 4.99,POINT (45.195 36.362),
1984-09-30 15:33:19.460000+00:00,37.87,48.966,4.5,33.0,"9 km NNE of Hashtpar, Iran",us,us,Mainshock,4.0 - 4.99,POINT (48.966 37.87),
1984-09-27 16:07:52.820000+00:00,31.604,49.809,4.7,33.0,"40 km NNE of R?mhormoz, Iran",us,us,Mainshock,4.0 - 4.99,POINT (49.809 31.604),
1984-09-23 11:32:42.300000+00:00,36.333,44.737,4.6,33.0,"29 km NNE of Koysinceq, Iraq",us,us,Mainshock,4.0 - 4.99,POINT (44.737 36.333),
1984-09-21 00:47:25.310000+00:00,29.913,50.251,4.8,33.0,southern Iran,us,us,Mainshock,4.0 - 4.99,POINT (50.251 29.913),
1984-09-19 16:57:16.690000+00:00,29.932,50.432,4.6,65.3,"39 km NNW of Bandar-e Gen?veh, Iran",us,us,Background Event,4.0 - 4.99,POINT (50.432 29.932),
1984-09-12 18:00:41.420000+00:00,27.236,60.752,4.9,33.0,"7 km ENE of Iranshahr, Iran",us,us,Mainshock,4.0 - 4.99,POINT (60.752 27.236),
1984-09-12 09:09:24.410000+00:00,33.288,60.192,4.7,27.6,"102 km ENE of B?rjand, Iran",us,us,Mainshock,4.0 - 4.99,POINT (60.192 33.288),
1984-09-10 21:16:03.370000+00:00,28.634,56.712,4.6,33.0,"71 km S of K?h Sef?d, Iran",us,us,Mainshock,4.0 - 4.99,POINT (56.712 28.634),
1984-09-09 17:54:59.580000+00:00,35.577,49.343,4.6,33.0,"63 km SSW of T?kest?n, Iran",us,us,Mainshock,4.0 - 4.99,POINT (49.343 35.577),
1984-09-07 11:10:18.310000+00:00,28.138,55.125,4.6,33.0,"88 km SE of D?r?b, Iran",us,us,Mainshock,4.0 - 4.99,POINT (55.125 28.138),
1984-09-06 22:21:05.100000+00:00,26.172,54.406,4.8,33.0,"57 km SE of K?sh, Iran",us,us,Mainshock,4.0 - 4.99,POINT (54.406 26.172),
1984-09-05 18:50:42.750000+00:00,38.272,56.816,4.6,33.0,"56 km WSW of Baharly, Turkmenistan",us,us,Mainshock,4.0 - 4.99,POINT (56.816 38.272),
1984-08-28 03:26:09.340000+00:00,30.874,51.298,4.6,33.0,"35 km NW of Yasuj, Iran",us,us,Mainshock,4.0 - 4.99,POINT (51.298 30.874),
1984-08-24 11:31:41.680000+00:00,38.46,45.943,4.9,10.0,"14 km ENE of Marand, Iran",us,us,Mainshock,4.0 - 4.99,POINT (45.943 38.46),
1984-08-21 19:48:53.680000+00:00,38.181,56.767,4.6,33.0,"64 km WSW of Baharly, Turkmenistan",us,us,Mainshock,4.0 - 4.99,POINT (56.767 38.181),
1984-08-15 02:00:58.220000+00:00,30.881,57.088,5.1,33.0,"50 km SSE of R?var, Iran",us,us,Mainshock,5.0 - 5.99,POINT (57.088 30.881),
1984-08-14 18:18:10.340000+00:00,39.883,63.532,4.7,10.0,"28 km SSE of Gazli, Uzbekistan",us,us,Mainshock,4.0 - 4.99,POINT (63.532 39.883),
1984-08-14 01:30:53.800000+00:00,30.807,57.156,4.7,33.0,"56 km E of Zarand, Iran",us,us,Aftershock,4.0 - 4.99,POINT (57.156 30.807),
1984-08-06 11:14:37.650000+00:00,30.841,57.156,5.4,33.0,"56 km E of Zarand, Iran",us,hrv,Mainshock,5.0 - 5.99,POINT (57.156 30.841),
1984-08-02 22:49:48.270000+00:00,28.122,51.316,4.7,33.0,"104 km SSE of Bushehr, Iran",us,us,Mainshock,4.0 - 4.99,POINT (51.316 28.122),
1984-07-23 07:13:50.860000+00:00,29.508,53.452,4.9,34.1,"65 km NNW of Fas?, Iran",us,us,Mainshock,4.0 - 4.99,POINT (53.452 29.508),
1984-07-06 04:08:05.640000+00:00,36.34,58.194,4.8,33.0,"48 km ENE of Sabzevar, Iran",us,us,Mainshock,4.0 - 4.99,POINT (58.194 36.34),
1984-06-30 02:28:10.550000+00:00,32.63,48.13,4.7,33.0,"44 km NW of Shahrak-e K?l?r?, Iran",us,us,Mainshock,4.0 - 4.99,POINT (48.13 32.63),
1984-06-29 19:55:17.150000+00:00,38.388,45.167,4.6,33.0,"26 km SE of Khowy, Iran",us,us,Mainshock,4.0 - 4.99,POINT (45.167 38.388),
1984-06-22 15:39:22.320000+00:00,31.194,49.781,4.7,33.0,"19 km ESE of R?mhormoz, Iran",us,us,Mainshock,4.0 - 4.99,POINT (49.781 31.194),
1984-06-02 18:05:58.760000+00:00,31.544,50.532,4.5,33.0,"79 km S of F?rs?n, Iran",us,us,Aftershock,4.0 - 4.99,POINT (50.532 31.544),
1984-06-01 12:29:27.700000+00:00,31.952,50.536,5.0,33.0,"33 km S of F?rs?n, Iran",us,us,Mainshock,5.0 - 5.99,POINT (50.536 31.952),
1984-05-11 09:58:50.390000+00:00,36.563,54.891,4.9,33.0,Northern Iran,us,us,Mainshock,4.0 - 4.99,POINT (54.891 36.563),
1984-04-22 13:39:31.020000+00:00,27.635,56.613,4.9,24.4,"59 km NNE of Bandar Abbas, Iran",us,us,Mainshock,4.0 - 4.99,POINT (56.613 27.635),
1984-04-20 11:40:57.500000+00:00,34.198,58.457,4.5,40.1,"27 km SW of Gon?b?d, Iran",us,us,Mainshock,4.0 - 4.99,POINT (58.457 34.198),
1984-04-13 21:44:12.010000+00:00,27.567,55.361,4.5,33.0,"100 km WNW of Bandar Abbas, Iran",us,us,Mainshock,4.0 - 4.99,POINT (55.361 27.567),
1984-03-30 03:15:10.600000+00:00,26.772,54.195,4.7,33.0,"29 km NE of K?sh, Iran",us,us,Mainshock,4.0 - 4.99,POINT (54.195 26.772),
1984-03-26 12:00:22.510000+00:00,34.621,45.41,4.7,33.0,"41 km E of Kifr?, Iraq",us,us,Mainshock,4.0 - 4.99,POINT (45.41 34.621),
1984-03-25 02:44:58.120000+00:00,38.488,45.231,4.5,33.0,"25 km ESE of Khowy, Iran",us,us,Mainshock,4.0 - 4.99,POINT (45.231 38.488),
1984-03-23 20:08:43.500000+00:00,37.214,57.46,4.7,33.0,"15 km NNW of Esfar?yen, Iran",us,us,Mainshock,4.0 - 4.99,POINT (57.46 37.214),
1984-03-22 00:22:05.300000+00:00,26.813,54.247,4.8,33.0,"36 km NE of K?sh, Iran",us,us,Mainshock,4.0 - 4.99,POINT (54.247 26.813),
1984-03-21 18:26:14.640000+00:00,26.894,54.271,4.7,33.0,"44 km NE of K?sh, Iran",us,us,Foreshock,4.0 - 4.99,POINT (54.271 26.894),
1984-03-21 18:11:48.700000+00:00,26.78,54.221,4.8,33.0,"31 km NE of K?sh, Iran",us,us,Foreshock,4.0 - 4.99,POINT (54.221 26.78),
1984-03-21 17:51:43.750000+00:00,26.858,54.286,4.7,33.0,"42 km NE of K?sh, Iran",us,us,Foreshock,4.0 - 4.99,POINT (54.286 26.858),
1984-03-20 12:25:56.210000+00:00,26.766,54.239,4.7,33.0,"31 km NE of K?sh, Iran",us,us,Background Event,4.0 - 4.99,POINT (54.239 26.766),
1984-03-02 01:51:32.900000+00:00,27.007,53.699,4.6,33.0,"59 km NNW of K?sh, Iran",us,us,Aftershock,4.0 - 4.99,POINT (53.699 27.007),
1984-03-01 21:24:54.260000+00:00,27.267,53.843,5.2,33.0,"53 km SSW of Ger?sh, Iran",us,us,Mainshock,5.0 - 5.99,POINT (53.843 27.267),
1984-02-29 10:01:07.240000+00:00,26.871,55.648,4.9,39.8,"62 km W of Qeshm, Iran",us,us,Mainshock,4.0 - 4.99,POINT (55.648 26.871),
1984-02-22 05:44:41.370000+00:00,39.401,53.978,5.8,33.0,"35 km WSW of Balkanabat, Turkmenistan",us,hrv,Mainshock,5.0 - 5.99,POINT (53.978 39.401),
1984-02-12 13:38:07.910000+00:00,37.069,57.538,4.5,33.0,"2 km ESE of Esfar?yen, Iran",us,us,Mainshock,4.0 - 4.99,POINT (57.538 37.069),
1984-01-29 22:42:27.780000+00:00,32.603,47.984,4.8,33.0,"51 km NNW of Sh?sh, Iran",us,us,Mainshock,4.0 - 4.99,POINT (47.984 32.603),
1984-01-15 03:47:04.060000+00:00,26.897,63.182,4.7,10.0,"100 km N of Turbat, Pakistan",us,us,Mainshock,4.0 - 4.99,POINT (63.182 26.897),
1983-12-20 22:21:05.950000+00:00,36.797,50.789,4.8,42.2,"7 km WSW of Tonek?bon, Iran",us,us,Mainshock,4.0 - 4.99,POINT (50.789 36.797),
1983-12-02 10:45:08.470000+00:00,27.915,56.655,4.8,33.0,"88 km NNE of Bandar Abbas, Iran",us,us,Mainshock,4.0 - 4.99,POINT (56.655 27.915),
1983-11-30 07:40:14.670000+00:00,30.071,57.756,4.5,33.0,"69 km ESE of Kerman, Iran",us,us,Mainshock,4.0 - 4.99,POINT (57.756 30.071),
1983-11-19 07:57:58.170000+00:00,34.293,45.94,5.1,34.7,"19 km SSE of Sarpol-e Z?ah?b, Iran",us,us,Mainshock,5.0 - 5.99,POINT (45.94 34.293),
1983-11-17 09:10:45.300000+00:00,31.581,47.484,4.7,65.4,"42 km SE of Al ‘Am?rah, Iraq",us,us,Mainshock,4.0 - 4.99,POINT (47.484 31.581),
1983-10-29 02:37:02.380000+00:00,28.546,57.051,4.9,33.0,"84 km SSE of K?h Sef?d, Iran",us,us,Mainshock,4.0 - 4.99,POINT (57.051 28.546),
1983-10-09 15:25:36.760000+00:00,28.905,61.295,4.6,33.0,"76 km N of Kh?sh, Iran",us,us,Mainshock,4.0 - 4.99,POINT (61.295 28.905),
1983-10-03 11:15:05.190000+00:00,37.232,43.665,4.6,10.0,"4 km ESE of Çukurca, Turkey",us,us,Mainshock,4.0 - 4.99,POINT (43.665 37.232),
1983-09-28 08:34:02.090000+00:00,39.111,53.756,4.7,33.0,"68 km SW of Balkanabat, Turkmenistan",us,us,Mainshock,4.0 - 4.99,POINT (53.756 39.111),
1983-09-23 01:08:12.300000+00:00,36.812,55.122,4.6,33.0,"30 km S of ?z?dshahr, Iran",us,us,Mainshock,4.0 - 4.99,POINT (55.122 36.812),
1983-09-13 21:58:22.870000+00:00,34.431,46.474,4.5,33.0,"40 km S of Jav?nr?d, Iran",us,us,Mainshock,4.0 - 4.99,POINT (46.474 34.431),
1983-08-28 05:25:14.530000+00:00,39.29,54.792,4.6,33.0,"19 km ENE of Gumdag, Turkmenistan",us,us,Mainshock,4.0 - 4.99,POINT (54.792 39.29),
1983-08-17 21:57:29.080000+00:00,31.849,50.885,4.9,47.1,"40 km WSW of Bor?jen, Iran",us,us,Mainshock,4.0 - 4.99,POINT (50.885 31.849),
1983-08-13 17:18:36.570000+00:00,28.306,53.283,4.8,33.0,"78 km SSW of Fas?, Iran",us,us,Mainshock,4.0 - 4.99,POINT (53.283 28.306),
1983-08-09 22:15:16.080000+00:00,28.014,56.814,4.5,33.0,"101 km NNW of M?n?b, Iran",us,us,Mainshock,4.0 - 4.99,POINT (56.814 28.014),
1983-08-07 04:18:35.150000+00:00,39.833,53.912,5.1,33.0,"52 km NW of Balkanabat, Turkmenistan",us,us,Mainshock,5.0 - 5.99,POINT (53.912 39.833),
1983-08-01 23:50:01.330000+00:00,32.565,47.601,4.8,33.0,"34 km ESE of Dehlor?n, Iran",us,us,Mainshock,4.0 - 4.99,POINT (47.601 32.565),
1983-08-01 12:03:51.260000+00:00,32.811,60.248,4.7,19.4,"96 km E of B?rjand, Iran",us,us,Mainshock,4.0 - 4.99,POINT (60.248 32.811),
1983-07-24 02:18:51.040000+00:00,32.72,48.783,4.5,70.5,"50 km NE of Shahrak-e K?l?r?, Iran",us,us,Mainshock,4.0 - 4.99,POINT (48.783 32.72),
1983-07-22 02:41:00.880000+00:00,36.948,49.18,5.6,41.3,"31 km NW of P?deg?n-e Manj?l, Iran",us,us,Mainshock,5.0 - 5.99,POINT (49.18 36.948),
1983-07-16 17:25:51.030000+00:00,27.809,56.378,4.6,33.0,"69 km N of Bandar Abbas, Iran",us,us,Mainshock,4.0 - 4.99,POINT (56.378 27.809),
1983-07-15 02:01:14.850000+00:00,27.714,57.941,5.0,33.0,"106 km NE of M?n?b, Iran",us,us,Mainshock,5.0 - 5.99,POINT (57.941 27.714),
1983-07-15 01:57:29.860000+00:00,28.056,56.982,4.9,33.0,"103 km N of M?n?b, Iran",us,us,Mainshock,4.0 - 4.99,POINT (56.982 28.056),
1983-07-12 11:54:00.090000+00:00,27.685,56.446,4.7,33.0,"57 km NNE of Bandar Abbas, Iran",us,us,Aftershock,4.0 - 4.99,POINT (56.446 27.685),
1983-07-12 11:41:27.080000+00:00,27.6,56.536,4.9,33.0,"52 km NNE of Bandar Abbas, Iran",us,us,Aftershock,4.0 - 4.99,POINT (56.536 27.6),
1983-07-12 11:34:17.570000+00:00,27.606,56.381,5.9,25.0,"47 km NNE of Bandar Abbas, Iran",us,nc,Mainshock,5.0 - 5.99,POINT (56.381 27.606),
1983-07-11 20:34:10.810000+00:00,29.15,51.878,4.6,39.5,"56 km SSE of K?zer?n, Iran",us,us,Mainshock,4.0 - 4.99,POINT (51.878 29.15),
1983-05-29 17:15:39.400000+00:00,35.271,52.195,4.5,33.0,"11 km WNW of ?stg?h-e R?h ?han-e Garms?r, Iran",us,us,Mainshock,4.0 - 4.99,POINT (52.195 35.271),
1983-05-29 08:11:02.120000+00:00,32.577,48.561,4.6,33.0,"26 km NNE of Shahrak-e K?l?r?, Iran",us,us,Aftershock,4.0 - 4.99,POINT (48.561 32.577),
1983-05-29 01:50:11.810000+00:00,32.604,48.541,4.8,33.0,"28 km NNE of Shahrak-e K?l?r?, Iran",us,us,Aftershock,4.0 - 4.99,POINT (48.541 32.604),
1983-05-28 22:23:41.060000+00:00,32.692,48.519,4.9,33.0,"37 km N of Shahrak-e K?l?r?, Iran",us,us,Mainshock,4.0 - 4.99,POINT (48.519 32.692),
1983-05-28 18:34:09.430000+00:00,32.584,48.54,4.9,33.0,"26 km NNE of Shahrak-e K?l?r?, Iran",us,us,Foreshock,4.0 - 4.99,POINT (48.54 32.584),
1983-05-28 14:03:39.010000+00:00,32.775,49.056,4.6,33.0,"72 km NE of Shahrak-e K?l?r?, Iran",us,us,Aftershock,4.0 - 4.99,POINT (49.056 32.775),
1983-05-28 11:35:51.920000+00:00,32.594,48.581,5.6,18.0,"28 km NNE of Shahrak-e K?l?r?, Iran",us,us,Mainshock,5.0 - 5.99,POINT (48.581 32.594),
1983-05-20 22:29:28.540000+00:00,27.13,59.149,4.5,33.0,"78 km NW of Fann?j, Iran",us,us,Mainshock,4.0 - 4.99,POINT (59.149 27.13),
1983-05-15 11:16:10.640000+00:00,28.127,56.308,4.7,33.0,"104 km N of Bandar Abbas, Iran",us,us,Mainshock,4.0 - 4.99,POINT (56.308 28.127),
1983-05-12 16:43:07.370000+00:00,39.575,52.482,4.6,33.0,"64 km SW of Türkmenba?y, Turkmenistan",us,us,Mainshock,4.0 - 4.99,POINT (52.482 39.575),
1983-05-09 02:06:20.860000+00:00,35.341,44.617,4.6,33.0,"24 km SE of Kirkuk, Iraq",us,us,Mainshock,4.0 - 4.99,POINT (44.617 35.341),
1983-05-06 07:22:21.070000+00:00,32.349,49.026,4.9,33.0,"37 km NNE of Sh?shtar, Iran",us,us,Mainshock,4.0 - 4.99,POINT (49.026 32.349),
1983-05-03 13:30:25.790000+00:00,33.188,57.34,4.7,33.0,"59 km SE of Tabas, Iran",us,us,Mainshock,4.0 - 4.99,POINT (57.34 33.188),
1983-04-22 23:07:45.240000+00:00,38.396,56.2,4.5,47.2,"64 km S of Serdar, Turkmenistan",us,us,Mainshock,4.0 - 4.99,POINT (56.2 38.396),
1983-04-18 10:58:51.260000+00:00,27.793,62.054,7.0,64.0,"95 km ESE of Kh?sh, Iran",us,nc,Mainshock,7.0 - 10.0,POINT (62.054 27.793),
1983-04-18 01:25:04.830000+00:00,39.031,54.751,4.7,33.0,"23 km SE of Gumdag, Turkmenistan",us,us,Mainshock,4.0 - 4.99,POINT (54.751 39.031),
1983-04-15 06:18:45.940000+00:00,30.637,50.226,4.7,40.5,"4 km NNW of Behbah?n, Iran",us,us,Mainshock,4.0 - 4.99,POINT (50.226 30.637),
1983-04-02 00:32:27.770000+00:00,39.042,48.714,4.6,33.0,"4 km E of Masally, Azerbaijan",us,us,Mainshock,4.0 - 4.99,POINT (48.714 39.042),
1983-03-26 10:51:47.320000+00:00,38.863,44.333,4.5,33.0,"37 km NE of Özalp, Turkey",us,us,Mainshock,4.0 - 4.99,POINT (44.333 38.863),
1983-03-26 04:07:19.560000+00:00,35.961,52.228,5.4,33.0,"30 km NNE of Dam?vand, Iran",us,us,Mainshock,5.0 - 5.99,POINT (52.228 35.961),
1983-03-25 11:57:49.390000+00:00,35.953,52.264,5.2,33.0,"31 km NE of Dam?vand, Iran",us,us,Foreshock,5.0 - 5.99,POINT (52.264 35.953),
1983-03-18 07:31:22.530000+00:00,39.155,54.643,4.6,33.0,"7 km SE of Gumdag, Turkmenistan",us,us,Aftershock,4.0 - 4.99,POINT (54.643 39.155),
1983-03-15 14:49:17.900000+00:00,39.15,54.522,5.0,33.0,"8 km SW of Gumdag, Turkmenistan",us,us,Aftershock,5.0 - 5.99,POINT (54.522 39.15),
1983-03-14 12:12:48.290000+00:00,39.168,54.471,5.2,33.0,"11 km WSW of Gumdag, Turkmenistan",us,us,Mainshock,5.0 - 5.99,POINT (54.471 39.168),
1983-03-14 11:55:19.840000+00:00,39.179,54.61,4.9,33.0,"3 km SSE of Gumdag, Turkmenistan",us,us,Foreshock,4.0 - 4.99,POINT (54.61 39.179),
1983-03-11 21:26:16.280000+00:00,34.186,46.235,4.5,33.0,"45 km SE of Sarpol-e Z?ah?b, Iran",us,us,Mainshock,4.0 - 4.99,POINT (46.235 34.186),
1983-03-05 14:22:35.630000+00:00,32.489,49.34,5.4,33.0,"61 km N of Masjed Soleym?n, Iran",us,us,Mainshock,5.0 - 5.99,POINT (49.34 32.489),
1983-03-01 02:02:19.270000+00:00,39.162,54.666,4.8,33.0,"8 km SE of Gumdag, Turkmenistan",us,us,Mainshock,4.0 - 4.99,POINT (54.666 39.162),
1983-02-18 14:32:14.310000+00:00,27.936,53.814,4.7,57.2,"43 km NW of Ger?sh, Iran",us,us,Aftershock,4.0 - 4.99,POINT (53.814 27.936),
1983-02-18 07:40:24.100000+00:00,27.946,53.852,5.2,35.4,"41 km NW of Ger?sh, Iran",us,us,Mainshock,5.0 - 5.99,POINT (53.852 27.946),
1983-02-07 15:06:27.550000+00:00,26.838,57.562,5.7,33.0,"57 km SE of M?n?b, Iran",us,us,Mainshock,5.0 - 5.99,POINT (57.562 26.838),
1983-01-31 18:56:49.790000+00:00,28.888,57.29,5.1,101.0,"64 km SE of K?h Sef?d, Iran",us,us,Mainshock,5.0 - 5.99,POINT (57.29 28.888),
1983-01-17 20:57:12.560000+00:00,27.67,56.68,5.0,48.9,"66 km NE of Bandar Abbas, Iran",us,us,Mainshock,5.0 - 5.99,POINT (56.68 27.67),
1983-01-16 11:24:30.880000+00:00,30.233,50.842,4.5,33.0,"14 km SSE of Dogonbadan, Iran",us,us,Mainshock,4.0 - 4.99,POINT (50.842 30.233),
1983-01-15 10:55:31.030000+00:00,33.969,47.087,4.6,33.0,"38 km S of Kermanshah, Iran",us,us,Mainshock,4.0 - 4.99,POINT (47.087 33.969),
1983-01-07 22:28:39.010000+00:00,30.277,50.781,4.8,33.0,"9 km S of Dogonbadan, Iran",us,us,Aftershock,4.0 - 4.99,POINT (50.781 30.277),
1983-01-01 21:54:30.280000+00:00,30.288,50.774,4.9,33.0,"8 km SSW of Dogonbadan, Iran",us,us,Mainshock,4.0 - 4.99,POINT (50.774 30.288),
1982-12-25 04:30:48.010000+00:00,29.9,57.772,4.5,33.0,"79 km ESE of Kerman, Iran",us,us,Mainshock,4.0 - 4.99,POINT (57.772 29.9),
1982-12-19 19:40:53.100000+00:00,30.574,57.524,5.9,39.5,"53 km NE of Kerman, Iran",us,us,Mainshock,5.0 - 5.99,POINT (57.524 30.574),
1982-12-14 17:38:00.710000+00:00,39.819,54.711,4.5,33.0,"45 km NE of Balkanabat, Turkmenistan",us,us,Mainshock,4.0 - 4.99,POINT (54.711 39.819),
1982-12-12 02:56:28.130000+00:00,27.428,55.951,4.6,33.0,"42 km NW of Bandar Abbas, Iran",us,us,Mainshock,4.0 - 4.99,POINT (55.951 27.428),
1982-12-08 19:34:21.290000+00:00,30.624,57.605,4.8,33.0,"63 km NE of Kerman, Iran",us,us,Mainshock,4.0 - 4.99,POINT (57.605 30.624),
1982-11-11 02:43:07.180000+00:00,32.188,49.452,4.7,33.0,"31 km NNE of Masjed Soleym?n, Iran",us,us,Mainshock,4.0 - 4.99,POINT (49.452 32.188),
1982-11-10 11:28:27.990000+00:00,26.506,54.926,4.7,33.0,"7 km SE of Bandar-e Lengeh, Iran",us,us,Mainshock,4.0 - 4.99,POINT (54.926 26.506),
1982-10-25 16:54:51.360000+00:00,35.208,52.355,5.4,33.0,"5 km SE of ?stg?h-e R?h ?han-e Garms?r, Iran",us,us,Mainshock,5.0 - 5.99,POINT (52.355 35.208),
1982-10-21 23:13:57.470000+00:00,28.481,52.118,4.9,36.5,"59 km SW of F?r?z?b?d, Iran",us,us,Mainshock,4.0 - 4.99,POINT (52.118 28.481),
1982-10-18 20:45:39.990000+00:00,32.876,48.57,4.7,33.0,"58 km N of Shahrak-e K?l?r?, Iran",us,us,Mainshock,4.0 - 4.99,POINT (48.57 32.876),
1982-10-17 21:58:24.980000+00:00,33.951,62.233,4.6,33.0,"32 km S of Chah?r Burj, Afghanistan",us,us,Mainshock,4.0 - 4.99,POINT (62.233 33.951),
1982-10-15 02:53:49.910000+00:00,28.088,57.309,5.1,33.0,"108 km NNE of M?n?b, Iran",us,us,Mainshock,5.0 - 5.99,POINT (57.309 28.088),
1982-10-05 08:47:21.030000+00:00,27.618,53.313,4.5,33.0,"42 km E of Mohr, Iran",us,us,Mainshock,4.0 - 4.99,POINT (53.313 27.618),
1982-09-05 06:14:07.690000+00:00,31.927,50.39,4.7,33.0,"39 km SSW of F?rs?n, Iran",us,us,Mainshock,4.0 - 4.99,POINT (50.39 31.927),
1982-09-01 07:19:07.440000+00:00,33.668,48.9,4.9,33.0,"7 km NNW of Azn?, Iran",us,us,Mainshock,4.0 - 4.99,POINT (48.9 33.668),
1982-08-22 09:03:21.520000+00:00,33.212,54.922,4.6,31.1,"131 km NE of Ardak?n, Iran",us,us,Mainshock,4.0 - 4.99,POINT (54.922 33.212),
1982-07-31 16:05:25.970000+00:00,28.797,56.603,4.6,33.0,"56 km SSW of K?h Sef?d, Iran",us,us,Mainshock,4.0 - 4.99,POINT (56.603 28.797),
1982-07-19 07:19:23.950000+00:00,33.537,46.073,4.9,48.7,Iran-Iraq border region,us,us,Mainshock,4.0 - 4.99,POINT (46.073 33.537),
1982-07-15 06:49:08.970000+00:00,29.84,50.672,4.9,33.0,"32 km NNE of Bandar-e Gen?veh, Iran",us,us,Mainshock,4.0 - 4.99,POINT (50.672 29.84),
1982-07-11 13:19:50.900000+00:00,27.83,56.255,5.3,45.8,"71 km N of Bandar Abbas, Iran",us,us,Mainshock,5.0 - 5.99,POINT (56.255 27.83),
1982-07-01 20:21:26.910000+00:00,34.817,47.782,4.6,33.0,"17 km ENE of Sonqor, Iran",us,us,Mainshock,4.0 - 4.99,POINT (47.782 34.817),
1982-06-14 15:33:48.690000+00:00,30.128,57.661,4.7,33.0,"58 km ESE of Kerman, Iran",us,us,Mainshock,4.0 - 4.99,POINT (57.661 30.128),
1982-06-12 12:03:39.690000+00:00,32.047,55.698,4.8,33.0,"56 km NNE of B?fq, Iran",us,us,Mainshock,4.0 - 4.99,POINT (55.698 32.047),
1982-06-10 04:17:30.450000+00:00,37.04,45.109,4.6,33.0,"0 km E of Oshnav?yeh, Iran",us,us,Mainshock,4.0 - 4.99,POINT (45.109 37.04),
1982-06-01 12:18:46.250000+00:00,33.711,48.178,5.0,33.0,"18 km SSW of Aleshtar, Iran",us,us,Mainshock,5.0 - 5.99,POINT (48.178 33.711),
1982-05-29 14:21:57.570000+00:00,39.413,43.67,4.8,10.0,"14 km S of Diyadin, Turkey",us,us,Mainshock,4.0 - 4.99,POINT (43.67 39.413),
1982-05-15 17:36:08.920000+00:00,35.477,54.01,4.5,32.1,"57 km ESE of Semnan, Iran",us,us,Mainshock,4.0 - 4.99,POINT (54.01 35.477),
1982-04-30 17:27:50.670000+00:00,33.544,46.1,4.6,53.3,"31 km WSW of ?l?m, Iran",us,us,Mainshock,4.0 - 4.99,POINT (46.1 33.544),
1982-04-25 15:05:52.330000+00:00,32.721,48.772,4.5,33.0,"49 km NE of Shahrak-e K?l?r?, Iran",us,us,Mainshock,4.0 - 4.99,POINT (48.772 32.721),
1982-04-21 15:38:00.940000+00:00,35.82,44.438,4.5,61.1,"33 km SSW of Koysinceq, Iraq",us,us,Aftershock,4.0 - 4.99,POINT (44.438 35.82),
1982-04-21 13:40:05.530000+00:00,35.794,44.417,4.6,56.4,"36 km N of Kirkuk, Iraq",us,us,Mainshock,4.0 - 4.99,POINT (44.417 35.794),
1982-03-23 09:58:38.890000+00:00,27.608,57.322,4.7,33.0,"57 km NNE of M?n?b, Iran",us,us,Mainshock,4.0 - 4.99,POINT (57.322 27.608),
1982-03-20 04:09:26.320000+00:00,27.445,52.714,4.9,45.1,"20 km SW of Mohr, Iran",us,us,Mainshock,4.0 - 4.99,POINT (52.714 27.445),
1982-02-28 13:42:02.990000+00:00,28.575,57.16,4.5,33.0,"85 km SSE of K?h Sef?d, Iran",us,us,Mainshock,4.0 - 4.99,POINT (57.16 28.575),
1982-02-25 23:51:58.800000+00:00,30.132,58.013,4.6,33.0,"91 km E of Kerman, Iran",us,us,Aftershock,4.0 - 4.99,POINT (58.013 30.132),
1982-02-25 23:30:23.460000+00:00,29.878,57.795,4.8,33.0,"82 km ESE of Kerman, Iran",us,us,Mainshock,4.0 - 4.99,POINT (57.795 29.878),
1982-02-25 20:13:32.460000+00:00,29.863,57.797,4.8,33.0,"83 km SE of Kerman, Iran",us,us,Foreshock,4.0 - 4.99,POINT (57.797 29.863),
1982-02-20 21:24:36.060000+00:00,30.55,50.366,4.7,33.0,"12 km ESE of Behbah?n, Iran",us,us,Mainshock,4.0 - 4.99,POINT (50.366 30.55),
1982-02-05 21:36:51.330000+00:00,31.997,49.621,4.7,33.0,"30 km ENE of Masjed Soleym?n, Iran",us,us,Mainshock,4.0 - 4.99,POINT (49.621 31.997),
1982-01-03 00:46:27.030000+00:00,28.619,60.326,4.7,33.0,"97 km WNW of Kh?sh, Iran",us,us,Mainshock,4.0 - 4.99,POINT (60.326 28.619),
1982-01-02 19:00:49.230000+00:00,30.654,57.513,5.0,33.0,"58 km NE of Kerman, Iran",us,us,Mainshock,5.0 - 5.99,POINT (57.513 30.654),
1981-12-28 14:49:40.780000+00:00,35.051,45.923,5.1,33.0,"15 km SSW of ?alabja, Iraq",us,us,Mainshock,5.0 - 5.99,POINT (45.923 35.051),
1981-12-24 22:00:51.610000+00:00,33.143,49.735,4.7,33.0,"29 km S of Al?g?darz, Iran",us,us,Mainshock,4.0 - 4.99,POINT (49.735 33.143),
1981-11-28 06:42:39.560000+00:00,30.873,50.601,4.6,35.5,"9 km NNE of Dehdasht, Iran",us,us,Mainshock,4.0 - 4.99,POINT (50.601 30.873),
1981-11-22 17:22:52.150000+00:00,27.556,54.951,4.6,33.0,"81 km E of Ger?sh, Iran",us,us,Mainshock,4.0 - 4.99,POINT (54.951 27.556),
1981-11-21 04:10:43.860000+00:00,33.538,57.465,4.5,47.3,"50 km E of Tabas, Iran",us,us,Mainshock,4.0 - 4.99,POINT (57.465 33.538),
1981-11-17 10:45:44.790000+00:00,33.202,47.708,4.5,33.0,"31 km ENE of Darreh Shahr, Iran",us,us,Mainshock,4.0 - 4.99,POINT (47.708 33.202),
1981-10-14 09:12:38.710000+00:00,29.899,57.696,5.1,33.0,"73 km SE of Kerman, Iran",us,us,Mainshock,5.0 - 5.99,POINT (57.696 29.899),
1981-10-09 01:36:14.650000+00:00,37.195,45.385,4.7,33.0,"26 km N of Naqadeh, Iran",us,us,Mainshock,4.0 - 4.99,POINT (45.385 37.195),
1981-09-26 07:33:25.140000+00:00,30.237,57.583,4.8,33.0,"48 km E of Kerman, Iran",us,us,Mainshock,4.0 - 4.99,POINT (57.583 30.237),
1981-09-14 12:03:45.470000+00:00,37.067,45.276,4.5,43.2,"15 km NW of Naqadeh, Iran",us,us,Mainshock,4.0 - 4.99,POINT (45.276 37.067),
1981-09-12 02:29:16.400000+00:00,27.858,56.975,4.8,33.0,"81 km N of M?n?b, Iran",us,us,Mainshock,4.0 - 4.99,POINT (56.975 27.858),
1981-09-08 17:03:13.430000+00:00,28.495,56.95,4.5,33.0,"87 km S of K?h Sef?d, Iran",us,us,Mainshock,4.0 - 4.99,POINT (56.95 28.495),
1981-09-03 17:05:06.760000+00:00,27.616,55.309,4.9,33.0,"107 km WNW of Bandar Abbas, Iran",us,us,Mainshock,4.0 - 4.99,POINT (55.309 27.616),
1981-08-20 19:02:08.330000+00:00,30.128,57.519,4.6,27.0,"45 km ESE of Kerman, Iran",us,us,Mainshock,4.0 - 4.99,POINT (57.519 30.128),
1981-08-09 13:08:16.930000+00:00,36.79,55.222,4.9,31.2,"33 km S of ?z?dshahr, Iran",us,us,Mainshock,4.0 - 4.99,POINT (55.222 36.79),
1981-08-08 04:17:45.440000+00:00,29.941,57.597,4.7,33.0,"62 km SE of Kerman, Iran",us,us,Mainshock,4.0 - 4.99,POINT (57.597 29.941),
1981-08-05 00:13:51.570000+00:00,38.369,49.554,4.6,33.0,"59 km E of ?st?r?, Iran",us,us,Aftershock,4.0 - 4.99,POINT (49.554 38.369),
1981-08-04 18:51:53.870000+00:00,38.24,49.501,4.5,33.0,"58 km ESE of ?st?r?, Iran",us,us,Aftershock,4.0 - 4.99,POINT (49.501 38.24),
1981-08-04 18:35:41.270000+00:00,38.072,49.34,5.6,27.0,"48 km NE of Hashtpar, Iran",us,us,Mainshock,5.0 - 5.99,POINT (49.34 38.072),
1981-08-04 17:14:52.630000+00:00,30.083,57.533,4.5,33.0,"49 km ESE of Kerman, Iran",us,us,Aftershock,4.0 - 4.99,POINT (57.533 30.083),
1981-08-03 02:55:45.310000+00:00,30.035,57.556,4.6,33.0,"53 km ESE of Kerman, Iran",us,us,Mainshock,4.0 - 4.99,POINT (57.556 30.035),
1981-08-02 13:37:26.600000+00:00,30.188,57.643,4.6,33.0,"55 km E of Kerman, Iran",us,us,Foreshock,4.0 - 4.99,POINT (57.643 30.188),
1981-07-31 00:37:44.800000+00:00,29.931,57.521,4.5,34.3,"57 km SE of Kerman, Iran",us,us,Background Event,4.0 - 4.99,POINT (57.521 29.931),
1981-07-30 11:14:52.050000+00:00,30.475,57.571,4.5,33.5,"51 km ENE of Kerman, Iran",us,us,Aftershock,4.0 - 4.99,POINT (57.571 30.475),
1981-07-29 05:11:42.780000+00:00,30.584,57.499,4.6,33.0,"52 km NE of Kerman, Iran",us,us,Aftershock,4.0 - 4.99,POINT (57.499 30.584),
1981-07-29 05:04:45.210000+00:00,30.143,57.495,4.7,33.0,"42 km ESE of Kerman, Iran",us,us,Aftershock,4.0 - 4.99,POINT (57.495 30.143),
1981-07-29 04:33:15.750000+00:00,30.124,57.733,4.7,33.0,"65 km ESE of Kerman, Iran",us,us,Aftershock,4.0 - 4.99,POINT (57.733 30.124),
1981-07-28 22:35:12.710000+00:00,29.879,57.784,4.6,33.0,"81 km ESE of Kerman, Iran",us,us,Aftershock,4.0 - 4.99,POINT (57.784 29.879),
1981-07-28 21:54:22.710000+00:00,30.038,57.658,4.9,33.0,"62 km ESE of Kerman, Iran",us,us,Aftershock,4.0 - 4.99,POINT (57.658 30.038),
1981-07-28 19:05:54.650000+00:00,30.175,57.451,4.9,33.0,"37 km ESE of Kerman, Iran",us,us,Aftershock,4.0 - 4.99,POINT (57.451 30.175),
1981-07-28 18:48:34.100000+00:00,30.122,57.462,4.5,33.0,"40 km ESE of Kerman, Iran",us,us,Aftershock,4.0 - 4.99,POINT (57.462 30.122),
1981-07-28 18:30:27.710000+00:00,30.239,57.484,4.7,33.0,"39 km E of Kerman, Iran",us,us,Aftershock,4.0 - 4.99,POINT (57.484 30.239),
1981-07-28 18:04:27.070000+00:00,29.932,57.75,5.12,15.0,"75 km ESE of Kerman, Iran",iscgem,iscgem,Aftershock,5.0 - 5.99,POINT (57.75 29.932),
1981-07-28 17:22:24.620000+00:00,30.013,57.794,7.1,33.0,"75 km ESE of Kerman, Iran",us,us,Mainshock,7.0 - 10.0,POINT (57.794 30.013),
1981-07-23 14:07:13.910000+00:00,37.314,45.257,4.6,33.0,"30 km SSE of Or?m?yeh, Iran",us,us,Aftershock,4.0 - 4.99,POINT (45.257 37.314),
1981-07-23 00:05:30.720000+00:00,37.141,45.23,5.6,33.0,"16 km NE of Oshnav?yeh, Iran",us,us,Mainshock,5.0 - 5.99,POINT (45.23 37.141),
1981-07-21 04:45:03.010000+00:00,39.472,53.263,5.1,42.0,"66 km SSE of Türkmenba?y, Turkmenistan",us,us,Mainshock,5.0 - 5.99,POINT (53.263 39.472),
1981-07-03 03:52:01.190000+00:00,27.147,55.761,5.3,33.0,"51 km W of Bandar Abbas, Iran",us,us,Mainshock,5.0 - 5.99,POINT (55.761 27.147),
1981-06-30 03:18:02.240000+00:00,27.058,55.241,4.7,33.0,"65 km NNE of Bandar-e Lengeh, Iran",us,us,Mainshock,4.0 - 4.99,POINT (55.241 27.058),
1981-06-27 17:31:24.990000+00:00,31.13,57.334,4.7,33.0,"52 km ESE of R?var, Iran",us,us,Mainshock,4.0 - 4.99,POINT (57.334 31.13),
1981-06-21 13:08:44.880000+00:00,29.835,57.735,4.9,21.0,"80 km SE of Kerman, Iran",us,us,Mainshock,4.0 - 4.99,POINT (57.735 29.835),
1981-06-15 08:45:18.030000+00:00,32.202,49.245,4.7,33.0,"29 km N of Masjed Soleym?n, Iran",us,us,Mainshock,4.0 - 4.99,POINT (49.245 32.202),
1981-06-13 07:52:32.900000+00:00,29.985,57.831,4.7,33.0,"79 km ESE of Kerman, Iran",us,us,Mainshock,4.0 - 4.99,POINT (57.831 29.985),
1981-06-12 11:45:00.700000+00:00,30.006,58.122,4.7,33.0,"102 km NNW of Bam, Iran",us,us,Foreshock,4.0 - 4.99,POINT (58.122 30.006),
1981-06-12 10:45:15.060000+00:00,30.014,58.009,4.6,33.0,"94 km ESE of Kerman, Iran",us,us,Foreshock,4.0 - 4.99,POINT (58.009 30.014),
1981-06-12 06:43:59.370000+00:00,29.829,57.774,4.6,33.0,"83 km SE of Kerman, Iran",us,us,Background Event,4.0 - 4.99,POINT (57.774 29.829),
1981-06-12 01:43:19.430000+00:00,29.872,57.815,4.5,33.0,"84 km ESE of Kerman, Iran",us,us,Background Event,4.0 - 4.99,POINT (57.815 29.872),
1981-06-12 01:11:45.590000+00:00,26.378,60.927,4.6,33.0,"22 km NE of Qa?r-e Qand, Iran",us,us,Mainshock,4.0 - 4.99,POINT (60.927 26.378),
1981-06-11 14:32:41.440000+00:00,29.79,57.962,4.7,33.0,"84 km NNW of Bam, Iran",us,us,Aftershock,4.0 - 4.99,POINT (57.962 29.79),
1981-06-11 07:24:25.230000+00:00,29.913,57.715,6.7,33.0,"73 km SE of Kerman, Iran",us,us,Mainshock,6.0 - 6.99,POINT (57.715 29.913),
1981-05-24 22:07:06.790000+00:00,38.44,45.266,4.6,33.0,"29 km ESE of Khowy, Iran",us,us,Mainshock,4.0 - 4.99,POINT (45.266 38.44),
1981-05-20 23:38:22.590000+00:00,28.237,51.775,4.6,33.0,"102 km SW of F?r?z?b?d, Iran",us,us,Mainshock,4.0 - 4.99,POINT (51.775 28.237),
1981-05-18 19:36:12.420000+00:00,26.951,55.256,4.8,33.0,"57 km NE of Bandar-e Lengeh, Iran",us,us,Mainshock,4.0 - 4.99,POINT (55.256 26.951),
1981-05-04 16:13:57.080000+00:00,34.465,45.732,4.7,33.0,"12 km W of Sarpol-e Z?ah?b, Iran",us,us,Mainshock,4.0 - 4.99,POINT (45.732 34.465),
1981-05-01 08:55:04.030000+00:00,33.117,53.974,4.5,33.0,"89 km N of Ardak?n, Iran",us,us,Mainshock,4.0 - 4.99,POINT (53.974 33.117),
1981-04-30 10:21:27.080000+00:00,33.132,57.162,4.5,33.0,"55 km SSE of Tabas, Iran",us,us,Mainshock,4.0 - 4.99,POINT (57.162 33.132),
1981-04-16 10:27:16.010000+00:00,27.726,56.346,5.3,27.0,"60 km N of Bandar Abbas, Iran",us,us,Mainshock,5.0 - 5.99,POINT (56.346 27.726),
1981-04-01 10:16:59.250000+00:00,29.849,51.5,5.4,33.0,"29 km S of N?r?b?d, Iran",us,us,Mainshock,5.0 - 5.99,POINT (51.5 29.849),
1981-03-29 17:20:49.590000+00:00,34.766,50.745,4.5,20.6,"18 km NW of Qom, Iran",us,us,Mainshock,4.0 - 4.99,POINT (50.745 34.766),
1981-03-22 09:34:16.660000+00:00,34.031,59.334,4.5,33.0,"36 km NNE of Q?’en, Iran",us,us,Mainshock,4.0 - 4.99,POINT (59.334 34.031),
1981-03-21 06:18:30.690000+00:00,28.088,53.137,5.1,33.0,"64 km NNE of Mohr, Iran",us,us,Mainshock,5.0 - 5.99,POINT (53.137 28.088),
1981-03-09 05:26:53.440000+00:00,27.807,55.21,4.5,33.0,"106 km E of Ger?sh, Iran",us,us,Mainshock,4.0 - 4.99,POINT (55.21 27.807),
1981-01-28 04:27:11.300000+00:00,27.628,53.483,4.5,33.0,"59 km E of Mohr, Iran",us,us,Mainshock,4.0 - 4.99,POINT (53.483 27.628),
1981-01-06 07:23:44+00:00,28.2,56.533,5.1,69.0,"115 km NNE of Bandar Abbas, Iran",us,us,Mainshock,5.0 - 5.99,POINT (56.533 28.2),
1981-01-04 07:19:45.600000+00:00,38.443,44.842,4.7,33.0,"15 km SW of Khowy, Iran",us,us,Mainshock,4.0 - 4.99,POINT (44.842 38.443),
1981-01-02 04:57:57.900000+00:00,32.73,48.461,5.1,33.0,"41 km N of Shahrak-e K?l?r?, Iran",us,us,Mainshock,5.0 - 5.99,POINT (48.461 32.73),
1980-12-29 21:53:04+00:00,38.609,45.019,4.6,33.0,"8 km NE of Khowy, Iran",us,us,Mainshock,4.0 - 4.99,POINT (45.019 38.609),
1980-12-22 12:51:21+00:00,34.503,50.59,5.5,41.0,"30 km WSW of Qom, Iran",us,us,Mainshock,5.0 - 5.99,POINT (50.59 34.503),
1980-12-19 13:42:08.700000+00:00,35.796,44.439,4.9,61.0,"36 km SSW of Koysinceq, Iraq",us,us,Mainshock,4.0 - 4.99,POINT (44.439 35.796),
1980-12-19 01:16:56+00:00,34.587,50.652,5.8,33.0,"21 km WSW of Qom, Iran",us,us,Mainshock,5.0 - 5.99,POINT (50.652 34.587),
1980-12-18 14:31:32.500000+00:00,35.793,44.387,4.8,33.0,"36 km N of Kirkuk, Iraq",us,us,Aftershock,4.0 - 4.99,POINT (44.387 35.793),
1980-12-18 12:34:15.600000+00:00,36.009,44.67,5.8,33.0,"9 km SSE of Koysinceq, Iraq",us,us,Mainshock,5.0 - 5.99,POINT (44.67 36.009),
1980-12-15 22:48:17.600000+00:00,35.88,44.578,5.0,70.0,"22 km SSW of Koysinceq, Iraq",us,us,Background Event,5.0 - 5.99,POINT (44.578 35.88),
1980-12-03 06:49:56.800000+00:00,32.678,48.535,4.5,33.0,"36 km N of Shahrak-e K?l?r?, Iran",us,us,Mainshock,4.0 - 4.99,POINT (48.535 32.678),
1980-12-03 04:26:15+00:00,37.075,50.38,5.1,46.0,"10 km SE of R?dsar, Iran",us,us,Mainshock,5.0 - 5.99,POINT (50.38 37.075),
1980-11-28 21:15:30.100000+00:00,27.585,56.503,5.5,33.0,"49 km NNE of Bandar Abbas, Iran",us,us,Mainshock,5.0 - 5.99,POINT (56.503 27.585),
1980-11-27 16:26:52.500000+00:00,32.664,49.817,4.7,33.0,"41 km SW of Fereyd?nshahr, Iran",us,us,Mainshock,4.0 - 4.99,POINT (49.817 32.664),
1980-11-21 12:43:25.100000+00:00,28.211,52.164,4.6,33.0,"80 km SSW of F?r?z?b?d, Iran",us,us,Mainshock,4.0 - 4.99,POINT (52.164 28.211),
1980-11-17 18:26:30.600000+00:00,27.364,56.077,5.1,33.0,"28 km NW of Bandar Abbas, Iran",us,us,Mainshock,5.0 - 5.99,POINT (56.077 27.364),
1980-10-31 04:06:50.500000+00:00,35.602,58.56,4.6,33.0,"41 km NNE of K?shmar, Iran",us,us,Mainshock,4.0 - 4.99,POINT (58.56 35.602),
1980-10-26 06:50:36.900000+00:00,34.013,59.528,4.5,33.0,"44 km NE of Q?’en, Iran",us,us,Mainshock,4.0 - 4.99,POINT (59.528 34.013),
1980-10-23 14:50:21.200000+00:00,32.722,48.57,4.6,33.0,"41 km NNE of Shahrak-e K?l?r?, Iran",us,us,Mainshock,4.0 - 4.99,POINT (48.57 32.722),
1980-10-22 04:52:47.700000+00:00,30.221,50.727,4.7,33.0,Southern Iran,us,us,Mainshock,4.0 - 4.99,POINT (50.727 30.221),
1980-10-19 19:32:06.300000+00:00,32.655,48.523,4.9,44.0,"33 km N of Shahrak-e K?l?r?, Iran",us,us,Aftershock,4.0 - 4.99,POINT (48.523 32.655),
1980-10-19 17:24:09.900000+00:00,32.762,48.572,5.8,42.0,"46 km NNE of Shahrak-e K?l?r?, Iran",us,us,Mainshock,5.0 - 5.99,POINT (48.572 32.762),
1980-10-15 13:27:19+00:00,29.36,51.71,4.9,34.0,"29 km S of K?zer?n, Iran",us,us,Mainshock,4.0 - 4.99,POINT (51.71 29.36),
1980-10-10 11:09:52.100000+00:00,38.315,45.77,4.7,33.0,"13 km S of Marand, Iran",us,us,Mainshock,4.0 - 4.99,POINT (45.77 38.315),
1980-09-19 16:21:45.600000+00:00,39.922,51.125,4.8,33.0,"86 km SE of Zyrya, Azerbaijan",us,us,Mainshock,4.0 - 4.99,POINT (51.125 39.922),
1980-09-10 14:38:12.700000+00:00,28.032,57.73,4.6,33.0,"118 km NNE of M?n?b, Iran",us,us,Mainshock,4.0 - 4.99,POINT (57.73 28.032),
1980-08-29 03:56:38.700000+00:00,26.691,61.341,4.5,33.0,"76 km NE of Qa?r-e Qand, Iran",us,us,Mainshock,4.0 - 4.99,POINT (61.341 26.691),
1980-08-22 12:58:36.200000+00:00,27.219,54.746,4.8,33.0,"74 km N of Bandar-e Lengeh, Iran",us,us,Mainshock,4.0 - 4.99,POINT (54.746 27.219),
1980-08-15 20:48:10.200000+00:00,26.441,60.958,4.8,33.0,"29 km NE of Qa?r-e Qand, Iran",us,us,Mainshock,4.0 - 4.99,POINT (60.958 26.441),
1980-08-11 17:17:39.800000+00:00,26.364,60.892,4.6,33.0,Southeastern Iran,us,us,Background Event,4.0 - 4.99,POINT (60.892 26.364),
1980-07-23 10:52:33.800000+00:00,36.743,56.23,4.9,33.0,"96 km SE of Kal?leh, Iran",us,us,Mainshock,4.0 - 4.99,POINT (56.23 36.743),
1980-07-22 05:17:10.100000+00:00,37.19,50.201,5.4,62.0,"4 km E of Langar?d, Iran",us,us,Mainshock,5.0 - 5.99,POINT (50.201 37.19),
1980-07-20 10:03:28.600000+00:00,27.435,56.048,4.7,33.0,"35 km NW of Bandar Abbas, Iran",us,us,Mainshock,4.0 - 4.99,POINT (56.048 27.435),
1980-07-16 08:53:48.400000+00:00,29.493,51.903,4.8,33.0,"27 km ESE of K?zer?n, Iran",us,us,Mainshock,4.0 - 4.99,POINT (51.903 29.493),
1980-07-13 21:17:52.900000+00:00,29.57,51.924,4.6,33.0,"26 km ESE of K?zer?n, Iran",us,us,Background Event,4.0 - 4.99,POINT (51.924 29.57),
1980-06-11 23:41:46.900000+00:00,28.386,57.918,4.7,33.0,"90 km SSW of Bam, Iran",us,us,Mainshock,4.0 - 4.99,POINT (57.918 28.386),
1980-06-04 00:32:49.800000+00:00,27.251,55.105,4.5,72.0,"79 km NNE of Bandar-e Lengeh, Iran",us,us,Mainshock,4.0 - 4.99,POINT (55.105 27.251),
1980-05-28 10:59:23.300000+00:00,28.295,57.58,4.8,41.0,"117 km SW of Bam, Iran",us,us,Mainshock,4.0 - 4.99,POINT (57.58 28.295),
1980-05-18 06:30:25.900000+00:00,34.051,59.629,4.7,32.0,"54 km NE of Q?’en, Iran",us,us,Mainshock,4.0 - 4.99,POINT (59.629 34.051),
1980-05-16 19:50:15.500000+00:00,38.776,45.945,4.5,49.0,"12 km SSE of Deste, Azerbaijan",us,us,Mainshock,4.0 - 4.99,POINT (45.945 38.776),
1980-05-05 10:21:48.700000+00:00,38.077,49.009,4.6,33.0,"32 km NNE of Hashtpar, Iran",us,us,Aftershock,4.0 - 4.99,POINT (49.009 38.077),
1980-05-04 18:35:20.400000+00:00,38.053,48.985,6.2,46.0,"29 km NNE of Hashtpar, Iran",us,us,Mainshock,6.0 - 6.99,POINT (48.985 38.053),
1980-04-14 10:04:29.800000+00:00,33.936,59.437,4.6,33.0,"32 km NE of Q?’en, Iran",us,us,Mainshock,4.0 - 4.99,POINT (59.437 33.936),
1980-03-31 09:50:10.700000+00:00,33.497,48.314,4.6,33.0,"4 km WNW of Khorramabad, Iran",us,us,Mainshock,4.0 - 4.99,POINT (48.314 33.497),
1980-03-30 04:42:13.300000+00:00,29.22,60.093,4.9,33.0,"76 km S of No?rat?b?d, Iran",us,us,Mainshock,4.0 - 4.99,POINT (60.093 29.22),
1980-03-25 04:25:23.700000+00:00,38.702,45.689,4.5,58.0,"26 km S of Yayc?, Azerbaijan",us,us,Aftershock,4.0 - 4.99,POINT (45.689 38.702),
1980-03-25 03:57:27.600000+00:00,38.757,45.445,4.7,41.0,"27 km SW of Culfa, Azerbaijan",us,us,Mainshock,4.0 - 4.99,POINT (45.445 38.757),
1980-02-26 17:37:13.500000+00:00,27.373,53.357,4.6,33.0,"50 km ESE of Mohr, Iran",us,us,Aftershock,4.0 - 4.99,POINT (53.357 27.373),
1980-02-26 15:53:06+00:00,27.529,53.484,4.7,33.0,"59 km E of Mohr, Iran",us,us,Mainshock,4.0 - 4.99,POINT (53.484 27.529),
1980-02-21 14:08:13.900000+00:00,32.432,47.451,4.9,33.0,"33 km SSE of Dehlor?n, Iran",us,us,Mainshock,4.0 - 4.99,POINT (47.451 32.432),
1980-02-21 13:59:43.300000+00:00,32.099,47.328,4.7,33.0,"33 km NNE of Al ‘Am?rah, Iraq",us,us,Foreshock,4.0 - 4.99,POINT (47.328 32.099),
1980-02-21 13:57:05.100000+00:00,32.698,47.769,4.8,33.0,"46 km SE of ?bd?n?n, Iran",us,us,Mainshock,4.0 - 4.99,POINT (47.769 32.698),
1980-02-13 17:32:22.500000+00:00,28.033,57.491,4.5,33.0,"107 km NNE of M?n?b, Iran",us,us,Mainshock,4.0 - 4.99,POINT (57.491 28.033),
1980-02-07 21:18:39.100000+00:00,28.057,53.32,4.8,33.0,southern Iran,us,us,Mainshock,4.0 - 4.99,POINT (53.32 28.057),
1980-02-06 12:56:04+00:00,26.759,53.841,5.0,33.0,"28 km NW of K?sh, Iran",us,us,Mainshock,5.0 - 5.99,POINT (53.841 26.759),
1980-02-01 18:04:15.700000+00:00,26.493,61.072,5.0,33.0,"41 km NE of Qa?r-e Qand, Iran",us,us,Mainshock,5.0 - 5.99,POINT (61.072 26.493),
1980-01-30 19:36:24.700000+00:00,34.042,59.337,4.6,10.0,"37 km NNE of Q?’en, Iran",us,us,Mainshock,4.0 - 4.99,POINT (59.337 34.042),
1980-01-13 05:51:35.100000+00:00,37.12,50.33,5.0,33.0,"3 km ESE of R?dsar, Iran",us,us,Mainshock,5.0 - 5.99,POINT (50.33 37.12),
1980-01-12 15:31:41.800000+00:00,33.494,57.191,5.9,33.0,"27 km ESE of Tabas, Iran",us,us,Mainshock,5.0 - 5.99,POINT (57.191 33.494),
1980-01-11 17:42:44.200000+00:00,37.041,55.746,4.7,33.0,"43 km SSE of Kal?leh, Iran",us,us,Mainshock,4.0 - 4.99,POINT (55.746 37.041),
1980-01-03 22:06:07.100000+00:00,31.872,50.339,4.6,33.0,"47 km SSW of F?rs?n, Iran",us,us,Mainshock,4.0 - 4.99,POINT (50.339 31.872),
1980-01-01 02:45:54+00:00,27.261,60.259,5.3,33.0,"42 km W of Iranshahr, Iran",us,us,Mainshock,5.0 - 5.99,POINT (60.259 27.261),
1979-12-30 13:08:01.600000+00:00,31.738,55.245,4.6,33.0,"21 km NW of B?fq, Iran",us,us,Mainshock,4.0 - 4.99,POINT (55.245 31.738),
1979-12-25 16:44:03.800000+00:00,34.088,59.797,4.9,10.0,"69 km NE of Q?’en, Iran",us,us,Mainshock,4.0 - 4.99,POINT (59.797 34.088),
1979-12-24 19:54:46.600000+00:00,29.101,52.064,4.7,10.0,"57 km WNW of F?r?z?b?d, Iran",us,us,Mainshock,4.0 - 4.99,POINT (52.064 29.101),
1979-12-20 10:24:23.600000+00:00,33.813,59.36,4.6,10.0,"18 km ENE of Q?’en, Iran",us,us,Mainshock,4.0 - 4.99,POINT (59.36 33.813),
1979-12-20 00:33:48.600000+00:00,33.208,57.479,4.5,10.0,"67 km SE of Tabas, Iran",us,us,Mainshock,4.0 - 4.99,POINT (57.479 33.208),
1979-12-16 22:35:40+00:00,33.994,59.324,5.0,33.0,"32 km NNE of Q?’en, Iran",us,us,Mainshock,5.0 - 5.99,POINT (59.324 33.994),
1979-12-09 09:12:06.800000+00:00,35.054,56.817,5.3,48.0,"107 km WSW of Bardaskan, Iran",us,us,Mainshock,5.0 - 5.99,POINT (56.817 35.054),
1979-12-07 10:45:08.500000+00:00,34.103,59.751,4.6,33.0,"67 km NE of Q?’en, Iran",us,us,Aftershock,4.0 - 4.99,POINT (59.751 34.103),
1979-12-07 09:54:49.400000+00:00,34.037,59.907,4.8,27.0,"75 km ENE of Q?’en, Iran",us,us,Aftershock,4.0 - 4.99,POINT (59.907 34.037),
1979-12-07 09:24:00.200000+00:00,34.033,59.817,6.0,31.0,"67 km ENE of Q?’en, Iran",us,us,Mainshock,6.0 - 6.99,POINT (59.817 34.033),
1979-12-03 09:47:25.500000+00:00,26.375,61.389,4.6,33.0,"65 km ENE of Qa?r-e Qand, Iran",us,us,Mainshock,4.0 - 4.99,POINT (61.389 26.375),
1979-12-02 06:10:49.500000+00:00,33.643,57.055,4.8,33.0,"13 km ENE of Tabas, Iran",us,us,Mainshock,4.0 - 4.99,POINT (57.055 33.643),
1979-11-30 20:49:06.800000+00:00,34.085,60.053,4.5,35.0,"89 km ENE of Q?’en, Iran",us,us,Aftershock,4.0 - 4.99,POINT (60.053 34.085),
1979-11-28 03:56:50+00:00,34.3,60.066,4.7,10.0,"81 km SW of T?yb?d, Iran",us,us,Mainshock,4.0 - 4.99,POINT (60.066 34.3),
1979-11-27 18:04:58.100000+00:00,33.968,59.474,4.6,10.0,"37 km NE of Q?’en, Iran",us,us,Mainshock,4.0 - 4.99,POINT (59.474 33.968),
1979-11-27 17:35:50.900000+00:00,34.261,60.025,4.6,10.0,"87 km SW of T?yb?d, Iran",us,us,Aftershock,4.0 - 4.99,POINT (60.025 34.261),
1979-11-27 17:10:32.900000+00:00,33.962,59.726,7.1,10.0,"56 km ENE of Q?’en, Iran",us,us,Mainshock,7.0 - 10.0,POINT (59.726 33.962),
1979-11-27 07:12:36+00:00,33.976,59.841,5.0,17.0,"66 km ENE of Q?’en, Iran",us,us,Foreshock,5.0 - 5.99,POINT (59.841 33.976),
1979-11-25 01:07:08+00:00,26.321,54.294,4.5,33.0,"37 km SE of K?sh, Iran",us,us,Mainshock,4.0 - 4.99,POINT (54.294 26.321),
1979-11-23 18:22:48.200000+00:00,33.985,59.833,5.0,33.0,"66 km ENE of Q?’en, Iran",us,us,Mainshock,5.0 - 5.99,POINT (59.833 33.985),
1979-11-21 15:36:02.100000+00:00,38.373,47.275,4.6,10.0,"21 km ESE of Ahar, Iran",us,us,Mainshock,4.0 - 4.99,POINT (47.275 38.373),
1979-11-21 14:39:02.500000+00:00,32.595,48.757,4.9,60.0,"38 km NE of Shahrak-e K?l?r?, Iran",us,us,Mainshock,4.0 - 4.99,POINT (48.757 32.595),
1979-11-15 05:06:54.900000+00:00,33.927,59.829,5.0,33.0,"63 km ENE of Q?’en, Iran",us,us,Aftershock,5.0 - 5.99,POINT (59.829 33.927),
1979-11-15 03:25:29.400000+00:00,33.828,59.665,4.8,42.0,"45 km ENE of Q?’en, Iran",us,us,Aftershock,4.0 - 4.99,POINT (59.665 33.828),
1979-11-14 07:43:39.800000+00:00,33.85,59.921,4.6,33.0,"69 km E of Q?’en, Iran",us,us,Aftershock,4.0 - 4.99,POINT (59.921 33.85),
1979-11-14 04:18:28.300000+00:00,34.083,59.576,4.8,33.0,"53 km NE of Q?’en, Iran",us,us,Aftershock,4.0 - 4.99,POINT (59.576 34.083),
1979-11-14 02:50:17.500000+00:00,33.897,59.794,4.9,33.0,"59 km ENE of Q?’en, Iran",us,us,Aftershock,4.0 - 4.99,POINT (59.794 33.897),
1979-11-14 02:21:22.100000+00:00,33.918,59.741,6.6,33.0,"55 km ENE of Q?’en, Iran",us,us,Mainshock,6.0 - 6.99,POINT (59.741 33.918),
1979-11-08 05:21:59.400000+00:00,38.736,48.836,4.7,33.0,"2 km SSW of Lankaran, Azerbaijan",us,us,Mainshock,4.0 - 4.99,POINT (48.836 38.736),
1979-10-25 17:37:04.200000+00:00,25.637,62.16,4.8,33.0,"59 km NNW of Gwadar, Pakistan",us,us,Mainshock,4.0 - 4.99,POINT (62.16 25.637),
1979-10-06 11:55:42.200000+00:00,38.347,57.547,4.6,15.0,"14 km SE of Baharly, Turkmenistan",us,us,Mainshock,4.0 - 4.99,POINT (57.547 38.347),
1979-10-02 18:38:25.800000+00:00,37.077,55.863,4.5,33.0,"46 km SE of Kal?leh, Iran",us,us,Mainshock,4.0 - 4.99,POINT (55.863 37.077),
1979-09-30 20:42:36.600000+00:00,27.819,54.733,4.8,33.0,"61 km ENE of Ger?sh, Iran",us,us,Mainshock,4.0 - 4.99,POINT (54.733 27.819),
1979-09-07 22:53:58.500000+00:00,37.71,49.209,4.5,33.0,"28 km ESE of Hashtpar, Iran",us,us,Mainshock,4.0 - 4.99,POINT (49.209 37.71),
1979-09-05 09:26:53.700000+00:00,33.808,56.953,5.2,33.0,"23 km N of Tabas, Iran",us,us,Mainshock,5.0 - 5.99,POINT (56.953 33.808),
1979-09-04 07:14:02.800000+00:00,39.694,44.014,4.5,35.0,"17 km NNW of Do?ubayaz?t, Turkey",us,us,Mainshock,4.0 - 4.99,POINT (44.014 39.694),
1979-09-03 02:07:12.300000+00:00,36.708,55.021,4.7,26.0,"32 km N of Shahrud, Iran",us,us,Mainshock,4.0 - 4.99,POINT (55.021 36.708),
1979-08-31 20:40:40.200000+00:00,32.798,49.259,4.5,33.0,"78 km SSW of Al?g?darz, Iran",us,us,Mainshock,4.0 - 4.99,POINT (49.259 32.798),
1979-08-30 17:11:59.800000+00:00,37.422,56.268,4.9,33.0,"68 km E of Kal?leh, Iran",us,us,Mainshock,4.0 - 4.99,POINT (56.268 37.422),
1979-08-27 16:09:49.200000+00:00,37.796,48.916,4.7,33.0,"0 km E of Hashtpar, Iran",us,us,Mainshock,4.0 - 4.99,POINT (48.916 37.796),
1979-08-19 12:23:15.400000+00:00,30.379,50.867,4.9,33.0,"6 km ENE of Dogonbadan, Iran",us,us,Mainshock,4.0 - 4.99,POINT (50.867 30.379),
1979-08-17 18:45:39+00:00,33.444,56.902,4.5,33.0,"16 km S of Tabas, Iran",us,us,Mainshock,4.0 - 4.99,POINT (56.902 33.444),
1979-08-14 23:24:23.300000+00:00,28.437,57.005,4.8,69.0,"95 km SSE of K?h Sef?d, Iran",us,us,Mainshock,4.0 - 4.99,POINT (57.005 28.437),
1979-08-13 15:40:10.300000+00:00,26.176,61.048,4.5,33.0,"30 km ESE of Qa?r-e Qand, Iran",us,us,Mainshock,4.0 - 4.99,POINT (61.048 26.176),
1979-07-21 15:08:33.900000+00:00,27.98,57.116,4.6,33.0,"94 km N of M?n?b, Iran",us,us,Mainshock,4.0 - 4.99,POINT (57.116 27.98),
1979-07-05 04:46:12.300000+00:00,33.703,57.113,4.7,33.0,"21 km NE of Tabas, Iran",us,us,Mainshock,4.0 - 4.99,POINT (57.113 33.703),
1979-07-01 09:37:30.100000+00:00,34.796,46.068,4.7,33.0,"38 km SW of P?veh, Iran",us,us,Mainshock,4.0 - 4.99,POINT (46.068 34.796),
1979-06-26 15:54:17.500000+00:00,31.265,49.517,4.5,33.0,"8 km WSW of R?mhormoz, Iran",us,us,Mainshock,4.0 - 4.99,POINT (49.517 31.265),
1979-06-08 17:46:14.800000+00:00,36.901,55.638,4.5,33.0,"46 km ESE of ?z?dshahr, Iran",us,us,Mainshock,4.0 - 4.99,POINT (55.638 36.901),
1979-06-03 17:38:46.800000+00:00,33.491,57.316,4.5,17.0,"38 km ESE of Tabas, Iran",us,us,Mainshock,4.0 - 4.99,POINT (57.316 33.491),
1979-06-02 01:34:33.400000+00:00,32.519,49.585,4.6,33.0,"68 km SW of Fereyd?nshahr, Iran",us,us,Mainshock,4.0 - 4.99,POINT (49.585 32.519),
1979-06-01 23:38:38.300000+00:00,27.381,55.128,4.5,33.0,"94 km NNE of Bandar-e Lengeh, Iran",us,us,Mainshock,4.0 - 4.99,POINT (55.128 27.381),
1979-05-27 06:43:15.400000+00:00,33.234,57.251,4.7,10.0,"50 km SE of Tabas, Iran",us,us,Mainshock,4.0 - 4.99,POINT (57.251 33.234),
1979-05-21 08:06:48.200000+00:00,26.361,60.989,4.5,33.0,"26 km ENE of Qa?r-e Qand, Iran",us,us,Mainshock,4.0 - 4.99,POINT (60.989 26.361),
1979-05-15 00:29:05.800000+00:00,28.378,51.417,4.5,33.0,"86 km SE of Bushehr, Iran",us,us,Mainshock,4.0 - 4.99,POINT (51.417 28.378),
1979-05-13 20:12:54.900000+00:00,26.237,60.85,4.5,10.0,"9 km E of Qa?r-e Qand, Iran",us,us,Mainshock,4.0 - 4.99,POINT (60.85 26.237),
1979-04-25 07:32:14.300000+00:00,27.611,56.618,4.7,33.0,"57 km NE of Bandar Abbas, Iran",us,us,Mainshock,4.0 - 4.99,POINT (56.618 27.611),
1979-04-23 17:24:17.500000+00:00,33.879,59.474,4.6,16.0,"31 km ENE of Q?’en, Iran",us,us,Mainshock,4.0 - 4.99,POINT (59.474 33.879),
1979-04-18 14:42:46.800000+00:00,33.4,46.416,5.1,33.0,Iran-Iraq border region,us,us,Mainshock,5.0 - 5.99,POINT (46.416 33.4),
1979-04-11 12:14:26.300000+00:00,39.111,43.901,5.0,34.0,"47 km E of Erci?, Turkey",us,us,Mainshock,5.0 - 5.99,POINT (43.901 39.111),
1979-04-05 04:05:16.300000+00:00,26.563,60.982,4.9,33.0,"41 km NNE of Qa?r-e Qand, Iran",us,us,Mainshock,4.0 - 4.99,POINT (60.982 26.563),
1979-04-05 03:45:34.300000+00:00,33.453,57.071,4.6,33.0,"20 km SE of Tabas, Iran",us,us,Mainshock,4.0 - 4.99,POINT (57.071 33.453),
1979-03-28 01:33:26.900000+00:00,30.899,49.932,5.1,33.0,"24 km NNE of Aghajari, Iran",us,us,Mainshock,5.0 - 5.99,POINT (49.932 30.899),
1979-03-25 02:32:22.200000+00:00,34.916,52.508,4.6,20.0,"39 km SSE of ?stg?h-e R?h ?han-e Garms?r, Iran",us,us,Mainshock,4.0 - 4.99,POINT (52.508 34.916),
1979-03-18 05:19:51.500000+00:00,36.487,52.642,4.5,33.0,"7 km SSW of B?bol, Iran",us,us,Mainshock,4.0 - 4.99,POINT (52.642 36.487),
1979-03-17 12:36:33.200000+00:00,26.523,60.982,4.9,33.0,"38 km NE of Qa?r-e Qand, Iran",us,us,Mainshock,4.0 - 4.99,POINT (60.982 26.523),
1979-03-11 02:09:03.900000+00:00,27.413,57.687,4.5,33.0,"67 km ENE of M?n?b, Iran",us,us,Mainshock,4.0 - 4.99,POINT (57.687 27.413),
1979-03-08 22:40:34.300000+00:00,37.493,57.538,4.7,33.0,"18 km E of Bojn?rd, Iran",us,us,Mainshock,4.0 - 4.99,POINT (57.538 37.493),
1979-03-04 05:43:42.800000+00:00,28.302,56.259,5.0,34.0,"120 km SSW of K?h Sef?d, Iran",us,us,Mainshock,5.0 - 5.99,POINT (56.259 28.302),
1979-02-24 13:56:50.600000+00:00,37.204,56.624,4.7,31.0,"69 km WSW of Bojn?rd, Iran",us,us,Mainshock,4.0 - 4.99,POINT (56.624 37.204),
1979-02-13 10:36:16.500000+00:00,33.318,57.431,5.5,33.0,"56 km ESE of Tabas, Iran",us,us,Mainshock,5.0 - 5.99,POINT (57.431 33.318),
1979-02-11 22:25:20.500000+00:00,27.898,54.84,4.7,58.0,"73 km ENE of Ger?sh, Iran",us,us,Mainshock,4.0 - 4.99,POINT (54.84 27.898),
1979-01-31 15:50:33.900000+00:00,29.896,63.872,4.8,183.0,"81 km SE of ‘Al?qahd?r? D?sh?, Afghanistan",us,us,Mainshock,4.0 - 4.99,POINT (63.872 29.896),
1979-01-31 13:59:14.200000+00:00,26.352,61.256,4.6,33.0,"51 km ENE of Qa?r-e Qand, Iran",us,us,Mainshock,4.0 - 4.99,POINT (61.256 26.352),
1979-01-29 13:49:24+00:00,33.919,59.389,4.6,33.0,"28 km NE of Q?’en, Iran",us,us,Aftershock,4.0 - 4.99,POINT (59.389 33.919),
1979-01-19 19:29:45.200000+00:00,33.913,59.377,5.0,33.0,"27 km NE of Q?’en, Iran",us,us,Mainshock,5.0 - 5.99,POINT (59.377 33.913),
1979-01-19 10:05:51.300000+00:00,26.271,60.988,4.7,20.0,"23 km E of Qa?r-e Qand, Iran",us,us,Aftershock,4.0 - 4.99,POINT (60.988 26.271),
1979-01-18 01:21:46.600000+00:00,26.44,60.941,4.8,33.0,"28 km NE of Qa?r-e Qand, Iran",us,us,Mainshock,4.0 - 4.99,POINT (60.941 26.44),
1979-01-18 00:25:02.600000+00:00,33.915,59.466,5.0,33.0,"33 km NE of Q?’en, Iran",us,us,Mainshock,5.0 - 5.99,POINT (59.466 33.915),
1979-01-17 07:52:43.400000+00:00,34.007,59.424,4.7,33.0,"38 km NE of Q?’en, Iran",us,us,Foreshock,4.0 - 4.99,POINT (59.424 34.007),
1979-01-17 03:29:49.500000+00:00,33.759,57.096,5.1,33.0,"24 km NE of Tabas, Iran",us,us,Mainshock,5.0 - 5.99,POINT (57.096 33.759),
1979-01-16 09:50:10.100000+00:00,33.897,59.472,6.7,33.0,"32 km NE of Q?’en, Iran",us,us,Mainshock,6.0 - 6.99,POINT (59.472 33.897),
1979-01-15 12:27:02.700000+00:00,27.729,56.542,4.6,33.0,"65 km NNE of Bandar Abbas, Iran",us,us,Mainshock,4.0 - 4.99,POINT (56.542 27.729),
1979-01-12 08:15:21.200000+00:00,26.338,61.145,4.8,33.0,"40 km ENE of Qa?r-e Qand, Iran",us,us,Mainshock,4.0 - 4.99,POINT (61.145 26.338),
1979-01-11 03:33:15.800000+00:00,26.371,60.958,4.8,33.0,"24 km ENE of Qa?r-e Qand, Iran",us,us,Background Event,4.0 - 4.99,POINT (60.958 26.371),
1979-01-10 16:28:15.600000+00:00,33.505,57.224,4.7,33.0,"29 km ESE of Tabas, Iran",us,us,Mainshock,4.0 - 4.99,POINT (57.224 33.505),
1979-01-10 15:05:48+00:00,26.519,61.013,5.9,33.0,"39 km NE of Qa?r-e Qand, Iran",us,us,Mainshock,5.0 - 5.99,POINT (61.013 26.519),
1979-01-10 01:26:09+00:00,26.609,60.925,5.8,33.0,"43 km NNE of Qa?r-e Qand, Iran",us,us,Foreshock,5.0 - 5.99,POINT (60.925 26.609),
1979-01-05 20:00:18.200000+00:00,27.828,55.523,4.5,33.0,"103 km NW of Bandar Abbas, Iran",us,us,Mainshock,4.0 - 4.99,POINT (55.523 27.828),
1978-12-26 10:35:23.100000+00:00,33.672,57.242,4.5,45.0,"30 km ENE of Tabas, Iran",us,us,Mainshock,4.0 - 4.99,POINT (57.242 33.672),
1978-12-15 20:53:22.800000+00:00,32.037,49.51,4.8,33.0,"22 km ENE of Masjed Soleym?n, Iran",us,us,Aftershock,4.0 - 4.99,POINT (49.51 32.037),
1978-12-14 15:42:53.900000+00:00,32.141,49.491,4.7,44.0,"28 km NE of Masjed Soleym?n, Iran",us,us,Aftershock,4.0 - 4.99,POINT (49.491 32.141),
1978-12-14 07:05:20.600000+00:00,32.139,49.646,6.2,33.0,"39 km NE of Masjed Soleym?n, Iran",us,us,Mainshock,6.0 - 6.99,POINT (49.646 32.139),
1978-12-06 20:38:08.800000+00:00,33.221,57.115,4.6,20.0,"45 km SSE of Tabas, Iran",us,us,Aftershock,4.0 - 4.99,POINT (57.115 33.221),
1978-12-06 17:18:13.700000+00:00,33.292,57.157,5.3,28.0,"40 km SSE of Tabas, Iran",us,us,Mainshock,5.0 - 5.99,POINT (57.157 33.292),
1978-11-30 20:59:34.400000+00:00,30.584,50.692,4.5,33.0,"26 km SSE of Dehdasht, Iran",us,us,Mainshock,4.0 - 4.99,POINT (50.692 30.584),
1978-11-06 23:46:41.700000+00:00,33.188,54.926,4.7,33.0,central Iran,us,us,Mainshock,4.0 - 4.99,POINT (54.926 33.188),
1978-11-06 23:14:09.100000+00:00,33.574,57.083,4.6,33.0,"14 km E of Tabas, Iran",us,us,Mainshock,4.0 - 4.99,POINT (57.083 33.574),
1978-11-06 16:49:54.500000+00:00,33.384,57.45,4.6,11.0,"54 km ESE of Tabas, Iran",us,us,Foreshock,4.0 - 4.99,POINT (57.45 33.384),
1978-11-04 17:12:26.800000+00:00,33.55,57.18,4.5,36.0,"24 km ESE of Tabas, Iran",us,us,Background Event,4.0 - 4.99,POINT (57.18 33.55),
1978-11-04 15:22:19.300000+00:00,37.674,48.901,6.1,34.0,"13 km S of Hashtpar, Iran",us,us,Mainshock,6.0 - 6.99,POINT (48.901 37.674),
1978-10-12 15:01:41.100000+00:00,33.384,57.459,4.9,15.0,"54 km ESE of Tabas, Iran",us,us,Mainshock,4.0 - 4.99,POINT (57.459 33.384),
1978-10-12 06:54:33.400000+00:00,27.783,54.897,4.7,33.0,"76 km E of Ger?sh, Iran",us,us,Mainshock,4.0 - 4.99,POINT (54.897 27.783),
1978-10-09 16:25:03.100000+00:00,32.631,49.911,4.7,33.0,"39 km SSW of Fereyd?nshahr, Iran",us,us,Mainshock,4.0 - 4.99,POINT (49.911 32.631),
1978-10-09 16:04:42.300000+00:00,33.397,57.291,4.5,33.0,"40 km ESE of Tabas, Iran",us,us,Mainshock,4.0 - 4.99,POINT (57.291 33.397),
1978-09-24 18:16:04.600000+00:00,33.562,57.165,4.5,33.0,"22 km E of Tabas, Iran",us,us,Background Event,4.0 - 4.99,POINT (57.165 33.562),
1978-09-20 07:55:13.500000+00:00,32.479,49.794,4.5,33.0,"59 km SSW of Fereyd?nshahr, Iran",us,us,Mainshock,4.0 - 4.99,POINT (49.794 32.479),
1978-09-18 17:35:08.200000+00:00,33.699,56.925,4.9,33.0,"11 km N of Tabas, Iran",us,us,Mainshock,4.0 - 4.99,POINT (56.925 33.699),
1978-09-18 04:50:02+00:00,33.535,57.303,4.7,23.0,"35 km E of Tabas, Iran",us,us,Foreshock,4.0 - 4.99,POINT (57.303 33.535),
1978-09-18 01:34:48+00:00,33.686,57.202,4.5,33.0,"27 km ENE of Tabas, Iran",us,us,Foreshock,4.0 - 4.99,POINT (57.202 33.686),
1978-09-17 12:43:25.500000+00:00,34.12,57.576,4.7,33.0,"83 km NE of Tabas, Iran",us,us,Mainshock,4.0 - 4.99,POINT (57.576 34.12),
1978-09-17 08:17:24.600000+00:00,33.665,57.002,5.0,33.0,"10 km NE of Tabas, Iran",us,us,Mainshock,5.0 - 5.99,POINT (57.002 33.665),
1978-09-17 07:35:49.900000+00:00,33.144,56.933,4.7,33.0,"50 km S of Tabas, Iran",us,us,Mainshock,4.0 - 4.99,POINT (56.933 33.144),
1978-09-16 22:07:13.700000+00:00,34.949,57.11,4.5,33.0,"85 km WSW of Bardaskan, Iran",us,us,Mainshock,4.0 - 4.99,POINT (57.11 34.949),
1978-09-16 19:50:21.300000+00:00,33.727,57.115,4.9,33.0,"22 km NE of Tabas, Iran",us,us,Aftershock,4.0 - 4.99,POINT (57.115 33.727),
1978-09-16 18:45:14+00:00,33.87,57.081,4.8,16.0,"33 km NNE of Tabas, Iran",us,us,Aftershock,4.0 - 4.99,POINT (57.081 33.87),
1978-09-16 18:25:47.200000+00:00,33.788,57.198,4.6,33.0,"33 km NE of Tabas, Iran",us,us,Aftershock,4.0 - 4.99,POINT (57.198 33.788),
1978-09-16 15:35:56.600000+00:00,33.386,57.434,7.4,33.0,"52 km ESE of Tabas, Iran",us,us,Mainshock,7.0 - 10.0,POINT (57.434 33.386),
1978-09-06 13:00:53.400000+00:00,28.16,57.17,4.6,33.0,"114 km N of M?n?b, Iran",us,us,Mainshock,4.0 - 4.99,POINT (57.17 28.16),
1978-08-29 14:11:04.300000+00:00,29.564,51.568,4.9,34.0,"10 km SW of K?zer?n, Iran",us,us,Mainshock,4.0 - 4.99,POINT (51.568 29.564),
1978-08-28 00:07:04.100000+00:00,32.646,49.801,5.2,49.0,"44 km SW of Fereyd?nshahr, Iran",us,us,Mainshock,5.0 - 5.99,POINT (49.801 32.646),
1978-08-02 06:54:29.200000+00:00,27.235,55.902,4.5,38.0,"37 km W of Bandar Abbas, Iran",us,us,Mainshock,4.0 - 4.99,POINT (55.902 27.235),
1978-07-24 15:59:51.600000+00:00,33.083,48.732,4.7,55.0,"56 km SE of Khorramabad, Iran",us,us,Mainshock,4.0 - 4.99,POINT (48.732 33.083),
1978-06-28 16:00:51.900000+00:00,25.195,62.255,4.7,33.0,"10 km NW of Gwadar, Pakistan",us,us,Mainshock,4.0 - 4.99,POINT (62.255 25.195),
1978-06-22 19:06:02.600000+00:00,33.022,48.047,4.7,33.0,"51 km S of Vas??n, Iran",us,us,Mainshock,4.0 - 4.99,POINT (48.047 33.022),
1978-06-18 19:26:26.800000+00:00,27.44,56.579,4.7,33.0,"40 km NE of Bandar Abbas, Iran",us,us,Mainshock,4.0 - 4.99,POINT (56.579 27.44),
1978-06-14 16:25:34.300000+00:00,37.977,56.295,4.8,20.0,"97 km NE of Kal?leh, Iran",us,us,Mainshock,4.0 - 4.99,POINT (56.295 37.977),
1978-05-26 12:22:21.500000+00:00,27.605,56.527,4.5,33.0,"52 km NNE of Bandar Abbas, Iran",us,us,Mainshock,4.0 - 4.99,POINT (56.527 27.605),
1978-05-23 11:31:43.200000+00:00,31.873,56.179,5.0,25.0,"79 km ENE of B?fq, Iran",us,us,Aftershock,5.0 - 5.99,POINT (56.179 31.873),
1978-05-22 06:18:14.800000+00:00,31.83,56.178,5.3,34.0,"77 km ENE of B?fq, Iran",us,us,Mainshock,5.0 - 5.99,POINT (56.178 31.83),
1978-05-18 17:14:41.400000+00:00,39.641,54.445,5.1,33.0,"15 km NNE of Balkanabat, Turkmenistan",us,us,Mainshock,5.0 - 5.99,POINT (54.445 39.641),
1978-05-18 17:14:30.100000+00:00,39.731,54.758,5.0,33.0,"41 km NE of Balkanabat, Turkmenistan",us,us,Foreshock,5.0 - 5.99,POINT (54.758 39.731),
1978-05-17 16:08:47.900000+00:00,34.585,61.997,4.5,33.0,"32 km NW of Her?t, Afghanistan",us,us,Mainshock,4.0 - 4.99,POINT (61.997 34.585),
1978-05-11 09:55:41.300000+00:00,28.121,54.096,4.5,33.0,southern Iran,us,us,Mainshock,4.0 - 4.99,POINT (54.096 28.121),
1978-05-04 16:18:39.200000+00:00,27.907,54.843,4.5,33.0,"74 km ENE of Ger?sh, Iran",us,us,Mainshock,4.0 - 4.99,POINT (54.843 27.907),
1978-04-12 16:46:23.200000+00:00,31.845,50.626,5.0,34.0,"46 km S of F?rs?n, Iran",us,us,Mainshock,5.0 - 5.99,POINT (50.626 31.845),
1978-04-11 22:49:25.800000+00:00,27.532,56.183,4.5,40.0,"39 km NNW of Bandar Abbas, Iran",us,us,Mainshock,4.0 - 4.99,POINT (56.183 27.532),
1978-03-23 11:14:29.600000+00:00,27.271,53.247,4.6,33.0,"47 km SE of Mohr, Iran",us,us,Mainshock,4.0 - 4.99,POINT (53.247 27.271),
1978-03-03 02:42:47.500000+00:00,32.916,48.584,4.8,33.0,"63 km N of Shahrak-e K?l?r?, Iran",us,us,Mainshock,4.0 - 4.99,POINT (48.584 32.916),
1978-03-02 11:42:13.700000+00:00,37.317,54.614,4.7,33.0,"48 km W of ?q Q?yeh, Iran",us,us,Mainshock,4.0 - 4.99,POINT (54.614 37.317),
1978-03-01 09:53:46.400000+00:00,27.387,56.401,4.6,33.0,"25 km NNE of Bandar Abbas, Iran",us,us,Mainshock,4.0 - 4.99,POINT (56.401 27.387),
1978-02-27 12:35:50.800000+00:00,37.261,59.937,4.5,10.0,"30 km ESE of Kaka, Turkmenistan",us,us,Mainshock,4.0 - 4.99,POINT (59.937 37.261),
1978-02-23 23:24:47.800000+00:00,28.058,56.904,5.2,24.0,"104 km N of M?n?b, Iran",us,us,Mainshock,5.0 - 5.99,POINT (56.904 28.058),
1978-02-22 20:17:57.800000+00:00,28.028,56.896,5.1,23.0,"101 km N of M?n?b, Iran",us,us,Background Event,5.0 - 5.99,POINT (56.896 28.028),
1978-02-16 21:34:04.700000+00:00,32.057,54.355,4.5,33.0,"17 km N of Yazd, Iran",us,us,Mainshock,4.0 - 4.99,POINT (54.355 32.057),
1978-02-11 21:40:13.100000+00:00,28.212,55.416,5.2,50.0,"104 km SE of D?r?b, Iran",us,us,Mainshock,5.0 - 5.99,POINT (55.416 28.212),
1978-02-10 20:50:47.200000+00:00,25.303,62.399,5.5,33.0,"21 km NNE of Gwadar, Pakistan",us,us,Mainshock,5.0 - 5.99,POINT (62.399 25.303),
1978-02-06 22:48:43.900000+00:00,39.276,44.235,4.5,33.0,"32 km SSE of Do?ubayaz?t, Turkey",us,us,Mainshock,4.0 - 4.99,POINT (44.235 39.276),
1978-02-06 14:05:58.800000+00:00,39.596,43.745,4.7,33.0,"8 km NE of Diyadin, Turkey",us,us,Mainshock,4.0 - 4.99,POINT (43.745 39.596),
1978-01-15 07:03:18.600000+00:00,30.234,50.598,4.7,33.0,"23 km SW of Dogonbadan, Iran",us,us,Mainshock,4.0 - 4.99,POINT (50.598 30.234),
1978-01-10 12:36:22.400000+00:00,32.485,47.98,4.7,33.0,"40 km NW of Sh?sh, Iran",us,us,Mainshock,4.0 - 4.99,POINT (47.98 32.485),
1978-01-08 02:55:48+00:00,30.161,50.856,4.8,33.0,"22 km SSE of Dogonbadan, Iran",us,us,Mainshock,4.0 - 4.99,POINT (50.856 30.161),
1978-01-05 19:30:21.300000+00:00,27.592,53.845,4.7,56.0,"29 km WSW of Ger?sh, Iran",us,us,Mainshock,4.0 - 4.99,POINT (53.845 27.592),
1977-12-19 23:34:34.200000+00:00,30.954,56.473,5.8,31.0,"17 km NNW of Zarand, Iran",us,us,Mainshock,5.0 - 5.99,POINT (56.473 30.954),
1977-12-11 08:11:23.100000+00:00,27.394,56.592,4.7,33.0,"38 km NE of Bandar Abbas, Iran",us,us,Aftershock,4.0 - 4.99,POINT (56.592 27.394),
1977-12-10 05:46:22.900000+00:00,27.688,56.568,5.1,47.0,"62 km NNE of Bandar Abbas, Iran",us,us,Mainshock,5.0 - 5.99,POINT (56.568 27.688),
1977-12-02 03:50:42.700000+00:00,27.672,56.6,4.5,33.0,"62 km NNE of Bandar Abbas, Iran",us,us,Background Event,4.0 - 4.99,POINT (56.6 27.672),
1977-12-01 23:28:17+00:00,27.608,56.589,5.1,33.0,"55 km NNE of Bandar Abbas, Iran",us,us,Background Event,5.0 - 5.99,POINT (56.589 27.608),
1977-12-01 21:11:17.900000+00:00,27.659,56.568,5.1,33.0,"59 km NNE of Bandar Abbas, Iran",us,us,Background Event,5.0 - 5.99,POINT (56.568 27.659),
1977-11-10 14:09:34+00:00,31.364,56.904,4.8,33.0,"14 km NE of R?var, Iran",us,us,Mainshock,4.0 - 4.99,POINT (56.904 31.364),
1977-11-10 13:52:35.300000+00:00,34.019,59.36,4.7,23.0,"36 km NNE of Q?’en, Iran",us,us,Mainshock,4.0 - 4.99,POINT (59.36 34.019),
1977-11-09 11:20:32.800000+00:00,36.728,55.036,4.9,33.0,"34 km N of Shahrud, Iran",us,us,Mainshock,4.0 - 4.99,POINT (55.036 36.728),
1977-10-27 00:22:22.300000+00:00,29.737,50.685,4.8,34.0,"23 km NE of Bandar-e Gen?veh, Iran",us,us,Mainshock,4.0 - 4.99,POINT (50.685 29.737),
1977-10-26 17:02:51.200000+00:00,31.549,51.174,4.7,48.0,"40 km WNW of Sem?rom, Iran",us,us,Aftershock,4.0 - 4.99,POINT (51.174 31.549),
1977-10-21 14:56:06.900000+00:00,31.789,50.834,5.0,33.0,"47 km WSW of Bor?jen, Iran",us,us,Mainshock,5.0 - 5.99,POINT (50.834 31.789),
1977-10-19 06:35:10.900000+00:00,27.794,54.879,5.6,33.0,"74 km E of Ger?sh, Iran",us,us,Mainshock,5.0 - 5.99,POINT (54.879 27.794),
1977-09-19 00:23:06+00:00,29.627,51.354,4.7,35.0,"29 km W of K?zer?n, Iran",us,us,Mainshock,4.0 - 4.99,POINT (51.354 29.627),
1977-09-17 05:25:05.800000+00:00,30.878,56.63,5.6,33.0,"9 km NE of Zarand, Iran",us,us,Mainshock,5.0 - 5.99,POINT (56.63 30.878),
1977-09-15 16:04:46.700000+00:00,27.36,56.505,4.8,33.0,"29 km NE of Bandar Abbas, Iran",us,ldg,Mainshock,4.0 - 4.99,POINT (56.505 27.36),
1977-09-15 15:19:45.100000+00:00,39.132,43.904,4.7,33.0,"48 km ENE of Erci?, Turkey",us,us,Mainshock,4.0 - 4.99,POINT (43.904 39.132),
1977-09-13 11:48:47+00:00,27.685,59.941,4.7,33.0,"90 km NW of Iranshahr, Iran",us,us,Mainshock,4.0 - 4.99,POINT (59.941 27.685),
1977-09-13 00:16:07.400000+00:00,27.671,56.493,4.7,57.0,"57 km NNE of Bandar Abbas, Iran",us,us,Mainshock,4.0 - 4.99,POINT (56.493 27.671),
1977-09-03 22:05:05.900000+00:00,37.011,55.972,4.9,33.0,"58 km SE of Kal?leh, Iran",us,us,Mainshock,4.0 - 4.99,POINT (55.972 37.011),
1977-08-28 23:50:32.300000+00:00,27.976,54.917,4.7,45.0,"84 km ENE of Ger?sh, Iran",us,us,Mainshock,4.0 - 4.99,POINT (54.917 27.976),
1977-08-17 16:28:41.900000+00:00,36.394,59.041,4.7,11.0,"28 km SSW of Chen?r?n, Iran",us,us,Mainshock,4.0 - 4.99,POINT (59.041 36.394),
1977-08-16 04:56:52.700000+00:00,36.354,58.277,4.5,33.0,"49 km WNW of Neysh?b?r, Iran",us,us,Mainshock,4.0 - 4.99,POINT (58.277 36.354),
1977-08-09 21:43:00.300000+00:00,36.773,60.002,4.5,21.0,"63 km NE of Mashhad, Iran",us,us,Mainshock,4.0 - 4.99,POINT (60.002 36.773),
1977-07-26 01:18:00+00:00,27.507,56.419,4.8,39.0,"38 km NNE of Bandar Abbas, Iran",us,us,Mainshock,4.0 - 4.99,POINT (56.419 27.507),
1977-07-03 06:38:41.400000+00:00,25.179,60.9,4.6,33.0,"28 km ESE of Chabahar, Iran",us,us,Mainshock,4.0 - 4.99,POINT (60.9 25.179),
1977-06-28 03:44:55.100000+00:00,27.605,56.146,4.9,46.0,"48 km NNW of Bandar Abbas, Iran",us,us,Mainshock,4.0 - 4.99,POINT (56.146 27.605),
1977-06-26 13:58:58+00:00,32.049,48.035,4.6,33.0,"25 km SW of Sh?sh, Iran",us,us,Mainshock,4.0 - 4.99,POINT (48.035 32.049),
1977-06-26 02:25:29.400000+00:00,27.534,56.084,4.8,39.0,"43 km NNW of Bandar Abbas, Iran",us,us,Mainshock,4.0 - 4.99,POINT (56.084 27.534),
1977-06-24 23:57:06+00:00,31.787,50.915,4.5,53.0,"40 km WSW of Bor?jen, Iran",us,us,Mainshock,4.0 - 4.99,POINT (50.915 31.787),
1977-06-15 03:22:53.200000+00:00,26.756,58.771,4.8,33.0,"88 km WNW of Fann?j, Iran",us,us,Mainshock,4.0 - 4.99,POINT (58.771 26.756),
1977-06-08 06:35:50+00:00,32.519,48.084,4.5,36.0,"39 km NNW of Sh?sh, Iran",us,us,Mainshock,4.0 - 4.99,POINT (48.084 32.519),
1977-06-06 18:39:47.400000+00:00,29.712,51.127,4.9,30.0,"49 km N of Bor?zj?n, Iran",us,us,Mainshock,4.0 - 4.99,POINT (51.127 29.712),
1977-06-05 19:21:25.700000+00:00,32.48,48.086,4.7,33.0,"34 km NNW of Sh?sh, Iran",us,us,Aftershock,4.0 - 4.99,POINT (48.086 32.48),
1977-06-05 08:45:13+00:00,32.685,47.913,4.6,54.0,"57 km SE of ?bd?n?n, Iran",us,us,Aftershock,4.0 - 4.99,POINT (47.913 32.685),
1977-06-05 08:25:30.800000+00:00,32.561,48.164,5.1,33.0,"36 km NW of Shahrak-e K?l?r?, Iran",us,us,Mainshock,5.0 - 5.99,POINT (48.164 32.561),
1977-06-05 07:48:38.200000+00:00,32.417,48.096,4.7,33.0,"28 km NNW of Sh?sh, Iran",us,us,Foreshock,4.0 - 4.99,POINT (48.096 32.417),
1977-06-05 06:27:33.600000+00:00,32.536,48.261,4.7,33.0,"28 km NW of Shahrak-e K?l?r?, Iran",us,us,Foreshock,4.0 - 4.99,POINT (48.261 32.536),
1977-06-05 05:58:51.300000+00:00,32.442,47.962,4.6,33.0,"38 km NW of Sh?sh, Iran",us,us,Foreshock,4.0 - 4.99,POINT (47.962 32.442),
1977-06-05 05:22:00+00:00,32.071,48.509,4.6,33.0,"28 km ESE of Sh?sh, Iran",us,us,Mainshock,4.0 - 4.99,POINT (48.509 32.071),
1977-06-05 04:59:15.500000+00:00,32.682,47.939,4.9,58.0,"59 km SE of ?bd?n?n, Iran",us,us,Aftershock,4.0 - 4.99,POINT (47.939 32.682),
1977-06-05 04:45:07.600000+00:00,32.636,48.086,5.8,40.0,"47 km NW of Shahrak-e K?l?r?, Iran",us,us,Mainshock,5.0 - 5.99,POINT (48.086 32.636),
1977-06-02 03:57:02.600000+00:00,29.388,53.209,4.7,37.0,"44 km ENE of Akbar?b?d, Iran",us,us,Mainshock,4.0 - 4.99,POINT (53.209 29.388),
1977-05-30 18:06:55.200000+00:00,38.912,44.271,4.6,36.0,"37 km NE of Özalp, Turkey",us,us,Aftershock,4.0 - 4.99,POINT (44.271 38.912),
1977-05-30 03:42:56+00:00,39.053,44.319,4.9,57.0,"52 km NNE of Özalp, Turkey",us,us,Mainshock,4.0 - 4.99,POINT (44.319 39.053),
1977-05-26 22:39:29.100000+00:00,27.654,56.553,4.8,39.0,"58 km NNE of Bandar Abbas, Iran",us,us,Mainshock,4.0 - 4.99,POINT (56.553 27.654),
1977-05-26 16:43:37.900000+00:00,29.753,51.097,4.9,29.0,"54 km NNW of Bor?zj?n, Iran",us,us,Mainshock,4.0 - 4.99,POINT (51.097 29.753),
1977-05-26 09:50:24.600000+00:00,38.96,44.38,4.8,41.0,"48 km NE of Özalp, Turkey",us,us,Aftershock,4.0 - 4.99,POINT (44.38 38.96),
1977-05-26 01:35:13.800000+00:00,38.934,44.38,5.4,37.0,"46 km NE of Özalp, Turkey",us,us,Mainshock,5.0 - 5.99,POINT (44.38 38.934),
1977-05-25 21:06:38.300000+00:00,29.336,53.39,4.8,22.0,"50 km NNW of Fas?, Iran",us,us,Mainshock,4.0 - 4.99,POINT (53.39 29.336),
1977-05-25 11:01:45.500000+00:00,34.886,52.059,5.4,26.0,"44 km SSW of ?stg?h-e R?h ?han-e Garms?r, Iran",us,us,Mainshock,5.0 - 5.99,POINT (52.059 34.886),
1977-05-24 12:59:09.300000+00:00,27.071,55.477,4.7,27.0,"79 km W of Qeshm, Iran",us,us,Aftershock,4.0 - 4.99,POINT (55.477 27.071),
1977-05-24 12:43:28.700000+00:00,27.113,55.451,4.8,45.0,"82 km W of Bandar Abbas, Iran",us,us,Mainshock,4.0 - 4.99,POINT (55.451 27.113),
1977-05-20 17:37:38.900000+00:00,27.289,56.565,4.8,33.0,"30 km ENE of Bandar Abbas, Iran",us,us,Mainshock,4.0 - 4.99,POINT (56.565 27.289),
1977-05-20 12:25:18.800000+00:00,27.078,55.107,4.6,33.0,"61 km NNE of Bandar-e Lengeh, Iran",us,us,Aftershock,4.0 - 4.99,POINT (55.107 27.078),
1977-05-19 23:04:53.600000+00:00,27.137,55.31,5.3,35.0,"77 km NNE of Bandar-e Lengeh, Iran",us,us,Mainshock,5.0 - 5.99,POINT (55.31 27.137),
1977-05-19 22:58:30.800000+00:00,27.124,55.319,5.2,30.0,"76 km NE of Bandar-e Lengeh, Iran",us,us,Foreshock,5.0 - 5.99,POINT (55.319 27.124),
1977-05-19 00:08:15.500000+00:00,29.788,51.195,4.9,40.0,"47 km SW of N?r?b?d, Iran",us,us,Mainshock,4.0 - 4.99,POINT (51.195 29.788),
1977-05-11 23:46:16.700000+00:00,33.225,48.001,4.8,33.0,"29 km S of Vas??n, Iran",us,us,Mainshock,4.0 - 4.99,POINT (48.001 33.225),
1977-05-04 02:01:25.700000+00:00,31.791,50.864,4.8,46.0,"44 km WSW of Bor?jen, Iran",us,us,Mainshock,4.0 - 4.99,POINT (50.864 31.791),
1977-05-03 16:26:57.700000+00:00,31.722,56.246,5.0,42.0,"66 km NNW of Shahrak-e P?bed?n?, Iran",us,us,Mainshock,5.0 - 5.99,POINT (56.246 31.722),
1977-05-02 18:55:01.800000+00:00,39.569,44.008,4.7,42.0,"6 km WNW of Do?ubayaz?t, Turkey",us,us,Mainshock,4.0 - 4.99,POINT (44.008 39.569),
1977-05-02 15:17:48.900000+00:00,36.958,55.246,5.3,19.0,"15 km SSE of ?z?dshahr, Iran",us,us,Mainshock,5.0 - 5.99,POINT (55.246 36.958),
1977-04-30 14:35:37.300000+00:00,27.601,56.494,5.0,38.0,"50 km NNE of Bandar Abbas, Iran",us,us,Mainshock,5.0 - 5.99,POINT (56.494 27.601),
1977-04-30 06:13:52.400000+00:00,32.515,48.906,4.6,48.0,"44 km ENE of Shahrak-e K?l?r?, Iran",us,us,Aftershock,4.0 - 4.99,POINT (48.906 32.515),
1977-04-26 16:25:29+00:00,32.655,48.922,5.4,47.0,"54 km NE of Shahrak-e K?l?r?, Iran",us,us,Mainshock,5.0 - 5.99,POINT (48.922 32.655),
1977-04-24 00:59:17.700000+00:00,39.823,54.724,4.8,34.0,"46 km NE of Balkanabat, Turkmenistan",us,us,Mainshock,4.0 - 4.99,POINT (54.724 39.823),
1977-04-20 04:22:24.800000+00:00,26.943,55.468,5.1,33.0,"72 km NE of Bandar-e Lengeh, Iran",us,us,Mainshock,5.0 - 5.99,POINT (55.468 26.943),
1977-04-17 13:04:44.900000+00:00,27.208,56.437,4.8,33.0,"15 km E of Bandar Abbas, Iran",us,us,Mainshock,4.0 - 4.99,POINT (56.437 27.208),
1977-04-17 03:47:25.800000+00:00,27.154,56.624,4.6,33.0,"34 km E of Bandar Abbas, Iran",us,us,Foreshock,4.0 - 4.99,POINT (56.624 27.154),
1977-04-12 23:12:05.100000+00:00,31.981,50.745,4.9,33.0,"35 km SSE of F?rs?n, Iran",us,us,Mainshock,4.0 - 4.99,POINT (50.745 31.981),
1977-04-11 03:10:06.300000+00:00,27.487,56.202,4.8,33.0,"34 km NNW of Bandar Abbas, Iran",us,us,Mainshock,4.0 - 4.99,POINT (56.202 27.487),
1977-04-10 05:02:24.200000+00:00,27.504,56.15,4.5,33.0,"37 km NNW of Bandar Abbas, Iran",us,us,Foreshock,4.0 - 4.99,POINT (56.15 27.504),
1977-04-09 17:34:19.100000+00:00,27.981,52.044,4.9,22.0,"95 km WNW of Mohr, Iran",us,us,Mainshock,4.0 - 4.99,POINT (52.044 27.981),
1977-04-08 16:49:42.900000+00:00,27.454,56.296,4.7,22.0,"29 km N of Bandar Abbas, Iran",us,us,Mainshock,4.0 - 4.99,POINT (56.296 27.454),
1977-04-07 03:34:38.100000+00:00,27.899,57.055,4.9,33.0,"85 km N of M?n?b, Iran",us,us,Mainshock,4.0 - 4.99,POINT (57.055 27.899),
1977-04-06 13:36:37.100000+00:00,31.983,50.683,5.9,41.0,"32 km SSE of F?rs?n, Iran",us,us,Mainshock,5.0 - 5.99,POINT (50.683 31.983),
1977-04-02 22:16:10.700000+00:00,32.226,56.64,4.7,33.0,"107 km N of R?var, Iran",us,us,Mainshock,4.0 - 4.99,POINT (56.64 32.226),
1977-04-02 06:53:34.500000+00:00,27.701,56.174,4.8,33.0,"57 km N of Bandar Abbas, Iran",us,us,Mainshock,4.0 - 4.99,POINT (56.174 27.701),
1977-04-01 20:43:24+00:00,27.268,56.559,5.1,33.0,"28 km ENE of Bandar Abbas, Iran",us,us,Aftershock,5.0 - 5.99,POINT (56.559 27.268),
1977-04-01 16:00:25.200000+00:00,27.594,56.25,4.9,33.0,"45 km N of Bandar Abbas, Iran",us,us,Aftershock,4.0 - 4.99,POINT (56.25 27.594),
1977-04-01 13:36:24.700000+00:00,27.545,56.329,6.2,29.0,"40 km N of Bandar Abbas, Iran",us,us,Mainshock,6.0 - 6.99,POINT (56.329 27.545),
1977-04-01 06:59:03.600000+00:00,27.312,56.349,4.8,12.0,"15 km NNE of Bandar Abbas, Iran",us,us,Foreshock,4.0 - 4.99,POINT (56.349 27.312),
1977-03-31 19:11:21.400000+00:00,27.585,56.293,4.7,52.0,"44 km N of Bandar Abbas, Iran",us,us,Foreshock,4.0 - 4.99,POINT (56.293 27.585),
1977-03-31 13:36:29.800000+00:00,27.693,56.564,4.7,62.0,"62 km NNE of Bandar Abbas, Iran",us,us,Foreshock,4.0 - 4.99,POINT (56.564 27.693),
1977-03-31 10:06:03.600000+00:00,27.721,56.538,4.6,63.0,"64 km NNE of Bandar Abbas, Iran",us,us,Background Event,4.0 - 4.99,POINT (56.538 27.721),
1977-03-29 23:25:11.900000+00:00,27.499,56.505,4.6,54.0,"41 km NNE of Bandar Abbas, Iran",us,us,Background Event,4.0 - 4.99,POINT (56.505 27.499),
1977-03-29 22:29:16.800000+00:00,27.597,56.407,5.2,35.0,"47 km NNE of Bandar Abbas, Iran",us,us,Background Event,5.0 - 5.99,POINT (56.407 27.597),
1977-03-28 04:54:07.600000+00:00,27.588,56.553,4.9,49.0,"52 km NNE of Bandar Abbas, Iran",us,us,Background Event,4.0 - 4.99,POINT (56.553 27.588),
1977-03-28 04:09:49.200000+00:00,27.679,56.492,4.9,55.0,"58 km NNE of Bandar Abbas, Iran",us,us,Background Event,4.0 - 4.99,POINT (56.492 27.679),
1977-03-27 07:19:51.100000+00:00,28.149,56.177,4.7,70.0,"107 km N of Bandar Abbas, Iran",us,us,Mainshock,4.0 - 4.99,POINT (56.177 28.149),
1977-03-26 14:27:55.300000+00:00,27.391,56.193,4.9,34.0,"24 km NNW of Bandar Abbas, Iran",us,us,Mainshock,4.0 - 4.99,POINT (56.193 27.391),
1977-03-26 00:32:37.700000+00:00,27.568,56.582,4.9,47.0,southern Iran,us,us,Foreshock,4.0 - 4.99,POINT (56.582 27.568),
1977-03-25 22:55:23.700000+00:00,27.766,56.633,4.9,56.0,"73 km NNE of Bandar Abbas, Iran",us,us,Foreshock,4.0 - 4.99,POINT (56.633 27.766),
1977-03-24 14:10:46.400000+00:00,27.738,56.507,4.7,61.0,"65 km NNE of Bandar Abbas, Iran",us,us,Background Event,4.0 - 4.99,POINT (56.507 27.738),
1977-03-24 13:57:51.700000+00:00,26.92,56.634,4.6,33.0,"36 km E of Qeshm, Iran",us,us,Mainshock,4.0 - 4.99,POINT (56.634 26.92),
1977-03-24 04:42:24.300000+00:00,27.62,56.626,5.3,32.0,"58 km NE of Bandar Abbas, Iran",us,us,Aftershock,5.0 - 5.99,POINT (56.626 27.62),
1977-03-24 00:13:52.300000+00:00,27.575,56.456,5.1,45.0,southern Iran,us,us,Aftershock,5.0 - 5.99,POINT (56.456 27.575),
1977-03-24 00:04:50.700000+00:00,27.844,56.573,4.8,33.0,"78 km NNE of Bandar Abbas, Iran",us,us,Aftershock,4.0 - 4.99,POINT (56.573 27.844),
1977-03-23 23:51:15.800000+00:00,27.619,56.586,5.8,35.0,"56 km NNE of Bandar Abbas, Iran",us,us,Aftershock,5.0 - 5.99,POINT (56.586 27.619),
1977-03-23 20:40:57.900000+00:00,27.52,56.481,4.9,42.0,"41 km NNE of Bandar Abbas, Iran",us,us,Aftershock,4.0 - 4.99,POINT (56.481 27.52),
1977-03-23 10:11:07.600000+00:00,27.802,56.214,4.6,33.0,"68 km N of Bandar Abbas, Iran",us,us,Aftershock,4.0 - 4.99,POINT (56.214 27.802),
1977-03-23 07:46:59.400000+00:00,27.651,56.446,5.5,54.0,"54 km NNE of Bandar Abbas, Iran",us,us,Aftershock,5.0 - 5.99,POINT (56.446 27.651),
1977-03-23 02:31:39.100000+00:00,27.608,56.529,4.9,55.0,"52 km NNE of Bandar Abbas, Iran",us,us,Aftershock,4.0 - 4.99,POINT (56.529 27.608),
1977-03-23 00:17:50.800000+00:00,27.557,56.382,4.9,33.0,"42 km NNE of Bandar Abbas, Iran",us,us,Aftershock,4.0 - 4.99,POINT (56.382 27.557),
1977-03-22 21:31:02.600000+00:00,27.713,56.372,4.8,33.0,"59 km N of Bandar Abbas, Iran",us,us,Aftershock,4.0 - 4.99,POINT (56.372 27.713),
1977-03-22 21:28:11.800000+00:00,27.639,56.648,4.5,55.0,"61 km NE of Bandar Abbas, Iran",us,us,Aftershock,4.0 - 4.99,POINT (56.648 27.639),
1977-03-22 16:37:03.700000+00:00,27.59,56.526,4.5,63.0,"50 km NNE of Bandar Abbas, Iran",us,us,Aftershock,4.0 - 4.99,POINT (56.526 27.59),
1977-03-22 12:32:57.300000+00:00,27.577,56.592,4.8,62.0,"53 km NE of Bandar Abbas, Iran",us,us,Aftershock,4.0 - 4.99,POINT (56.592 27.577),
1977-03-22 11:57:30.900000+00:00,27.579,56.465,5.9,39.0,"47 km NNE of Bandar Abbas, Iran",us,us,Mainshock,5.0 - 5.99,POINT (56.465 27.579),
1977-03-22 09:14:39.700000+00:00,27.593,56.554,5.2,33.0,"52 km NNE of Bandar Abbas, Iran",us,us,Foreshock,5.0 - 5.99,POINT (56.554 27.593),
1977-03-22 04:47:53.400000+00:00,27.287,56.501,4.5,33.0,"24 km ENE of Bandar Abbas, Iran",us,us,Foreshock,4.0 - 4.99,POINT (56.501 27.287),
1977-03-22 02:42:10.200000+00:00,27.717,56.462,4.9,60.0,"61 km NNE of Bandar Abbas, Iran",us,us,Foreshock,4.0 - 4.99,POINT (56.462 27.717),
1977-03-22 02:25:58.800000+00:00,27.526,56.317,5.2,43.0,"37 km N of Bandar Abbas, Iran",us,us,Foreshock,5.0 - 5.99,POINT (56.317 27.526),
1977-03-22 01:37:09.100000+00:00,27.514,56.245,4.7,56.0,"36 km N of Bandar Abbas, Iran",us,us,Foreshock,4.0 - 4.99,POINT (56.245 27.514),
1977-03-22 01:28:18.800000+00:00,27.382,56.268,4.7,33.0,"21 km N of Bandar Abbas, Iran",us,us,Foreshock,4.0 - 4.99,POINT (56.268 27.382),
1977-03-21 23:56:58.400000+00:00,27.404,56.471,4.9,40.0,"30 km NE of Bandar Abbas, Iran",us,us,Foreshock,4.0 - 4.99,POINT (56.471 27.404),
1977-03-21 22:42:06.500000+00:00,27.602,56.52,5.8,36.0,"51 km NNE of Bandar Abbas, Iran",us,us,Foreshock,5.0 - 5.99,POINT (56.52 27.602),
1977-03-21 21:51:39.300000+00:00,27.62,56.358,4.9,33.0,"48 km N of Bandar Abbas, Iran",us,us,Foreshock,4.0 - 4.99,POINT (56.358 27.62),
1977-03-21 21:50:48.400000+00:00,27.725,56.427,4.7,33.0,"61 km NNE of Bandar Abbas, Iran",us,us,Foreshock,4.0 - 4.99,POINT (56.427 27.725),
1977-03-21 21:41:23.800000+00:00,27.242,56.769,4.7,33.0,"33 km WNW of M?n?b, Iran",us,us,Aftershock,4.0 - 4.99,POINT (56.769 27.242),
1977-03-21 21:33:18.200000+00:00,27.498,56.357,5.1,33.0,"35 km NNE of Bandar Abbas, Iran",us,us,Aftershock,5.0 - 5.99,POINT (56.357 27.498),
1977-03-21 21:18:54.200000+00:00,27.609,56.393,6.9,29.0,"48 km NNE of Bandar Abbas, Iran",us,us,Mainshock,6.0 - 6.99,POINT (56.393 27.609),
1977-03-20 23:56:53.300000+00:00,26.854,56.449,4.6,33.0,"20 km ESE of Qeshm, Iran",us,us,Mainshock,4.0 - 4.99,POINT (56.449 26.854),
1977-02-25 04:37:15.900000+00:00,32.516,49.428,4.8,66.0,"65 km N of Masjed Soleym?n, Iran",us,us,Mainshock,4.0 - 4.99,POINT (49.428 32.516),
1977-02-23 14:12:09.300000+00:00,32.581,47.844,4.8,33.0,"55 km ESE of Dehlor?n, Iran",us,us,Mainshock,4.0 - 4.99,POINT (47.844 32.581),
1977-02-19 17:37:26.900000+00:00,27.346,53.067,4.6,16.0,"29 km SE of Mohr, Iran",us,us,Mainshock,4.0 - 4.99,POINT (53.067 27.346),
1977-02-14 05:30:23.600000+00:00,27.293,52.902,4.6,33.0,"29 km S of Mohr, Iran",us,us,Background Event,4.0 - 4.99,POINT (52.902 27.293),
1977-02-04 20:47:24.700000+00:00,38.942,44.021,4.7,36.0,"32 km N of Özalp, Turkey",us,us,Mainshock,4.0 - 4.99,POINT (44.021 38.942),
1977-01-18 08:48:54.100000+00:00,33.157,47.997,5.2,48.0,"37 km S of Vas??n, Iran",us,us,Mainshock,5.0 - 5.99,POINT (47.997 33.157),
1977-01-17 05:19:23.700000+00:00,39.172,43.518,5.0,33.0,"21 km NE of Erci?, Turkey",us,us,Mainshock,5.0 - 5.99,POINT (43.518 39.172),
1977-01-07 07:15:57.500000+00:00,30.703,50.69,4.6,67.0,"15 km SE of Dehdasht, Iran",us,us,Mainshock,4.0 - 4.99,POINT (50.69 30.703),
1977-01-05 05:44:39.900000+00:00,27.457,56.202,5.5,29.0,"30 km NNW of Bandar Abbas, Iran",us,us,Mainshock,5.0 - 5.99,POINT (56.202 27.457),
1977-01-04 16:09:58.500000+00:00,33.094,47.923,5.1,45.0,"45 km SSW of Vas??n, Iran",us,us,Mainshock,5.0 - 5.99,POINT (47.923 33.094),
1977-01-02 19:37:25.200000+00:00,39.239,43.569,4.9,34.0,"29 km NE of Erci?, Turkey",us,us,Mainshock,4.0 - 4.99,POINT (43.569 39.239),
1976-12-25 22:19:10+00:00,39.026,44.33,4.5,33.0,"50 km NE of Özalp, Turkey",us,us,Aftershock,4.0 - 4.99,POINT (44.33 39.026),
1976-12-12 07:54:19.900000+00:00,38.989,44.235,4.8,40.0,"42 km NNE of Özalp, Turkey",us,us,Mainshock,4.0 - 4.99,POINT (44.235 38.989),
1976-12-11 04:09:26.300000+00:00,33.731,46.543,5.0,41.0,"15 km NE of ?l?m, Iran",us,us,Mainshock,5.0 - 5.99,POINT (46.543 33.731),
1976-12-09 20:02:26.200000+00:00,27.615,56.162,4.6,55.0,"48 km NNW of Bandar Abbas, Iran",us,us,Mainshock,4.0 - 4.99,POINT (56.162 27.615),
1976-12-04 04:10:32.900000+00:00,39.28,43.574,4.8,22.0,"30 km SSW of Diyadin, Turkey",us,us,Mainshock,4.0 - 4.99,POINT (43.574 39.28),
1976-12-01 11:59:34.500000+00:00,26.99,54.903,4.7,46.0,"47 km N of Bandar-e Lengeh, Iran",us,us,Mainshock,4.0 - 4.99,POINT (54.903 26.99),
1976-11-30 11:45:03.500000+00:00,39.226,44.215,4.6,33.0,"37 km SSE of Do?ubayaz?t, Turkey",us,us,Aftershock,4.0 - 4.99,POINT (44.215 39.226),
1976-11-28 11:13:22.500000+00:00,39.173,43.872,4.5,33.0,"44 km SSE of Diyadin, Turkey",us,us,Aftershock,4.0 - 4.99,POINT (43.872 39.173),
1976-11-25 09:49:26.900000+00:00,39.026,44.29,5.0,34.0,"48 km NNE of Özalp, Turkey",us,us,Mainshock,5.0 - 5.99,POINT (44.29 39.026),
1976-11-24 20:46:06+00:00,39.08,44.045,4.8,46.0,"47 km N of Özalp, Turkey",us,us,Foreshock,4.0 - 4.99,POINT (44.045 39.08),
1976-11-24 15:11:05.400000+00:00,39.019,44.181,5.0,40.0,"43 km NNE of Özalp, Turkey",us,us,Foreshock,5.0 - 5.99,POINT (44.181 39.019),
1976-11-24 15:04:04.300000+00:00,39.157,43.713,4.9,41.0,"33 km ENE of Erci?, Turkey",us,us,Foreshock,4.0 - 4.99,POINT (43.713 39.157),
1976-11-24 14:11:19.600000+00:00,39.685,43.738,4.5,33.0,"17 km NNE of Diyadin, Turkey",us,us,Mainshock,4.0 - 4.99,POINT (43.738 39.685),
1976-11-24 13:18:07.100000+00:00,39.071,43.667,4.8,33.0,"27 km E of Erci?, Turkey",us,us,Mainshock,4.0 - 4.99,POINT (43.667 39.071),
1976-11-24 12:36:45.600000+00:00,39.243,44.267,5.5,33.0,"37 km SSE of Do?ubayaz?t, Turkey",us,us,Aftershock,5.0 - 5.99,POINT (44.267 39.243),
1976-11-24 12:30:40.600000+00:00,39.121,43.925,5.0,33.0,"49 km SSW of Do?ubayaz?t, Turkey",us,us,Aftershock,5.0 - 5.99,POINT (43.925 39.121),
1976-11-24 12:22:18.800000+00:00,39.121,44.029,7.3,36.0,"47 km S of Do?ubayaz?t, Turkey",us,us,Mainshock,7.0 - 10.0,POINT (44.029 39.121),
1976-11-15 08:03:23+00:00,33.246,47.931,5.4,49.0,"29 km SSW of Vas??n, Iran",us,us,Mainshock,5.0 - 5.99,POINT (47.931 33.246),
1976-11-13 10:12:32.500000+00:00,28.178,57.397,5.0,33.0,"119 km NNE of M?n?b, Iran",us,us,Mainshock,5.0 - 5.99,POINT (57.397 28.178),
1976-11-13 10:11:15.600000+00:00,28.233,56.815,4.5,33.0,"115 km S of K?h Sef?d, Iran",us,us,Mainshock,4.0 - 4.99,POINT (56.815 28.233),
1976-11-09 17:59:54.200000+00:00,33.792,59.234,5.1,29.0,"8 km NNE of Q?’en, Iran",us,us,Mainshock,5.0 - 5.99,POINT (59.234 33.792),
1976-11-07 11:07:57.200000+00:00,33.235,47.963,5.5,51.0,"29 km SSW of Vas??n, Iran",us,us,Mainshock,5.0 - 5.99,POINT (47.963 33.235),
1976-11-07 04:00:51.600000+00:00,33.802,59.155,6.2,13.0,"8 km NNW of Q?’en, Iran",us,us,Mainshock,6.0 - 6.99,POINT (59.155 33.802),
1976-11-06 23:18:52.800000+00:00,28.243,57.142,4.8,33.0,"119 km SSE of K?h Sef?d, Iran",us,us,Mainshock,4.0 - 4.99,POINT (57.142 28.243),
1976-10-26 01:00:23.100000+00:00,27.178,58.055,4.6,65.0,"96 km E of M?n?b, Iran",us,us,Mainshock,4.0 - 4.99,POINT (58.055 27.178),
1976-10-24 16:20:59.400000+00:00,27.581,56.714,5.1,48.0,"61 km NE of Bandar Abbas, Iran",us,us,Mainshock,5.0 - 5.99,POINT (56.714 27.581),
1976-10-18 10:20:12+00:00,30.076,52.002,5.1,20.0,"46 km E of N?r?b?d, Iran",us,us,Mainshock,5.0 - 5.99,POINT (52.002 30.076),
1976-10-15 23:03:26.100000+00:00,30.044,51.969,5.1,8.0,"43 km E of N?r?b?d, Iran",us,us,Background Event,5.0 - 5.99,POINT (51.969 30.044),
1976-09-14 23:41:26.400000+00:00,28.003,53.517,5.2,23.0,"71 km WNW of Ger?sh, Iran",us,us,Mainshock,5.0 - 5.99,POINT (53.517 28.003),
1976-09-06 16:04:45.100000+00:00,31.126,50.37,5.0,39.0,"41 km NNW of Dehdasht, Iran",us,us,Mainshock,5.0 - 5.99,POINT (50.37 31.126),
1976-09-05 16:43:15.800000+00:00,31.431,49.972,5.1,44.0,"38 km ENE of R?mhormoz, Iran",us,us,Mainshock,5.0 - 5.99,POINT (49.972 31.431),
1976-08-10 21:12:09.700000+00:00,30.752,50.59,4.5,66.0,"5 km SSE of Dehdasht, Iran",us,us,Mainshock,4.0 - 4.99,POINT (50.59 30.752),
1976-07-17 08:36:58.500000+00:00,29.673,51.47,4.7,29.0,"18 km WNW of K?zer?n, Iran",us,us,Mainshock,4.0 - 4.99,POINT (51.47 29.673),
1976-06-28 17:00:54.900000+00:00,29.456,52.041,4.6,6.0,"41 km ESE of K?zer?n, Iran",us,us,Aftershock,4.0 - 4.99,POINT (52.041 29.456),
1976-06-27 09:26:31.900000+00:00,29.481,52.101,4.7,8.0,"44 km WSW of Shiraz, Iran",us,us,Mainshock,4.0 - 4.99,POINT (52.101 29.481),
1976-06-13 21:33:22.200000+00:00,28.113,55.577,4.7,50.0,"123 km SE of D?r?b, Iran",us,us,Mainshock,4.0 - 4.99,POINT (55.577 28.113),
1976-06-02 18:04:40.500000+00:00,28.131,53.331,5.0,33.0,"77 km NE of Mohr, Iran",us,us,Mainshock,5.0 - 5.99,POINT (53.331 28.131),
1976-05-31 08:07:11.500000+00:00,38.922,55.811,4.7,7.0,"40 km W of Serdar, Turkmenistan",us,us,Mainshock,4.0 - 4.99,POINT (55.811 38.922),
1976-05-02 16:57:05.300000+00:00,28.186,53.291,4.6,46.0,"80 km NNE of Mohr, Iran",us,us,Mainshock,4.0 - 4.99,POINT (53.291 28.186),
1976-04-26 04:57:25.500000+00:00,28.718,52.078,5.2,29.0,"50 km WSW of F?r?z?b?d, Iran",us,us,Mainshock,5.0 - 5.99,POINT (52.078 28.718),
1976-04-24 10:19:43.800000+00:00,27.949,56.684,4.8,22.0,"93 km NNE of Bandar Abbas, Iran",us,us,Mainshock,4.0 - 4.99,POINT (56.684 27.949),
1976-04-22 17:03:07.900000+00:00,28.714,52.128,6.0,24.0,"45 km WSW of F?r?z?b?d, Iran",us,us,Mainshock,6.0 - 6.99,POINT (52.128 28.714),
1976-04-21 03:51:35.900000+00:00,33.728,46.966,4.7,33.0,"51 km E of ?l?m, Iran",us,us,Mainshock,4.0 - 4.99,POINT (46.966 33.728),
1976-04-02 16:58:07.600000+00:00,39.807,43.609,4.6,46.0,"7 km SSW of Karakoyunlu, Turkey",us,us,Mainshock,4.0 - 4.99,POINT (43.609 39.807),
1976-03-31 23:38:59+00:00,34.664,57.169,4.7,23.0,"98 km SW of Bardaskan, Iran",us,us,Mainshock,4.0 - 4.99,POINT (57.169 34.664),
1976-03-31 02:34:22.300000+00:00,28.148,56.628,4.9,66.0,"111 km NNE of Bandar Abbas, Iran",us,us,Mainshock,4.0 - 4.99,POINT (56.628 28.148),
1976-03-20 09:24:01.200000+00:00,27.269,55.004,4.7,33.0,"79 km N of Bandar-e Lengeh, Iran",us,us,Aftershock,4.0 - 4.99,POINT (55.004 27.269),
1976-03-16 07:28:57.600000+00:00,27.312,55.063,5.4,33.0,"85 km NNE of Bandar-e Lengeh, Iran",us,us,Mainshock,5.0 - 5.99,POINT (55.063 27.312),
1976-03-10 04:39:17.500000+00:00,28.373,57.378,4.7,67.0,"114 km SSE of K?h Sef?d, Iran",us,us,Mainshock,4.0 - 4.99,POINT (57.378 28.373),
1976-02-20 13:37:52.600000+00:00,30.589,50.317,4.7,37.0,"7 km E of Behbah?n, Iran",us,us,Mainshock,4.0 - 4.99,POINT (50.317 30.589),
1976-02-03 16:40:40.600000+00:00,39.933,48.415,5.2,58.0,"3 km E of Saatl?, Azerbaijan",us,us,Mainshock,5.0 - 5.99,POINT (48.415 39.933),
1976-02-03 14:54:16.700000+00:00,25.4,63.412,4.6,33.0,"16 km NNW of Pasni, Pakistan",us,us,Mainshock,4.0 - 4.99,POINT (63.412 25.4),
1976-01-16 05:36:19+00:00,30.221,50.836,4.9,32.0,"15 km SSE of Dogonbadan, Iran",us,us,Mainshock,4.0 - 4.99,POINT (50.836 30.221),
1976-01-07 07:10:16.700000+00:00,29.881,59.283,4.6,50.0,"67 km W of No?rat?b?d, Iran",us,us,Mainshock,4.0 - 4.99,POINT (59.283 29.881),
1975-12-30 01:09:35.400000+00:00,26.84,55.511,4.8,29.0,"70 km ENE of Bandar-e Lengeh, Iran",us,us,Mainshock,4.0 - 4.99,POINT (55.511 26.84),
1975-12-26 05:46:43.600000+00:00,26.928,55.447,4.5,33.0,"69 km NE of Bandar-e Lengeh, Iran",us,us,Background Event,4.0 - 4.99,POINT (55.447 26.928),
1975-12-25 21:59:58.500000+00:00,26.486,55.754,5.2,33.0,southern Iran,us,us,Mainshock,5.0 - 5.99,POINT (55.754 26.486),
1975-12-24 21:04:13.100000+00:00,27.025,55.535,4.7,33.0,"73 km W of Qeshm, Iran",us,us,Aftershock,4.0 - 4.99,POINT (55.535 27.025),
1975-12-24 19:55:11+00:00,27.076,55.499,5.0,33.0,southern Iran,us,us,Aftershock,5.0 - 5.99,POINT (55.499 27.076),
1975-12-24 18:40:32.900000+00:00,27.005,55.574,4.7,33.0,"69 km W of Qeshm, Iran",us,us,Aftershock,4.0 - 4.99,POINT (55.574 27.005),
1975-12-24 11:48:56.800000+00:00,27.01,55.543,5.5,33.0,"72 km W of Qeshm, Iran",us,us,Mainshock,5.0 - 5.99,POINT (55.543 27.01),
1975-12-19 12:46:31.100000+00:00,28.211,57.153,4.6,33.0,"119 km N of M?n?b, Iran",us,us,Aftershock,4.0 - 4.99,POINT (57.153 28.211),
1975-12-19 08:02:08.400000+00:00,28.621,56.979,4.7,61.0,"74 km SSE of K?h Sef?d, Iran",us,us,Mainshock,4.0 - 4.99,POINT (56.979 28.621),
1975-12-17 13:34:53.500000+00:00,27.927,57.108,4.8,33.0,"88 km N of M?n?b, Iran",us,us,Mainshock,4.0 - 4.99,POINT (57.108 27.927),
1975-12-16 07:42:50.900000+00:00,39.58,48.297,4.7,58.0,"22 km NNW of B?leh Sav?r, Iran",us,us,Mainshock,4.0 - 4.99,POINT (48.297 39.58),
1975-11-06 10:15:42.200000+00:00,27.361,56.078,4.9,38.0,"27 km NW of Bandar Abbas, Iran",us,us,Mainshock,4.0 - 4.99,POINT (56.078 27.361),
1975-11-06 04:09:31+00:00,35.895,53.028,4.7,3.0,"35 km NW of Mahdishahr, Iran",us,us,Mainshock,4.0 - 4.99,POINT (53.028 35.895),
1975-10-08 09:53:42.400000+00:00,28.441,55.652,4.8,69.0,"112 km S of Sirjan, Iran",us,us,Aftershock,4.0 - 4.99,POINT (55.652 28.441),
1975-10-08 08:15:50+00:00,28.197,55.655,5.3,51.0,"124 km ESE of D?r?b, Iran",us,us,Mainshock,5.0 - 5.99,POINT (55.655 28.197),
1975-09-22 23:00:07.100000+00:00,27.938,53.912,4.7,33.0,"37 km NW of Ger?sh, Iran",us,us,Mainshock,4.0 - 4.99,POINT (53.912 27.938),
1975-09-21 14:16:37.800000+00:00,31.599,51.037,5.2,33.0,"47 km SSW of Bor?jen, Iran",us,us,Mainshock,5.0 - 5.99,POINT (51.037 31.599),
1975-09-05 03:49:21+00:00,28.629,55.338,4.5,33.0,"78 km E of D?r?b, Iran",us,us,Mainshock,4.0 - 4.99,POINT (55.338 28.629),
1975-09-04 23:29:07.800000+00:00,26.756,56.735,4.5,33.0,"51 km ESE of Qeshm, Iran",us,us,Mainshock,4.0 - 4.99,POINT (56.735 26.756),
1975-09-01 23:15:52.500000+00:00,33.317,49.096,4.9,16.0,"35 km SSE of Azn?, Iran",us,us,Mainshock,4.0 - 4.99,POINT (49.096 33.317),
1975-08-27 16:59:31.200000+00:00,27.502,56.213,5.1,43.0,"35 km N of Bandar Abbas, Iran",us,us,Mainshock,5.0 - 5.99,POINT (56.213 27.502),
1975-07-29 13:25:21.800000+00:00,25.198,63.051,5.4,33.0,"42 km W of Pasni, Pakistan",us,us,Mainshock,5.0 - 5.99,POINT (63.051 25.198),
1975-06-28 16:31:15+00:00,32.571,49.088,4.7,58.0,western Iran,us,us,Mainshock,4.0 - 4.99,POINT (49.088 32.571),
1975-06-20 14:10:47.100000+00:00,27.62,58.71,4.8,68.0,"147 km NW of Fann?j, Iran",us,us,Mainshock,4.0 - 4.99,POINT (58.71 27.62),
1975-06-20 09:16:46.500000+00:00,26.19,54.302,4.7,67.0,"49 km SE of K?sh, Iran",us,us,Mainshock,4.0 - 4.99,POINT (54.302 26.19),
1975-06-18 02:34:00+00:00,32.194,60.002,4.5,15.0,"104 km SE of B?rjand, Iran",us,us,Mainshock,4.0 - 4.99,POINT (60.002 32.194),
1975-06-13 10:12:49.800000+00:00,27.015,54.936,4.9,58.0,"50 km N of Bandar-e Lengeh, Iran",us,us,Mainshock,4.0 - 4.99,POINT (54.936 27.015),
1975-05-17 16:19:12.500000+00:00,27.515,57.737,4.9,33.0,"77 km ENE of M?n?b, Iran",us,us,Mainshock,4.0 - 4.99,POINT (57.737 27.515),
1975-05-09 18:01:45.600000+00:00,30.203,51.995,4.9,57.0,"46 km ENE of N?r?b?d, Iran",us,us,Mainshock,4.0 - 4.99,POINT (51.995 30.203),
1975-05-09 18:00:22.900000+00:00,29.912,51.949,4.5,35.0,"43 km NE of K?zer?n, Iran",us,us,Foreshock,4.0 - 4.99,POINT (51.949 29.912),
1975-05-05 19:47:42.200000+00:00,28.316,55.729,4.5,50.0,"125 km ESE of D?r?b, Iran",us,us,Mainshock,4.0 - 4.99,POINT (55.729 28.316),
1975-04-28 02:01:17+00:00,33.305,54.825,5.3,42.0,"133 km NE of Ardak?n, Iran",us,us,Mainshock,5.0 - 5.99,POINT (54.825 33.305),
1975-04-12 04:13:06.600000+00:00,27.41,56.425,4.8,39.0,"28 km NNE of Bandar Abbas, Iran",us,us,Mainshock,4.0 - 4.99,POINT (56.425 27.41),
1975-04-11 14:26:44.700000+00:00,35.55,50.17,4.7,50.0,"59 km SW of Naz?ar?b?d, Iran",us,us,Mainshock,4.0 - 4.99,POINT (50.17 35.55),
1975-03-09 06:39:43.600000+00:00,27.382,56.269,4.9,33.0,"21 km N of Bandar Abbas, Iran",us,us,Aftershock,4.0 - 4.99,POINT (56.269 27.382),
1975-03-07 17:42:30.400000+00:00,27.305,56.317,4.6,33.0,"13 km NNE of Bandar Abbas, Iran",us,us,Aftershock,4.0 - 4.99,POINT (56.317 27.305),
1975-03-07 15:36:40.200000+00:00,27.559,56.304,4.7,27.0,"41 km N of Bandar Abbas, Iran",us,us,Aftershock,4.0 - 4.99,POINT (56.304 27.559),
1975-03-07 14:26:56.500000+00:00,27.472,56.246,5.2,28.0,"31 km N of Bandar Abbas, Iran",us,us,Aftershock,5.0 - 5.99,POINT (56.246 27.472),
1975-03-07 10:42:25.400000+00:00,27.608,56.304,4.6,33.0,"46 km N of Bandar Abbas, Iran",us,us,Aftershock,4.0 - 4.99,POINT (56.304 27.608),
1975-03-07 07:04:42.600000+00:00,27.497,56.26,6.1,27.0,"34 km N of Bandar Abbas, Iran",us,us,Mainshock,6.0 - 6.99,POINT (56.26 27.497),
1975-02-26 17:19:37+00:00,27.865,52.755,4.6,53.0,"36 km NNW of Mohr, Iran",us,us,Mainshock,4.0 - 4.99,POINT (52.755 27.865),
1975-01-14 22:07:52.500000+00:00,35.445,44.775,5.1,58.0,"11 km SSW of Jamjam?l, Iraq",us,us,Mainshock,5.0 - 5.99,POINT (44.775 35.445),
1975-01-12 04:12:41.900000+00:00,28.933,51.955,4.6,33.0,"60 km W of F?r?z?b?d, Iran",us,us,Aftershock,4.0 - 4.99,POINT (51.955 28.933),
1975-01-11 12:08:06.400000+00:00,29.044,51.849,5.0,27.0,"66 km ESE of Bor?zj?n, Iran",us,us,Mainshock,5.0 - 5.99,POINT (51.849 29.044),
1974-12-26 18:36:21.900000+00:00,29.495,52.732,4.8,33.0,"23 km ESE of Shiraz, Iran",us,us,Mainshock,4.0 - 4.99,POINT (52.732 29.495),
1974-12-20 03:28:46+00:00,26.477,61.238,5.0,7.0,"54 km ENE of Qa?r-e Qand, Iran",us,us,Mainshock,5.0 - 5.99,POINT (61.238 26.477),
1974-12-02 09:05:44.200000+00:00,27.991,55.819,5.4,36.0,"100 km NNW of Bandar Abbas, Iran",us,us,Mainshock,5.0 - 5.99,POINT (55.819 27.991),
1974-11-27 16:52:49.900000+00:00,35.297,45.655,5.0,50.0,"32 km WNW of ?alabja, Iraq",us,us,Mainshock,5.0 - 5.99,POINT (45.655 35.297),
1974-11-27 07:39:15.800000+00:00,33.208,46.903,4.9,31.0,"45 km W of Darreh Shahr, Iran",us,us,Mainshock,4.0 - 4.99,POINT (46.903 33.208),
1974-11-22 09:44:17+00:00,32.715,49.986,4.6,52.0,western Iran,us,us,Mainshock,4.0 - 4.99,POINT (49.986 32.715),
1974-11-17 15:05:47.700000+00:00,32.805,55.073,5.2,43.0,"113 km ENE of Ardak?n, Iran",us,us,Mainshock,5.0 - 5.99,POINT (55.073 32.805),
1974-11-15 17:37:45.800000+00:00,27.625,62.453,4.7,75.0,"138 km ESE of Kh?sh, Iran",us,us,Mainshock,4.0 - 4.99,POINT (62.453 27.625),
1974-11-05 20:02:22.300000+00:00,36.187,52.835,4.5,68.0,"42 km SSE of B?bol, Iran",us,us,Mainshock,4.0 - 4.99,POINT (52.835 36.187),
1974-10-17 04:10:15.800000+00:00,30.885,49.58,4.6,35.0,"16 km E of R?msh?r, Iran",us,us,Mainshock,4.0 - 4.99,POINT (49.58 30.885),
1974-08-05 13:19:39.500000+00:00,27.979,53.548,5.3,11.0,"67 km WNW of Ger?sh, Iran",us,us,Mainshock,5.0 - 5.99,POINT (53.548 27.979),
1974-08-02 08:23:44+00:00,30.46,50.589,4.8,44.0,"23 km WNW of Dogonbadan, Iran",us,us,Mainshock,4.0 - 4.99,POINT (50.589 30.46),
1974-06-17 07:22:49.100000+00:00,33.658,57.008,4.8,35.0,"10 km NE of Tabas, Iran",us,us,Mainshock,4.0 - 4.99,POINT (57.008 33.658),
1974-05-17 19:46:20.200000+00:00,31.293,51.111,4.5,33.0,"45 km WSW of Sem?rom, Iran",us,us,Mainshock,4.0 - 4.99,POINT (51.111 31.293),
1974-05-04 22:08:24.500000+00:00,31.826,50.603,4.5,46.0,"47 km S of F?rs?n, Iran",us,us,Mainshock,4.0 - 4.99,POINT (50.603 31.826),
1974-03-12 06:53:52.100000+00:00,38.405,44.024,4.5,50.0,"27 km S of Özalp, Turkey",us,us,Mainshock,4.0 - 4.99,POINT (44.024 38.405),
1974-03-11 20:21:34.500000+00:00,28.459,52.778,4.7,44.0,"47 km SSE of F?r?z?b?d, Iran",us,us,Mainshock,4.0 - 4.99,POINT (52.778 28.459),
1974-03-07 11:36:02.400000+00:00,37.599,55.828,5.1,21.0,"38 km NE of Kal?leh, Iran",us,us,Mainshock,5.0 - 5.99,POINT (55.828 37.599),
1974-01-07 15:29:33.200000+00:00,33.257,47.855,4.8,36.0,"31 km SW of Vas??n, Iran",us,us,Aftershock,4.0 - 4.99,POINT (47.855 33.257),
1974-01-07 15:24:38.200000+00:00,33.303,47.924,5.0,32.0,"23 km SSW of Vas??n, Iran",us,us,Mainshock,5.0 - 5.99,POINT (47.924 33.303),
1973-12-19 18:26:09.300000+00:00,28.147,54.977,4.8,33.0,"79 km SSE of D?r?b, Iran",us,us,Mainshock,4.0 - 4.99,POINT (54.977 28.147),
1973-12-16 08:25:00.400000+00:00,28.467,52.6,4.9,33.0,"41 km S of F?r?z?b?d, Iran",us,us,Mainshock,4.0 - 4.99,POINT (52.6 28.467),
1973-12-10 21:06:47.600000+00:00,27.994,56.986,4.6,14.0,"96 km N of M?n?b, Iran",us,us,Mainshock,4.0 - 4.99,POINT (56.986 27.994),
1973-11-20 02:33:17.700000+00:00,32.013,54.477,5.0,45.0,"16 km NE of Yazd, Iran",us,us,Mainshock,5.0 - 5.99,POINT (54.477 32.013),
1973-11-13 22:52:15.100000+00:00,32.695,48.311,4.9,59.0,"40 km NNW of Shahrak-e K?l?r?, Iran",us,us,Mainshock,4.0 - 4.99,POINT (48.311 32.695),
1973-11-13 22:19:24.700000+00:00,32.626,48.289,4.8,48.0,"34 km NNW of Shahrak-e K?l?r?, Iran",us,us,Foreshock,4.0 - 4.99,POINT (48.289 32.626),
1973-11-11 07:14:51.500000+00:00,30.573,52.887,5.5,11.0,"49 km NW of P?s?rg?d, Iran",us,us,Mainshock,5.0 - 5.99,POINT (52.887 30.573),
1973-11-09 18:50:50.400000+00:00,27.722,55.518,4.5,39.0,"95 km NW of Bandar Abbas, Iran",us,us,Mainshock,4.0 - 4.99,POINT (55.518 27.722),
1973-11-05 05:36:06.200000+00:00,32.924,49.598,5.2,51.0,"48 km W of Fereyd?nshahr, Iran",us,us,Mainshock,5.0 - 5.99,POINT (49.598 32.924),
1973-11-02 05:57:33+00:00,32.647,48.243,4.9,59.0,"39 km NNW of Shahrak-e K?l?r?, Iran",us,us,Mainshock,4.0 - 4.99,POINT (48.243 32.647),
1973-11-02 05:46:37.600000+00:00,32.664,48.214,4.9,55.0,"42 km NW of Shahrak-e K?l?r?, Iran",us,us,Foreshock,4.0 - 4.99,POINT (48.214 32.664),
1973-10-27 09:50:38.200000+00:00,24.631,62.139,4.7,33.0,"57 km SSW of Gwadar, Pakistan",us,us,Mainshock,4.0 - 4.99,POINT (62.139 24.631),
1973-09-22 09:21:11.100000+00:00,30.452,59.865,4.6,33.0,"62 km N of No?rat?b?d, Iran",us,us,Mainshock,4.0 - 4.99,POINT (59.865 30.452),
1973-09-17 04:06:03.700000+00:00,36.521,51.109,4.8,47.0,"22 km S of 'Ab?s ?b?d, Iran",us,us,Mainshock,4.0 - 4.99,POINT (51.109 36.521),
1973-09-02 07:23:17.100000+00:00,24.897,63.139,5.3,25.0,"52 km SW of Pasni, Pakistan",us,us,Mainshock,5.0 - 5.99,POINT (63.139 24.897),
1973-08-28 12:27:26.500000+00:00,31.999,50.904,4.8,68.0,"31 km SSW of Farrokh Shahr, Iran",us,us,Mainshock,4.0 - 4.99,POINT (50.904 31.999),
1973-08-25 14:58:10.800000+00:00,28.079,56.755,5.4,56.0,"109 km NNE of Bandar Abbas, Iran",us,us,Mainshock,5.0 - 5.99,POINT (56.755 28.079),
1973-08-24 09:34:10.500000+00:00,27.902,52.712,4.9,33.0,"41 km NNW of Mohr, Iran",us,us,Aftershock,4.0 - 4.99,POINT (52.712 27.902),
1973-08-24 02:12:41.100000+00:00,28.012,52.939,4.9,33.0,"50 km N of Mohr, Iran",us,us,Aftershock,4.0 - 4.99,POINT (52.939 28.012),
1973-08-24 02:06:01.600000+00:00,27.832,52.734,5.3,33.0,"34 km NNW of Mohr, Iran",us,us,Mainshock,5.0 - 5.99,POINT (52.734 27.832),
1973-08-23 12:26:24.800000+00:00,31.773,50.936,5.0,41.0,"39 km WSW of Bor?jen, Iran",us,us,Mainshock,5.0 - 5.99,POINT (50.936 31.773),
1973-08-06 05:31:45+00:00,31.08,49.87,4.5,48.0,"33 km SE of R?mhormoz, Iran",us,us,Aftershock,4.0 - 4.99,POINT (49.87 31.08),
1973-08-05 09:44:52.300000+00:00,31.056,49.996,4.6,33.0,"42 km NNE of Aghajari, Iran",us,us,Mainshock,4.0 - 4.99,POINT (49.996 31.056),
1973-08-04 18:12:09.600000+00:00,37.54,56.494,4.5,33.0,"74 km W of Bojn?rd, Iran",us,us,Aftershock,4.0 - 4.99,POINT (56.494 37.54),
1973-08-02 20:28:55.700000+00:00,37.329,56.519,4.8,34.0,"73 km WSW of Bojn?rd, Iran",us,us,Aftershock,4.0 - 4.99,POINT (56.519 37.329),
1973-08-02 19:56:26.600000+00:00,37.345,56.505,5.3,36.0,"74 km WSW of Bojn?rd, Iran",us,us,Mainshock,5.0 - 5.99,POINT (56.505 37.345),
1973-06-25 10:29:02.600000+00:00,29.995,50.461,5.0,48.0,"46 km N of Bandar-e Gen?veh, Iran",us,us,Mainshock,5.0 - 5.99,POINT (50.461 29.995),
1973-06-09 20:38:42.300000+00:00,28.089,52.081,4.5,33.0,"96 km SSW of F?r?z?b?d, Iran",us,us,Aftershock,4.0 - 4.99,POINT (52.081 28.089),
1973-06-09 20:36:12.300000+00:00,27.775,52.052,4.7,32.0,"85 km WNW of Mohr, Iran",us,us,Mainshock,4.0 - 4.99,POINT (52.052 27.775),
1973-06-08 21:49:56.800000+00:00,26.58,61.028,4.6,33.0,"45 km NE of Qa?r-e Qand, Iran",us,us,Mainshock,4.0 - 4.99,POINT (61.028 26.58),
1973-06-08 17:56:59.100000+00:00,26.462,61.115,4.6,33.0,"43 km ENE of Qa?r-e Qand, Iran",us,us,Foreshock,4.0 - 4.99,POINT (61.115 26.462),
1973-05-31 19:50:36.900000+00:00,28.227,56.171,4.7,33.0,"115 km N of Bandar Abbas, Iran",us,us,Mainshock,4.0 - 4.99,POINT (56.171 28.227),
1973-05-24 23:14:33.200000+00:00,27.998,57.926,4.5,33.0,"126 km NE of M?n?b, Iran",us,us,Mainshock,4.0 - 4.99,POINT (57.926 27.998),
1973-05-17 16:11:37.100000+00:00,35.496,57.755,4.9,45.0,"32 km NW of Bardaskan, Iran",us,us,Mainshock,4.0 - 4.99,POINT (57.755 35.496),
1973-05-11 13:52:31.700000+00:00,33.354,57.376,5.1,50.0,"49 km ESE of Tabas, Iran",us,us,Mainshock,5.0 - 5.99,POINT (57.376 33.354),
1973-05-06 03:59:19.600000+00:00,27.301,55.523,4.9,28.0,"76 km W of Bandar Abbas, Iran",us,us,Mainshock,4.0 - 4.99,POINT (55.523 27.301),
1973-05-05 06:12:35.600000+00:00,33.341,57.384,4.6,33.0,"51 km ESE of Tabas, Iran",us,us,Mainshock,4.0 - 4.99,POINT (57.384 33.341),
1973-05-03 07:44:24.400000+00:00,28.202,51.904,4.6,41.0,"96 km SW of F?r?z?b?d, Iran",us,us,Mainshock,4.0 - 4.99,POINT (51.904 28.202),
1973-04-26 14:30:05.400000+00:00,27.092,60.837,5.2,46.0,"19 km SE of Iranshahr, Iran",us,us,Mainshock,5.0 - 5.99,POINT (60.837 27.092),
1973-04-25 08:35:37.400000+00:00,26.835,55.443,4.6,43.0,"63 km ENE of Bandar-e Lengeh, Iran",us,us,Mainshock,4.0 - 4.99,POINT (55.443 26.835),
1973-04-22 21:29:57.200000+00:00,30.742,49.832,5.0,57.0,"4 km N of Aghajari, Iran",us,us,Mainshock,5.0 - 5.99,POINT (49.832 30.742),
1973-04-02 01:27:09+00:00,27.091,61.557,5.0,33.0,"87 km E of Iranshahr, Iran",us,us,Mainshock,5.0 - 5.99,POINT (61.557 27.091),
1973-03-28 03:36:38.200000+00:00,28.573,52.671,5.2,37.0,"31 km SSE of F?r?z?b?d, Iran",us,us,Mainshock,5.0 - 5.99,POINT (52.671 28.573),
1973-03-19 22:13:09.700000+00:00,26.78,53.427,4.5,33.0,"63 km WNW of K?sh, Iran",us,us,Mainshock,4.0 - 4.99,POINT (53.427 26.78),
1973-03-14 03:45:41.700000+00:00,32.019,49.358,4.5,33.0,"10 km NNE of Masjed Soleym?n, Iran",us,us,Aftershock,4.0 - 4.99,POINT (49.358 32.019),
1973-03-13 06:03:49+00:00,32.051,49.401,4.9,33.0,"15 km NE of Masjed Soleym?n, Iran",us,us,Mainshock,4.0 - 4.99,POINT (49.401 32.051),
1973-03-12 15:39:58.100000+00:00,31.882,49.138,4.5,33.0,"16 km WSW of Masjed Soleym?n, Iran",us,us,Foreshock,4.0 - 4.99,POINT (49.138 31.882),
1973-03-12 13:21:49.100000+00:00,32.05,49.345,4.9,62.0,"13 km NNE of Masjed Soleym?n, Iran",us,us,Foreshock,4.0 - 4.99,POINT (49.345 32.05),
1973-03-03 02:46:25.300000+00:00,29.523,51.152,4.6,34.0,"28 km NNW of Bor?zj?n, Iran",us,us,Mainshock,4.0 - 4.99,POINT (51.152 29.523),
1973-02-24 00:02:40.100000+00:00,28.584,52.62,5.2,27.0,"29 km S of F?r?z?b?d, Iran",us,us,Mainshock,5.0 - 5.99,POINT (52.62 28.584),
1973-02-10 17:07:47.500000+00:00,31.893,56.122,4.5,42.0,"75 km ENE of B?fq, Iran",us,us,Mainshock,4.0 - 4.99,POINT (56.122 31.893),
1973-02-07 05:27:20+00:00,32.05,49.428,5.2,51.0,"17 km NE of Masjed Soleym?n, Iran",us,us,Mainshock,5.0 - 5.99,POINT (49.428 32.05),
1973-01-13 14:14:41.100000+00:00,25.581,63.895,5.0,50.0,"55 km NE of Pasni, Pakistan",us,us,Mainshock,5.0 - 5.99,POINT (63.895 25.581),
1973-01-06 20:01:50.900000+00:00,33.098,48.256,4.8,63.0,"44 km SSW of Khorramabad, Iran",us,us,Mainshock,4.0 - 4.99,POINT (48.256 33.098),
1972-12-01 11:39:03.180000+00:00,35.479,57.944,5.43,15.0,"24 km N of Bardaskan, Iran",iscgem,iscgem,Mainshock,5.0 - 5.99,POINT (57.944 35.479),
1972-11-17 09:09:01.500000+00:00,27.39,59.179,5.5,61.4,"101 km NNW of Fann?j, Iran",iscgem,iscgem,Mainshock,5.0 - 5.99,POINT (59.179 27.39),
1972-11-04 09:32:24.140000+00:00,28.582,56.997,5.29,29.4,"79 km SSE of K?h Sef?d, Iran",iscgem,iscgem,Mainshock,5.0 - 5.99,POINT (56.997 28.582),
1972-10-09 07:18:23.340000+00:00,28.149,55.905,5.37,14.4,"112 km NNW of Bandar Abbas, Iran",iscgem,iscgem,Mainshock,5.0 - 5.99,POINT (55.905 28.149),
1972-10-09 01:58:06.900000+00:00,29.939,57.778,5.16,17.5,"77 km ESE of Kerman, Iran",iscgem,iscgem,Mainshock,5.0 - 5.99,POINT (57.778 29.939),
1972-09-09 01:42:26.690000+00:00,28.448,52.634,5.16,15.0,"44 km S of F?r?z?b?d, Iran",iscgem,iscgem,Mainshock,5.0 - 5.99,POINT (52.634 28.448),
1972-08-08 19:09:33.550000+00:00,25.08,61.233,5.74,25.0,"51 km W of Jiwani, Pakistan",iscgem,iscgem,Mainshock,5.0 - 5.99,POINT (61.233 25.08),
1972-08-08 00:44:53.310000+00:00,36.359,52.683,5.16,15.0,"21 km S of B?bol, Iran",iscgem,iscgem,Mainshock,5.0 - 5.99,POINT (52.683 36.359),
1972-08-06 07:00:55.010000+00:00,31.623,50.037,5.21,10.0,"56 km NE of R?mhormoz, Iran",iscgem,iscgem,Mainshock,5.0 - 5.99,POINT (50.037 31.623),
1972-08-06 01:12:51.460000+00:00,25.031,61.278,5.3,25.0,"47 km W of Jiwani, Pakistan",iscgem,iscgem,Mainshock,5.0 - 5.99,POINT (61.278 25.031),
1972-08-03 22:47:42.940000+00:00,28.132,56.823,5.18,20.2,"113 km NNW of M?n?b, Iran",iscgem,iscgem,Aftershock,5.0 - 5.99,POINT (56.823 28.132),
1972-08-02 23:03:29.230000+00:00,28.183,56.86,5.27,18.4,"118 km N of M?n?b, Iran",iscgem,iscgem,Mainshock,5.0 - 5.99,POINT (56.86 28.183),
1972-07-03 21:38:20.550000+00:00,30.036,50.976,5.28,15.0,"39 km SSE of Dogonbadan, Iran",iscgem,iscgem,Aftershock,5.0 - 5.99,POINT (50.976 30.036),
1972-07-03 02:09:59.120000+00:00,30.011,50.82,5.17,17.5,"38 km S of Dogonbadan, Iran",iscgem,iscgem,Aftershock,5.0 - 5.99,POINT (50.82 30.011),
1972-07-02 14:05:05.650000+00:00,30.11,50.762,5.16,15.0,"27 km S of Dogonbadan, Iran",iscgem,iscgem,Aftershock,5.0 - 5.99,POINT (50.762 30.11),
1972-07-02 12:56:07.240000+00:00,30.051,50.889,5.56,20.0,"35 km SSE of Dogonbadan, Iran",iscgem,iscgem,Mainshock,5.0 - 5.99,POINT (50.889 30.051),
1972-06-23 08:39:36.530000+00:00,33.006,46.103,5.14,20.0,"14 km SSW of Mehr?n, Iran",iscgem,iscgem,Aftershock,5.0 - 5.99,POINT (46.103 33.006),
1972-06-14 04:34:27.670000+00:00,33.093,46.215,5.37,15.0,"5 km SE of Mehr?n, Iran",iscgem,iscgem,Aftershock,5.0 - 5.99,POINT (46.215 33.093),
1972-06-13 00:55:37.440000+00:00,33.078,46.183,5.27,14.3,"5 km SSE of Mehr?n, Iran",iscgem,iscgem,Aftershock,5.0 - 5.99,POINT (46.183 33.078),
1972-06-12 13:33:59.630000+00:00,33.023,46.184,5.58,15.0,"11 km S of Mehr?n, Iran",iscgem,iscgem,Mainshock,5.0 - 5.99,POINT (46.184 33.023),
1972-06-08 09:39:22.440000+00:00,34.13,46.245,5.22,10.0,"50 km SE of Sarpol-e Z?ah?b, Iran",iscgem,iscgem,Mainshock,5.0 - 5.99,POINT (46.245 34.13),
1972-05-16 10:59:51.350000+00:00,28.333,52.598,5.19,15.0,"56 km S of F?r?z?b?d, Iran",iscgem,iscgem,Background Event,5.0 - 5.99,POINT (52.598 28.333),
1972-04-29 16:04:19.700000+00:00,28.215,53.078,5.18,10.0,"75 km NNE of Mohr, Iran",iscgem,iscgem,Aftershock,5.0 - 5.99,POINT (53.078 28.215),
1972-04-25 13:21:14.050000+00:00,28.393,53.106,5.21,20.8,"72 km SE of F?r?z?b?d, Iran",iscgem,iscgem,Aftershock,5.0 - 5.99,POINT (53.106 28.393),
1972-04-12 23:07:49.790000+00:00,28.383,53.058,5.23,20.0,"69 km SE of F?r?z?b?d, Iran",iscgem,iscgem,Aftershock,5.0 - 5.99,POINT (53.058 28.383),
1972-04-12 18:37:39.570000+00:00,28.352,53.032,5.19,10.0,"70 km SE of F?r?z?b?d, Iran",iscgem,iscgem,Aftershock,5.0 - 5.99,POINT (53.032 28.352),
1972-04-10 20:27:06.560000+00:00,28.358,52.855,5.12,10.0,"60 km SSE of F?r?z?b?d, Iran",iscgem,iscgem,Aftershock,5.0 - 5.99,POINT (52.855 28.358),
1972-04-10 02:06:51.850000+00:00,28.415,52.765,6.6,10.0,"51 km SSE of F?r?z?b?d, Iran",iscgem,iscgem,Mainshock,6.0 - 6.99,POINT (52.765 28.415),
1972-04-03 09:07:14.930000+00:00,28.095,57.281,5.3,23.5,"108 km N of M?n?b, Iran",iscgem,iscgem,Mainshock,5.0 - 5.99,POINT (57.281 28.095),
1972-01-18 21:12:01.400000+00:00,37.49,48.765,5.19,15.0,"25 km SE of Khalkh?l, Iran",iscgem,iscgem,Mainshock,5.0 - 5.99,POINT (48.765 37.49),
1972-01-14 22:10:02.910000+00:00,32.832,46.866,5.34,15.0,"40 km WNW of Dehlor?n, Iran",iscgem,iscgem,Mainshock,5.0 - 5.99,POINT (46.866 32.832),
1972-01-06 09:41:31.820000+00:00,30.263,50.584,5.31,15.0,"23 km WSW of Dogonbadan, Iran",iscgem,iscgem,Mainshock,5.0 - 5.99,POINT (50.584 30.263),
1998-12-27 04:10:40.700000+00:00,27.808,53.587,4.8,33.0,"56 km WNW of Ger?sh, Iran",us,us,Mainshock,4.0 - 4.99,POINT (53.587 27.808),
1998-12-26 23:11:02.510000+00:00,34.753,54.352,4.5,33.0,central Iran,us,us,Mainshock,4.0 - 4.99,POINT (54.352 34.753),
1998-12-11 06:58:15.980000+00:00,28.283,55.535,4.9,33.0,"110 km ESE of D?r?b, Iran",us,us,Mainshock,4.0 - 4.99,POINT (55.535 28.283),
1998-12-10 14:21:50.830000+00:00,27.845,53.517,4.7,33.0,"64 km WNW of Ger?sh, Iran",us,us,Mainshock,4.0 - 4.99,POINT (53.517 27.845),
1998-12-09 21:36:59.610000+00:00,28.581,57.64,4.7,33.0,"91 km SW of Bam, Iran",us,us,Mainshock,4.0 - 4.99,POINT (57.64 28.581),
1998-12-09 09:25:03.340000+00:00,31.075,49.643,4.6,33.0,"23 km S of R?mhormoz, Iran",us,us,Mainshock,4.0 - 4.99,POINT (49.643 31.075),
1998-12-03 13:13:33.570000+00:00,36.046,50.882,4.5,33.0,"25 km NNW of Karaj, Iran",us,us,Mainshock,4.0 - 4.99,POINT (50.882 36.046),
1998-12-01 22:42:37.210000+00:00,32.66,48.168,4.5,33.0,"44 km NW of Shahrak-e K?l?r?, Iran",us,us,Mainshock,4.0 - 4.99,POINT (48.168 32.66),
1998-11-23 11:11:37.880000+00:00,38.348,45.085,4.6,21.2,"25 km SSE of Khowy, Iran",us,us,Aftershock,4.0 - 4.99,POINT (45.085 38.348),
1998-11-18 11:37:19.720000+00:00,38.365,45.169,4.8,33.0,"27 km SE of Khowy, Iran",us,us,Mainshock,4.0 - 4.99,POINT (45.169 38.365),
1998-11-18 07:53:39.870000+00:00,30.28,57.567,4.6,33.0,"46 km E of Kerman, Iran",us,us,Aftershock,4.0 - 4.99,POINT (57.567 30.28),
1998-11-18 07:39:23+00:00,30.302,57.563,5.4,33.0,"46 km E of Kerman, Iran",us,hrv,Mainshock,5.0 - 5.99,POINT (57.563 30.302),
1998-11-15 20:30:21.440000+00:00,27.127,55.543,4.6,33.0,"73 km W of Bandar Abbas, Iran",us,us,Mainshock,4.0 - 4.99,POINT (55.543 27.127),
1998-11-14 10:37:23.290000+00:00,27.887,53.55,4.7,46.7,"62 km WNW of Ger?sh, Iran",us,us,Mainshock,4.0 - 4.99,POINT (53.55 27.887),
1998-11-13 17:14:32+00:00,30.614,50.35,4.5,33.0,"10 km E of Behbah?n, Iran",us,us,Mainshock,4.0 - 4.99,POINT (50.35 30.614),
1998-11-13 13:01:10.510000+00:00,27.791,53.608,5.4,33.0,"53 km WNW of Ger?sh, Iran",us,hrv,Mainshock,5.0 - 5.99,POINT (53.608 27.791),
1998-11-12 15:36:10.740000+00:00,33.224,49.708,4.8,33.0,"20 km S of Al?g?darz, Iran",us,us,Mainshock,4.0 - 4.99,POINT (49.708 33.224),
1998-11-08 19:50:38.710000+00:00,29.571,51.324,4.8,33.0,"32 km W of K?zer?n, Iran",us,us,Mainshock,4.0 - 4.99,POINT (51.324 29.571),
1998-10-29 20:57:27.650000+00:00,31.85,48.792,4.6,33.0,"22 km SSW of Sh?shtar, Iran",us,us,Mainshock,4.0 - 4.99,POINT (48.792 31.85),
1998-10-05 02:20:33.920000+00:00,33.199,47.225,5.4,38.6,"15 km WNW of Darreh Shahr, Iran",us,hrv,Mainshock,5.0 - 5.99,POINT (47.225 33.199),
1998-10-04 00:42:47.490000+00:00,33.238,47.254,5.3,10.0,"15 km NW of Darreh Shahr, Iran",us,hrv,Background Event,5.0 - 5.99,POINT (47.254 33.238),
1998-09-29 00:09:48.110000+00:00,29.518,51.26,4.5,33.0,"27 km N of Bor?zj?n, Iran",us,us,Mainshock,4.0 - 4.99,POINT (51.26 29.518),
1998-09-28 17:26:29.640000+00:00,36.578,48.747,4.7,47.3,"24 km ESE of Zanj?n, Iran",us,us,Mainshock,4.0 - 4.99,POINT (48.747 36.578),
1998-09-21 21:35:27.260000+00:00,31.074,51.231,5.1,33.0,"49 km SW of Sem?rom, Iran",us,hrv,Mainshock,5.0 - 5.99,POINT (51.231 31.074),
1998-09-19 07:07:59.760000+00:00,31.896,50.112,4.5,33.0,"58 km SW of F?rs?n, Iran",us,us,Mainshock,4.0 - 4.99,POINT (50.112 31.896),
1998-09-04 23:51:18.950000+00:00,28.751,52.386,4.5,33.0,"20 km WSW of F?r?z?b?d, Iran",us,us,Mainshock,4.0 - 4.99,POINT (52.386 28.751),
1998-08-21 05:13:12.970000+00:00,34.228,48.159,5.0,49.0,"20 km WNW of Nah?vand, Iran",us,hrv,Mainshock,5.0 - 5.99,POINT (48.159 34.228),
1998-08-05 14:27:00.330000+00:00,33.208,46.251,5.6,33.0,"12 km NE of Mehr?n, Iran",us,hrv,Mainshock,5.0 - 5.99,POINT (46.251 33.208),
1998-08-04 11:41:58.940000+00:00,37.341,57.265,5.3,33.0,"15 km SSW of Bojn?rd, Iran",us,hrv,Mainshock,5.0 - 5.99,POINT (57.265 37.341),
1998-08-01 23:38:32.260000+00:00,27.754,56.558,5.2,33.0,southern Iran,us,hrv,Mainshock,5.0 - 5.99,POINT (56.558 27.754),
1998-07-24 11:36:46.830000+00:00,28.203,57.373,4.6,23.2,"122 km NNE of M?n?b, Iran",us,us,Mainshock,4.0 - 4.99,POINT (57.373 28.203),
1998-07-09 16:23:34.560000+00:00,38.887,48.637,4.5,33.0,"7 km SW of Boradigah, Azerbaijan",us,us,Aftershock,4.0 - 4.99,POINT (48.637 38.887),
1998-07-09 14:19:18.410000+00:00,38.717,48.507,6.0,26.0,"10 km SE of Lerik, Azerbaijan",us,hrv,Mainshock,6.0 - 6.99,POINT (48.507 38.717),
1998-06-15 01:14:35.990000+00:00,31.712,50.835,5.2,31.3,"51 km WSW of Bor?jen, Iran",us,hrv,Mainshock,5.0 - 5.99,POINT (50.835 31.712),
1998-06-13 02:23:43.850000+00:00,27.785,53.69,4.6,33.0,"45 km WNW of Ger?sh, Iran",us,us,Mainshock,4.0 - 4.99,POINT (53.69 27.785),
1998-06-10 08:30:13.750000+00:00,28.275,58.544,5.4,88.2,"93 km S of Bam, Iran",us,hrv,Mainshock,5.0 - 5.99,POINT (58.544 28.275),
1998-05-30 06:54:54.940000+00:00,28.493,63.731,4.6,0.0,"79 km SW of Dalbandin, Pakistan",us,us,Mainshock,4.0 - 4.99,POINT (63.731 28.493),
1998-05-28 20:32:46.510000+00:00,26.576,62.23,4.7,47.4,"103 km NW of Turbat, Pakistan",us,us,Mainshock,4.0 - 4.99,POINT (62.23 26.576),
1998-04-19 19:57:22.910000+00:00,25.042,63.292,4.7,33.0,"30 km SW of Pasni, Pakistan",us,us,Mainshock,4.0 - 4.99,POINT (63.292 25.042),
1998-04-16 07:47:09.920000+00:00,29.852,57.567,4.6,33.0,"67 km SE of Kerman, Iran",us,us,Mainshock,4.0 - 4.99,POINT (57.567 29.852),
1998-04-10 15:00:53.140000+00:00,32.457,59.976,5.8,33.0,"84 km ESE of B?rjand, Iran",us,hrv,Mainshock,5.0 - 5.99,POINT (59.976 32.457),
1998-04-04 02:46:33.490000+00:00,36.645,49.427,4.5,33.0,Northern Iran,us,us,Mainshock,4.0 - 4.99,POINT (49.427 36.645),
1998-03-27 04:29:49.670000+00:00,30.029,57.59,4.9,33.0,"56 km ESE of Kerman, Iran",us,us,Mainshock,4.0 - 4.99,POINT (57.59 30.029),
1998-03-27 01:21:24.830000+00:00,33.241,56.87,4.5,33.0,"39 km S of Tabas, Iran",us,us,Mainshock,4.0 - 4.99,POINT (56.87 33.241),
1998-03-19 08:33:29.230000+00:00,29.91,56.045,4.7,33.0,"51 km W of Bards?r, Iran",us,us,Mainshock,4.0 - 4.99,POINT (56.045 29.91),
1998-03-14 19:40:27.050000+00:00,30.154,57.605,6.6,9.0,"52 km ESE of Kerman, Iran",us,hrv,Mainshock,6.0 - 6.99,POINT (57.605 30.154),
1998-03-05 11:12:01.820000+00:00,25.512,59.349,4.5,27.0,"117 km SW of N?kshahr, Iran",us,us,Mainshock,4.0 - 4.99,POINT (59.349 25.512),
1998-02-28 00:39:12.530000+00:00,37.049,48.719,4.6,52.3,"45 km NNE of Zanj?n, Iran",us,us,Mainshock,4.0 - 4.99,POINT (48.719 37.049),
1998-02-27 18:02:42.780000+00:00,39.688,49.134,4.6,50.5,Near the coast of Azerbaijan,us,us,Mainshock,4.0 - 4.99,POINT (49.134 39.688),
1998-02-19 17:19:15.570000+00:00,32.559,48.205,4.5,33.0,"33 km NW of Shahrak-e K?l?r?, Iran",us,us,Mainshock,4.0 - 4.99,POINT (48.205 32.559),
1998-01-23 12:32:52.910000+00:00,39.393,44.011,4.9,33.0,"18 km SSW of Do?ubayaz?t, Turkey",us,us,Mainshock,4.0 - 4.99,POINT (44.011 39.393),
1998-01-20 04:10:12.570000+00:00,31.371,49.119,4.5,33.0,"28 km E of sedeyen-e Yek, Iran",us,us,Mainshock,4.0 - 4.99,POINT (49.119 31.371),
1998-01-19 22:08:57.820000+00:00,33.745,46.006,4.8,33.0,"40 km WNW of ?l?m, Iran",us,us,Mainshock,4.0 - 4.99,POINT (46.006 33.745),
1998-01-18 03:12:59.920000+00:00,30.467,50.531,4.8,33.0,"28 km WNW of Dogonbadan, Iran",us,us,Mainshock,4.0 - 4.99,POINT (50.531 30.467),
1998-01-17 05:21:35.280000+00:00,32.574,48.103,4.7,33.0,"42 km NW of Shahrak-e K?l?r?, Iran",us,us,Mainshock,4.0 - 4.99,POINT (48.103 32.574),
1998-01-15 04:00:51.490000+00:00,26.281,55.391,4.6,33.0,"59 km ESE of Bandar-e Lengeh, Iran",us,us,Mainshock,4.0 - 4.99,POINT (55.391 26.281),
1998-01-11 08:08:05.960000+00:00,30.5,50.63,4.7,33.0,"22 km NW of Dogonbadan, Iran",us,us,Mainshock,4.0 - 4.99,POINT (50.63 30.5),
1998-01-09 19:06:13.840000+00:00,36.472,52.174,4.8,33.0,"15 km W of ?mol, Iran",us,us,Mainshock,4.0 - 4.99,POINT (52.174 36.472),
1998-01-05 15:56:36.490000+00:00,28.359,55.192,4.7,37.1,"76 km SE of D?r?b, Iran",us,us,Mainshock,4.0 - 4.99,POINT (55.192 28.359),
1998-01-01 13:32:11.080000+00:00,28.049,53.542,4.5,33.0,"72 km NW of Ger?sh, Iran",us,us,Mainshock,4.0 - 4.99,POINT (53.542 28.049),
1998-01-01 03:53:43.190000+00:00,29.852,51.425,4.6,33.0,"30 km SSW of N?r?b?d, Iran",us,us,Mainshock,4.0 - 4.99,POINT (51.425 29.852),
1997-12-15 21:07:34.250000+00:00,29.166,51.172,4.5,33.0,"12 km SSW of Bor?zj?n, Iran",us,us,Mainshock,4.0 - 4.99,POINT (51.172 29.166),
1997-12-09 09:07:54.530000+00:00,28.277,55.65,4.6,33.0,"120 km ESE of D?r?b, Iran",us,us,Mainshock,4.0 - 4.99,POINT (55.65 28.277),
1997-12-09 00:37:26.490000+00:00,32.337,49.336,4.5,33.0,"44 km N of Masjed Soleym?n, Iran",us,us,Mainshock,4.0 - 4.99,POINT (49.336 32.337),
1997-12-01 12:25:31.640000+00:00,35.278,59.25,4.7,33.0,"2 km E of Torbat-e ?eydar?yeh, Iran",us,us,Mainshock,4.0 - 4.99,POINT (59.25 35.278),
1997-11-18 07:14:40.640000+00:00,32.627,47.897,4.9,33.0,"58 km NW of Sh?sh, Iran",us,us,Mainshock,4.0 - 4.99,POINT (47.897 32.627),
1997-11-18 06:56:57.580000+00:00,33.052,48.083,4.6,33.0,"48 km S of Vas??n, Iran",us,us,Mainshock,4.0 - 4.99,POINT (48.083 33.052),
1997-11-05 22:42:56.790000+00:00,34.98,51.362,4.5,33.0,"39 km SSW of Eqb?l?yeh, Iran",us,us,Mainshock,4.0 - 4.99,POINT (51.362 34.98),
1997-11-04 19:25:16.180000+00:00,28.086,53.825,4.5,33.0,"55 km NNW of Ger?sh, Iran",us,us,Mainshock,4.0 - 4.99,POINT (53.825 28.086),
1997-11-03 06:59:31.130000+00:00,36.331,54.454,4.8,33.0,"20 km NNE of D?mgh?n, Iran",us,us,Mainshock,4.0 - 4.99,POINT (54.454 36.331),
1997-11-01 13:36:30.980000+00:00,28.524,57.173,4.5,33.0,"90 km SSE of K?h Sef?d, Iran",us,us,Mainshock,4.0 - 4.99,POINT (57.173 28.524),
1997-10-31 05:50:14.720000+00:00,28.025,53.644,4.5,33.0,"62 km NW of Ger?sh, Iran",us,us,Aftershock,4.0 - 4.99,POINT (53.644 28.025),
1997-10-23 14:35:32.840000+00:00,28.043,53.87,4.8,33.0,"48 km NNW of Ger?sh, Iran",us,us,Mainshock,4.0 - 4.99,POINT (53.87 28.043),
1997-10-20 10:06:34.570000+00:00,28.516,57.253,4.9,33.0,"95 km SSE of K?h Sef?d, Iran",us,us,Aftershock,4.0 - 4.99,POINT (57.253 28.516),
1997-10-20 06:09:04.260000+00:00,28.502,57.275,5.4,33.0,"97 km SSE of K?h Sef?d, Iran",us,hrv,Mainshock,5.0 - 5.99,POINT (57.275 28.502),
1997-10-06 16:09:36.480000+00:00,28.511,57.132,4.8,33.0,"90 km SSE of K?h Sef?d, Iran",us,us,Background Event,4.0 - 4.99,POINT (57.132 28.511),
1997-10-03 17:01:00.860000+00:00,27.761,54.709,4.8,33.0,"57 km E of Ger?sh, Iran",us,us,Aftershock,4.0 - 4.99,POINT (54.709 27.761),
1997-10-03 11:28:40.540000+00:00,27.813,54.731,5.3,33.0,"60 km ENE of Ger?sh, Iran",us,hrv,Mainshock,5.0 - 5.99,POINT (54.731 27.813),
1997-10-02 01:06:35.380000+00:00,39.026,44.241,4.5,33.0,"46 km NNE of Özalp, Turkey",us,us,Mainshock,4.0 - 4.99,POINT (44.241 39.026),
1997-09-24 22:27:34.480000+00:00,35.693,56.918,4.5,33.0,"89 km SW of Sabzevar, Iran",us,us,Mainshock,4.0 - 4.99,POINT (56.918 35.693),
1997-09-23 03:06:14.730000+00:00,35.738,56.972,4.5,33.0,"82 km SW of Sabzevar, Iran",us,us,Background Event,4.0 - 4.99,POINT (56.972 35.738),
1997-09-18 20:24:46.290000+00:00,28.991,47.438,4.6,10.0,"43 km SSW of Al Jahr?’, Kuwait",us,us,Mainshock,4.0 - 4.99,POINT (47.438 28.991),
1997-09-18 14:52:53.830000+00:00,27.106,53.909,4.8,33.0,"61 km N of K?sh, Iran",us,us,Mainshock,4.0 - 4.99,POINT (53.909 27.106),
1997-09-18 03:50:04.650000+00:00,37.266,56.655,4.6,33.0,"64 km WSW of Bojn?rd, Iran",us,us,Mainshock,4.0 - 4.99,POINT (56.655 37.266),
1997-09-16 12:15:32.070000+00:00,36.923,54.101,4.8,33.0,"31 km WNW of Gorg?n, Iran",us,us,Mainshock,4.0 - 4.99,POINT (54.101 36.923),
1997-08-29 15:55:59.850000+00:00,27.192,53.902,4.6,33.0,"57 km SSW of Ger?sh, Iran",us,us,Aftershock,4.0 - 4.99,POINT (53.902 27.192),
1997-08-29 14:43:57.440000+00:00,27.562,53.888,4.8,33.0,"27 km WSW of Ger?sh, Iran",us,us,Mainshock,4.0 - 4.99,POINT (53.888 27.562),
1997-08-28 12:11:34.430000+00:00,25.241,62.324,4.6,33.0,"13 km N of Gwadar, Pakistan",us,us,Mainshock,4.0 - 4.99,POINT (62.324 25.241),
1997-08-26 00:44:49.960000+00:00,36.545,53.066,4.5,33.0,"2 km SSE of Sari, Iran",us,us,Mainshock,4.0 - 4.99,POINT (53.066 36.545),
1997-08-24 21:11:24.750000+00:00,28.795,52.593,5.0,33.0,"5 km SSE of F?r?z?b?d, Iran",us,us,Mainshock,5.0 - 5.99,POINT (52.593 28.795),
1997-08-21 19:13:14.060000+00:00,32.412,48.934,4.7,33.0,"40 km NNE of Sh?shtar, Iran",us,us,Mainshock,4.0 - 4.99,POINT (48.934 32.412),
1997-08-15 05:38:07.820000+00:00,30.704,56.672,4.5,33.0,"15 km SE of Zarand, Iran",us,us,Mainshock,4.0 - 4.99,POINT (56.672 30.704),
1997-08-14 19:38:26.250000+00:00,29.059,51.537,4.7,33.0,"38 km SE of Bor?zj?n, Iran",us,us,Mainshock,4.0 - 4.99,POINT (51.537 29.059),
1997-07-27 23:33:25.840000+00:00,27.527,56.644,5.1,33.0,"52 km NE of Bandar Abbas, Iran",us,hrv,Mainshock,5.0 - 5.99,POINT (56.644 27.527),
1997-07-27 01:59:30.800000+00:00,29.141,52.304,4.6,33.0,"41 km NW of F?r?z?b?d, Iran",us,us,Mainshock,4.0 - 4.99,POINT (52.304 29.141),
1997-07-21 04:58:43.430000+00:00,28.207,57.338,4.5,33.0,"121 km NNE of M?n?b, Iran",us,us,Aftershock,4.0 - 4.99,POINT (57.338 28.207),
1997-07-21 04:37:58.970000+00:00,28.372,57.194,4.6,33.0,"107 km SSE of K?h Sef?d, Iran",us,us,Aftershock,4.0 - 4.99,POINT (57.194 28.372),
1997-07-09 17:39:15.990000+00:00,28.397,57.179,4.7,33.0,"104 km SSE of K?h Sef?d, Iran",us,us,Mainshock,4.0 - 4.99,POINT (57.179 28.397),
1997-07-09 01:17:49.920000+00:00,28.004,53.748,4.6,33.0,"53 km NW of Ger?sh, Iran",us,us,Mainshock,4.0 - 4.99,POINT (53.748 28.004),
1997-07-04 16:50:44.090000+00:00,33.075,60.1,4.5,10.0,"85 km ENE of B?rjand, Iran",us,us,Mainshock,4.0 - 4.99,POINT (60.1 33.075),
1997-06-25 19:38:40.640000+00:00,33.938,59.475,5.9,10.0,"35 km NE of Q?’en, Iran",us,us,Mainshock,5.0 - 5.99,POINT (59.475 33.938),
1997-06-22 22:52:53.900000+00:00,33.139,60.101,4.7,10.0,"87 km ENE of B?rjand, Iran",us,us,Mainshock,4.0 - 4.99,POINT (60.101 33.139),
1997-06-21 22:21:20.480000+00:00,32.941,60.19,4.5,10.0,"91 km E of B?rjand, Iran",us,us,Background Event,4.0 - 4.99,POINT (60.19 32.941),
1997-06-21 08:45:26.510000+00:00,33.152,60.148,4.5,10.0,"92 km ENE of B?rjand, Iran",us,us,Background Event,4.0 - 4.99,POINT (60.148 33.152),
1997-06-20 12:57:32.360000+00:00,32.334,59.957,5.6,10.0,"90 km SE of B?rjand, Iran",us,hrv,Mainshock,5.0 - 5.99,POINT (59.957 32.334),
1997-06-16 03:00:04.480000+00:00,33.14,60.152,5.0,10.0,"92 km ENE of B?rjand, Iran",us,hrv,Mainshock,5.0 - 5.99,POINT (60.152 33.14),
1997-06-02 03:54:42.910000+00:00,33.963,48.291,4.7,27.2,"11 km NNE of Aleshtar, Iran",us,us,Mainshock,4.0 - 4.99,POINT (48.291 33.963),
1997-05-26 01:17:54.050000+00:00,32.937,47.035,4.7,33.0,"34 km NW of Dehlor?n, Iran",us,us,Mainshock,4.0 - 4.99,POINT (47.035 32.937),
1997-05-25 15:07:42.760000+00:00,33.135,60.198,4.5,10.0,"96 km ENE of B?rjand, Iran",us,us,Aftershock,4.0 - 4.99,POINT (60.198 33.135),
1997-05-15 12:48:20.940000+00:00,32.934,60.261,4.5,10.0,"97 km E of B?rjand, Iran",us,us,Aftershock,4.0 - 4.99,POINT (60.261 32.934),
1997-05-14 14:14:16.830000+00:00,33.109,60.272,4.8,10.0,"101 km ENE of B?rjand, Iran",us,us,Mainshock,4.0 - 4.99,POINT (60.272 33.109),
1997-05-13 11:42:21.470000+00:00,33.465,59.894,4.5,10.0,"71 km ESE of Q?’en, Iran",us,us,Mainshock,4.0 - 4.99,POINT (59.894 33.465),
1997-05-12 03:50:59.810000+00:00,37.93,48.067,4.6,10.0,"40 km S of Om?dcheh, Iran",us,us,Mainshock,4.0 - 4.99,POINT (48.067 37.93),
1997-05-11 22:09:04.360000+00:00,33.349,60.15,4.5,10.0,"98 km ESE of Q?’en, Iran",us,us,Aftershock,4.0 - 4.99,POINT (60.15 33.349),
1997-05-11 01:29:30.280000+00:00,33.141,60.231,4.6,10.0,"99 km ENE of B?rjand, Iran",us,us,Aftershock,4.0 - 4.99,POINT (60.231 33.141),
1997-05-10 23:35:36.790000+00:00,33.12,60.105,4.5,10.0,Iran-Afghanistan border region,us,us,Aftershock,4.0 - 4.99,POINT (60.105 33.12),
1997-05-10 22:13:53.100000+00:00,33.444,60.085,4.6,10.0,"89 km ESE of Q?’en, Iran",us,us,Aftershock,4.0 - 4.99,POINT (60.085 33.444),
1997-05-10 17:32:43.650000+00:00,33.479,59.867,4.7,10.0,"69 km ESE of Q?’en, Iran",us,us,Mainshock,4.0 - 4.99,POINT (59.867 33.479),
1997-05-10 14:04:35.740000+00:00,33.03,60.172,4.5,10.0,"90 km ENE of B?rjand, Iran",us,us,Aftershock,4.0 - 4.99,POINT (60.172 33.03),
1997-05-10 12:23:07.550000+00:00,33.119,60.247,4.6,10.0,"99 km ENE of B?rjand, Iran",us,us,Mainshock,4.0 - 4.99,POINT (60.247 33.119),
1997-05-10 10:27:20.940000+00:00,33.731,59.953,5.4,10.0,"71 km E of Q?’en, Iran",us,us,Mainshock,5.0 - 5.99,POINT (59.953 33.731),
1997-05-10 09:12:48.010000+00:00,33.381,60.06,4.7,10.0,"89 km ESE of Q?’en, Iran",us,us,Foreshock,4.0 - 4.99,POINT (60.06 33.381),
1997-05-10 08:37:14.860000+00:00,32.883,60.31,4.5,10.0,"101 km E of B?rjand, Iran",us,us,Aftershock,4.0 - 4.99,POINT (60.31 32.883),
1997-05-10 08:22:47.980000+00:00,33.082,60.17,4.8,10.0,"91 km ENE of B?rjand, Iran",us,us,Mainshock,4.0 - 4.99,POINT (60.17 33.082),
1997-05-10 07:57:29.720000+00:00,33.825,59.809,7.3,10.0,"58 km E of Q?’en, Iran",us,us,Mainshock,7.0 - 10.0,POINT (59.809 33.825),
1997-05-05 15:11:54.020000+00:00,27.099,53.885,5.1,33.0,"61 km NNW of K?sh, Iran",us,hrv,Mainshock,5.0 - 5.99,POINT (53.885 27.099),
1997-05-01 19:12:09.170000+00:00,37.537,56.274,4.7,33.0,"71 km ENE of Kal?leh, Iran",us,us,Mainshock,4.0 - 4.99,POINT (56.274 37.537),
1997-04-22 17:39:38+00:00,28.378,52.896,4.8,33.0,"60 km SSE of F?r?z?b?d, Iran",us,us,Mainshock,4.0 - 4.99,POINT (52.896 28.378),
1997-04-21 17:12:44.910000+00:00,27.906,56.86,4.7,19.9,"88 km NNW of M?n?b, Iran",us,us,Aftershock,4.0 - 4.99,POINT (56.86 27.906),
1997-04-19 22:31:37.380000+00:00,27.943,56.869,4.8,22.3,"92 km NNW of M?n?b, Iran",us,us,Aftershock,4.0 - 4.99,POINT (56.869 27.943),
1997-04-19 10:10:45.540000+00:00,27.984,56.819,4.5,33.0,"98 km NNW of M?n?b, Iran",us,us,Aftershock,4.0 - 4.99,POINT (56.819 27.984),
1997-04-19 05:53:14.100000+00:00,28.042,56.894,5.6,27.2,"102 km N of M?n?b, Iran",us,hrv,Mainshock,5.0 - 5.99,POINT (56.894 28.042),
1997-04-10 04:43:02.380000+00:00,33.283,47.714,4.6,33.0,"29 km SSE of K?hdasht, Iran",us,us,Mainshock,4.0 - 4.99,POINT (47.714 33.283),
1997-04-05 18:44:13.940000+00:00,37.579,57.346,4.6,33.0,"11 km N of Bojn?rd, Iran",us,us,Mainshock,4.0 - 4.99,POINT (57.346 37.579),
1997-03-21 23:00:39.440000+00:00,37.961,47.911,4.5,10.0,"41 km SSW of Om?dcheh, Iran",us,us,Mainshock,4.0 - 4.99,POINT (47.911 37.961),
1997-03-20 06:51:26.030000+00:00,32.744,49.198,4.5,33.0,"80 km ENE of Shahrak-e K?l?r?, Iran",us,us,Mainshock,4.0 - 4.99,POINT (49.198 32.744),
1997-03-10 15:06:47.570000+00:00,26.23,62.88,4.9,33.0,"30 km NNW of Turbat, Pakistan",us,us,Mainshock,4.0 - 4.99,POINT (62.88 26.23),
1997-03-09 14:39:04.020000+00:00,29.734,51.3,4.5,33.0,"36 km WNW of K?zer?n, Iran",us,us,Mainshock,4.0 - 4.99,POINT (51.3 29.734),
1997-03-02 18:29:42.570000+00:00,37.864,47.865,5.3,10.0,"52 km SSW of Om?dcheh, Iran",us,hrv,Aftershock,5.0 - 5.99,POINT (47.865 37.864),
1997-02-28 13:55:57.120000+00:00,37.831,47.873,4.5,10.0,"55 km SSW of Om?dcheh, Iran",us,us,Aftershock,4.0 - 4.99,POINT (47.873 37.831),
1997-02-28 12:57:18.640000+00:00,38.075,48.05,6.1,10.0,"24 km SSW of Om?dcheh, Iran",us,hrv,Mainshock,6.0 - 6.99,POINT (48.05 38.075),
1997-02-23 17:26:59.860000+00:00,37.534,56.591,4.6,10.0,"65 km W of Bojn?rd, Iran",us,us,Mainshock,4.0 - 4.99,POINT (56.591 37.534),
1997-02-18 18:01:34.910000+00:00,37.676,57.353,4.5,10.0,"22 km N of Bojn?rd, Iran",us,us,Mainshock,4.0 - 4.99,POINT (57.353 37.676),
1997-02-17 22:53:50.410000+00:00,36.811,54.67,4.7,33.0,"7 km E of Qarn?b?d, Iran",us,us,Mainshock,4.0 - 4.99,POINT (54.67 36.811),
1997-02-17 04:50:41.360000+00:00,31.421,49.842,4.5,33.0,"27 km NE of R?mhormoz, Iran",us,us,Mainshock,4.0 - 4.99,POINT (49.842 31.421),
1997-02-17 04:31:26.990000+00:00,27.441,56.11,4.9,33.0,"32 km NNW of Bandar Abbas, Iran",us,us,Mainshock,4.0 - 4.99,POINT (56.11 27.441),
1997-02-15 19:47:25.940000+00:00,28.953,52.638,4.8,33.0,"13 km NNE of F?r?z?b?d, Iran",us,us,Mainshock,4.0 - 4.99,POINT (52.638 28.953),
1997-02-12 14:42:52.640000+00:00,28.325,55.449,4.5,33.0,"100 km ESE of D?r?b, Iran",us,us,Mainshock,4.0 - 4.99,POINT (55.449 28.325),
1997-02-08 03:28:23.040000+00:00,30.947,56.791,4.7,39.1,"26 km NE of Zarand, Iran",us,us,Mainshock,4.0 - 4.99,POINT (56.791 30.947),
1997-02-05 07:53:45.620000+00:00,37.629,57.594,5.2,10.0,"29 km NE of Bojn?rd, Iran",us,hrv,Aftershock,5.0 - 5.99,POINT (57.594 37.629),
1997-02-04 12:34:56.770000+00:00,37.776,57.27,4.9,10.0,"33 km N of Bojn?rd, Iran",us,us,Aftershock,4.0 - 4.99,POINT (57.27 37.776),
1997-02-04 10:37:47.140000+00:00,37.661,57.291,6.5,10.0,Turkmenistan-Iran border region,us,hrv,Mainshock,6.0 - 6.99,POINT (57.291 37.661),
1997-02-04 09:53:55.730000+00:00,37.564,57.295,5.5,10.0,"10 km NNW of Bojn?rd, Iran",us,hrv,Foreshock,5.0 - 5.99,POINT (57.295 37.564),
1997-01-24 17:12:57.580000+00:00,28.226,57.529,4.5,39.7,"126 km SW of Bam, Iran",us,us,Mainshock,4.0 - 4.99,POINT (57.529 28.226),
1996-12-26 09:17:25.260000+00:00,30.882,51.276,4.7,33.0,"38 km NW of Yasuj, Iran",us,us,Mainshock,4.0 - 4.99,POINT (51.276 30.882),
1996-12-20 00:18:12.840000+00:00,29.359,51.39,4.6,33.0,"19 km ENE of Bor?zj?n, Iran",us,us,Mainshock,4.0 - 4.99,POINT (51.39 29.359),
1996-12-14 19:49:51.300000+00:00,28.454,49.63,4.5,10.0,"103 km ENE of As Saff?n?yah, Saudi Arabia",us,us,Mainshock,4.0 - 4.99,POINT (49.63 28.454),
1996-12-04 02:39:34.810000+00:00,27.354,52.473,4.5,33.0,"46 km WSW of Mohr, Iran",us,us,Mainshock,4.0 - 4.99,POINT (52.473 27.354),
1996-11-25 11:00:18.280000+00:00,28.324,57.458,4.7,33.0,"123 km SW of Bam, Iran",us,us,Mainshock,4.0 - 4.99,POINT (57.458 28.324),
1996-11-18 11:52:15.040000+00:00,29.939,51.596,5.3,33.0,"20 km SSE of N?r?b?d, Iran",us,hrv,Mainshock,5.0 - 5.99,POINT (51.596 29.939),
1996-11-08 05:05:18.470000+00:00,31.587,50.3,4.5,33.0,"74 km ENE of R?mhormoz, Iran",us,us,Mainshock,4.0 - 4.99,POINT (50.3 31.587),
1996-10-18 09:26:03.620000+00:00,27.695,57.573,5.4,33.0,"78 km NE of M?n?b, Iran",us,hrv,Mainshock,5.0 - 5.99,POINT (57.573 27.695),
1996-09-29 21:19:50.230000+00:00,33.365,46.002,4.5,33.0,"30 km NNW of Mehr?n, Iran",us,us,Mainshock,4.0 - 4.99,POINT (46.002 33.365),
1996-09-28 13:53:55.890000+00:00,28.481,57.555,4.8,33.0,"104 km SW of Bam, Iran",us,us,Mainshock,4.0 - 4.99,POINT (57.555 28.481),
1996-09-18 14:36:40.710000+00:00,26.028,61.018,4.8,10.0,"36 km SE of Qa?r-e Qand, Iran",us,us,Mainshock,4.0 - 4.99,POINT (61.018 26.028),
1996-09-06 12:36:56.200000+00:00,27.809,52.417,4.5,33.0,"53 km WNW of Mohr, Iran",us,us,Mainshock,4.0 - 4.99,POINT (52.417 27.809),
1996-08-06 20:27:19.630000+00:00,27.676,53.012,4.8,33.0,"18 km NE of Mohr, Iran",us,us,Mainshock,4.0 - 4.99,POINT (53.012 27.676),
1996-07-21 11:18:42.450000+00:00,28.301,52.355,4.6,33.0,"63 km SSW of F?r?z?b?d, Iran",us,us,Mainshock,4.0 - 4.99,POINT (52.355 28.301),
1996-07-19 02:28:49.370000+00:00,39.821,54.085,5.0,33.0,"42 km NW of Balkanabat, Turkmenistan",us,us,Mainshock,5.0 - 5.99,POINT (54.085 39.821),
1996-06-18 08:11:05.730000+00:00,39.159,45.796,4.7,51.2,"23 km N of Sumbatan-diza, Azerbaijan",us,us,Mainshock,4.0 - 4.99,POINT (45.796 39.159),
1996-06-07 05:03:20.700000+00:00,30.759,50.717,4.7,33.0,"15 km ESE of Dehdasht, Iran",us,us,Aftershock,4.0 - 4.99,POINT (50.717 30.759),
1996-06-02 12:42:15.440000+00:00,30.811,50.827,4.8,33.0,"25 km E of Dehdasht, Iran",us,us,Mainshock,4.0 - 4.99,POINT (50.827 30.811),
1996-05-25 17:00:57.530000+00:00,27.886,53.521,4.7,33.0,"65 km WNW of Ger?sh, Iran",us,us,Aftershock,4.0 - 4.99,POINT (53.521 27.886),
1996-05-24 06:35:58.790000+00:00,27.847,53.594,5.2,33.0,"56 km WNW of Ger?sh, Iran",us,hrv,Mainshock,5.0 - 5.99,POINT (53.594 27.847),
1996-04-22 14:42:32.380000+00:00,39.165,47.369,5.0,29.1,"31 km S of Horadiz, Azerbaijan",us,us,Mainshock,5.0 - 5.99,POINT (47.369 39.165),
1996-04-10 21:50:43.050000+00:00,28.134,56.745,4.7,33.0,"114 km NNE of Bandar Abbas, Iran",us,us,Mainshock,4.0 - 4.99,POINT (56.745 28.134),
1996-03-20 22:24:04.480000+00:00,29.474,50.992,4.5,33.0,"31 km NW of Bor?zj?n, Iran",us,us,Mainshock,4.0 - 4.99,POINT (50.992 29.474),
1996-03-04 01:35:30.320000+00:00,27.663,56.253,4.5,33.0,"52 km N of Bandar Abbas, Iran",us,us,Mainshock,4.0 - 4.99,POINT (56.253 27.663),
1996-02-26 08:09:24.990000+00:00,28.336,57.081,5.4,33.0,"107 km SSE of K?h Sef?d, Iran",us,us,Aftershock,5.0 - 5.99,POINT (57.081 28.336),
1996-02-26 08:08:19.200000+00:00,28.285,57.059,5.5,32.2,"112 km SSE of K?h Sef?d, Iran",us,hrv,Mainshock,5.0 - 5.99,POINT (57.059 28.285),
1996-02-25 17:42:04.660000+00:00,35.685,57.038,5.3,33.0,"82 km SW of Sabzevar, Iran",us,hrv,Aftershock,5.0 - 5.99,POINT (57.038 35.685),
1996-02-25 16:14:11.640000+00:00,35.725,56.99,5.4,33.0,Northeastern Iran,us,hrv,Mainshock,5.0 - 5.99,POINT (56.99 35.725),
1996-02-05 08:28:13.780000+00:00,35.671,58.395,4.8,33.0,"48 km N of K?shmar, Iran",us,us,Mainshock,4.0 - 4.99,POINT (58.395 35.671),
1996-01-31 20:43:34.010000+00:00,31.861,50.393,4.6,65.2,Western Iran,us,us,Mainshock,4.0 - 4.99,POINT (50.393 31.861),
1996-01-28 08:43:16.360000+00:00,34.27,46.459,4.9,33.0,"56 km W of Kermanshah, Iran",us,us,Mainshock,4.0 - 4.99,POINT (46.459 34.27),
1996-01-26 13:11:13.850000+00:00,29.343,51.008,4.6,33.0,"22 km WNW of Bor?zj?n, Iran",us,us,Mainshock,4.0 - 4.99,POINT (51.008 29.343),
1996-01-25 20:43:55.260000+00:00,32.202,46.057,4.5,10.0,"3 km NNE of Al ?ayy, Iraq",us,us,Mainshock,4.0 - 4.99,POINT (46.057 32.202),
1996-01-25 18:05:21.510000+00:00,29.299,51.006,4.7,48.9,"20 km W of Bor?zj?n, Iran",us,us,Mainshock,4.0 - 4.99,POINT (51.006 29.299),
1996-01-24 07:07:04.740000+00:00,29.414,51.033,4.7,57.5,"24 km NW of Bor?zj?n, Iran",us,us,Background Event,4.0 - 4.99,POINT (51.033 29.414),
1996-01-24 06:05:26.030000+00:00,29.356,51.008,4.5,34.9,"22 km WNW of Bor?zj?n, Iran",us,us,Background Event,4.0 - 4.99,POINT (51.008 29.356),
1996-01-24 05:28:07.410000+00:00,29.5,51.02,4.5,44.7,"31 km NW of Bor?zj?n, Iran",us,us,Background Event,4.0 - 4.99,POINT (51.02 29.5),
1996-01-04 10:31:41.730000+00:00,32.13,49.435,4.8,33.0,"24 km NNE of Masjed Soleym?n, Iran",us,us,Mainshock,4.0 - 4.99,POINT (49.435 32.13),
1996-01-03 08:42:25.750000+00:00,38.994,48.72,5.4,56.4,"6 km SE of Masally, Azerbaijan",us,hrv,Mainshock,5.0 - 5.99,POINT (48.72 38.994),
1995-12-31 11:56:39.550000+00:00,29.385,52.442,4.7,33.0,"26 km SSW of Shiraz, Iran",us,us,Mainshock,4.0 - 4.99,POINT (52.442 29.385),
1995-12-28 18:23:35.090000+00:00,27.948,56.552,4.6,46.5,"88 km NNE of Bandar Abbas, Iran",us,us,Mainshock,4.0 - 4.99,POINT (56.552 27.948),
1995-12-24 15:06:48.150000+00:00,32.378,48.483,4.5,33.0,"3 km NNE of Shahrak-e K?l?r?, Iran",us,us,Mainshock,4.0 - 4.99,POINT (48.483 32.378),
1995-12-20 02:09:21.430000+00:00,28.607,51.765,4.5,33.0,"82 km WSW of F?r?z?b?d, Iran",us,us,Mainshock,4.0 - 4.99,POINT (51.765 28.607),
1995-12-18 03:45:11.090000+00:00,30.558,50.644,4.6,33.0,"26 km NW of Dogonbadan, Iran",us,us,Mainshock,4.0 - 4.99,POINT (50.644 30.558),
1995-12-04 19:35:36.140000+00:00,27.833,54.883,4.8,33.0,"75 km ENE of Ger?sh, Iran",us,us,Mainshock,4.0 - 4.99,POINT (54.883 27.833),
1995-11-27 14:32:29.070000+00:00,32.309,48.923,5.0,61.0,"29 km NNE of Sh?shtar, Iran",us,us,Mainshock,5.0 - 5.99,POINT (48.923 32.309),
1995-11-24 22:44:42.490000+00:00,32.319,48.942,4.5,73.3,"31 km NNE of Sh?shtar, Iran",us,us,Background Event,4.0 - 4.99,POINT (48.942 32.319),
1995-11-21 02:20:20.840000+00:00,29.602,51.52,4.9,25.0,"13 km W of K?zer?n, Iran",us,us,Mainshock,4.0 - 4.99,POINT (51.52 29.602),
1995-11-09 05:10:32.160000+00:00,35.634,59.87,4.9,33.0,"71 km NE of Torbat-e ?eydar?yeh, Iran",us,us,Mainshock,4.0 - 4.99,POINT (59.87 35.634),
1995-11-06 03:53:23.040000+00:00,27.756,57.467,5.1,33.0,"78 km NNE of M?n?b, Iran",us,us,Mainshock,5.0 - 5.99,POINT (57.467 27.756),
1995-11-01 00:49:16.400000+00:00,29.342,51.553,4.5,33.0,"32 km SSW of K?zer?n, Iran",us,us,Mainshock,4.0 - 4.99,POINT (51.553 29.342),
1995-10-29 06:27:19.840000+00:00,39.589,51.875,5.5,33.0,"104 km WSW of Türkmenba?y, Turkmenistan",us,hrv,Mainshock,5.0 - 5.99,POINT (51.875 39.589),
1995-10-15 06:56:34.210000+00:00,37.055,49.476,5.2,33.0,Near the coast of northern Iran,us,hrv,Mainshock,5.0 - 5.99,POINT (49.476 37.055),
1995-10-14 16:21:47.570000+00:00,26.986,54.841,4.8,14.2,"47 km N of Bandar-e Lengeh, Iran",us,us,Mainshock,4.0 - 4.99,POINT (54.841 26.986),
1995-08-25 10:53:01.460000+00:00,28.417,57.116,4.9,79.2,"100 km SSE of K?h Sef?d, Iran",us,us,Mainshock,4.0 - 4.99,POINT (57.116 28.417),
1995-08-17 18:09:58.790000+00:00,38.961,48.908,4.5,74.3,"17 km E of Boradigah, Azerbaijan",us,us,Mainshock,4.0 - 4.99,POINT (48.908 38.961),
1995-07-03 05:05:20.140000+00:00,27.737,52.349,4.5,33.0,"56 km WNW of Mohr, Iran",us,us,Mainshock,4.0 - 4.99,POINT (52.349 27.737),
1995-06-14 05:42:33.380000+00:00,36.585,58.598,4.5,33.0,"44 km NNW of Neysh?b?r, Iran",us,us,Mainshock,4.0 - 4.99,POINT (58.598 36.585),
1995-06-07 23:09:47.070000+00:00,32.461,48.737,5.0,33.0,"27 km ENE of Shahrak-e K?l?r?, Iran",us,us,Mainshock,5.0 - 5.99,POINT (48.737 32.461),
1995-05-31 20:44:10.130000+00:00,28.198,53.304,5.0,24.9,"82 km NNE of Mohr, Iran",us,us,Mainshock,5.0 - 5.99,POINT (53.304 28.198),
1995-05-27 21:21:31.980000+00:00,39.028,48.944,4.8,33.0,"23 km ENE of Boradigah, Azerbaijan",us,us,Mainshock,4.0 - 4.99,POINT (48.944 39.028),
1995-05-27 08:34:38.320000+00:00,30.488,50.817,4.6,50.5,"14 km N of Dogonbadan, Iran",us,us,Mainshock,4.0 - 4.99,POINT (50.817 30.488),
1995-05-16 14:30:23.410000+00:00,31.681,55.513,4.8,16.4,"13 km NE of B?fq, Iran",us,us,Mainshock,4.0 - 4.99,POINT (55.513 31.681),
1995-05-15 00:21:54.710000+00:00,38.545,49.294,4.5,33.0,"37 km ENE of Astara, Azerbaijan",us,us,Aftershock,4.0 - 4.99,POINT (49.294 38.545),
1995-05-15 00:16:52.540000+00:00,38.468,49.435,4.8,26.3,"48 km E of Astara, Azerbaijan",us,us,Mainshock,4.0 - 4.99,POINT (49.435 38.468),
1995-05-03 02:49:52.610000+00:00,28.401,52.761,4.7,33.0,"52 km SSE of F?r?z?b?d, Iran",us,us,Mainshock,4.0 - 4.99,POINT (52.761 28.401),
1995-04-26 11:46:12.490000+00:00,37.054,49.53,4.8,33.0,"25 km SSW of Rasht, Iran",us,us,Mainshock,4.0 - 4.99,POINT (49.53 37.054),
1995-04-22 02:27:58.600000+00:00,31.031,49.783,4.6,33.0,"30 km NNE of Om?d?yeh, Iran",us,us,Aftershock,4.0 - 4.99,POINT (49.783 31.031),
1995-04-22 00:21:48.670000+00:00,30.892,49.908,5.3,25.3,"22 km NNE of Aghajari, Iran",us,hrv,Mainshock,5.0 - 5.99,POINT (49.908 30.892),
1995-04-18 06:12:37.600000+00:00,31.802,49.426,4.9,18.4,"18 km SE of Masjed Soleym?n, Iran",us,us,Mainshock,4.0 - 4.99,POINT (49.426 31.802),
1995-04-16 16:42:37.730000+00:00,28.958,52.556,4.5,33.0,"12 km N of F?r?z?b?d, Iran",us,us,Mainshock,4.0 - 4.99,POINT (52.556 28.958),
1995-04-02 18:09:58.710000+00:00,28.983,52.569,4.5,33.6,"15 km N of F?r?z?b?d, Iran",us,us,Background Event,4.0 - 4.99,POINT (52.569 28.983),
1995-04-01 04:48:14.030000+00:00,31.223,46.051,4.6,33.0,"23 km SSW of Ash Sha?rah, Iraq",us,us,Mainshock,4.0 - 4.99,POINT (46.051 31.223),
1995-03-25 11:23:27.960000+00:00,33.834,47.905,4.6,33.0,"27 km SSW of N?r?b?d, Iran",us,us,Mainshock,4.0 - 4.99,POINT (47.905 33.834),
1995-03-22 06:28:36.860000+00:00,30.209,51.04,4.8,33.0,"28 km SE of Dogonbadan, Iran",us,us,Mainshock,4.0 - 4.99,POINT (51.04 30.209),
1995-03-03 13:51:22.380000+00:00,34.599,45.203,4.5,33.0,"24 km ESE of Kifr?, Iraq",us,us,Mainshock,4.0 - 4.99,POINT (45.203 34.599),
1995-02-15 13:05:20.250000+00:00,29.044,51.248,4.7,31.7,"25 km S of Bor?zj?n, Iran",us,us,Mainshock,4.0 - 4.99,POINT (51.248 29.044),
1995-01-27 21:07:55.910000+00:00,28.07,56.81,4.6,42.4,"107 km NNW of M?n?b, Iran",us,us,Mainshock,4.0 - 4.99,POINT (56.81 28.07),
1995-01-24 06:58:57.280000+00:00,27.317,55.542,4.5,33.0,"74 km W of Bandar Abbas, Iran",us,us,Aftershock,4.0 - 4.99,POINT (55.542 27.317),
1995-01-24 04:14:26.360000+00:00,27.56,55.63,5.0,33.0,"76 km WNW of Bandar Abbas, Iran",us,hrv,Mainshock,5.0 - 5.99,POINT (55.63 27.56),
1995-01-21 03:02:32.100000+00:00,29.017,52.053,4.7,33.0,southern Iran,us,us,Mainshock,4.0 - 4.99,POINT (52.053 29.017),
1995-01-17 06:03:59.670000+00:00,27.447,55.444,4.5,33.0,"87 km WNW of Bandar Abbas, Iran",us,us,Mainshock,4.0 - 4.99,POINT (55.444 27.447),
1995-01-04 02:22:12.920000+00:00,27.548,56.534,4.6,33.0,"47 km NNE of Bandar Abbas, Iran",us,us,Mainshock,4.0 - 4.99,POINT (56.534 27.548),
1995-01-03 11:21:45.130000+00:00,27.74,56.294,4.5,41.2,"61 km N of Bandar Abbas, Iran",us,us,Foreshock,4.0 - 4.99,POINT (56.294 27.74),
1995-01-01 08:51:08.800000+00:00,30.543,50.396,4.8,42.3,"15 km ESE of Behbah?n, Iran",us,us,Mainshock,4.0 - 4.99,POINT (50.396 30.543),
1994-12-15 23:24:48.690000+00:00,28.956,52.641,4.7,33.0,"14 km NNE of F?r?z?b?d, Iran",us,us,Mainshock,4.0 - 4.99,POINT (52.641 28.956),
1994-12-14 20:43:53.720000+00:00,35.104,58.633,5.3,33.0,"21 km SE of K?shmar, Iran",us,hrv,Mainshock,5.0 - 5.99,POINT (58.633 35.104),
1994-12-13 17:33:23.490000+00:00,27.288,54.883,4.9,33.0,"80 km N of Bandar-e Lengeh, Iran",us,us,Mainshock,4.0 - 4.99,POINT (54.883 27.288),
1994-12-08 12:54:38.050000+00:00,28.961,52.58,5.0,33.0,"13 km N of F?r?z?b?d, Iran",us,us,Mainshock,5.0 - 5.99,POINT (52.58 28.961),
1994-12-07 21:52:10.310000+00:00,30.928,51.145,4.9,28.3,"51 km NW of Yasuj, Iran",us,us,Mainshock,4.0 - 4.99,POINT (51.145 30.928),
1994-12-03 06:02:51+00:00,32.624,47.307,4.6,80.6,"8 km SSE of Dehlor?n, Iran",us,us,Mainshock,4.0 - 4.99,POINT (47.307 32.624),
1994-12-03 01:35:51.620000+00:00,37.643,49.349,4.8,33.0,"21 km NNW of Bandar-e Anzal?, Iran",us,us,Mainshock,4.0 - 4.99,POINT (49.349 37.643),
1994-11-21 18:55:16.420000+00:00,35.902,51.884,4.5,33.0,"26 km NW of Dam?vand, Iran",us,us,Mainshock,4.0 - 4.99,POINT (51.884 35.902),
1994-11-19 02:18:01.390000+00:00,27.818,56.887,4.6,33.0,"78 km NNW of M?n?b, Iran",us,us,Mainshock,4.0 - 4.99,POINT (56.887 27.818),
1994-11-03 11:43:33.470000+00:00,28.26,52.203,4.9,33.0,"74 km SSW of F?r?z?b?d, Iran",us,us,Mainshock,4.0 - 4.99,POINT (52.203 28.26),
1994-11-02 12:31:01.030000+00:00,38.152,48.315,5.0,10.0,"11 km S of Ardab?l, Iran",us,us,Mainshock,5.0 - 5.99,POINT (48.315 38.152),
1994-10-27 13:19:11.390000+00:00,31.43,49.409,4.6,33.0,"24 km NW of R?mhormoz, Iran",us,us,Mainshock,4.0 - 4.99,POINT (49.409 31.43),
1994-10-21 11:46:27.630000+00:00,38.25,56.955,4.9,33.0,"46 km WSW of Baharly, Turkmenistan",us,us,Mainshock,4.0 - 4.99,POINT (56.955 38.25),
1994-10-16 10:09:52.500000+00:00,38.089,56.703,4.5,33.0,"74 km WSW of Baharly, Turkmenistan",us,us,Background Event,4.0 - 4.99,POINT (56.703 38.089),
1994-10-11 20:31:17.560000+00:00,33.558,45.678,4.7,18.0,"23 km SSE of Mandal?, Iraq",us,us,Mainshock,4.0 - 4.99,POINT (45.678 33.558),
1994-10-03 02:22:45.640000+00:00,32.763,48.88,4.6,67.4,"59 km NE of Shahrak-e K?l?r?, Iran",us,us,Mainshock,4.0 - 4.99,POINT (48.88 32.763),
1994-10-01 08:25:14.750000+00:00,27.149,57.548,5.0,46.4,"45 km E of M?n?b, Iran",us,us,Mainshock,5.0 - 5.99,POINT (57.548 27.149),
1994-09-27 14:32:53.680000+00:00,31.661,49.176,4.5,41.8,"32 km SSW of Masjed Soleym?n, Iran",us,us,Mainshock,4.0 - 4.99,POINT (49.176 31.661),
1994-09-20 05:51:46.080000+00:00,32.501,48.77,5.2,33.0,"32 km ENE of Shahrak-e K?l?r?, Iran",us,hrv,Mainshock,5.0 - 5.99,POINT (48.77 32.501),
1994-09-17 08:57:53.230000+00:00,26.45,55.601,4.7,33.0,"71 km WNW of Khasab, Oman",us,us,Mainshock,4.0 - 4.99,POINT (55.601 26.45),
1994-09-08 13:33:36.850000+00:00,28.03,61.837,5.1,77.4,"64 km ESE of Kh?sh, Iran",us,us,Mainshock,5.0 - 5.99,POINT (61.837 28.03),
1994-09-05 05:26:15.030000+00:00,29.419,51.283,5.0,33.0,"17 km NNE of Bor?zj?n, Iran",us,us,Mainshock,5.0 - 5.99,POINT (51.283 29.419),
1994-08-11 06:46:32.460000+00:00,27.035,54.469,5.2,24.7,"66 km NW of Bandar-e Lengeh, Iran",us,us,Aftershock,5.0 - 5.99,POINT (54.469 27.035),
1994-08-10 02:11:15+00:00,26.951,54.352,4.8,44.1,southern Iran,us,us,Aftershock,4.0 - 4.99,POINT (54.352 26.951),
1994-08-07 06:32:54.510000+00:00,27.106,54.469,4.7,44.4,"70 km SSE of Ger?sh, Iran",us,us,Aftershock,4.0 - 4.99,POINT (54.469 27.106),
1994-08-06 21:02:14.660000+00:00,26.991,54.363,5.3,16.2,"58 km NE of K?sh, Iran",us,us,Mainshock,5.0 - 5.99,POINT (54.363 26.991),
1994-07-31 05:52:57.700000+00:00,32.449,48.344,4.9,48.8,"15 km NW of Shahrak-e K?l?r?, Iran",us,us,Aftershock,4.0 - 4.99,POINT (48.344 32.449),
1994-07-31 05:22:10.550000+00:00,32.578,48.456,5.2,72.7,"25 km N of Shahrak-e K?l?r?, Iran",us,us,Aftershock,5.0 - 5.99,POINT (48.456 32.578),
1994-07-31 05:15:39.580000+00:00,32.558,48.369,5.6,43.3,"24 km NNW of Shahrak-e K?l?r?, Iran",us,hrv,Mainshock,5.0 - 5.99,POINT (48.369 32.558),
1994-07-23 07:08:14.080000+00:00,37.438,54.413,4.9,30.8,"66 km N of Gorg?n, Iran",us,us,Mainshock,4.0 - 4.99,POINT (54.413 37.438),
1994-07-14 20:13:51.510000+00:00,28.07,55.489,4.6,33.0,"119 km SE of D?r?b, Iran",us,us,Mainshock,4.0 - 4.99,POINT (55.489 28.07),
1994-07-13 05:23:43.150000+00:00,29.875,51.195,4.5,33.0,"41 km SW of N?r?b?d, Iran",us,us,Mainshock,4.0 - 4.99,POINT (51.195 29.875),
1994-07-12 00:12:16.210000+00:00,37.774,54.611,4.6,33.0,"73 km NW of ?q Q?yeh, Iran",us,us,Aftershock,4.0 - 4.99,POINT (54.611 37.774),
1994-07-11 20:57:37.630000+00:00,37.541,54.474,4.8,28.9,"67 km WNW of ?q Q?yeh, Iran",us,us,Mainshock,4.0 - 4.99,POINT (54.474 37.541),
1994-07-01 13:05:55.310000+00:00,27.645,56.514,5.0,43.5,"55 km NNE of Bandar Abbas, Iran",us,us,Mainshock,5.0 - 5.99,POINT (56.514 27.645),
1994-06-21 04:15:52.670000+00:00,29.021,52.596,4.7,41.2,"19 km N of F?r?z?b?d, Iran",us,us,Aftershock,4.0 - 4.99,POINT (52.596 29.021),
1994-06-21 03:17:54.560000+00:00,29.151,52.554,4.5,33.0,"24 km WSW of Akbar?b?d, Iran",us,us,Aftershock,4.0 - 4.99,POINT (52.554 29.151),
1994-06-20 10:44:34.880000+00:00,29.131,52.388,4.5,33.0,"36 km NNW of F?r?z?b?d, Iran",us,us,Aftershock,4.0 - 4.99,POINT (52.388 29.131),
1994-06-20 09:09:02.910000+00:00,28.968,52.614,5.9,8.6,"14 km NNE of F?r?z?b?d, Iran",us,hrv,Mainshock,5.0 - 5.99,POINT (52.614 28.968),
1994-06-18 12:42:00.350000+00:00,28.971,52.673,5.1,11.0,"17 km NE of F?r?z?b?d, Iran",us,us,Background Event,5.0 - 5.99,POINT (52.673 28.971),
1994-06-11 09:37:56.990000+00:00,29.07,52.537,4.8,18.4,"25 km N of F?r?z?b?d, Iran",us,us,Background Event,4.0 - 4.99,POINT (52.537 29.07),
1994-06-05 16:54:08.190000+00:00,29.601,52.313,4.5,33.0,"21 km W of Shiraz, Iran",us,us,Mainshock,4.0 - 4.99,POINT (52.313 29.601),
1994-06-04 10:38:56.180000+00:00,36.821,54.747,4.6,33.0,"13 km E of Qarn?b?d, Iran",us,us,Mainshock,4.0 - 4.99,POINT (54.747 36.821),
1994-05-07 14:24:44.250000+00:00,30.329,50.586,4.7,54.0,"20 km W of Dogonbadan, Iran",us,us,Mainshock,4.0 - 4.99,POINT (50.586 30.329),
1994-04-26 06:26:01.800000+00:00,30.999,50.635,4.5,33.0,"23 km NNE of Dehdasht, Iran",us,us,Mainshock,4.0 - 4.99,POINT (50.635 30.999),
1994-04-21 11:50:32.690000+00:00,27.477,54.385,4.6,33.0,"32 km SE of Ger?sh, Iran",us,us,Mainshock,4.0 - 4.99,POINT (54.385 27.477),
1994-04-20 00:05:08.720000+00:00,28.294,55.326,4.8,23.7,"91 km ESE of D?r?b, Iran",us,us,Mainshock,4.0 - 4.99,POINT (55.326 28.294),
1994-04-19 16:14:55.430000+00:00,31.432,49.536,4.8,17.3,"18 km NNW of R?mhormoz, Iran",us,us,Mainshock,4.0 - 4.99,POINT (49.536 31.432),
1994-04-14 11:26:37.380000+00:00,28.237,55.288,4.6,19.9,southern Iran,us,us,Aftershock,4.0 - 4.99,POINT (55.288 28.237),
1994-04-14 11:03:40.290000+00:00,28.29,55.34,5.2,22.1,"93 km ESE of D?r?b, Iran",us,us,Mainshock,5.0 - 5.99,POINT (55.34 28.29),
1994-04-14 10:08:05+00:00,29.158,51.592,4.5,33.0,southern Iran,us,us,Mainshock,4.0 - 4.99,POINT (51.592 29.158),
1994-04-03 07:19:36.340000+00:00,28.887,52.705,4.7,33.0,"13 km ENE of F?r?z?b?d, Iran",us,us,Aftershock,4.0 - 4.99,POINT (52.705 28.887),
1994-04-03 06:51:57.540000+00:00,28.821,52.745,5.2,22.6,"17 km E of F?r?z?b?d, Iran",us,hrv,Aftershock,5.0 - 5.99,POINT (52.745 28.821),
1994-04-01 14:24:59.570000+00:00,28.823,52.65,4.6,33.0,"8 km ESE of F?r?z?b?d, Iran",us,us,Aftershock,4.0 - 4.99,POINT (52.65 28.823),
1994-03-30 19:55:46.050000+00:00,28.994,52.745,5.4,53.9,"23 km NE of F?r?z?b?d, Iran",us,hrv,Mainshock,5.0 - 5.99,POINT (52.745 28.994),
1994-03-29 07:56:53.970000+00:00,29.096,51.256,5.1,33.0,"19 km S of Bor?zj?n, Iran",us,hrv,Mainshock,5.0 - 5.99,POINT (51.256 29.096),
1994-03-23 17:14:45.330000+00:00,28.874,52.596,4.7,33.0,"4 km NE of F?r?z?b?d, Iran",us,us,Aftershock,4.0 - 4.99,POINT (52.596 28.874),
1994-03-17 08:06:16.750000+00:00,28.941,52.536,4.8,33.0,"11 km NNW of F?r?z?b?d, Iran",us,us,Mainshock,4.0 - 4.99,POINT (52.536 28.941),
1994-03-09 06:13:37.130000+00:00,32.625,47.15,4.5,10.0,"13 km SW of Dehlor?n, Iran",us,us,Mainshock,4.0 - 4.99,POINT (47.15 32.625),
1994-03-07 10:54:57.460000+00:00,33.146,48.033,4.8,25.8,"38 km S of Vas??n, Iran",us,us,Mainshock,4.0 - 4.99,POINT (48.033 33.146),
1994-03-03 23:54:01+00:00,28.9,52.465,4.9,33.0,"12 km WNW of F?r?z?b?d, Iran",us,us,Mainshock,4.0 - 4.99,POINT (52.465 28.9),
1994-03-03 14:56:48.990000+00:00,27.92,57.234,4.7,33.0,"88 km N of M?n?b, Iran",us,us,Mainshock,4.0 - 4.99,POINT (57.234 27.92),
1994-03-02 14:57:22.650000+00:00,30.844,60.46,4.6,33.0,"101 km WSW of Z?bol, Iran",us,us,Mainshock,4.0 - 4.99,POINT (60.46 30.844),
1994-03-01 05:42:53.720000+00:00,29.007,52.607,4.5,10.0,"18 km N of F?r?z?b?d, Iran",us,us,Aftershock,4.0 - 4.99,POINT (52.607 29.007),
1994-03-01 03:49:00.830000+00:00,29.096,52.617,6.1,12.9,"22 km SW of Akbar?b?d, Iran",us,hrv,Mainshock,6.0 - 6.99,POINT (52.617 29.096),
1994-02-28 11:13:54.250000+00:00,30.805,60.562,5.6,10.0,"92 km WSW of Z?bol, Iran",us,hrv,Aftershock,5.0 - 5.99,POINT (60.562 30.805),
1994-02-26 18:02:28.970000+00:00,30.825,60.376,4.5,10.0,"109 km NNE of No?rat?b?d, Iran",us,us,Aftershock,4.0 - 4.99,POINT (60.376 30.825),
1994-02-26 02:31:11.090000+00:00,30.897,60.549,6.1,9.4,"91 km W of Z?bol, Iran",us,hrv,Aftershock,6.0 - 6.99,POINT (60.549 30.897),
1994-02-24 20:51:31.910000+00:00,30.924,60.446,4.7,10.0,"100 km W of Z?bol, Iran",us,us,Aftershock,4.0 - 4.99,POINT (60.446 30.924),
1994-02-24 00:45:00.880000+00:00,30.869,60.51,4.5,10.0,"95 km W of Z?bol, Iran",us,us,Aftershock,4.0 - 4.99,POINT (60.51 30.869),
1994-02-24 00:11:12.320000+00:00,30.775,60.495,6.3,9.6,"99 km WSW of Z?bol, Iran",us,hrv,Mainshock,6.0 - 6.99,POINT (60.495 30.775),
1994-02-23 22:45:17.660000+00:00,30.767,60.48,5.4,10.0,"101 km WSW of Z?bol, Iran",us,us,Foreshock,5.0 - 5.99,POINT (60.48 30.767),
1994-02-23 11:54:33.170000+00:00,30.765,60.519,5.5,10.0,"97 km WSW of Z?bol, Iran",us,hrv,Foreshock,5.0 - 5.99,POINT (60.519 30.765),
1994-02-23 08:02:04.720000+00:00,30.853,60.596,6.1,6.0,"88 km WSW of Z?bol, Iran",us,hrv,Foreshock,6.0 - 6.99,POINT (60.596 30.853),
1994-01-04 09:29:38.510000+00:00,29.188,51.442,4.8,30.0,"23 km ESE of Bor?zj?n, Iran",us,us,Mainshock,4.0 - 4.99,POINT (51.442 29.188),
1994-01-01 05:10:51.070000+00:00,28.048,55.565,4.8,54.5,"118 km NW of Bandar Abbas, Iran",us,us,Mainshock,4.0 - 4.99,POINT (55.565 28.048),
1993-12-19 11:45:30.730000+00:00,25.21,62.603,5.1,24.4,"29 km ENE of Gwadar, Pakistan",us,us,Mainshock,5.0 - 5.99,POINT (62.603 25.21),
1993-12-07 13:17:23.560000+00:00,30.733,51.331,4.8,38.3,"25 km WNW of Yasuj, Iran",us,us,Mainshock,4.0 - 4.99,POINT (51.331 30.733),
1993-11-04 00:32:40.260000+00:00,31.985,59.969,4.5,33.0,"120 km SE of B?rjand, Iran",us,us,Mainshock,4.0 - 4.99,POINT (59.969 31.985),
1993-11-01 06:46:31.820000+00:00,28.244,57.569,4.7,10.0,"122 km SW of Bam, Iran",us,us,Mainshock,4.0 - 4.99,POINT (57.569 28.244),
1993-10-21 21:52:20.390000+00:00,30.154,51.235,5.0,14.8,"27 km W of N?r?b?d, Iran",us,hrv,Mainshock,5.0 - 5.99,POINT (51.235 30.154),
1993-10-11 09:13:01.810000+00:00,24.795,63.266,4.6,24.0,"55 km SSW of Pasni, Pakistan",us,us,Mainshock,4.0 - 4.99,POINT (63.266 24.795),
1993-09-08 11:38:37.090000+00:00,29.987,52.028,4.9,30.7,"50 km ESE of N?r?b?d, Iran",us,us,Mainshock,4.0 - 4.99,POINT (52.028 29.987),
1993-08-19 10:04:28.800000+00:00,35.089,52.094,4.6,18.4,"25 km SW of ?stg?h-e R?h ?han-e Garms?r, Iran",us,us,Mainshock,4.0 - 4.99,POINT (52.094 35.089),
1993-08-13 00:43:41.290000+00:00,32.465,49.537,4.6,16.0,"62 km NNE of Masjed Soleym?n, Iran",us,us,Mainshock,4.0 - 4.99,POINT (49.537 32.465),
1993-08-04 07:59:43.680000+00:00,30.105,51.392,4.6,33.0,"12 km W of N?r?b?d, Iran",us,us,Mainshock,4.0 - 4.99,POINT (51.392 30.105),
1993-08-02 16:00:59.640000+00:00,30.914,51.839,4.9,38.5,"36 km NE of Yasuj, Iran",us,us,Mainshock,4.0 - 4.99,POINT (51.839 30.914),
1993-07-13 14:22:53.640000+00:00,37.032,55.31,4.6,25.5,"13 km ESE of ?z?dshahr, Iran",us,us,Mainshock,4.0 - 4.99,POINT (55.31 37.032),
1993-07-09 23:06:05.130000+00:00,36.853,55.23,4.6,61.2,"26 km S of ?z?dshahr, Iran",us,us,Background Event,4.0 - 4.99,POINT (55.23 36.853),
1993-07-09 10:36:05.900000+00:00,28.14,56.036,5.0,33.0,"108 km NNW of Bandar Abbas, Iran",us,us,Mainshock,5.0 - 5.99,POINT (56.036 28.14),
1993-07-09 10:29:21.540000+00:00,28.416,55.369,5.2,23.1,"88 km ESE of D?r?b, Iran",us,hrv,Mainshock,5.0 - 5.99,POINT (55.369 28.416),
1993-07-06 13:41:25.180000+00:00,28.896,51.243,4.8,33.0,"40 km ESE of Bushehr, Iran",us,us,Mainshock,4.0 - 4.99,POINT (51.243 28.896),
1993-06-30 23:05:36.610000+00:00,35.214,53.61,4.6,33.0,"44 km SSE of Semnan, Iran",us,us,Mainshock,4.0 - 4.99,POINT (53.61 35.214),
1993-06-22 16:37:19.490000+00:00,30.24,50.96,4.9,33.0,"20 km SE of Dogonbadan, Iran",us,us,Aftershock,4.0 - 4.99,POINT (50.96 30.24),
1993-06-22 16:32:43.730000+00:00,30.149,50.814,5.4,33.0,"23 km S of Dogonbadan, Iran",us,hrv,Mainshock,5.0 - 5.99,POINT (50.814 30.149),
1993-06-19 17:01:56.380000+00:00,36.807,54.904,4.6,33.0,"27 km E of Qarn?b?d, Iran",us,us,Mainshock,4.0 - 4.99,POINT (54.904 36.807),
1993-06-14 12:45:28.630000+00:00,32.717,47.298,4.8,33.0,"3 km NE of Dehlor?n, Iran",us,us,Mainshock,4.0 - 4.99,POINT (47.298 32.717),
1993-06-09 17:33:36.020000+00:00,34.763,53.276,5.0,30.2,"90 km S of Semnan, Iran",us,us,Mainshock,5.0 - 5.99,POINT (53.276 34.763),
1993-06-02 22:01:48.200000+00:00,28.94,47.606,4.7,10.0,"44 km S of Al Jahr?’, Kuwait",us,us,Mainshock,4.0 - 4.99,POINT (47.606 28.94),
1993-05-29 10:50:36.850000+00:00,33.978,59.859,4.7,33.0,"68 km ENE of Q?’en, Iran",us,us,Mainshock,4.0 - 4.99,POINT (59.859 33.978),
1993-05-20 19:58:53.130000+00:00,27.11,54.564,5.1,33.0,"68 km NNW of Bandar-e Lengeh, Iran",us,us,Mainshock,5.0 - 5.99,POINT (54.564 27.11),
1993-05-19 04:03:35.930000+00:00,26.89,54.603,4.5,33.0,"46 km NW of Bandar-e Lengeh, Iran",us,us,Background Event,4.0 - 4.99,POINT (54.603 26.89),
1993-05-09 17:42:04.610000+00:00,35.177,59.194,4.9,10.0,Northeastern Iran,us,us,Mainshock,4.0 - 4.99,POINT (59.194 35.177),
1993-05-02 16:12:08.320000+00:00,27.016,57.775,4.7,33.0,"69 km E of M?n?b, Iran",us,us,Mainshock,4.0 - 4.99,POINT (57.775 27.016),
1993-05-02 04:26:39.900000+00:00,38.951,55.492,4.5,33.0,"32 km S of Bereket, Turkmenistan",us,us,Mainshock,4.0 - 4.99,POINT (55.492 38.951),
1993-04-24 20:30:10.590000+00:00,27.072,57.865,4.7,33.0,"77 km E of M?n?b, Iran",us,us,Mainshock,4.0 - 4.99,POINT (57.865 27.072),
1993-04-12 14:00:40.950000+00:00,28.33,57.148,5.0,33.3,"110 km SSE of K?h Sef?d, Iran",us,hrv,Mainshock,5.0 - 5.99,POINT (57.148 28.33),
1993-04-11 23:25:37.840000+00:00,29.877,50.919,4.5,41.6,"51 km NE of Bandar-e Gen?veh, Iran",us,us,Mainshock,4.0 - 4.99,POINT (50.919 29.877),
1993-04-09 10:35:11.240000+00:00,29.431,51.952,4.5,33.0,"35 km SE of K?zer?n, Iran",us,us,Mainshock,4.0 - 4.99,POINT (51.952 29.431),
1993-04-08 09:48:03.860000+00:00,37.902,47.985,4.7,10.0,"44 km SSW of Om?dcheh, Iran",us,us,Mainshock,4.0 - 4.99,POINT (47.985 37.902),
1993-03-30 22:25:22.100000+00:00,38.379,45.047,4.5,45.1,"20 km SSE of Khowy, Iran",us,us,Mainshock,4.0 - 4.99,POINT (45.047 38.379),
1993-03-29 15:20:38.680000+00:00,27.978,52.754,5.2,26.6,"48 km NNW of Mohr, Iran",us,hrv,Mainshock,5.0 - 5.99,POINT (52.754 27.978),
1993-03-26 22:52:46.930000+00:00,30.692,50.886,5.1,29.6,"32 km ESE of Dehdasht, Iran",us,hrv,Mainshock,5.0 - 5.99,POINT (50.886 30.692),
1993-03-15 15:32:38.320000+00:00,38.102,45.807,4.8,10.6,"29 km W of Kujuvar, Iran",us,us,Mainshock,4.0 - 4.99,POINT (45.807 38.102),
1993-03-14 21:23:16.120000+00:00,26.516,57.831,4.6,33.0,"100 km SE of M?n?b, Iran",us,us,Mainshock,4.0 - 4.99,POINT (57.831 26.516),
1993-02-21 20:56:44.100000+00:00,28.999,52.114,4.6,33.0,"47 km WNW of F?r?z?b?d, Iran",us,us,Mainshock,4.0 - 4.99,POINT (52.114 28.999),
1993-02-18 04:15:02.930000+00:00,37.699,57.828,4.6,32.9,"33 km SW of Arçabil, Turkmenistan",us,us,Mainshock,4.0 - 4.99,POINT (57.828 37.699),
1993-02-11 19:37:53.730000+00:00,27.845,59.896,4.6,33.0,"105 km NW of Iranshahr, Iran",us,us,Mainshock,4.0 - 4.99,POINT (59.896 27.845),
1993-02-04 19:41:32.320000+00:00,24.909,62.855,5.1,25.9,"58 km ESE of Gwadar, Pakistan",us,us,Mainshock,5.0 - 5.99,POINT (62.855 24.909),
1993-02-01 22:41:06.240000+00:00,33.255,46.517,4.7,88.7,"36 km ENE of Mehr?n, Iran",us,us,Mainshock,4.0 - 4.99,POINT (46.517 33.255),
1993-01-27 17:44:27.310000+00:00,32.097,60.001,4.6,33.0,"112 km SE of B?rjand, Iran",us,us,Aftershock,4.0 - 4.99,POINT (60.001 32.097),
1993-01-27 10:27:05.620000+00:00,32.104,60.088,5.1,33.0,"117 km SE of B?rjand, Iran",us,us,Mainshock,5.0 - 5.99,POINT (60.088 32.104),
1993-01-23 10:38:09.940000+00:00,32.988,47.411,4.7,33.0,"0 km WSW of ?bd?n?n, Iran",us,us,Mainshock,4.0 - 4.99,POINT (47.411 32.988),
1993-01-15 12:15:00.050000+00:00,36.495,43.676,4.7,33.0,"35 km SSW of ‘Aqrah, Iraq",us,us,Mainshock,4.0 - 4.99,POINT (43.676 36.495),
1993-01-14 07:17:06.030000+00:00,33.391,59.721,4.8,33.0,"62 km SE of Q?’en, Iran",us,us,Mainshock,4.0 - 4.99,POINT (59.721 33.391),
1993-01-14 06:08:02.090000+00:00,30.486,50.237,4.6,33.0,"12 km S of Behbah?n, Iran",us,us,Mainshock,4.0 - 4.99,POINT (50.237 30.486),
1993-01-11 19:54:21.680000+00:00,30.543,49.938,4.6,33.0,"20 km SSE of Aghajari, Iran",us,us,Background Event,4.0 - 4.99,POINT (49.938 30.543),
1993-01-06 22:51:44.630000+00:00,28.997,52.137,5.4,23.6,"45 km WNW of F?r?z?b?d, Iran",us,hrv,Mainshock,5.0 - 5.99,POINT (52.137 28.997),
1993-01-06 17:16:53.270000+00:00,37.45,57.522,4.7,8.4,"17 km E of Bojn?rd, Iran",us,us,Mainshock,4.0 - 4.99,POINT (57.522 37.45),
1993-01-02 08:39:00.930000+00:00,30.223,50.86,4.7,35.9,"16 km SSE of Dogonbadan, Iran",us,us,Mainshock,4.0 - 4.99,POINT (50.86 30.223),
1992-12-17 10:39:28.980000+00:00,25.901,61.441,5.7,33.0,"78 km ESE of Qa?r-e Qand, Iran",us,hrv,Mainshock,5.0 - 5.99,POINT (61.441 25.901),
1992-12-11 09:25:29.700000+00:00,32.892,46.391,4.8,53.8,"33 km SE of Mehr?n, Iran",us,us,Mainshock,4.0 - 4.99,POINT (46.391 32.892),
1992-12-11 04:44:13.810000+00:00,28.558,53.92,4.6,33.0,"49 km SSE of Fas?, Iran",us,us,Mainshock,4.0 - 4.99,POINT (53.92 28.558),
1992-12-02 14:02:12.830000+00:00,29.413,52.012,4.5,10.0,"41 km ESE of K?zer?n, Iran",us,us,Mainshock,4.0 - 4.99,POINT (52.012 29.413),
1992-11-27 21:09:16.670000+00:00,37.473,59.857,5.3,24.4,"25 km ENE of Kaka, Turkmenistan",us,hrv,Mainshock,5.0 - 5.99,POINT (59.857 37.473),
1992-10-20 21:53:32.590000+00:00,32.011,49.946,4.5,22.7,"61 km E of Masjed Soleym?n, Iran",us,us,Mainshock,4.0 - 4.99,POINT (49.946 32.011),
1992-10-06 08:57:17.720000+00:00,38.422,56.518,4.8,10.0,"65 km SSE of Serdar, Turkmenistan",us,us,Mainshock,4.0 - 4.99,POINT (56.518 38.422),
1992-09-27 00:12:16.800000+00:00,27.997,54.242,4.5,33.0,"37 km NNE of Ger?sh, Iran",us,us,Mainshock,4.0 - 4.99,POINT (54.242 27.997),
1992-09-23 21:59:18.670000+00:00,29.813,51.087,5.1,35.0,"53 km SW of N?r?b?d, Iran",us,us,Mainshock,5.0 - 5.99,POINT (51.087 29.813),
1992-09-22 14:05:55.070000+00:00,36.334,52.701,5.1,35.5,"24 km S of B?bol, Iran",us,hrv,Mainshock,5.0 - 5.99,POINT (52.701 36.334),
1992-09-12 02:34:50.790000+00:00,29.941,60.702,5.0,23.1,"51 km NNW of Zahedan, Iran",us,us,Mainshock,5.0 - 5.99,POINT (60.702 29.941),
1992-09-11 20:20:05.730000+00:00,29.668,51.144,4.6,26.1,"44 km N of Bor?zj?n, Iran",us,us,Mainshock,4.0 - 4.99,POINT (51.144 29.668),
1992-09-11 18:24:14.620000+00:00,30.046,60.765,5.3,33.0,"61 km N of Zahedan, Iran",us,hrv,Mainshock,5.0 - 5.99,POINT (60.765 30.046),
1992-09-11 17:03:58.680000+00:00,29.804,60.696,5.0,11.8,"37 km NNW of Zahedan, Iran",us,us,Foreshock,5.0 - 5.99,POINT (60.696 29.804),
1992-09-11 12:06:00.400000+00:00,29.852,51.112,5.4,16.2,"49 km SW of N?r?b?d, Iran",us,hrv,Mainshock,5.0 - 5.99,POINT (51.112 29.852),
1992-09-10 21:28:45.010000+00:00,29.914,51.063,4.8,59.0,"49 km WSW of N?r?b?d, Iran",us,us,Foreshock,4.0 - 4.99,POINT (51.063 29.914),
1992-09-09 21:44:49.730000+00:00,30.189,50.879,4.8,33.0,"20 km SSE of Dogonbadan, Iran",us,us,Background Event,4.0 - 4.99,POINT (50.879 30.189),
1992-09-09 21:41:49.180000+00:00,29.883,51.035,5.1,42.2,"53 km WSW of N?r?b?d, Iran",us,us,Background Event,5.0 - 5.99,POINT (51.035 29.883),
1992-09-09 19:27:37.660000+00:00,37.123,57.102,4.5,39.8,"36 km W of Esfar?yen, Iran",us,us,Mainshock,4.0 - 4.99,POINT (57.102 37.123),
1992-09-09 17:12:59.680000+00:00,36.884,55.225,4.9,47.6,"22 km SSE of ?z?dshahr, Iran",us,us,Mainshock,4.0 - 4.99,POINT (55.225 36.884),
1992-09-08 00:38:15.420000+00:00,29.134,52.187,5.2,17.5,"49 km NW of F?r?z?b?d, Iran",us,us,Mainshock,5.0 - 5.99,POINT (52.187 29.134),
1992-09-06 08:42:07.090000+00:00,33.827,56.899,4.8,21.7,"25 km N of Tabas, Iran",us,us,Mainshock,4.0 - 4.99,POINT (56.899 33.827),
1992-08-29 07:23:01.240000+00:00,37.529,56.517,4.7,33.0,"72 km W of Bojn?rd, Iran",us,us,Mainshock,4.0 - 4.99,POINT (56.517 37.529),
1992-08-15 23:26:10.770000+00:00,28.595,50.963,4.5,33.0,"43 km SSE of Bushehr, Iran",us,us,Aftershock,4.0 - 4.99,POINT (50.963 28.595),
1992-08-15 14:15:17.890000+00:00,28.533,51.203,4.8,43.1,"60 km SE of Bushehr, Iran",us,us,Mainshock,4.0 - 4.99,POINT (51.203 28.533),
1992-05-31 23:58:44.160000+00:00,34.174,46.812,4.5,33.0,"28 km SW of Kermanshah, Iran",us,us,Mainshock,4.0 - 4.99,POINT (46.812 34.174),
1992-05-26 20:54:35.160000+00:00,30.455,50.673,4.7,47.3,"16 km NW of Dogonbadan, Iran",us,us,Mainshock,4.0 - 4.99,POINT (50.673 30.455),
1992-05-19 12:24:57.400000+00:00,28.295,55.594,5.6,33.0,"114 km ESE of D?r?b, Iran",us,hrv,Mainshock,5.0 - 5.99,POINT (55.594 28.295),
1992-05-17 03:55:41.890000+00:00,24.953,63.263,4.9,30.4,"40 km SSW of Pasni, Pakistan",us,us,Mainshock,4.0 - 4.99,POINT (63.263 24.953),
1992-05-09 06:27:32.090000+00:00,32.62,47.563,4.9,43.5,"28 km ESE of Dehlor?n, Iran",us,us,Mainshock,4.0 - 4.99,POINT (47.563 32.62),
1992-05-05 15:54:16.690000+00:00,29.456,51.125,4.5,66.7,"22 km NNW of Bor?zj?n, Iran",us,us,Aftershock,4.0 - 4.99,POINT (51.125 29.456),
1992-05-05 13:57:51.260000+00:00,29.74,50.837,4.6,40.3,"35 km ENE of Bandar-e Gen?veh, Iran",us,us,Mainshock,4.0 - 4.99,POINT (50.837 29.74),
1992-05-05 11:15:57.630000+00:00,30.091,50.55,4.6,42.4,"38 km SW of Dogonbadan, Iran",us,us,Foreshock,4.0 - 4.99,POINT (50.55 30.091),
1992-05-05 10:13:23.640000+00:00,29.496,50.857,4.8,33.0,"34 km ESE of Bandar-e Gen?veh, Iran",us,us,Mainshock,4.0 - 4.99,POINT (50.857 29.496),
1992-04-19 04:54:23.810000+00:00,31.401,47.991,4.5,73.3,"26 km SW of S?sangerd, Iran",us,us,Mainshock,4.0 - 4.99,POINT (47.991 31.401),
1992-04-10 08:45:00.220000+00:00,29.209,52.606,4.6,10.0,"17 km WSW of Akbar?b?d, Iran",us,us,Mainshock,4.0 - 4.99,POINT (52.606 29.209),
1992-03-27 11:18:06.800000+00:00,28.184,55.534,4.8,36.7,"115 km ESE of D?r?b, Iran",us,us,Mainshock,4.0 - 4.99,POINT (55.534 28.184),
1992-03-13 19:30:24.180000+00:00,36.705,45.207,4.9,33.0,"5 km E of Piranshahr, Iran",us,us,Mainshock,4.0 - 4.99,POINT (45.207 36.705),
1992-03-04 11:57:53.040000+00:00,31.726,50.778,5.1,17.9,"55 km WSW of Bor?jen, Iran",us,hrv,Mainshock,5.0 - 5.99,POINT (50.778 31.726),
1992-03-03 18:35:02.470000+00:00,28.353,57.143,4.8,33.0,"107 km SSE of K?h Sef?d, Iran",us,us,Mainshock,4.0 - 4.99,POINT (57.143 28.353),
1992-02-23 12:03:11.790000+00:00,36.391,49.179,4.5,10.0,"8 km N of Alvand, Iran",us,us,Mainshock,4.0 - 4.99,POINT (49.179 36.391),
1992-02-10 16:38:38.190000+00:00,30.193,57.478,4.6,43.5,"39 km ESE of Kerman, Iran",us,us,Mainshock,4.0 - 4.99,POINT (57.478 30.193),
1992-02-06 02:18:15.780000+00:00,28.352,52.597,4.8,40.7,"54 km S of F?r?z?b?d, Iran",us,us,Mainshock,4.0 - 4.99,POINT (52.597 28.352),
1992-01-30 05:22:01.410000+00:00,24.958,63.141,5.9,29.1,"47 km SW of Pasni, Pakistan",us,hrv,Mainshock,5.0 - 5.99,POINT (63.141 24.958),
1992-01-25 13:20:07.840000+00:00,35.592,56.083,4.8,33.0,"135 km SE of Shahrud, Iran",us,us,Mainshock,4.0 - 4.99,POINT (56.083 35.592),
1992-01-16 10:20:47.420000+00:00,32.05,59.924,4.9,15.1,"112 km SE of B?rjand, Iran",us,us,Mainshock,4.0 - 4.99,POINT (59.924 32.05),
1991-12-19 18:55:17.480000+00:00,28.102,57.304,5.4,27.1,"109 km NNE of M?n?b, Iran",us,hrv,Mainshock,5.0 - 5.99,POINT (57.304 28.102),
1991-12-18 16:42:21.520000+00:00,36.596,49.65,4.6,33.0,"26 km SE of P?deg?n-e Manj?l, Iran",us,us,Mainshock,4.0 - 4.99,POINT (49.65 36.596),
1991-12-14 14:30:43.430000+00:00,33.231,47.607,4.9,23.3,"23 km ENE of Darreh Shahr, Iran",us,us,Mainshock,4.0 - 4.99,POINT (47.607 33.231),
1991-12-14 10:30:12.740000+00:00,27.592,56.355,4.5,33.0,"45 km N of Bandar Abbas, Iran",us,us,Mainshock,4.0 - 4.99,POINT (56.355 27.592),
1991-12-14 05:53:05.530000+00:00,35.044,57.59,4.9,33.0,"42 km SW of Bardaskan, Iran",us,us,Mainshock,4.0 - 4.99,POINT (57.59 35.044),
1991-12-07 14:22:32.270000+00:00,25.191,62.974,5.6,29.9,"50 km W of Pasni, Pakistan",us,hrv,Mainshock,5.0 - 5.99,POINT (62.974 25.191),
1991-12-01 09:17:27.040000+00:00,36.373,45.036,4.7,34.9,"37 km SSW of Piranshahr, Iran",us,us,Mainshock,4.0 - 4.99,POINT (45.036 36.373),
1991-11-29 21:24:55.230000+00:00,30.129,50.838,4.9,13.7,"25 km S of Dogonbadan, Iran",us,us,Mainshock,4.0 - 4.99,POINT (50.838 30.129),
1991-11-28 17:19:55.530000+00:00,36.924,49.603,5.6,15.7,"26 km NE of P?deg?n-e Manj?l, Iran",us,hrv,Mainshock,5.0 - 5.99,POINT (49.603 36.924),
1991-11-25 10:39:00.510000+00:00,37.147,55.637,4.7,33.0,"28 km SSE of Kal?leh, Iran",us,us,Mainshock,4.0 - 4.99,POINT (55.637 37.147),
1991-11-18 22:18:03.890000+00:00,28.032,55.31,4.7,65.4,"109 km SE of D?r?b, Iran",us,us,Mainshock,4.0 - 4.99,POINT (55.31 28.032),
1991-11-13 21:04:29+00:00,30.751,50.082,5.1,33.0,"23 km NW of Behbah?n, Iran",us,us,Aftershock,5.0 - 5.99,POINT (50.082 30.751),
1991-11-11 07:17:01.110000+00:00,30.569,50.226,4.5,51.3,"3 km SSW of Behbah?n, Iran",us,us,Aftershock,4.0 - 4.99,POINT (50.226 30.569),
1991-11-10 15:19:14.280000+00:00,30.585,50.268,5.0,43.6,"2 km ESE of Behbah?n, Iran",us,us,Aftershock,5.0 - 5.99,POINT (50.268 30.585),
1991-11-05 07:49:49.100000+00:00,30.604,50.169,5.0,37.7,"7 km W of Behbah?n, Iran",us,us,Aftershock,5.0 - 5.99,POINT (50.169 30.604),
1991-11-04 04:09:43.370000+00:00,30.673,50.147,4.9,48.5,"12 km NW of Behbah?n, Iran",us,us,Aftershock,4.0 - 4.99,POINT (50.147 30.673),
1991-11-04 03:04:05.050000+00:00,30.922,50.135,4.6,35.4,"37 km NNW of Behbah?n, Iran",us,us,Aftershock,4.0 - 4.99,POINT (50.135 30.922),
1991-11-04 01:50:31.630000+00:00,30.666,50.218,5.6,38.5,"8 km NNW of Behbah?n, Iran",us,hrv,Mainshock,5.0 - 5.99,POINT (50.218 30.666),
1991-11-01 06:28:14.170000+00:00,30.708,50.06,4.8,33.0,"21 km NW of Behbah?n, Iran",us,us,Background Event,4.0 - 4.99,POINT (50.06 30.708),
1991-10-31 14:35:07.820000+00:00,30.541,50.163,4.9,24.3,"9 km SW of Behbah?n, Iran",us,us,Background Event,4.0 - 4.99,POINT (50.163 30.541),
1991-10-29 04:21:57.520000+00:00,27.203,55.743,4.6,33.0,"53 km W of Bandar Abbas, Iran",us,us,Mainshock,4.0 - 4.99,POINT (55.743 27.203),
1991-10-28 11:47:24.690000+00:00,34.137,46.865,4.5,35.9,"26 km SW of Kermanshah, Iran",us,us,Mainshock,4.0 - 4.99,POINT (46.865 34.137),
1991-10-23 20:45:07.750000+00:00,33.082,57.32,4.6,33.0,"67 km SSE of Tabas, Iran",us,us,Mainshock,4.0 - 4.99,POINT (57.32 33.082),
1991-10-23 20:41:57.190000+00:00,33.135,57.245,4.5,33.0,"59 km SSE of Tabas, Iran",us,us,Foreshock,4.0 - 4.99,POINT (57.245 33.135),
1991-10-13 15:38:23.340000+00:00,27.789,53.017,4.7,21.8,"29 km NNE of Mohr, Iran",us,us,Mainshock,4.0 - 4.99,POINT (53.017 27.789),
1991-10-11 03:14:41.090000+00:00,31.658,50.742,5.2,38.1,"61 km WSW of Bor?jen, Iran",us,us,Mainshock,5.0 - 5.99,POINT (50.742 31.658),
1991-09-27 15:07:00.160000+00:00,28.806,51.027,4.9,33.0,"25 km SE of Bushehr, Iran",us,us,Mainshock,4.0 - 4.99,POINT (51.027 28.806),
1991-09-22 02:08:20.050000+00:00,39.65,51.84,4.8,64.1,"104 km WSW of Türkmenba?y, Turkmenistan",us,us,Mainshock,4.0 - 4.99,POINT (51.84 39.65),
1991-09-21 07:15:57.700000+00:00,32.148,49.033,4.5,33.0,"20 km ENE of Sh?shtar, Iran",us,us,Mainshock,4.0 - 4.99,POINT (49.033 32.148),
1991-09-19 06:56:29.460000+00:00,28.207,55.27,4.6,50.7,"93 km SE of D?r?b, Iran",us,us,Mainshock,4.0 - 4.99,POINT (55.27 28.207),
1991-09-16 13:23:38.940000+00:00,28.999,51.321,5.0,33.0,"31 km SSE of Bor?zj?n, Iran",us,us,Mainshock,5.0 - 5.99,POINT (51.321 28.999),
1991-09-08 04:20:35.050000+00:00,35.326,53.314,4.5,66.1,"28 km SSW of Semnan, Iran",us,us,Mainshock,4.0 - 4.99,POINT (53.314 35.326),
1991-08-28 00:51:53.280000+00:00,24.671,62.708,4.5,33.0,"63 km SE of Gwadar, Pakistan",us,us,Mainshock,4.0 - 4.99,POINT (62.708 24.671),
1991-08-23 22:14:20.600000+00:00,35.905,53.25,4.7,33.0,"23 km NNW of Mahdishahr, Iran",us,us,Mainshock,4.0 - 4.99,POINT (53.25 35.905),
1991-07-24 18:37:01.590000+00:00,36.584,43.937,4.6,33.0,"19 km S of ‘Aqrah, Iraq",us,us,Aftershock,4.0 - 4.99,POINT (43.937 36.584),
1991-07-24 10:08:36.660000+00:00,36.615,43.968,4.7,33.0,"17 km SSE of ‘Aqrah, Iraq",us,us,Aftershock,4.0 - 4.99,POINT (43.968 36.615),
1991-07-24 09:45:41.890000+00:00,36.52,44.066,5.5,25.5,"30 km SSE of ‘Aqrah, Iraq",us,hrv,Mainshock,5.0 - 5.99,POINT (44.066 36.52),
1991-07-14 05:51:26+00:00,33.38,57.211,4.5,33.0,"35 km SE of Tabas, Iran",us,us,Mainshock,4.0 - 4.99,POINT (57.211 33.38),
1991-07-07 17:26:15.470000+00:00,33.427,48.314,4.5,64.0,"7 km SSW of Khorramabad, Iran",us,us,Mainshock,4.0 - 4.99,POINT (48.314 33.427),
1991-07-05 13:52:17.780000+00:00,36.727,45.219,4.8,11.0,"7 km ENE of Piranshahr, Iran",us,us,Mainshock,4.0 - 4.99,POINT (45.219 36.727),
1991-07-04 10:17:47.500000+00:00,28.063,57.314,4.8,38.8,"105 km NNE of M?n?b, Iran",us,us,Mainshock,4.0 - 4.99,POINT (57.314 28.063),
1991-06-24 06:10:07.050000+00:00,27.741,56.571,4.8,33.0,"67 km NNE of Bandar Abbas, Iran",us,us,Mainshock,4.0 - 4.99,POINT (56.571 27.741),
1991-06-19 23:17:12.990000+00:00,33.703,47.037,4.6,10.0,"56 km WNW of K?hdasht, Iran",us,us,Mainshock,4.0 - 4.99,POINT (47.037 33.703),
1991-06-10 17:15:46.540000+00:00,30.919,51.948,4.5,33.0,"44 km NE of Yasuj, Iran",us,us,Mainshock,4.0 - 4.99,POINT (51.948 30.919),
1991-05-29 23:09:29.990000+00:00,27.056,53.633,4.7,40.1,"67 km NW of K?sh, Iran",us,us,Mainshock,4.0 - 4.99,POINT (53.633 27.056),
1991-05-27 12:02:25.710000+00:00,32.924,56.328,4.6,33.0,"92 km SW of Tabas, Iran",us,us,Mainshock,4.0 - 4.99,POINT (56.328 32.924),
1991-05-24 12:59:06.210000+00:00,37.079,58.578,4.5,10.0,"6 km ESE of Q?ch?n, Iran",us,us,Mainshock,4.0 - 4.99,POINT (58.578 37.079),
1991-05-22 16:29:02.360000+00:00,27.406,55.787,5.4,24.6,"54 km WNW of Bandar Abbas, Iran",us,hrv,Mainshock,5.0 - 5.99,POINT (55.787 27.406),
1991-05-22 03:31:24.250000+00:00,28.12,54.214,4.7,23.2,"50 km N of Ger?sh, Iran",us,us,Mainshock,4.0 - 4.99,POINT (54.214 28.12),
1991-05-20 20:54:04.030000+00:00,27.666,56.379,4.5,33.0,"54 km N of Bandar Abbas, Iran",us,us,Mainshock,4.0 - 4.99,POINT (56.379 27.666),
1991-05-06 18:33:45.670000+00:00,30.987,49.736,4.6,33.0,"25 km N of Om?d?yeh, Iran",us,us,Mainshock,4.0 - 4.99,POINT (49.736 30.987),
1991-04-19 11:17:35.490000+00:00,33.51,56.838,4.6,33.0,"12 km SW of Tabas, Iran",us,us,Mainshock,4.0 - 4.99,POINT (56.838 33.51),
1991-04-11 16:02:16.360000+00:00,27.608,56.509,4.7,47.9,"51 km NNE of Bandar Abbas, Iran",us,us,Mainshock,4.0 - 4.99,POINT (56.509 27.608),
1991-04-05 09:15:28.880000+00:00,29.138,51.399,5.1,39.2,"22 km SE of Bor?zj?n, Iran",us,us,Mainshock,5.0 - 5.99,POINT (51.399 29.138),
1991-04-05 05:38:17.890000+00:00,29.085,51.345,4.9,34.8,"23 km SSE of Bor?zj?n, Iran",us,us,Foreshock,4.0 - 4.99,POINT (51.345 29.085),
1991-04-01 03:40:17.570000+00:00,37.251,57.408,4.5,33.0,"21 km NNW of Esfar?yen, Iran",us,us,Mainshock,4.0 - 4.99,POINT (57.408 37.251),
1991-03-10 00:53:47.760000+00:00,31.804,50.184,4.7,36.5,"61 km SW of F?rs?n, Iran",us,us,Mainshock,4.0 - 4.99,POINT (50.184 31.804),
1991-02-21 21:59:02.800000+00:00,29.742,51.897,4.5,33.0,"27 km ENE of K?zer?n, Iran",us,us,Mainshock,4.0 - 4.99,POINT (51.897 29.742),
1991-02-14 21:55:59.730000+00:00,34.182,46.241,4.7,40.9,"46 km SE of Sarpol-e Z?ah?b, Iran",us,us,Mainshock,4.0 - 4.99,POINT (46.241 34.182),
1991-02-14 08:25:55.550000+00:00,30.327,50.846,5.4,25.0,"5 km SE of Dogonbadan, Iran",us,us,Mainshock,5.0 - 5.99,POINT (50.846 30.327),
1991-01-30 23:42:16.250000+00:00,28.043,55.957,4.6,33.0,"100 km NNW of Bandar Abbas, Iran",us,us,Mainshock,4.0 - 4.99,POINT (55.957 28.043),
1991-01-30 05:09:08.010000+00:00,29.118,51.391,4.5,21.8,"24 km SE of Borāzjān, Iran",us,us,Mainshock,4.0 - 4.99,POINT (51.391 29.118),
1991-01-22 12:04:22.500000+00:00,35.574,52.402,4.6,13.4,"25 km SSW of Soleh Bon, Iran",us,us,Mainshock,4.0 - 4.99,POINT (52.402 35.574),
1991-01-19 10:08:25.210000+00:00,26.012,60.762,4.8,33.0,"26 km S of Qa?r-e Qand, Iran",us,us,Mainshock,4.0 - 4.99,POINT (60.762 26.012),
1991-01-09 19:39:43.660000+00:00,33.858,57.337,4.6,41.2,"48 km NE of Tabas, Iran",us,us,Mainshock,4.0 - 4.99,POINT (57.337 33.858),
1991-01-01 19:18:56.480000+00:00,39.822,48.439,4.9,60.7,"7 km SSE of ?hm?db?yli, Azerbaijan",us,us,Mainshock,4.0 - 4.99,POINT (48.439 39.822),
1990-12-29 15:34:16.080000+00:00,32.602,47.896,5.1,57.4,"55 km NW of Sh?sh, Iran",us,us,Mainshock,5.0 - 5.99,POINT (47.896 32.602),
1990-12-29 07:36:30.880000+00:00,28.253,55.296,4.6,33.0,"92 km SE of D?r?b, Iran",us,us,Mainshock,4.0 - 4.99,POINT (55.296 28.253),
1990-12-28 04:03:53.650000+00:00,37.106,49.227,5.0,10.0,"15 km SSW of F?man, Iran",us,us,Mainshock,5.0 - 5.99,POINT (49.227 37.106),
1990-12-27 13:26:57.110000+00:00,36.539,48.907,4.7,10.0,"33 km NW of Alvand, Iran",us,us,Mainshock,4.0 - 4.99,POINT (48.907 36.539),
1990-12-22 23:25:28.610000+00:00,28.985,51.375,4.8,38.1,"35 km SSE of Bor?zj?n, Iran",us,us,Aftershock,4.0 - 4.99,POINT (51.375 28.985),
1990-12-17 02:45:35.060000+00:00,29.155,51.248,4.7,33.0,"13 km SSE of Bor?zj?n, Iran",us,us,Aftershock,4.0 - 4.99,POINT (51.248 29.155),
1990-12-17 02:18:38.050000+00:00,29.079,51.26,4.8,30.6,"21 km S of Bor?zj?n, Iran",us,us,Aftershock,4.0 - 4.99,POINT (51.26 29.079),
1990-12-16 22:18:49.880000+00:00,29.044,51.304,5.7,15.4,"26 km SSE of Bor?zj?n, Iran",us,hrv,Mainshock,5.0 - 5.99,POINT (51.304 29.044),
1990-12-10 01:27:29.900000+00:00,28.074,57.01,4.7,51.0,"104 km N of M?n?b, Iran",us,us,Mainshock,4.0 - 4.99,POINT (57.01 28.074),
1990-11-30 11:39:09.760000+00:00,27.72,64.0,4.5,33.0,"135 km SSW of Dalbandin, Pakistan",us,us,Mainshock,4.0 - 4.99,POINT (64 27.72),
1990-11-21 03:42:38.510000+00:00,28.367,55.551,4.6,57.2,"107 km ESE of D?r?b, Iran",us,us,Mainshock,4.0 - 4.99,POINT (55.551 28.367),
1990-11-06 23:38:23.530000+00:00,34.126,63.219,4.5,179.2,"70 km SE of Karukh, Afghanistan",us,us,Mainshock,4.0 - 4.99,POINT (63.219 34.126),
1990-11-06 19:30:20.070000+00:00,28.237,55.365,5.7,17.9,"98 km SE of D?r?b, Iran",us,us,Aftershock,5.0 - 5.99,POINT (55.365 28.237),
1990-11-06 18:45:52.230000+00:00,28.251,55.462,6.6,10.6,"105 km ESE of D?r?b, Iran",us,hrv,Mainshock,6.0 - 6.99,POINT (55.462 28.251),
1990-11-05 02:21:42.370000+00:00,27.006,53.44,4.5,39.8,"76 km NW of K?sh, Iran",us,us,Mainshock,4.0 - 4.99,POINT (53.44 27.006),
1990-10-26 22:18:09.150000+00:00,28.355,52.4,4.6,26.2,"56 km SSW of F?r?z?b?d, Iran",us,us,Mainshock,4.0 - 4.99,POINT (52.4 28.355),
1990-10-26 21:40:53.310000+00:00,29.711,50.845,4.6,33.0,"34 km ENE of Bandar-e Gen?veh, Iran",us,us,Mainshock,4.0 - 4.99,POINT (50.845 29.711),
1990-10-25 14:15:29.370000+00:00,28.307,54.198,4.7,45.4,"59 km SW of D?r?b, Iran",us,us,Mainshock,4.0 - 4.99,POINT (54.198 28.307),
1990-10-22 03:50:20.330000+00:00,36.933,49.298,4.7,10.0,"23 km NNW of P?deg?n-e Manj?l, Iran",us,us,Mainshock,4.0 - 4.99,POINT (49.298 36.933),
1990-10-19 23:39:21.470000+00:00,30.317,57.474,4.7,33.0,"38 km E of Kerman, Iran",us,us,Mainshock,4.0 - 4.99,POINT (57.474 30.317),
1990-10-17 21:50:45.870000+00:00,34.646,58.226,4.6,11.6,"53 km NW of Gon?b?d, Iran",us,us,Mainshock,4.0 - 4.99,POINT (58.226 34.646),
1990-10-17 17:06:27.840000+00:00,36.9,49.344,4.5,21.1,"18 km NNW of P?deg?n-e Manj?l, Iran",us,us,Mainshock,4.0 - 4.99,POINT (49.344 36.9),
1990-10-15 19:06:52.680000+00:00,33.64,56.808,5.1,33.0,"11 km WNW of Tabas, Iran",us,hrv,Mainshock,5.0 - 5.99,POINT (56.808 33.64),
1990-10-12 13:30:33.160000+00:00,32.721,48.342,4.6,47.4,"42 km NNW of Shahrak-e K?l?r?, Iran",us,us,Mainshock,4.0 - 4.99,POINT (48.342 32.721),
1990-10-12 01:49:19.500000+00:00,29.076,60.977,4.8,28.7,"47 km SSE of Zahedan, Iran",us,us,Mainshock,4.0 - 4.99,POINT (60.977 29.076),
1990-10-11 13:57:05.100000+00:00,32.838,48.212,5.0,45.9,"59 km NNW of Shahrak-e K?l?r?, Iran",us,hrv,Mainshock,5.0 - 5.99,POINT (48.212 32.838),
1990-10-07 14:47:51.580000+00:00,27.043,53.003,4.5,33.0,"57 km SSE of Mohr, Iran",us,us,Mainshock,4.0 - 4.99,POINT (53.003 27.043),
1990-10-01 20:42:38.240000+00:00,30.264,49.942,4.9,33.0,"46 km SW of Behbah?n, Iran",us,us,Mainshock,4.0 - 4.99,POINT (49.942 30.264),
1990-09-30 06:24:03.940000+00:00,29.028,60.855,4.9,33.0,"51 km S of Zahedan, Iran",us,us,Mainshock,4.0 - 4.99,POINT (60.855 29.028),
1990-09-29 17:53:09.400000+00:00,28.896,60.849,4.8,33.0,"66 km S of Zahedan, Iran",us,us,Foreshock,4.0 - 4.99,POINT (60.849 28.896),
1990-09-29 03:33:15.740000+00:00,28.894,60.97,4.7,33.0,"67 km S of Zahedan, Iran",us,us,Background Event,4.0 - 4.99,POINT (60.97 28.894),
1990-09-27 12:34:52.970000+00:00,28.975,60.76,4.8,33.0,"58 km S of Zahedan, Iran",us,us,Background Event,4.0 - 4.99,POINT (60.76 28.975),
1990-09-26 20:16:24.230000+00:00,26.804,57.453,4.6,33.0,"51 km SE of M?n?b, Iran",us,us,Mainshock,4.0 - 4.99,POINT (57.453 26.804),
1990-09-26 15:32:40.260000+00:00,29.147,60.906,5.6,33.0,"38 km S of Zahedan, Iran",us,hrv,Mainshock,5.0 - 5.99,POINT (60.906 29.147),
1990-09-25 12:12:15.300000+00:00,36.79,49.855,4.8,10.0,"39 km E of P?deg?n-e Manj?l, Iran",us,us,Mainshock,4.0 - 4.99,POINT (49.855 36.79),
1990-09-24 19:51:51.200000+00:00,28.283,56.918,4.7,33.0,"110 km S of K?h Sef?d, Iran",us,us,Mainshock,4.0 - 4.99,POINT (56.918 28.283),
1990-09-24 06:35:13.930000+00:00,38.253,47.951,4.6,10.0,"17 km WSW of Om?dcheh, Iran",us,us,Mainshock,4.0 - 4.99,POINT (47.951 38.253),
1990-09-17 07:03:32.050000+00:00,37.384,48.929,4.5,60.7,"28 km W of Ziabar (Gaskar), Iran",us,us,Mainshock,4.0 - 4.99,POINT (48.929 37.384),
1990-08-31 15:42:59.110000+00:00,27.296,53.914,4.6,33.0,"46 km SSW of Ger?sh, Iran",us,us,Mainshock,4.0 - 4.99,POINT (53.914 27.296),
1990-08-24 11:14:23.430000+00:00,29.767,60.598,4.9,33.0,"39 km NW of Zahedan, Iran",us,us,Mainshock,4.0 - 4.99,POINT (60.598 29.767),
1990-08-21 03:47:26.280000+00:00,37.309,49.685,4.8,10.0,"9 km ENE of Rasht, Iran",us,us,Mainshock,4.0 - 4.99,POINT (49.685 37.309),
1990-08-20 12:20:11.040000+00:00,36.956,49.72,4.8,33.0,"36 km NE of P?deg?n-e Manj?l, Iran",us,us,Foreshock,4.0 - 4.99,POINT (49.72 36.956),
1990-08-18 09:51:40.780000+00:00,37.004,56.131,4.8,13.0,"70 km SE of Kal?leh, Iran",us,us,Mainshock,4.0 - 4.99,POINT (56.131 37.004),
1990-08-16 23:52:17.500000+00:00,27.794,56.858,4.7,62.2,"76 km NNW of M?n?b, Iran",us,us,Mainshock,4.0 - 4.99,POINT (56.858 27.794),
1990-08-13 06:18:25.180000+00:00,36.663,49.884,4.6,34.8,"42 km ESE of P?deg?n-e Manj?l, Iran",us,us,Mainshock,4.0 - 4.99,POINT (49.884 36.663),
1990-08-04 03:48:35.480000+00:00,32.97,47.793,4.5,71.2,"34 km E of ?bd?n?n, Iran",us,us,Aftershock,4.0 - 4.99,POINT (47.793 32.97),
1990-08-03 15:07:16.620000+00:00,32.668,48.163,4.9,44.5,"45 km NW of Shahrak-e K?l?r?, Iran",us,us,Aftershock,4.0 - 4.99,POINT (48.163 32.668),
1990-08-03 11:57:13.070000+00:00,32.758,48.213,5.3,45.1,"51 km NNW of Shahrak-e K?l?r?, Iran",us,hrv,Mainshock,5.0 - 5.99,POINT (48.213 32.758),
1990-07-28 12:30:04.300000+00:00,32.792,48.153,4.7,33.0,"57 km NNW of Shahrak-e K?l?r?, Iran",us,us,Background Event,4.0 - 4.99,POINT (48.153 32.792),
1990-07-27 05:31:00.140000+00:00,37.318,49.585,4.8,10.0,"4 km N of Rasht, Iran",us,us,Mainshock,4.0 - 4.99,POINT (49.585 37.318),
1990-07-24 17:59:48.160000+00:00,32.876,48.243,5.1,10.0,"61 km NNW of Shahrak-e K?l?r?, Iran",us,us,Mainshock,5.0 - 5.99,POINT (48.243 32.876),
1990-07-24 07:27:17.180000+00:00,36.846,49.815,4.5,10.0,"37 km ENE of P?deg?n-e Manj?l, Iran",us,us,Mainshock,4.0 - 4.99,POINT (49.815 36.846),
1990-07-20 19:49:08.340000+00:00,33.458,46.792,4.6,76.6,"39 km ESE of ?l?m, Iran",us,us,Mainshock,4.0 - 4.99,POINT (46.792 33.458),
1990-07-17 04:02:09.230000+00:00,37.137,49.979,4.6,33.0,"14 km SSE of ?st?neh-ye Ashraf?yeh, Iran",us,us,Mainshock,4.0 - 4.99,POINT (49.979 37.137),
1990-07-13 13:04:10.560000+00:00,36.481,50.068,4.7,33.0,"24 km NNE of Qazvin, Iran",us,us,Mainshock,4.0 - 4.99,POINT (50.068 36.481),
1990-07-11 04:36:08.600000+00:00,37.015,49.53,4.5,33.0,"29 km S of Rasht, Iran",us,us,Mainshock,4.0 - 4.99,POINT (49.53 37.015),
1990-07-11 00:39:21.150000+00:00,28.183,57.035,4.7,33.0,"116 km N of M?n?b, Iran",us,us,Mainshock,4.0 - 4.99,POINT (57.035 28.183),
1990-07-06 19:34:52.490000+00:00,36.861,49.303,5.3,34.6,"16 km NW of P?deg?n-e Manj?l, Iran",us,hrv,Mainshock,5.0 - 5.99,POINT (49.303 36.861),
1990-07-01 21:16:48.390000+00:00,37.285,48.82,4.7,10.0,"40 km WSW of Ziabar (Gaskar), Iran",us,us,Mainshock,4.0 - 4.99,POINT (48.82 37.285),
1990-07-01 17:19:44.170000+00:00,37.28,48.818,4.6,10.0,"41 km WSW of Ziabar (Gaskar), Iran",us,us,Foreshock,4.0 - 4.99,POINT (48.818 37.28),
1990-07-01 12:24:57.200000+00:00,37.181,49.885,4.8,10.0,"10 km SSW of ?st?neh-ye Ashraf?yeh, Iran",us,us,Mainshock,4.0 - 4.99,POINT (49.885 37.181),
1990-06-30 03:42:01.940000+00:00,37.079,50.147,4.7,10.0,"12 km S of Langar?d, Iran",us,us,Background Event,4.0 - 4.99,POINT (50.147 37.079),
1990-06-29 06:25:48+00:00,36.691,49.816,4.5,10.0,"36 km E of P?deg?n-e Manj?l, Iran",us,us,Aftershock,4.0 - 4.99,POINT (49.816 36.691),
1990-06-28 17:21:03.840000+00:00,36.751,49.852,4.7,10.0,"38 km E of P?deg?n-e Manj?l, Iran",us,us,Aftershock,4.0 - 4.99,POINT (49.852 36.751),
1990-06-28 03:20:35.080000+00:00,37.085,49.642,4.8,10.0,"21 km SSE of Rasht, Iran",us,us,Mainshock,4.0 - 4.99,POINT (49.642 37.085),
1990-06-27 03:56:20.540000+00:00,37.007,49.785,4.8,10.0,"31 km SSW of ?st?neh-ye Ashraf?yeh, Iran",us,us,Foreshock,4.0 - 4.99,POINT (49.785 37.007),
1990-06-26 04:59:01.480000+00:00,28.542,59.065,4.9,33.0,"93 km SE of Bam, Iran",us,us,Mainshock,4.0 - 4.99,POINT (59.065 28.542),
1990-06-24 19:34:05+00:00,32.442,49.898,4.5,33.0,"59 km SSW of Fereyd?nshahr, Iran",us,us,Mainshock,4.0 - 4.99,POINT (49.898 32.442),
1990-06-24 19:05:21.440000+00:00,37.222,49.647,4.8,10.0,"7 km SE of Rasht, Iran",us,us,Aftershock,4.0 - 4.99,POINT (49.647 37.222),
1990-06-24 09:45:57+00:00,36.863,49.405,5.4,10.0,"13 km N of P?deg?n-e Manj?l, Iran",us,hrv,Mainshock,5.0 - 5.99,POINT (49.405 36.863),
1990-06-24 05:08:44.120000+00:00,32.4,49.978,4.5,33.0,"57 km WNW of F?rs?n, Iran",us,us,Mainshock,4.0 - 4.99,POINT (49.978 32.4),
1990-06-23 16:51:32.010000+00:00,37.169,49.922,4.5,10.0,"10 km S of ?st?neh-ye Ashraf?yeh, Iran",us,us,Aftershock,4.0 - 4.99,POINT (49.922 37.169),
1990-06-23 10:41:08.260000+00:00,37.129,49.725,4.6,10.0,"20 km SE of Rasht, Iran",us,us,Aftershock,4.0 - 4.99,POINT (49.725 37.129),
1990-06-22 06:21:51.510000+00:00,36.827,49.359,4.9,10.0,"10 km NNW of P?deg?n-e Manj?l, Iran",us,us,Mainshock,4.0 - 4.99,POINT (49.359 36.827),
1990-06-22 06:07:50.100000+00:00,37.257,48.854,4.6,10.0,northwestern Iran,us,us,Mainshock,4.0 - 4.99,POINT (48.854 37.257),
1990-06-22 03:32:48.140000+00:00,37.078,49.73,4.7,10.0,"25 km SSE of Rasht, Iran",us,us,Mainshock,4.0 - 4.99,POINT (49.73 37.078),
1990-06-21 23:13:07.880000+00:00,37.286,49.642,4.5,10.0,"4 km ENE of Rasht, Iran",us,us,Foreshock,4.0 - 4.99,POINT (49.642 37.286),
1990-06-21 21:31:07.700000+00:00,36.794,49.333,4.8,10.0,"9 km NW of P?deg?n-e Manj?l, Iran",us,us,Aftershock,4.0 - 4.99,POINT (49.333 36.794),
1990-06-21 21:27:39.620000+00:00,36.516,49.661,4.9,10.0,"33 km SE of P?deg?n-e Manj?l, Iran",us,us,Aftershock,4.0 - 4.99,POINT (49.661 36.516),
1990-06-21 12:17:27.540000+00:00,36.732,49.407,5.3,10.0,"1 km SW of P?deg?n-e Manj?l, Iran",us,us,Aftershock,5.0 - 5.99,POINT (49.407 36.732),
1990-06-21 09:02:14.620000+00:00,36.636,49.799,5.8,15.2,"36 km ESE of P?deg?n-e Manj?l, Iran",us,hrv,Mainshock,5.0 - 5.99,POINT (49.799 36.636),
1990-06-21 07:50:23.080000+00:00,36.988,49.523,4.9,10.0,"28 km NNE of P?deg?n-e Manj?l, Iran",us,us,Foreshock,4.0 - 4.99,POINT (49.523 36.988),
1990-06-21 05:35:58.230000+00:00,37.146,49.882,4.6,10.0,"14 km SSW of ?st?neh-ye Ashraf?yeh, Iran",us,us,Foreshock,4.0 - 4.99,POINT (49.882 37.146),
1990-06-21 04:40:26.220000+00:00,37.508,49.63,4.5,10.0,"15 km ENE of Bandar-e Anzal?, Iran",us,us,Foreshock,4.0 - 4.99,POINT (49.63 37.508),
1990-06-21 02:08:51.070000+00:00,36.789,49.789,5.4,10.0,"33 km E of P?deg?n-e Manj?l, Iran",us,us,Mainshock,5.0 - 5.99,POINT (49.789 36.789),
1990-06-21 00:52:35.360000+00:00,36.804,49.568,4.8,10.0,"15 km ENE of P?deg?n-e Manj?l, Iran",us,us,Foreshock,4.0 - 4.99,POINT (49.568 36.804),
1990-06-21 00:35:51.870000+00:00,37.462,48.961,4.5,10.0,"25 km W of Ziabar (Gaskar), Iran",us,us,Aftershock,4.0 - 4.99,POINT (48.961 37.462),
1990-06-21 00:22:33.470000+00:00,37.326,49.415,4.6,10.0,"14 km NE of F?man, Iran",us,us,Mainshock,4.0 - 4.99,POINT (49.415 37.326),
1990-06-20 23:48:44.840000+00:00,36.641,49.83,5.1,15.6,"38 km ESE of P?deg?n-e Manj?l, Iran",us,us,Mainshock,5.0 - 5.99,POINT (49.83 36.641),
1990-06-20 23:33:24.980000+00:00,37.1,49.736,4.5,10.0,"23 km SE of Rasht, Iran",us,us,Mainshock,4.0 - 4.99,POINT (49.736 37.1),
1990-06-20 23:27:43.810000+00:00,36.99,50.314,4.7,10.0,"16 km S of R?dsar, Iran",us,us,Mainshock,4.0 - 4.99,POINT (50.314 36.99),
1990-06-20 23:00:36.550000+00:00,36.891,49.591,4.9,15.0,"22 km NE of P?deg?n-e Manj?l, Iran",us,us,Mainshock,4.0 - 4.99,POINT (49.591 36.891),
1990-06-20 22:58:51.720000+00:00,36.825,49.473,4.9,18.5,"10 km NNE of P?deg?n-e Manj?l, Iran",us,us,Foreshock,4.0 - 4.99,POINT (49.473 36.825),
1990-06-20 22:20:04.900000+00:00,37.055,49.226,4.6,10.0,"20 km SSW of F?man, Iran",us,us,Foreshock,4.0 - 4.99,POINT (49.226 37.055),
1990-06-20 22:04:06.980000+00:00,36.724,49.731,4.6,10.0,"28 km E of P?deg?n-e Manj?l, Iran",us,us,Mainshock,4.0 - 4.99,POINT (49.731 36.724),
1990-06-20 21:41:32.480000+00:00,37.705,48.961,4.5,10.0,"11 km SSE of Hashtpar, Iran",us,us,Aftershock,4.0 - 4.99,POINT (48.961 37.705),
1990-06-20 21:30:12.120000+00:00,37.495,48.792,4.7,10.0,"26 km ESE of Khalkh?l, Iran",us,us,Mainshock,4.0 - 4.99,POINT (48.792 37.495),
1990-06-20 21:00:09.980000+00:00,36.957,49.409,7.4,18.5,"23 km N of P?deg?n-e Manj?l, Iran",us,hrv,Mainshock,7.0 - 10.0,POINT (49.409 36.957),
1990-06-11 00:49:09.490000+00:00,32.334,48.722,4.6,15.6,"23 km E of Shahrak-e K?l?r?, Iran",us,us,Mainshock,4.0 - 4.99,POINT (48.722 32.334),
1990-05-28 19:12:25.730000+00:00,30.321,50.812,4.6,33.0,"4 km SSE of Dogonbadan, Iran",us,us,Mainshock,4.0 - 4.99,POINT (50.812 30.321),
1990-05-24 15:12:17.140000+00:00,32.944,46.801,4.9,58.6,"51 km WNW of Dehlor?n, Iran",us,us,Mainshock,4.0 - 4.99,POINT (46.801 32.944),
1990-05-07 14:48:03.740000+00:00,30.983,51.715,4.6,33.0,"36 km NNE of Yasuj, Iran",us,us,Mainshock,4.0 - 4.99,POINT (51.715 30.983),
1990-04-23 09:44:09.650000+00:00,31.11,51.515,4.6,33.0,"34 km S of Sem?rom, Iran",us,us,Background Event,4.0 - 4.99,POINT (51.515 31.11),
1990-04-21 21:57:52.400000+00:00,36.104,53.112,4.5,28.5,"48 km NNW of Mahdishahr, Iran",us,us,Mainshock,4.0 - 4.99,POINT (53.112 36.104),
1990-04-20 19:25:34.190000+00:00,29.695,57.427,4.6,10.0,"73 km SSE of Kerman, Iran",us,us,Mainshock,4.0 - 4.99,POINT (57.427 29.695),
1990-04-18 19:38:08.930000+00:00,31.107,51.678,4.7,47.1,"35 km SSE of Sem?rom, Iran",us,us,Mainshock,4.0 - 4.99,POINT (51.678 31.107),
1990-04-14 19:58:15.750000+00:00,37.65,56.266,4.8,33.0,"74 km ENE of Kal?leh, Iran",us,us,Mainshock,4.0 - 4.99,POINT (56.266 37.65),
1990-03-25 00:01:10.680000+00:00,33.619,57.022,5.2,33.0,"9 km ENE of Tabas, Iran",us,hrv,Mainshock,5.0 - 5.99,POINT (57.022 33.619),
1990-03-23 05:37:37.620000+00:00,29.725,51.32,4.8,33.0,"34 km WNW of K?zer?n, Iran",us,us,Mainshock,4.0 - 4.99,POINT (51.32 29.725),
1990-03-21 22:42:17.060000+00:00,33.468,54.36,4.7,33.0,"132 km NNE of Ardak?n, Iran",us,us,Mainshock,4.0 - 4.99,POINT (54.36 33.468),
1990-03-16 04:07:08.570000+00:00,32.494,48.501,4.5,56.6,western Iran,us,us,Mainshock,4.0 - 4.99,POINT (48.501 32.494),
1990-03-15 00:12:42.920000+00:00,31.658,60.213,5.2,16.3,"140 km WNW of Z?bol, Iran",us,hrv,Mainshock,5.0 - 5.99,POINT (60.213 31.658),
1990-02-20 05:55:03.720000+00:00,32.592,44.204,4.6,37.6,"5 km NNW of Al Hind?yah, Iraq",us,us,Mainshock,4.0 - 4.99,POINT (44.204 32.592),
1990-02-19 23:48:45.860000+00:00,33.897,46.59,4.9,49.9,"32 km NNE of ?l?m, Iran",us,us,Mainshock,4.0 - 4.99,POINT (46.59 33.897),
1990-02-16 05:55:03.210000+00:00,35.918,54.405,4.8,23.3,"28 km SSE of D?mgh?n, Iran",us,us,Mainshock,4.0 - 4.99,POINT (54.405 35.918),
1990-02-09 16:12:05.470000+00:00,30.346,50.551,4.5,58.6,"23 km W of Dogonbadan, Iran",us,us,Mainshock,4.0 - 4.99,POINT (50.551 30.346),
1990-02-08 09:09:38.010000+00:00,33.048,47.196,4.7,89.0,"20 km WSW of Darreh Shahr, Iran",us,us,Mainshock,4.0 - 4.99,POINT (47.196 33.048),
1990-02-04 20:34:42.260000+00:00,28.078,57.619,4.8,38.7,"117 km NNE of M?n?b, Iran",us,us,Mainshock,4.0 - 4.99,POINT (57.619 28.078),
1990-01-21 21:26:56.400000+00:00,34.75,57.287,4.5,33.0,"84 km SW of Bardaskan, Iran",us,us,Mainshock,4.0 - 4.99,POINT (57.287 34.75),
1990-01-20 02:15:06.470000+00:00,36.053,53.309,4.5,38.6,"38 km N of Mahdishahr, Iran",us,us,Aftershock,4.0 - 4.99,POINT (53.309 36.053),
1990-01-20 01:27:09.800000+00:00,35.832,52.954,6.0,24.5,"36 km E of Soleh Bon, Iran",us,hrv,Mainshock,6.0 - 6.99,POINT (52.954 35.832),
1990-01-16 14:18:09.580000+00:00,33.218,46.776,4.7,11.6,"56 km W of Darreh Shahr, Iran",us,us,Mainshock,4.0 - 4.99,POINT (46.776 33.218),
1990-01-06 06:01:35.600000+00:00,27.957,51.953,4.5,57.9,"101 km WNW of Mohr, Iran",us,us,Mainshock,4.0 - 4.99,POINT (51.953 27.957),
1989-12-29 11:09:50.870000+00:00,31.405,60.534,4.7,33.0,"100 km WNW of Z?bol, Iran",us,us,Mainshock,4.0 - 4.99,POINT (60.534 31.405),
1989-12-27 14:31:30.660000+00:00,32.671,47.962,4.5,43.2,"59 km NNW of Sh?sh, Iran",us,us,Aftershock,4.0 - 4.99,POINT (47.962 32.671),
1989-12-27 06:12:18.120000+00:00,32.501,47.556,4.7,44.9,"34 km SE of Dehlor?n, Iran",us,us,Mainshock,4.0 - 4.99,POINT (47.556 32.501),
1989-12-16 20:55:37.120000+00:00,34.585,57.516,4.5,33.0,"85 km SSW of Bardaskan, Iran",us,us,Mainshock,4.0 - 4.99,POINT (57.516 34.585),
1989-12-07 18:21:50.540000+00:00,25.72,58.754,4.5,33.0,"129 km SW of Fann?j, Iran",us,us,Aftershock,4.0 - 4.99,POINT (58.754 25.72),
1989-12-07 12:59:33.560000+00:00,25.917,58.971,6.0,15.6,"98 km SW of Fann?j, Iran",us,hrv,Mainshock,6.0 - 6.99,POINT (58.971 25.917),
1989-12-03 07:39:06.630000+00:00,38.315,45.216,4.7,10.0,"34 km SE of Khowy, Iran",us,us,Mainshock,4.0 - 4.99,POINT (45.216 38.315),
1989-12-02 04:51:56.590000+00:00,38.64,45.373,4.6,10.0,"37 km ENE of Khowy, Iran",us,us,Background Event,4.0 - 4.99,POINT (45.373 38.64),
1989-11-20 12:19:30.890000+00:00,30.581,60.11,4.5,33.0,"76 km N of No?rat?b?d, Iran",us,us,Mainshock,4.0 - 4.99,POINT (60.11 30.581),
1989-11-20 04:19:04.660000+00:00,29.892,57.718,5.9,18.4,"75 km SE of Kerman, Iran",us,hrv,Mainshock,5.0 - 5.99,POINT (57.718 29.892),
1989-11-04 20:47:21.020000+00:00,30.58,57.554,4.8,33.0,"56 km NE of Kerman, Iran",us,us,Mainshock,4.0 - 4.99,POINT (57.554 30.58),
1989-10-10 14:57:42.190000+00:00,33.458,48.681,4.5,33.0,"28 km SW of Azn?, Iran",us,us,Mainshock,4.0 - 4.99,POINT (48.681 33.458),
1989-10-08 14:13:28.910000+00:00,37.038,50.125,4.6,57.4,"17 km S of Langar?d, Iran",us,us,Mainshock,4.0 - 4.99,POINT (50.125 37.038),
1989-10-01 02:59:06.350000+00:00,30.96,51.421,5.2,41.7,"36 km NNW of Yasuj, Iran",us,us,Mainshock,5.0 - 5.99,POINT (51.421 30.96),
1989-09-13 07:01:31.450000+00:00,37.277,54.22,5.1,33.0,"52 km NNW of Gorg?n, Iran",us,us,Mainshock,5.0 - 5.99,POINT (54.22 37.277),
1989-07-27 01:34:50.770000+00:00,32.336,48.823,4.7,33.0,"31 km N of Sh?shtar, Iran",us,us,Mainshock,4.0 - 4.99,POINT (48.823 32.336),
1989-07-22 23:48:29.380000+00:00,35.512,45.167,4.8,60.4,"24 km WSW of As Sulaym?n?yah, Iraq",us,us,Mainshock,4.0 - 4.99,POINT (45.167 35.512),
1989-07-17 21:44:40.560000+00:00,31.364,49.515,4.7,37.2,"12 km NW of R?mhormoz, Iran",us,us,Mainshock,4.0 - 4.99,POINT (49.515 31.364),
1989-06-17 16:52:54.900000+00:00,29.856,59.706,4.8,33.0,"27 km W of No?rat?b?d, Iran",us,us,Mainshock,4.0 - 4.99,POINT (59.706 29.856),
1989-06-03 00:23:41.470000+00:00,31.74,50.823,4.8,36.3,"50 km WSW of Bor?jen, Iran",us,us,Mainshock,4.0 - 4.99,POINT (50.823 31.74),
1989-05-29 05:46:41.920000+00:00,30.088,50.908,5.0,40.4,"31 km SSE of Dogonbadan, Iran",us,us,Mainshock,5.0 - 5.99,POINT (50.908 30.088),
1989-05-28 16:28:43.080000+00:00,30.151,50.647,4.7,64.5,"27 km SSW of Dogonbadan, Iran",us,us,Foreshock,4.0 - 4.99,POINT (50.647 30.151),
1989-05-27 21:31:57.290000+00:00,29.942,50.803,4.5,33.0,"46 km S of Dogonbadan, Iran",us,us,Background Event,4.0 - 4.99,POINT (50.803 29.942),
1989-05-27 20:39:58.540000+00:00,30.482,50.968,4.5,33.0,"21 km NE of Dogonbadan, Iran",us,us,Aftershock,4.0 - 4.99,POINT (50.968 30.482),
1989-05-27 20:36:05.250000+00:00,30.209,50.924,4.6,27.5,"20 km SE of Dogonbadan, Iran",us,us,Aftershock,4.0 - 4.99,POINT (50.924 30.209),
1989-05-27 20:08:37.310000+00:00,30.167,50.921,6.0,30.5,"24 km SSE of Dogonbadan, Iran",us,hrv,Mainshock,6.0 - 6.99,POINT (50.921 30.167),
1989-05-27 17:52:29.400000+00:00,30.09,51.005,4.8,33.0,"35 km SSE of Dogonbadan, Iran",us,us,Foreshock,4.0 - 4.99,POINT (51.005 30.09),
1989-05-08 23:28:28.840000+00:00,34.982,45.0,4.7,47.1,"32 km N of Kifr?, Iraq",us,us,Mainshock,4.0 - 4.99,POINT (45 34.982),
1989-05-03 12:16:40.780000+00:00,29.893,51.819,4.8,10.0,"34 km NNE of K?zer?n, Iran",us,us,Aftershock,4.0 - 4.99,POINT (51.819 29.893),
1989-05-03 09:13:24.230000+00:00,29.964,51.655,5.2,33.0,"21 km SE of N?r?b?d, Iran",us,hrv,Mainshock,5.0 - 5.99,POINT (51.655 29.964),
1989-05-03 09:12:41.840000+00:00,29.857,51.797,4.9,10.0,"29 km NNE of K?zer?n, Iran",us,us,Foreshock,4.0 - 4.99,POINT (51.797 29.857),
1989-04-16 22:17:12.970000+00:00,32.515,47.787,4.6,33.0,"52 km ESE of Dehlor?n, Iran",us,us,Aftershock,4.0 - 4.99,POINT (47.787 32.515),
1989-04-14 23:30:39.830000+00:00,32.632,47.743,4.6,33.0,"45 km E of Dehlor?n, Iran",us,us,Aftershock,4.0 - 4.99,POINT (47.743 32.632),
1989-04-02 21:24:36.960000+00:00,32.621,47.782,5.4,32.8,"48 km E of Dehlor?n, Iran",us,hrv,Mainshock,5.0 - 5.99,POINT (47.782 32.621),
1989-04-02 06:42:04.570000+00:00,28.252,57.315,5.4,44.3,"124 km SSE of K?h Sef?d, Iran",us,hrv,Mainshock,5.0 - 5.99,POINT (57.315 28.252),
1989-03-23 18:57:46.500000+00:00,27.725,56.899,4.5,33.0,"68 km NNW of M?n?b, Iran",us,us,Mainshock,4.0 - 4.99,POINT (56.899 27.725),
1989-03-15 19:26:45.440000+00:00,31.844,50.596,4.6,70.3,"45 km S of F?rs?n, Iran",us,us,Mainshock,4.0 - 4.99,POINT (50.596 31.844),
1989-03-13 07:37:23.810000+00:00,27.986,55.281,4.5,70.5,"111 km SE of D?r?b, Iran",us,us,Mainshock,4.0 - 4.99,POINT (55.281 27.986),
1989-03-01 19:11:58.850000+00:00,31.575,49.457,4.5,46.9,"35 km NNW of R?mhormoz, Iran",us,us,Mainshock,4.0 - 4.99,POINT (49.457 31.575),
1989-02-15 10:10:08.460000+00:00,37.29,50.304,4.6,53.1,"17 km N of R?dsar, Iran",us,us,Mainshock,4.0 - 4.99,POINT (50.304 37.29),
1989-02-13 14:23:02.380000+00:00,27.536,54.351,4.5,33.0,"25 km SE of Ger?sh, Iran",us,us,Mainshock,4.0 - 4.99,POINT (54.351 27.536),
1989-02-06 08:05:53.260000+00:00,30.736,50.058,4.6,33.0,"22 km E of Aghajari, Iran",us,us,Mainshock,4.0 - 4.99,POINT (50.058 30.736),
1989-01-13 14:26:27.060000+00:00,27.798,54.246,4.8,64.7,"17 km NE of Ger?sh, Iran",us,us,Mainshock,4.0 - 4.99,POINT (54.246 27.798),
1989-01-01 15:56:02.770000+00:00,27.065,54.142,4.5,55.7,"57 km NNE of K?sh, Iran",us,us,Aftershock,4.0 - 4.99,POINT (54.142 27.065),
1989-01-01 14:01:27.510000+00:00,27.04,54.401,4.7,33.0,"65 km NE of K?sh, Iran",us,us,Mainshock,4.0 - 4.99,POINT (54.401 27.04),
1988-12-27 22:08:51.050000+00:00,31.746,47.508,4.6,33.0,"35 km ESE of Al ‘Am?rah, Iraq",us,us,Mainshock,4.0 - 4.99,POINT (47.508 31.746),
1988-12-21 06:27:41.940000+00:00,30.142,50.594,4.5,33.0,"31 km SW of Dogonbadan, Iran",us,us,Mainshock,4.0 - 4.99,POINT (50.594 30.142),
1988-12-20 14:53:36.190000+00:00,29.629,51.764,4.6,46.1,"10 km E of K?zer?n, Iran",us,us,Mainshock,4.0 - 4.99,POINT (51.764 29.629),
1988-12-19 04:44:05.440000+00:00,35.399,46.047,4.7,33.0,"18 km SW of Mar?v?n, Iran",us,us,Mainshock,4.0 - 4.99,POINT (46.047 35.399),
1988-12-06 13:20:41.070000+00:00,29.948,51.652,5.9,10.0,"22 km SE of N?r?b?d, Iran",us,hrv,Mainshock,5.0 - 5.99,POINT (51.652 29.948),
1988-12-03 18:40:54.150000+00:00,34.495,53.089,4.7,33.0,"108 km SE of ?stg?h-e R?h ?han-e Garms?r, Iran",us,us,Mainshock,4.0 - 4.99,POINT (53.089 34.495),
1988-12-03 01:23:33.340000+00:00,30.248,57.542,5.2,28.0,"44 km E of Kerman, Iran",us,us,Mainshock,5.0 - 5.99,POINT (57.542 30.248),
1988-11-29 06:32:36.620000+00:00,37.104,57.676,4.6,33.0,"15 km ENE of Esfar?yen, Iran",us,us,Mainshock,4.0 - 4.99,POINT (57.676 37.104),
1988-11-21 17:27:04.750000+00:00,29.689,51.327,4.7,33.0,"32 km WNW of K?zer?n, Iran",us,us,Mainshock,4.0 - 4.99,POINT (51.327 29.689),
1988-11-20 23:08:21.890000+00:00,30.741,50.289,4.8,44.0,"16 km NNE of Behbah?n, Iran",us,us,Mainshock,4.0 - 4.99,POINT (50.289 30.741),
1988-11-15 03:26:24.830000+00:00,27.75,54.167,4.5,51.0,"9 km NNE of Ger?sh, Iran",us,us,Mainshock,4.0 - 4.99,POINT (54.167 27.75),
1988-10-26 14:49:24.060000+00:00,35.34,52.35,4.7,33.0,"12 km NNE of ?stg?h-e R?h ?han-e Garms?r, Iran",us,us,Aftershock,4.0 - 4.99,POINT (52.35 35.34),
1988-10-24 17:01:58.440000+00:00,35.206,52.257,4.9,33.0,"5 km WSW of ?stg?h-e R?h ?han-e Garms?r, Iran",us,us,Mainshock,4.0 - 4.99,POINT (52.257 35.206),
1988-10-16 23:35:24.510000+00:00,37.964,44.815,4.5,33.0,"26 km S of Salm?s, Iran",us,us,Mainshock,4.0 - 4.99,POINT (44.815 37.964),
1988-09-27 14:31:41.940000+00:00,30.038,51.693,4.5,10.0,"18 km ESE of N?r?b?d, Iran",us,us,Mainshock,4.0 - 4.99,POINT (51.693 30.038),
1988-09-23 01:02:58.010000+00:00,27.37,57.261,4.6,41.1,"31 km NNE of M?n?b, Iran",us,us,Mainshock,4.0 - 4.99,POINT (57.261 27.37),
1988-09-21 16:42:51.940000+00:00,30.227,51.661,4.9,10.0,"18 km NE of N?r?b?d, Iran",us,us,Mainshock,4.0 - 4.99,POINT (51.661 30.227),
1988-09-13 00:08:49.840000+00:00,30.239,50.236,4.6,33.0,"39 km S of Behbah?n, Iran",us,us,Mainshock,4.0 - 4.99,POINT (50.236 30.239),
1988-09-03 08:11:51.520000+00:00,35.148,52.502,4.7,10.0,"19 km ESE of ?stg?h-e R?h ?han-e Garms?r, Iran",us,us,Mainshock,4.0 - 4.99,POINT (52.502 35.148),
1988-08-30 17:30:21.300000+00:00,29.989,51.684,5.2,10.0,"20 km SE of N?r?b?d, Iran",us,hrv,Mainshock,5.0 - 5.99,POINT (51.684 29.989),
1988-08-28 19:51:14.560000+00:00,26.845,55.898,4.8,33.9,"38 km WSW of Qeshm, Iran",us,us,Mainshock,4.0 - 4.99,POINT (55.898 26.845),
1988-08-28 10:12:38.780000+00:00,30.014,51.8,4.5,10.0,"29 km ESE of N?r?b?d, Iran",us,us,Mainshock,4.0 - 4.99,POINT (51.8 30.014),
1988-08-26 09:49:31.590000+00:00,29.973,51.638,4.5,10.0,"19 km SE of N?r?b?d, Iran",us,us,Background Event,4.0 - 4.99,POINT (51.638 29.973),
1988-08-25 10:34:06.830000+00:00,32.869,48.249,4.8,33.0,"60 km NNW of Shahrak-e K?l?r?, Iran",us,us,Mainshock,4.0 - 4.99,POINT (48.249 32.869),
1988-08-23 10:58:08.090000+00:00,35.145,52.216,4.6,10.0,"13 km SW of ?stg?h-e R?h ?han-e Garms?r, Iran",us,us,Aftershock,4.0 - 4.99,POINT (52.216 35.145),
1988-08-23 05:30:47.900000+00:00,35.404,52.279,5.2,10.0,"19 km N of ?stg?h-e R?h ?han-e Garms?r, Iran",us,hrv,Aftershock,5.0 - 5.99,POINT (52.279 35.404),
1988-08-22 21:23:34.130000+00:00,35.28,52.35,5.3,10.0,"6 km NE of ?stg?h-e R?h ?han-e Garms?r, Iran",us,hrv,Mainshock,5.0 - 5.99,POINT (52.35 35.28),
1988-08-13 16:46:24.500000+00:00,29.936,51.62,4.6,20.9,"21 km SSE of N?r?b?d, Iran",us,us,Aftershock,4.0 - 4.99,POINT (51.62 29.936),
1988-08-11 21:52:17.930000+00:00,29.85,51.499,4.5,33.0,"29 km S of N?r?b?d, Iran",us,us,Aftershock,4.0 - 4.99,POINT (51.499 29.85),
1988-08-11 16:39:58.880000+00:00,29.935,51.518,4.7,33.0,"19 km S of N?r?b?d, Iran",us,us,Aftershock,4.0 - 4.99,POINT (51.518 29.935),
1988-08-11 16:04:45.610000+00:00,29.974,51.679,6.1,33.0,"21 km SE of N?r?b?d, Iran",us,hrv,Mainshock,6.0 - 6.99,POINT (51.679 29.974),
1988-08-11 16:00:07.540000+00:00,29.971,51.575,5.8,32.2,"16 km SSE of N?r?b?d, Iran",us,hrv,Foreshock,5.0 - 5.99,POINT (51.575 29.971),
1988-08-07 15:15:48.730000+00:00,30.762,50.086,4.6,39.2,"23 km NW of Behbah?n, Iran",us,us,Mainshock,4.0 - 4.99,POINT (50.086 30.762),
1988-07-26 23:59:25.410000+00:00,28.201,57.357,4.6,33.0,"121 km NNE of M?n?b, Iran",us,us,Mainshock,4.0 - 4.99,POINT (57.357 28.201),
1988-07-25 07:58:42.280000+00:00,35.941,45.935,4.9,77.1,"7 km SE of B?neh, Iran",us,us,Mainshock,4.0 - 4.99,POINT (45.935 35.941),
1988-07-23 19:10:02.980000+00:00,30.837,50.113,4.6,40.2,"29 km NNW of Behbah?n, Iran",us,us,Mainshock,4.0 - 4.99,POINT (50.113 30.837),
1988-07-22 03:42:30.070000+00:00,34.039,46.725,4.6,33.0,"43 km SW of Kermanshah, Iran",us,us,Mainshock,4.0 - 4.99,POINT (46.725 34.039),
1988-07-13 01:49:44.160000+00:00,32.99,47.136,4.8,78.9,"26 km W of ?bd?n?n, Iran",us,us,Mainshock,4.0 - 4.99,POINT (47.136 32.99),
1988-07-08 16:56:32.170000+00:00,36.703,44.034,4.7,67.0,"14 km ESE of ‘Aqrah, Iraq",us,us,Mainshock,4.0 - 4.99,POINT (44.034 36.703),
1988-07-06 02:10:57.930000+00:00,29.374,52.486,4.6,20.7,"26 km S of Shiraz, Iran",us,us,Mainshock,4.0 - 4.99,POINT (52.486 29.374),
1988-06-27 08:19:37.130000+00:00,33.951,46.257,4.6,33.0,"38 km NNW of ?l?m, Iran",us,us,Mainshock,4.0 - 4.99,POINT (46.257 33.951),
1988-06-23 01:31:56.420000+00:00,30.789,50.056,4.5,33.0,"23 km ENE of Aghajari, Iran",us,us,Mainshock,4.0 - 4.99,POINT (50.056 30.789),
1988-06-13 21:31:49.120000+00:00,28.264,56.824,4.7,60.8,"112 km S of K?h Sef?d, Iran",us,us,Aftershock,4.0 - 4.99,POINT (56.824 28.264),
1988-06-09 00:09:49.570000+00:00,28.386,56.868,5.2,26.8,"98 km S of K?h Sef?d, Iran",us,hrv,Mainshock,5.0 - 5.99,POINT (56.868 28.386),
1988-06-07 02:08:39.620000+00:00,38.428,55.526,4.5,33.0,"89 km SW of Serdar, Turkmenistan",us,us,Mainshock,4.0 - 4.99,POINT (55.526 38.428),
1988-06-06 08:42:01.630000+00:00,29.779,51.122,4.9,34.6,"53 km SW of N?r?b?d, Iran",us,us,Mainshock,4.0 - 4.99,POINT (51.122 29.779),
1988-06-04 03:09:01.890000+00:00,36.954,45.294,4.8,44.9,"8 km W of Naqadeh, Iran",us,us,Mainshock,4.0 - 4.99,POINT (45.294 36.954),
1988-05-27 20:50:01.650000+00:00,32.565,56.156,4.6,33.0,"128 km NE of B?fq, Iran",us,us,Mainshock,4.0 - 4.99,POINT (56.156 32.565),
1988-05-08 06:50:20.090000+00:00,35.261,55.884,4.8,42.3,"152 km SSE of Shahrud, Iran",us,us,Mainshock,4.0 - 4.99,POINT (55.884 35.261),
1988-05-03 08:53:47.010000+00:00,32.006,49.676,4.8,59.7,"36 km ENE of Masjed Soleym?n, Iran",us,us,Mainshock,4.0 - 4.99,POINT (49.676 32.006),
1988-04-22 01:54:08.890000+00:00,30.793,50.373,5.1,32.1,Southern Iran,us,us,Mainshock,5.0 - 5.99,POINT (50.373 30.793),
1988-04-21 10:01:48.070000+00:00,39.045,44.05,4.7,47.3,"43 km N of Özalp, Turkey",us,us,Mainshock,4.0 - 4.99,POINT (44.05 39.045),
1988-04-20 13:30:14.510000+00:00,30.524,50.087,4.6,33.0,"16 km WSW of Behbah?n, Iran",us,us,Mainshock,4.0 - 4.99,POINT (50.087 30.524),
1988-04-20 03:50:08.390000+00:00,39.109,44.123,5.5,55.2,Turkey-Iran border region,us,hrv,Mainshock,5.0 - 5.99,POINT (44.123 39.109),
1988-04-16 22:47:22.610000+00:00,32.193,49.162,4.5,28.5,western Iran,us,us,Mainshock,4.0 - 4.99,POINT (49.162 32.193),
1988-04-13 03:40:02.970000+00:00,30.227,57.55,4.5,47.8,"45 km E of Kerman, Iran",us,us,Mainshock,4.0 - 4.99,POINT (57.55 30.227),
1988-03-30 03:14:56.960000+00:00,30.731,50.186,4.6,43.1,"15 km NNW of Behbah?n, Iran",us,us,Aftershock,4.0 - 4.99,POINT (50.186 30.731),
1988-03-30 02:12:42.860000+00:00,30.89,50.194,5.9,32.9,"32 km N of Behbah?n, Iran",us,hrv,Mainshock,5.0 - 5.99,POINT (50.194 30.89),
1988-03-28 15:40:51.160000+00:00,30.759,50.112,4.7,39.9,"21 km NW of Behbah?n, Iran",us,us,Background Event,4.0 - 4.99,POINT (50.112 30.759),
1988-03-26 12:53:49.570000+00:00,31.055,49.963,4.5,48.8,"40 km NE of Om?d?yeh, Iran",us,us,Background Event,4.0 - 4.99,POINT (49.963 31.055),
1988-03-14 02:26:39.430000+00:00,24.922,62.869,4.6,33.0,"59 km ESE of Gwadar, Pakistan",us,us,Mainshock,4.0 - 4.99,POINT (62.869 24.922),
1988-03-11 07:38:38.770000+00:00,37.234,56.268,4.9,33.0,"70 km ESE of Kal?leh, Iran",us,us,Mainshock,4.0 - 4.99,POINT (56.268 37.234),
1988-02-23 06:41:06.760000+00:00,27.166,53.31,4.8,33.0,"60 km SE of Mohr, Iran",us,us,Mainshock,4.0 - 4.99,POINT (53.31 27.166),
1988-02-22 14:51:54.330000+00:00,27.145,53.223,4.8,68.6,"56 km SE of Mohr, Iran",us,us,Foreshock,4.0 - 4.99,POINT (53.223 27.145),
1988-02-19 04:19:03.340000+00:00,33.658,46.901,4.6,88.3,"44 km E of ?l?m, Iran",us,us,Mainshock,4.0 - 4.99,POINT (46.901 33.658),
1988-02-17 10:09:23.610000+00:00,27.693,54.253,4.6,44.6,"11 km ENE of Ger?sh, Iran",us,us,Mainshock,4.0 - 4.99,POINT (54.253 27.693),
1988-02-16 12:44:46.470000+00:00,28.085,53.677,4.9,50.8,"64 km NW of Ger?sh, Iran",us,us,Mainshock,4.0 - 4.99,POINT (53.677 28.085),
1988-01-29 15:29:30.300000+00:00,28.073,53.837,4.7,33.0,"53 km NNW of Ger?sh, Iran",us,us,Background Event,4.0 - 4.99,POINT (53.837 28.073),
1988-01-29 10:54:15.040000+00:00,34.446,46.291,4.5,33.0,"39 km E of Sarpol-e Z?ah?b, Iran",us,us,Mainshock,4.0 - 4.99,POINT (46.291 34.446),
1988-01-28 21:08:54.280000+00:00,28.038,53.838,4.9,22.8,"50 km NW of Ger?sh, Iran",us,us,Mainshock,4.0 - 4.99,POINT (53.838 28.038),
1988-01-28 05:32:58.670000+00:00,32.916,47.168,5.0,75.1,"25 km WSW of ?bd?n?n, Iran",us,us,Mainshock,5.0 - 5.99,POINT (47.168 32.916),
1988-01-28 05:03:08.650000+00:00,32.535,46.935,4.7,35.6,"24 km ENE of ‘Al? al Gharb?, Iraq",us,us,Foreshock,4.0 - 4.99,POINT (46.935 32.535),
1988-01-28 01:34:49.420000+00:00,32.62,46.964,4.7,38.2,"29 km WSW of Dehlor?n, Iran",us,us,Foreshock,4.0 - 4.99,POINT (46.964 32.62),
1988-01-27 13:05:01.660000+00:00,32.628,46.916,4.9,39.3,"28 km NE of ‘Al? al Gharb?, Iraq",us,us,Foreshock,4.0 - 4.99,POINT (46.916 32.628),
1988-01-27 07:44:14.220000+00:00,32.662,46.947,5.0,36.6,"30 km W of Dehlor?n, Iran",us,us,Foreshock,5.0 - 5.99,POINT (46.947 32.662),
1988-01-27 03:46:59.530000+00:00,39.829,45.15,4.6,33.0,"7 km NNW of Rrind, Armenia",us,us,Mainshock,4.0 - 4.99,POINT (45.15 39.829),
1988-01-26 14:36:30.330000+00:00,32.633,46.918,4.9,35.7,"28 km NE of ‘Al? al Gharb?, Iraq",us,us,Mainshock,4.0 - 4.99,POINT (46.918 32.633),
1988-01-26 13:17:28.610000+00:00,32.648,46.856,4.5,44.8,"25 km NE of ‘Al? al Gharb?, Iraq",us,us,Foreshock,4.0 - 4.99,POINT (46.856 32.648),
1988-01-26 11:59:41.660000+00:00,32.55,46.749,4.5,57.6,"11 km NNE of ‘Al? al Gharb?, Iraq",us,us,Foreshock,4.0 - 4.99,POINT (46.749 32.55),
1988-01-26 10:53:26.470000+00:00,32.463,46.631,4.7,47.0,"5 km W of ‘Al? al Gharb?, Iraq",us,us,Foreshock,4.0 - 4.99,POINT (46.631 32.463),
1988-01-26 09:45:50.150000+00:00,32.962,47.189,5.0,77.5,"21 km W of ?bd?n?n, Iran",us,us,Aftershock,5.0 - 5.99,POINT (47.189 32.962),
1988-01-26 09:34:48.700000+00:00,32.665,47.054,5.6,34.3,"20 km W of Dehlor?n, Iran",us,hrv,Mainshock,5.0 - 5.99,POINT (47.054 32.665),
1988-01-20 06:55:27.760000+00:00,32.829,46.286,4.5,47.6,"34 km SSE of Mehr?n, Iran",us,us,Aftershock,4.0 - 4.99,POINT (46.286 32.829),
1988-01-17 18:41:42.730000+00:00,32.699,46.534,4.6,40.4,"30 km NNW of ‘Al? al Gharb?, Iraq",us,us,Aftershock,4.0 - 4.99,POINT (46.534 32.699),
1988-01-17 18:20:11.540000+00:00,32.673,46.86,4.8,50.7,"28 km NE of ‘Al? al Gharb?, Iraq",us,us,Mainshock,4.0 - 4.99,POINT (46.86 32.673),
1988-01-14 19:05:04.720000+00:00,27.077,55.887,4.7,47.4,"40 km WNW of Qeshm, Iran",us,us,Mainshock,4.0 - 4.99,POINT (55.887 27.077),
1988-01-14 11:29:20.220000+00:00,36.006,50.598,4.6,33.0,"5 km N of Naz?ar?b?d, Iran",us,us,Mainshock,4.0 - 4.99,POINT (50.598 36.006),
1988-01-13 05:56:57.590000+00:00,37.276,54.415,4.8,33.0,"48 km N of Gorg?n, Iran",us,us,Mainshock,4.0 - 4.99,POINT (54.415 37.276),
1988-01-07 10:59:38.780000+00:00,38.346,45.476,4.7,33.0,"27 km WSW of Marand, Iran",us,us,Mainshock,4.0 - 4.99,POINT (45.476 38.346),
2019-12-30 13:54:30.609000+00:00,27.3933,56.6391,4.7,10.0,"42 km ENE of Bandar Abbas, Iran",us,us,Aftershock,4.0 - 4.99,POINT (56.6391 27.3933),
2019-12-30 13:49:45.226000+00:00,27.3841,56.5405,5.0,10.0,"33 km NE of Bandar Abbas, Iran",us,us,Mainshock,5.0 - 5.99,POINT (56.5405 27.3841),
2019-12-28 10:20:28.455000+00:00,33.013,46.6656,4.6,10.0,"48 km ESE of Mehr?n, Iran",us,us,Mainshock,4.0 - 4.99,POINT (46.6656 33.013),
2019-12-27 01:53:11.845000+00:00,28.8664,51.3743,4.8,10.0,"47 km SSE of Bor?zj?n, Iran",us,us,Mainshock,4.0 - 4.99,POINT (51.3743 28.8664),
2019-12-22 11:27:29.366000+00:00,32.5445,48.9049,4.9,10.0,"46 km ENE of Shahrak-e K?l?r?, Iran",us,us,Mainshock,4.0 - 4.99,POINT (48.9049 32.5445),
2019-12-10 08:21:41.183000+00:00,30.8685,50.077,4.8,10.0,"29 km NE of Aghajari, Iran",us,us,Mainshock,4.0 - 4.99,POINT (50.077 30.8685),
2019-12-04 21:37:05.412000+00:00,28.2279,51.66,4.6,10.0,"112 km SW of F?r?z?b?d, Iran",us,us,Mainshock,4.0 - 4.99,POINT (51.66 28.2279),
2019-12-04 04:15:10.728000+00:00,24.9861,62.9434,4.5,10.0,"61 km WSW of Pasni, Pakistan",us,us,Mainshock,4.0 - 4.99,POINT (62.9434 24.9861),
2019-12-03 17:47:51.158000+00:00,39.1281,54.6174,4.6,10.0,Turkmenistan,us,us,Mainshock,4.0 - 4.99,POINT (54.6174 39.1281),
2019-11-29 17:20:13.576000+00:00,31.9436,49.8143,5.0,10.0,"48 km E of Masjed Soleym?n, Iran",us,us,Mainshock,5.0 - 5.99,POINT (49.8143 31.9436),
2019-11-23 10:57:38.307000+00:00,30.985,49.8519,4.5,10.0,"28 km NNE of Om?d?yeh, Iran",us,us,Mainshock,4.0 - 4.99,POINT (49.8519 30.985),
2019-11-19 00:14:13.557000+00:00,38.5443,44.4021,4.7,10.0,"38 km ESE of Özalp, Turkey",us,us,Mainshock,4.0 - 4.99,POINT (44.4021 38.5443),
2019-11-15 01:51:18.607000+00:00,27.1001,57.8218,4.5,10.0,"72 km E of M?n?b, Iran",us,us,Aftershock,4.0 - 4.99,POINT (57.8218 27.1001),
2019-11-12 08:25:21.359000+00:00,27.1756,57.8137,4.9,10.0,"72 km E of M?n?b, Iran",us,us,Mainshock,4.0 - 4.99,POINT (57.8137 27.1756),
2019-11-10 16:02:12.852000+00:00,27.9215,56.3729,4.6,10.0,"81 km N of Bandar Abbas, Iran",us,us,Mainshock,4.0 - 4.99,POINT (56.3729 27.9215),
2019-11-10 02:13:47.469000+00:00,37.7305,47.5146,4.8,10.0,"49 km NE of Hashtr?d, Iran",us,us,Aftershock,4.0 - 4.99,POINT (47.5146 37.7305),
2019-11-08 13:51:47.560000+00:00,37.8833,47.4575,4.6,10.0,"57 km NE of Hashtr?d, Iran",us,us,Aftershock,4.0 - 4.99,POINT (47.4575 37.8833),
2019-11-07 22:47:07.041000+00:00,37.8026,47.5814,5.9,20.0,"59 km NE of Hashtr?d, Iran",us,us,Mainshock,5.0 - 5.99,POINT (47.5814 37.8026),
2019-11-06 16:28:51.488000+00:00,27.2849,54.8962,4.5,10.0,"80 km N of Bandar-e Lengeh, Iran",us,us,Mainshock,4.0 - 4.99,POINT (54.8962 27.2849),
2019-11-06 08:37:24.231000+00:00,26.7301,55.1342,4.5,10.0,"31 km NE of Bandar-e Lengeh, Iran",us,us,Mainshock,4.0 - 4.99,POINT (55.1342 26.7301),
2019-11-06 07:40:43.027000+00:00,27.238,54.9597,5.4,10.0,"75 km N of Bandar-e Lengeh, Iran",us,us,Mainshock,5.0 - 5.99,POINT (54.9597 27.238),
2019-11-01 08:20:57.175000+00:00,32.6933,48.1582,4.5,10.0,"47 km NW of Shahrak-e K?l?r?, Iran",us,us,Mainshock,4.0 - 4.99,POINT (48.1582 32.6933),
2019-10-31 15:43:59.157000+00:00,26.158,54.7286,5.0,10.0,"46 km SSW of Bandar-e Lengeh, Iran",us,us,Mainshock,5.0 - 5.99,POINT (54.7286 26.158),
2019-10-30 01:56:52.300000+00:00,27.2171,55.0268,4.5,10.0,"74 km NNE of Bandar-e Lengeh, Iran",us,us,Aftershock,4.0 - 4.99,POINT (55.0268 27.2171),
2019-10-21 13:16:17.794000+00:00,27.2424,55.063,4.5,10.0,"77 km NNE of Bandar-e Lengeh, Iran",us,us,Aftershock,4.0 - 4.99,POINT (55.063 27.2424),
2019-10-21 10:58:52.650000+00:00,27.2259,55.0039,5.5,9.0,"75 km N of Bandar-e Lengeh, Iran",us,us,Mainshock,5.0 - 5.99,POINT (55.0039 27.2259),
2019-10-12 17:21:23.098000+00:00,32.3678,49.7049,4.9,10.0,"60 km NE of Masjed Soleym?n, Iran",us,us,Mainshock,4.0 - 4.99,POINT (49.7049 32.3678),
2019-09-24 09:02:00.930000+00:00,31.8651,49.6636,4.7,32.63,"34 km ESE of Masjed Soleym?n, Iran",us,us,Mainshock,4.0 - 4.99,POINT (49.6636 31.8651),
2019-09-17 19:29:56.434000+00:00,35.3317,46.2297,4.6,16.09,"21 km SSE of Mar?v?n, Iran",us,us,Mainshock,4.0 - 4.99,POINT (46.2297 35.3317),
2019-09-16 16:55:41.986000+00:00,27.6148,56.3437,4.5,10.0,"47 km N of Bandar Abbas, Iran",us,us,Mainshock,4.0 - 4.99,POINT (56.3437 27.6148),
2019-09-16 12:56:57.713000+00:00,31.3802,51.1235,4.6,10.0,"42 km W of Sem?rom, Iran",us,us,Mainshock,4.0 - 4.99,POINT (51.1235 31.3802),
2019-09-08 10:53:27.902000+00:00,26.9094,55.608,4.6,10.0,"65 km W of Qeshm, Iran",us,us,Mainshock,4.0 - 4.99,POINT (55.608 26.9094),
2019-09-03 18:47:00.026000+00:00,27.1596,59.6919,4.9,10.0,"64 km N of Fann?j, Iran",us,us,Mainshock,4.0 - 4.99,POINT (59.6919 27.1596),
2019-08-04 19:51:16.008000+00:00,30.5857,50.8453,5.4,7.72,"25 km N of Dogonbadan, Iran",us,us,Mainshock,5.0 - 5.99,POINT (50.8453 30.5857),
2019-07-29 20:47:09.847000+00:00,34.3828,45.644,4.7,10.0,"21 km WSW of Sarpol-e Z?ah?b, Iran",us,us,Mainshock,4.0 - 4.99,POINT (45.644 34.3828),
2019-07-22 22:59:02.026000+00:00,26.759,55.0084,5.0,10.0,"25 km NNE of Bandar-e Lengeh, Iran",us,us,Mainshock,5.0 - 5.99,POINT (55.0084 26.759),
2019-07-17 15:19:32.703000+00:00,34.3355,45.6504,4.5,10.0,"23 km SW of Sarpol-e Z?ah?b, Iran",us,us,Mainshock,4.0 - 4.99,POINT (45.6504 34.3355),
2019-07-16 16:21:04.552000+00:00,28.4173,56.761,4.5,10.0,"95 km S of K?h Sef?d, Iran",us,us,Mainshock,4.0 - 4.99,POINT (56.761 28.4173),
2019-07-16 12:02:26.976000+00:00,27.6805,53.2588,4.5,10.0,"39 km ENE of Mohr, Iran",us,us,Mainshock,4.0 - 4.99,POINT (53.2588 27.6805),
2019-07-08 07:26:18.650000+00:00,31.7688,49.4092,4.7,10.0,"21 km SSE of Masjed Soleym?n, Iran",us,us,Aftershock,4.0 - 4.99,POINT (49.4092 31.7688),
2019-07-08 07:00:32.441000+00:00,31.7564,49.5611,5.6,19.0,"31 km SE of Masjed Soleym?n, Iran",us,us,Mainshock,5.0 - 5.99,POINT (49.5611 31.7564),
2019-07-04 06:27:31.973000+00:00,35.9313,54.3844,4.7,10.0,"26 km S of D?mgh?n, Iran",us,us,Mainshock,4.0 - 4.99,POINT (54.3844 35.9313),
2019-06-23 16:51:59.868000+00:00,34.4405,45.6199,4.7,10.0,"22 km W of Sarpol-e Z?ah?b, Iran",us,us,Mainshock,4.0 - 4.99,POINT (45.6199 34.4405),
2019-06-20 10:20:29.630000+00:00,33.5304,59.6126,4.5,10.0,"45 km ESE of Q?’en, Iran",us,us,Mainshock,4.0 - 4.99,POINT (59.6126 33.5304),
2019-06-17 13:32:26.307000+00:00,27.6334,55.8904,4.7,10.0,"62 km NW of Bandar Abbas, Iran",us,us,Mainshock,4.0 - 4.99,POINT (55.8904 27.6334),
2019-06-05 03:36:15.632000+00:00,34.4738,45.7379,4.6,10.0,"11 km W of Sarpol-e Z?ah?b, Iran",us,us,Aftershock,4.0 - 4.99,POINT (45.7379 34.4738),
2019-06-05 03:33:05.508000+00:00,34.369,45.6153,4.7,10.0,"24 km WSW of Sarpol-e Z?ah?b, Iran",us,us,Mainshock,4.0 - 4.99,POINT (45.6153 34.369),
2019-06-01 04:34:02.911000+00:00,32.1414,48.9222,4.9,10.0,"12 km NE of Sh?shtar, Iran",us,us,Mainshock,4.0 - 4.99,POINT (48.9222 32.1414),
2019-05-18 07:48:18.197000+00:00,29.6815,52.0303,4.6,10.0,"37 km E of K?zer?n, Iran",us,us,Mainshock,4.0 - 4.99,POINT (52.0303 29.6815),
2019-05-11 10:28:59.929000+00:00,34.9557,45.7333,5.2,10.0,"33 km SW of ?alabja, Iraq",us,us,Mainshock,5.0 - 5.99,POINT (45.7333 34.9557),
2019-04-20 02:41:06.243000+00:00,27.2213,55.8008,4.7,10.0,"47 km W of Bandar Abbas, Iran",us,us,Mainshock,4.0 - 4.99,POINT (55.8008 27.2213),
2019-04-17 20:02:50.521000+00:00,33.1865,46.5098,4.6,10.0,"32 km ENE of Mehr?n, Iran",us,us,Mainshock,4.0 - 4.99,POINT (46.5098 33.1865),
2019-04-01 10:16:14.480000+00:00,33.6821,45.7837,4.8,10.0,"22 km ESE of Mandal?, Iraq",us,us,Aftershock,4.0 - 4.99,POINT (45.7837 33.6821),
2019-04-01 10:07:23.671000+00:00,33.5495,45.7739,5.3,10.0,"29 km SE of Mandal?, Iraq",us,us,Mainshock,5.0 - 5.99,POINT (45.7739 33.5495),
2019-03-30 22:44:24.860000+00:00,28.5746,51.6069,4.6,10.0,"85 km SSE of Bor?zj?n, Iran",us,us,Mainshock,4.0 - 4.99,POINT (51.6069 28.5746),
2019-03-21 10:03:58.256000+00:00,27.0832,53.8579,4.6,10.0,"60 km NNW of K?sh, Iran",us,us,Mainshock,4.0 - 4.99,POINT (53.8579 27.0832),
2019-03-12 12:06:05.232000+00:00,34.0432,45.425,4.5,10.0,"34 km NNW of Mandal?, Iraq",us,us,Mainshock,4.0 - 4.99,POINT (45.425 34.0432),
2019-02-27 05:42:53.096000+00:00,33.0339,47.5653,4.6,10.0,"14 km ENE of ?bd?n?n, Iran",us,us,Mainshock,4.0 - 4.99,POINT (47.5653 33.0339),
2019-02-11 04:12:31.330000+00:00,27.0666,55.6283,4.5,10.0,"64 km WNW of Qeshm, Iran",us,us,Aftershock,4.0 - 4.99,POINT (55.6283 27.0666),
2019-02-10 10:54:48.300000+00:00,27.0899,55.5458,5.4,10.0,"73 km WNW of Qeshm, Iran",us,us,Mainshock,5.0 - 5.99,POINT (55.5458 27.0899),
2019-02-09 21:26:21.840000+00:00,31.6816,49.5427,4.8,10.0,"36 km SE of Masjed Soleym?n, Iran",us,us,Mainshock,4.0 - 4.99,POINT (49.5427 31.6816),
2019-01-31 09:31:27.904000+00:00,37.5461,48.8456,4.7,10.0,"28 km S of Hashtpar, Iran",us,us,Mainshock,4.0 - 4.99,POINT (48.8456 37.5461),
2019-01-06 14:15:07.940000+00:00,34.0464,45.6698,4.9,10.0,"34 km NNE of Mandal?, Iraq",us,us,Aftershock,4.0 - 4.99,POINT (45.6698 34.0464),
2019-01-06 13:55:06.710000+00:00,34.0765,45.5737,4.6,10.0,"36 km N of Mandal?, Iraq",us,us,Aftershock,4.0 - 4.99,POINT (45.5737 34.0765),
2019-01-06 13:54:19.910000+00:00,34.0932,45.5111,4.6,7.18,"38 km N of Mandal?, Iraq",us,us,Aftershock,4.0 - 4.99,POINT (45.5111 34.0932),
2019-01-06 13:41:59.060000+00:00,34.1248,45.6794,5.6,14.0,"40 km SSW of Sarpol-e Z?ah?b, Iran",us,us,Mainshock,5.0 - 5.99,POINT (45.6794 34.1248),
2019-01-06 04:48:09.070000+00:00,28.5413,51.6003,5.0,10.0,"88 km ESE of Bushehr, Iran",us,us,Mainshock,5.0 - 5.99,POINT (51.6003 28.5413),
2019-01-02 07:57:29.570000+00:00,29.3932,51.3003,4.9,10.0,"15 km NNE of Bor?zj?n, Iran",us,us,Mainshock,4.0 - 4.99,POINT (51.3003 29.3932),
2019-01-01 16:39:16.490000+00:00,29.4236,51.2694,4.6,10.0,"17 km NNE of Bor?zj?n, Iran",us,us,Foreshock,4.0 - 4.99,POINT (51.2694 29.4236),
2018-12-17 10:03:36.510000+00:00,38.544,49.5347,4.7,26.47,"58 km E of Astara, Azerbaijan",us,us,Mainshock,4.0 - 4.99,POINT (49.5347 38.544),
2018-12-11 08:35:27.140000+00:00,31.2623,48.1591,4.6,10.0,"33 km S of S?sangerd, Iran",us,us,Mainshock,4.0 - 4.99,POINT (48.1591 31.2623),
2018-12-09 03:24:10.560000+00:00,34.2797,45.8032,4.7,10.0,"20 km SSW of Sarpol-e Z?ah?b, Iran",us,us,Aftershock,4.0 - 4.99,POINT (45.8032 34.2797),
2018-11-29 13:16:23.460000+00:00,34.3993,45.8891,4.5,10.0,"7 km SSE of Sarpol-e Z?ah?b, Iran",us,us,Aftershock,4.0 - 4.99,POINT (45.8891 34.3993),
2018-11-27 06:36:34.150000+00:00,34.3789,45.4852,4.6,10.0,"35 km WSW of Sarpol-e Z?ah?b, Iran",us,us,Aftershock,4.0 - 4.99,POINT (45.4852 34.3789),
2018-11-26 01:19:41.530000+00:00,34.3065,45.6989,4.9,10.0,"22 km SW of Sarpol-e Z?ah?b, Iran",us,us,Aftershock,4.0 - 4.99,POINT (45.6989 34.3065),
2018-11-26 00:38:36.740000+00:00,34.3869,45.7492,4.9,10.0,"13 km SW of Sarpol-e Z?ah?b, Iran",us,us,Aftershock,4.0 - 4.99,POINT (45.7492 34.3869),
2018-11-25 23:00:46.470000+00:00,34.238,45.6438,5.0,10.0,"31 km SW of Sarpol-e Z?ah?b, Iran",us,us,Aftershock,5.0 - 5.99,POINT (45.6438 34.238),
2018-11-25 20:56:37.520000+00:00,34.147,45.5038,4.5,10.0,"44 km N of Mandal?, Iraq",us,us,Aftershock,4.0 - 4.99,POINT (45.5038 34.147),
2018-11-25 17:09:36.010000+00:00,34.4157,45.7209,5.2,10.0,"13 km WSW of Sarpol-e Z?ah?b, Iran",us,us,Aftershock,5.0 - 5.99,POINT (45.7209 34.4157),
2018-11-25 16:37:32.830000+00:00,34.3609,45.7443,6.3,18.0,"15 km SW of Sarpol-e Z?ah?b, Iran",us,us,Mainshock,6.0 - 6.99,POINT (45.7443 34.3609),
2018-11-22 02:11:50.500000+00:00,27.0294,53.76,4.7,10.0,"58 km NNW of K?sh, Iran",us,us,Mainshock,4.0 - 4.99,POINT (53.76 27.0294),
2018-11-17 19:19:06.090000+00:00,34.5709,46.2268,4.5,10.0,"35 km ENE of Sarpol-e Z?ah?b, Iran",us,us,Mainshock,4.0 - 4.99,POINT (46.2268 34.5709),
2018-11-16 20:16:57.670000+00:00,28.2663,58.2083,4.9,10.0,"94 km S of Bam, Iran",us,us,Mainshock,4.0 - 4.99,POINT (58.2083 28.2663),
2018-10-17 03:16:54.760000+00:00,34.4333,45.4753,4.5,10.0,"35 km W of Sarpol-e Z?ah?b, Iran",us,us,Mainshock,4.0 - 4.99,POINT (45.4753 34.4333),
2018-10-07 14:25:23.890000+00:00,31.3197,49.9612,4.5,10.0,"34 km E of R?mhormoz, Iran",us,us,Mainshock,4.0 - 4.99,POINT (49.9612 31.3197),
2018-10-02 02:42:49.690000+00:00,31.9199,50.5583,4.9,10.0,"37 km S of F?rs?n, Iran",us,us,Mainshock,4.0 - 4.99,POINT (50.5583 31.9199),
2018-09-30 13:23:27.740000+00:00,28.9267,57.4876,4.7,10.0,"77 km ESE of K?h Sef?d, Iran",us,us,Mainshock,4.0 - 4.99,POINT (57.4876 28.9267),
2018-09-23 05:22:58.800000+00:00,29.4763,52.0421,4.7,10.0,"40 km ESE of K?zer?n, Iran",us,us,Mainshock,4.0 - 4.99,POINT (52.0421 29.4763),
2018-09-22 22:34:44.020000+00:00,36.7451,53.0728,4.7,10.0,"18 km NE of J?yb?r, Iran",us,us,Mainshock,4.0 - 4.99,POINT (53.0728 36.7451),
2018-09-19 19:29:20.180000+00:00,33.6162,45.7234,4.6,10.0,"21 km SE of Mandal?, Iraq",us,us,Mainshock,4.0 - 4.99,POINT (45.7234 33.6162),
2018-09-07 06:23:38.660000+00:00,28.3261,59.3199,5.6,10.0,"127 km SE of Bam, Iran",us,us,Mainshock,5.0 - 5.99,POINT (59.3199 28.3261),
2018-08-31 21:05:44.360000+00:00,34.6512,46.0736,5.3,10.0,"28 km NE of Sarpol-e Z?ah?b, Iran",us,us,Mainshock,5.0 - 5.99,POINT (46.0736 34.6512),
2018-08-29 05:34:37.980000+00:00,34.7682,46.1199,4.8,10.0,"36 km W of Jav?nr?d, Iran",us,us,Background Event,4.0 - 4.99,POINT (46.1199 34.7682),
2018-08-28 12:57:13.940000+00:00,38.8209,48.8124,5.0,10.0,"7 km NE of Haftoni, Azerbaijan",us,us,Mainshock,5.0 - 5.99,POINT (48.8124 38.8209),
2018-08-28 04:17:39.880000+00:00,31.7283,52.7447,4.6,10.0,"63 km N of Abadeh, Iran",us,us,Mainshock,4.0 - 4.99,POINT (52.7447 31.7283),
2018-08-27 12:09:02.720000+00:00,25.0779,62.9048,4.9,10.0,"58 km E of Gwadar, Pakistan",us,us,Mainshock,4.0 - 4.99,POINT (62.9048 25.0779),
2018-08-26 09:23:33.250000+00:00,34.5589,46.1467,4.5,10.0,"28 km ENE of Sarpol-e Z?ah?b, Iran",us,us,Aftershock,4.0 - 4.99,POINT (46.1467 34.5589),
2018-08-25 22:13:25.620000+00:00,34.6111,46.2422,6.0,10.0,"32 km SW of Jav?nr?d, Iran",us,us,Mainshock,6.0 - 6.99,POINT (46.2422 34.6111),
2018-08-23 10:52:45.350000+00:00,27.1117,54.2142,5.0,10.0,"62 km S of Ger?sh, Iran",us,us,Mainshock,5.0 - 5.99,POINT (54.2142 27.1117),
2018-08-23 05:19:02.580000+00:00,29.3346,56.815,4.6,86.9,"6 km NNE of K?h Sef?d, Iran",us,us,Mainshock,4.0 - 4.99,POINT (56.815 29.3346),
2018-08-11 04:03:33.780000+00:00,30.1524,60.6812,4.6,10.0,"72 km ENE of No?rat?b?d, Iran",us,us,Mainshock,4.0 - 4.99,POINT (60.6812 30.1524),
2018-07-22 20:59:51.750000+00:00,27.6609,54.9128,4.9,10.0,"76 km E of Ger?sh, Iran",us,us,Mainshock,4.0 - 4.99,POINT (54.9128 27.6609),
2018-07-22 20:39:17.390000+00:00,30.4313,57.4531,5.6,10.0,"39 km ENE of Kerman, Iran",us,us,Mainshock,5.0 - 5.99,POINT (57.4531 30.4313),
2018-07-22 10:07:27.220000+00:00,34.5909,46.1661,5.8,12.0,"31 km ENE of Sarpol-e Z?ah?b, Iran",us,us,Mainshock,5.0 - 5.99,POINT (46.1661 34.5909),
2018-07-22 05:07:02.460000+00:00,27.6631,54.8786,5.4,8.0,"73 km E of Ger?sh, Iran",us,us,Mainshock,5.0 - 5.99,POINT (54.8786 27.6631),
2018-07-22 05:04:47.330000+00:00,27.6383,54.8788,4.6,10.0,"73 km E of Ger?sh, Iran",us,us,Foreshock,4.0 - 4.99,POINT (54.8788 27.6383),
2018-07-17 03:58:33.290000+00:00,37.3385,57.0508,4.9,10.0,"28 km WSW of Bojn?rd, Iran",us,us,Mainshock,4.0 - 4.99,POINT (57.0508 37.3385),
2018-07-15 11:48:23.680000+00:00,28.1362,57.6267,4.5,10.0,"123 km NNE of M?n?b, Iran",us,us,Mainshock,4.0 - 4.99,POINT (57.6267 28.1362),
2018-07-15 07:11:01.410000+00:00,34.6386,46.2454,4.5,10.0,"30 km SW of Jav?nr?d, Iran",us,us,Mainshock,4.0 - 4.99,POINT (46.2454 34.6386),
2018-07-15 01:51:58.630000+00:00,26.6492,58.8271,4.6,10.0,"81 km W of Fann?j, Iran",us,us,Mainshock,4.0 - 4.99,POINT (58.8271 26.6492),
2018-07-13 09:03:22.690000+00:00,28.1088,57.2458,4.7,10.0,"109 km N of M?n?b, Iran",us,us,Mainshock,4.0 - 4.99,POINT (57.2458 28.1088),
2018-06-26 22:20:33.230000+00:00,38.833,48.8258,4.5,10.0,"9 km NNW of Lankaran, Azerbaijan",us,us,Mainshock,4.0 - 4.99,POINT (48.8258 38.833),
2018-06-26 17:57:04.640000+00:00,34.6473,46.138,4.7,10.0,"32 km NE of Sarpol-e Z?ah?b, Iran",us,us,Mainshock,4.0 - 4.99,POINT (46.138 34.6473),
2018-06-23 21:13:36.690000+00:00,27.8905,52.164,4.6,10.0,"80 km WNW of Mohr, Iran",us,us,Mainshock,4.0 - 4.99,POINT (52.164 27.8905),
2018-06-23 03:50:06.150000+00:00,38.5975,44.3647,4.6,10.0,"33 km E of Özalp, Turkey",us,us,Mainshock,4.0 - 4.99,POINT (44.3647 38.5975),
2018-06-18 08:59:50.830000+00:00,30.3253,50.8884,4.5,10.0,"9 km ESE of Dogonbadan, Iran",us,us,Mainshock,4.0 - 4.99,POINT (50.8884 30.3253),
2018-06-17 15:18:36.520000+00:00,32.3968,49.5661,4.5,10.0,"56 km NNE of Masjed Soleym?n, Iran",us,us,Mainshock,4.0 - 4.99,POINT (49.5661 32.3968),
2018-06-13 16:47:25.210000+00:00,31.4953,57.6508,4.6,10.0,"84 km ENE of R?var, Iran",us,us,Mainshock,4.0 - 4.99,POINT (57.6508 31.4953),
2018-05-27 04:45:18.750000+00:00,32.1314,48.4144,4.5,10.0,"17 km ESE of Sh?sh, Iran",us,us,Mainshock,4.0 - 4.99,POINT (48.4144 32.1314),
2018-05-26 14:14:59.560000+00:00,31.8688,48.6137,4.5,10.0,"29 km SW of Sh?shtar, Iran",us,us,Foreshock,4.0 - 4.99,POINT (48.6137 31.8688),
2018-05-22 00:31:53.210000+00:00,34.8906,45.8006,4.5,10.0,"36 km SSW of ?alabja, Iraq",us,us,Mainshock,4.0 - 4.99,POINT (45.8006 34.8906),
2018-05-10 15:36:42.550000+00:00,36.413,61.161,4.8,10.0,"14 km S of Sarakhs, Iran",us,us,Mainshock,4.0 - 4.99,POINT (61.161 36.413),
2018-05-10 07:12:03.790000+00:00,30.4338,51.3763,4.5,10.0,"32 km SW of Yasuj, Iran",us,us,Mainshock,4.0 - 4.99,POINT (51.3763 30.4338),
2018-05-08 18:27:31.930000+00:00,27.8837,57.7004,4.5,10.0,"103 km NE of M?n?b, Iran",us,us,Mainshock,4.0 - 4.99,POINT (57.7004 27.8837),
2018-05-06 19:57:01.780000+00:00,30.6925,51.483,5.3,10.0,"10 km WNW of Yasuj, Iran",us,us,Mainshock,5.0 - 5.99,POINT (51.483 30.6925),
2018-05-03 07:58:07.980000+00:00,25.0494,63.1733,4.5,10.0,"38 km SW of Pasni, Pakistan",us,us,Mainshock,4.0 - 4.99,POINT (63.1733 25.0494),
2018-05-02 04:08:13.400000+00:00,30.7048,51.4904,5.3,8.0,"10 km WNW of Yasuj, Iran",us,us,Mainshock,5.0 - 5.99,POINT (51.4904 30.7048),
2018-04-22 01:12:20.770000+00:00,27.7292,53.5128,4.5,10.0,"61 km W of Ger?sh, Iran",us,us,Mainshock,4.0 - 4.99,POINT (53.5128 27.7292),
2018-04-21 20:03:52.600000+00:00,31.3369,56.269,4.5,10.0,"25 km NNW of Shahrak-e P?bed?n?, Iran",us,us,Mainshock,4.0 - 4.99,POINT (56.269 31.3369),
2018-04-19 06:34:46.820000+00:00,28.3291,51.6106,5.5,10.0,"103 km SE of Bushehr, Iran",us,us,Mainshock,5.0 - 5.99,POINT (51.6106 28.3291),
2018-04-16 04:30:35.400000+00:00,35.8914,44.6868,4.6,10.0,"21 km SSE of Koysinceq, Iraq",us,us,Mainshock,4.0 - 4.99,POINT (44.6868 35.8914),
2018-04-01 08:35:26.410000+00:00,34.4028,45.7476,5.0,10.0,"12 km WSW of Sarpol-e Z?ah?b, Iran",us,us,Mainshock,5.0 - 5.99,POINT (45.7476 34.4028),
2018-03-28 11:03:48.520000+00:00,37.2479,57.6877,4.5,10.0,"24 km NE of Esfar?yen, Iran",us,us,Mainshock,4.0 - 4.99,POINT (57.6877 37.2479),
2018-03-21 20:41:19.850000+00:00,27.5785,56.6061,5.0,10.0,"54 km NE of Bandar Abbas, Iran",us,us,Mainshock,5.0 - 5.99,POINT (56.6061 27.5785),
2018-03-21 12:33:09.960000+00:00,27.6073,56.6414,4.7,10.0,"58 km NE of Bandar Abbas, Iran",us,us,Foreshock,4.0 - 4.99,POINT (56.6414 27.6073),
2018-03-19 19:32:22.850000+00:00,30.685,50.3867,5.1,10.0,"17 km NE of Behbah?n, Iran",us,us,Mainshock,5.0 - 5.99,POINT (50.3867 30.685),
2018-03-19 04:30:47.610000+00:00,29.6212,50.7361,5.0,10.0,"21 km ENE of Bandar-e Gen?veh, Iran",us,us,Mainshock,5.0 - 5.99,POINT (50.7361 29.6212),
2018-03-16 07:24:18.560000+00:00,31.8677,56.7334,4.6,10.0,"67 km N of R?var, Iran",us,us,Mainshock,4.0 - 4.99,POINT (56.7334 31.8677),
2018-03-12 07:35:32.240000+00:00,28.1387,57.3942,4.9,10.0,"115 km NNE of M?n?b, Iran",us,us,Aftershock,4.0 - 4.99,POINT (57.3942 28.1387),
2018-03-07 14:50:19.720000+00:00,27.8892,57.5886,4.8,35.0,"97 km NNE of M?n?b, Iran",us,us,Aftershock,4.0 - 4.99,POINT (57.5886 27.8892),
2018-03-07 14:46:13.050000+00:00,28.0261,57.6064,5.2,35.46,"111 km NNE of M?n?b, Iran",us,us,Mainshock,5.0 - 5.99,POINT (57.6064 28.0261),
2018-02-25 20:15:45.690000+00:00,27.6649,56.5507,4.6,10.0,"59 km NNE of Bandar Abbas, Iran",us,us,Mainshock,4.0 - 4.99,POINT (56.5507 27.6649),
2018-02-25 16:36:01.440000+00:00,27.5026,52.4685,4.6,10.0,"41 km W of Mohr, Iran",us,us,Mainshock,4.0 - 4.99,POINT (52.4685 27.5026),
2018-02-19 19:20:45.260000+00:00,35.9968,44.8643,4.5,10.0,"23 km ESE of Koysinceq, Iraq",us,us,Mainshock,4.0 - 4.99,POINT (44.8643 35.9968),
2018-02-19 11:02:00.080000+00:00,34.3132,45.3496,4.6,10.0,"49 km WSW of Sarpol-e Z?ah?b, Iran",us,us,Mainshock,4.0 - 4.99,POINT (45.3496 34.3132),
2018-01-26 20:17:35.220000+00:00,33.5825,45.6598,4.6,10.0,"20 km SSE of Mandal?, Iraq",us,us,Mainshock,4.0 - 4.99,POINT (45.6598 33.5825),
2018-01-23 03:45:14.210000+00:00,33.4499,46.9244,4.7,10.0,Iran-Iraq border region,us,us,Mainshock,4.0 - 4.99,POINT (46.9244 33.4499),
2018-01-19 22:17:55.880000+00:00,33.7156,45.7137,5.0,10.0,"15 km ESE of Mandal?, Iraq",us,us,Mainshock,5.0 - 5.99,POINT (45.7137 33.7156),
2018-01-15 14:27:45.940000+00:00,31.6495,46.961,4.5,10.0,"27 km SW of Al ‘Am?rah, Iraq",us,us,Mainshock,4.0 - 4.99,POINT (46.961 31.6495),
2018-01-13 17:05:28.010000+00:00,28.8467,52.1147,4.6,10.0,"44 km W of F?r?z?b?d, Iran",us,us,Mainshock,4.0 - 4.99,POINT (52.1147 28.8467),
2018-01-12 17:50:41.200000+00:00,33.6246,45.6881,4.6,10.0,"18 km SE of Mandal?, Iraq",us,us,Aftershock,4.0 - 4.99,POINT (45.6881 33.6246),
2018-01-11 21:50:44.880000+00:00,33.6792,45.6657,4.7,10.0,"12 km SE of Mandal?, Iraq",us,us,Mainshock,4.0 - 4.99,POINT (45.6657 33.6792),
2018-01-11 13:35:33.530000+00:00,30.7018,57.2571,4.9,10.0,"49 km NNE of Kerman, Iran",us,us,Mainshock,4.0 - 4.99,POINT (57.2571 30.7018),
2018-01-11 09:32:24.720000+00:00,33.5063,45.7503,4.5,10.0,"32 km SE of Mandal?, Iraq",us,us,Aftershock,4.0 - 4.99,POINT (45.7503 33.5063),
2018-01-11 08:00:39.860000+00:00,33.7205,45.7027,5.3,10.0,"14 km ESE of Mandal?, Iraq",us,us,Mainshock,5.0 - 5.99,POINT (45.7027 33.7205),
2018-01-11 07:55:00.430000+00:00,33.711,45.7897,5.1,10.0,"22 km E of Mandal?, Iraq",us,us,Foreshock,5.0 - 5.99,POINT (45.7897 33.711),
2018-01-11 07:21:43.600000+00:00,33.2164,46.42,5.2,10.0,"26 km ENE of Mehr?n, Iran",us,us,Mainshock,5.0 - 5.99,POINT (46.42 33.2164),
2018-01-11 07:21:33.560000+00:00,33.7172,45.6934,4.7,10.0,"13 km ESE of Mandal?, Iraq",us,us,Aftershock,4.0 - 4.99,POINT (45.6934 33.7172),
2018-01-11 07:14:15.990000+00:00,33.8017,45.7299,5.3,10.0,"17 km ENE of Mandal?, Iraq",us,us,Aftershock,5.0 - 5.99,POINT (45.7299 33.8017),
2018-01-11 07:00:52.390000+00:00,33.8578,45.7935,5.3,10.0,"25 km ENE of Mandal?, Iraq",us,us,Aftershock,5.0 - 5.99,POINT (45.7935 33.8578),
2018-01-11 06:59:30.470000+00:00,33.7131,45.7239,5.5,10.0,"16 km ESE of Mandal?, Iraq",us,us,Mainshock,5.0 - 5.99,POINT (45.7239 33.7131),
2018-01-11 03:18:30.200000+00:00,30.7268,57.3359,5.0,10.0,"55 km NNE of Kerman, Iran",us,us,Mainshock,5.0 - 5.99,POINT (57.3359 30.7268),
2018-01-10 15:56:28.980000+00:00,34.6725,46.6764,4.6,10.0,"20 km SE of Jav?nr?d, Iran",us,us,Mainshock,4.0 - 4.99,POINT (46.6764 34.6725),
2018-01-06 15:22:09.120000+00:00,34.5849,45.7696,5.0,10.0,"16 km NNW of Sarpol-e Z?ah?b, Iran",us,us,Mainshock,5.0 - 5.99,POINT (45.7696 34.5849),
2018-01-03 04:13:12.610000+00:00,30.7725,57.3872,4.6,10.0,"61 km NNE of Kerman, Iran",us,us,Mainshock,4.0 - 4.99,POINT (57.3872 30.7725),
2017-12-30 20:53:24.700000+00:00,29.4481,51.9793,4.9,10.0,"36 km ESE of K?zer?n, Iran",us,us,Mainshock,4.0 - 4.99,POINT (51.9793 29.4481),
2017-12-27 18:01:15.090000+00:00,30.8057,57.2499,5.0,10.0,"60 km NNE of Kerman, Iran",us,us,Mainshock,5.0 - 5.99,POINT (57.2499 30.8057),
2017-12-26 15:32:59.380000+00:00,34.8472,46.4693,4.6,10.0,"7 km NW of Jav?nr?d, Iran",us,us,Mainshock,4.0 - 4.99,POINT (46.4693 34.8472),
2017-12-26 14:00:38.660000+00:00,31.7158,48.8549,4.5,10.0,"37 km S of Sh?shtar, Iran",us,us,Mainshock,4.0 - 4.99,POINT (48.8549 31.7158),
2017-12-26 09:11:33.720000+00:00,34.858,46.0246,4.5,10.0,"35 km S of ?alabja, Iraq",us,us,Mainshock,4.0 - 4.99,POINT (46.0246 34.858),
2017-12-25 05:25:38.270000+00:00,31.2826,56.2676,4.6,10.0,"20 km NW of Shahrak-e P?bed?n?, Iran",us,us,Mainshock,4.0 - 4.99,POINT (56.2676 31.2826),
2017-12-23 22:58:14.490000+00:00,28.1534,57.1581,4.5,10.0,"113 km N of M?n?b, Iran",us,us,Mainshock,4.0 - 4.99,POINT (57.1581 28.1534),
2017-12-21 17:04:46.580000+00:00,31.3839,56.2594,5.2,10.0,"30 km NNW of Shahrak-e P?bed?n?, Iran",us,us,Mainshock,5.0 - 5.99,POINT (56.2594 31.3839),
2017-12-21 02:50:14.240000+00:00,34.4989,45.8281,4.5,10.0,"5 km NW of Sarpol-e Z?ah?b, Iran",us,us,Aftershock,4.0 - 4.99,POINT (45.8281 34.4989),
2017-12-20 20:22:08.770000+00:00,34.7662,46.1785,4.7,10.0,"31 km W of Jav?nr?d, Iran",us,us,Mainshock,4.0 - 4.99,POINT (46.1785 34.7662),
2017-12-20 20:01:05.290000+00:00,34.4279,45.7971,4.7,10.0,"7 km WSW of Sarpol-e Z?ah?b, Iran",us,us,Mainshock,4.0 - 4.99,POINT (45.7971 34.4279),
2017-12-20 19:57:38.070000+00:00,35.6491,50.9623,4.9,10.0,"2 km SW of Mal?rd, Iran",us,us,Mainshock,4.0 - 4.99,POINT (50.9623 35.6491),
2017-12-19 13:02:32.880000+00:00,30.8083,57.254,4.5,10.0,"60 km NNE of Kerman, Iran",us,us,Mainshock,4.0 - 4.99,POINT (57.254 30.8083),
2017-12-19 06:00:34.630000+00:00,28.7252,54.2937,4.7,10.0,"24 km W of D?r?b, Iran",us,us,Mainshock,4.0 - 4.99,POINT (54.2937 28.7252),
2017-12-12 23:27:37.160000+00:00,30.7658,57.2802,4.5,10.0,"56 km NNE of Kerman, Iran",us,us,Aftershock,4.0 - 4.99,POINT (57.2802 30.7658),
2017-12-12 21:49:41.590000+00:00,30.8681,57.2454,5.0,10.0,"60 km SE of R?var, Iran",us,us,Aftershock,5.0 - 5.99,POINT (57.2454 30.8681),
2017-12-12 21:46:41.440000+00:00,30.796,57.2894,4.8,10.0,"60 km NNE of Kerman, Iran",us,us,Aftershock,4.0 - 4.99,POINT (57.2894 30.796),
2017-12-12 21:41:31.140000+00:00,30.8275,57.2982,6.0,8.0,"63 km NNE of Kerman, Iran",us,us,Mainshock,6.0 - 6.99,POINT (57.2982 30.8275),
2017-12-12 16:50:21.560000+00:00,30.8132,57.3725,4.5,10.0,"65 km NNE of Kerman, Iran",us,us,Foreshock,4.0 - 4.99,POINT (57.3725 30.8132),
2017-12-12 08:43:18.320000+00:00,30.7372,57.2795,6.0,12.0,"53 km NNE of Kerman, Iran",us,us,Foreshock,6.0 - 6.99,POINT (57.2795 30.7372),
2017-12-11 14:42:40.930000+00:00,35.0283,45.7471,4.7,14.71,"27 km SW of ?alabja, Iraq",us,us,Aftershock,4.0 - 4.99,POINT (45.7471 35.0283),
2017-12-11 14:09:57.360000+00:00,35.0786,45.7614,5.4,17.55,"23 km WSW of ?alabja, Iraq",us,us,Mainshock,5.0 - 5.99,POINT (45.7614 35.0786),
2017-12-06 07:57:40.350000+00:00,34.54,45.7753,4.8,10.0,"11 km NW of Sarpol-e Z?ah?b, Iran",us,us,Mainshock,4.0 - 4.99,POINT (45.7753 34.54),
2017-12-06 05:53:42.450000+00:00,34.9716,45.7893,4.8,10.0,Iran-Iraq border region,us,us,Foreshock,4.0 - 4.99,POINT (45.7893 34.9716),
2017-12-05 15:27:15.880000+00:00,37.1764,50.2121,4.8,10.0,"5 km ESE of Langar?d, Iran",us,us,Mainshock,4.0 - 4.99,POINT (50.2121 37.1764),
2017-12-05 07:26:42.970000+00:00,27.8694,51.9401,4.9,10.0,"99 km WNW of Mohr, Iran",us,us,Mainshock,4.0 - 4.99,POINT (51.9401 27.8694),
2017-12-02 10:47:04.040000+00:00,30.7254,57.3614,5.2,10.0,"56 km NNE of Kerman, Iran",us,us,Mainshock,5.0 - 5.99,POINT (57.3614 30.7254),
2017-12-01 20:17:06.980000+00:00,34.3997,46.4431,4.5,10.0,"44 km S of Jav?nr?d, Iran",us,us,Mainshock,4.0 - 4.99,POINT (46.4431 34.3997),
2017-12-01 03:35:01.840000+00:00,30.7151,57.385,5.4,10.0,"56 km NNE of Kerman, Iran",us,us,Aftershock,5.0 - 5.99,POINT (57.385 30.7151),
2017-12-01 02:43:27.200000+00:00,30.6973,57.4397,5.1,10.0,"57 km NE of Kerman, Iran",us,us,Aftershock,5.0 - 5.99,POINT (57.4397 30.6973),
2017-12-01 02:32:46.040000+00:00,30.7464,57.307,6.1,9.0,"55 km NNE of Kerman, Iran",us,us,Mainshock,6.0 - 6.99,POINT (57.307 30.7464),
2017-11-26 05:47:30.370000+00:00,34.4912,45.8072,4.6,10.0,"6 km WNW of Sarpol-e Z?ah?b, Iran",us,us,Aftershock,4.0 - 4.99,POINT (45.8072 34.4912),
2017-11-20 15:36:53.840000+00:00,34.6412,45.7393,4.9,11.2,"22 km NNW of Sarpol-e Z?ah?b, Iran",us,us,Mainshock,4.0 - 4.99,POINT (45.7393 34.6412),
2017-11-20 15:35:57.150000+00:00,34.6696,45.8337,4.5,10.0,"23 km N of Sarpol-e Z?ah?b, Iran",us,us,Foreshock,4.0 - 4.99,POINT (45.8337 34.6696),
2017-11-20 15:23:42.720000+00:00,32.8531,46.3892,5.1,35.0,"36 km SE of Mehr?n, Iran",us,us,Mainshock,5.0 - 5.99,POINT (46.3892 32.8531),
2017-11-18 04:12:14.410000+00:00,34.4657,45.6572,4.7,10.0,"18 km W of Sarpol-e Z?ah?b, Iran",us,us,Mainshock,4.0 - 4.99,POINT (45.6572 34.4657),
2017-11-17 14:02:51.960000+00:00,34.5301,45.5151,4.5,10.0,"32 km WNW of Sarpol-e Z?ah?b, Iran",us,us,Foreshock,4.0 - 4.99,POINT (45.5151 34.5301),
2017-11-14 04:28:15.420000+00:00,33.7343,47.5674,4.5,10.0,"22 km N of K?hdasht, Iran",us,us,Mainshock,4.0 - 4.99,POINT (47.5674 33.7343),
2017-11-14 01:08:46.630000+00:00,34.4473,45.7997,4.5,10.0,"5 km WSW of Sarpol-e Z?ah?b, Iran",us,us,Mainshock,4.0 - 4.99,POINT (45.7997 34.4473),
2017-11-13 15:33:04.820000+00:00,33.654,47.7817,4.6,10.0,"20 km NE of K?hdasht, Iran",us,us,Mainshock,4.0 - 4.99,POINT (47.7817 33.654),
2017-11-13 15:00:44.170000+00:00,34.3179,45.5856,4.7,10.0,"30 km WSW of Sarpol-e Z?ah?b, Iran",us,us,Mainshock,4.0 - 4.99,POINT (45.5856 34.3179),
2017-11-13 14:01:48.780000+00:00,34.9133,45.8073,4.5,10.0,"33 km SSW of ?alabja, Iraq",us,us,Mainshock,4.0 - 4.99,POINT (45.8073 34.9133),
2017-11-13 13:12:36.660000+00:00,34.3018,45.7469,4.7,10.0,"20 km SSW of Sarpol-e Z?ah?b, Iran",us,us,Mainshock,4.0 - 4.99,POINT (45.7469 34.3018),
2017-11-13 10:43:54.250000+00:00,33.97,46.1865,4.8,10.0,"42 km NNW of ?l?m, Iran",us,us,Mainshock,4.0 - 4.99,POINT (46.1865 33.97),
2017-11-13 09:19:28.800000+00:00,34.3482,45.7568,4.9,10.0,"15 km SW of Sarpol-e Z?ah?b, Iran",us,us,Mainshock,4.0 - 4.99,POINT (45.7568 34.3482),
2017-11-13 08:28:51.420000+00:00,34.5686,45.5746,4.6,10.53,"29 km WNW of Sarpol-e Z?ah?b, Iran",us,us,Foreshock,4.0 - 4.99,POINT (45.5746 34.5686),
2017-11-13 04:36:12.620000+00:00,34.4089,45.7853,4.5,9.83,"9 km SW of Sarpol-e Z?ah?b, Iran",us,us,Foreshock,4.0 - 4.99,POINT (45.7853 34.4089),
2017-11-13 04:27:55.600000+00:00,34.4217,45.7806,4.9,10.0,"8 km WSW of Sarpol-e Z?ah?b, Iran",us,us,Foreshock,4.0 - 4.99,POINT (45.7806 34.4217),
2017-11-13 00:20:51.680000+00:00,34.5466,45.8824,4.7,10.0,"9 km N of Sarpol-e Z?ah?b, Iran",us,us,Foreshock,4.0 - 4.99,POINT (45.8824 34.5466),
2017-11-12 22:30:59.580000+00:00,34.5305,45.7708,4.6,10.0,"11 km NW of Sarpol-e Z?ah?b, Iran",us,us,Foreshock,4.0 - 4.99,POINT (45.7708 34.5305),
2017-11-12 21:33:21.480000+00:00,34.4891,45.8099,4.5,10.0,"5 km WNW of Sarpol-e Z?ah?b, Iran",us,us,Foreshock,4.0 - 4.99,POINT (45.8099 34.4891),
2017-11-12 18:29:52.130000+00:00,34.9224,45.5873,5.3,10.0,"46 km SW of ?alabja, Iraq",us,us,Aftershock,5.0 - 5.99,POINT (45.5873 34.9224),
2017-11-12 18:18:17.180000+00:00,34.9109,45.9592,7.3,19.0,"29 km S of ?alabja, Iraq",us,us,Mainshock,7.0 - 10.0,POINT (45.9592 34.9109),
2017-11-12 17:35:31.450000+00:00,34.3719,45.6871,4.6,10.0,"18 km WSW of Sarpol-e Z?ah?b, Iran",us,us,Mainshock,4.0 - 4.99,POINT (45.6871 34.3719),
2017-10-23 00:24:13.830000+00:00,27.9254,57.0544,5.3,10.0,"88 km N of M?n?b, Iran",us,us,Mainshock,5.0 - 5.99,POINT (57.0544 27.9254),
2017-10-18 14:37:18.770000+00:00,31.1369,54.8505,5.0,10.0,"62 km SE of Mahr?z, Iran",us,us,Mainshock,5.0 - 5.99,POINT (54.8505 31.1369),
2017-10-17 18:52:37.420000+00:00,37.7462,57.3017,4.7,18.84,"30 km N of Bojn?rd, Iran",us,us,Mainshock,4.0 - 4.99,POINT (57.3017 37.7462),
2017-10-05 10:11:08.580000+00:00,31.3074,49.2117,4.7,10.0,"37 km W of R?mhormoz, Iran",us,us,Mainshock,4.0 - 4.99,POINT (49.2117 31.3074),
2017-10-02 13:25:16.780000+00:00,28.6827,51.6485,4.7,10.0,"77 km SSE of Bor?zj?n, Iran",us,us,Mainshock,4.0 - 4.99,POINT (51.6485 28.6827),
2017-09-27 08:28:03.990000+00:00,28.0912,54.1284,4.6,10.0,"46 km N of Ger?sh, Iran",us,us,Mainshock,4.0 - 4.99,POINT (54.1284 28.0912),
2017-09-21 19:28:40.170000+00:00,30.7124,57.4099,4.5,10.0,"57 km NE of Kerman, Iran",us,us,Aftershock,4.0 - 4.99,POINT (57.4099 30.7124),
2017-09-20 00:08:15.740000+00:00,30.7208,57.4066,5.0,10.0,"57 km NNE of Kerman, Iran",us,us,Mainshock,5.0 - 5.99,POINT (57.4066 30.7208),
2017-09-19 13:26:10.360000+00:00,27.9329,53.9856,5.1,10.0,"32 km NNW of Ger?sh, Iran",us,us,Mainshock,5.0 - 5.99,POINT (53.9856 27.9329),
2017-09-05 22:20:35.160000+00:00,32.6746,59.1001,4.7,10.0,"24 km SSW of B?rjand, Iran",us,us,Mainshock,4.0 - 4.99,POINT (59.1001 32.6746),
2017-09-03 12:49:00.860000+00:00,29.0524,51.6386,4.8,10.0,"47 km ESE of Bor?zj?n, Iran",us,us,Mainshock,4.0 - 4.99,POINT (51.6386 29.0524),
2017-08-31 01:30:27.560000+00:00,27.902,56.9464,5.2,10.0,"86 km N of M?n?b, Iran",us,us,Mainshock,5.0 - 5.99,POINT (56.9464 27.902),
2017-08-27 23:14:52.810000+00:00,37.9475,47.1318,5.2,17.29,"52 km N of Hashtr?d, Iran",us,us,Mainshock,5.0 - 5.99,POINT (47.1318 37.9475),
2017-08-23 13:42:53.880000+00:00,36.1833,44.9358,5.1,8.0,"29 km ENE of Koysinceq, Iraq",us,us,Mainshock,5.0 - 5.99,POINT (44.9358 36.1833),
2017-08-18 10:18:44.220000+00:00,31.7684,46.0454,4.7,10.0,Iraq,us,us,Mainshock,4.0 - 4.99,POINT (46.0454 31.7684),
2017-08-14 11:14:09.980000+00:00,27.4725,56.9824,4.5,10.0,"39 km NNW of M?n?b, Iran",us,us,Mainshock,4.0 - 4.99,POINT (56.9824 27.4725),
2017-08-13 09:34:45.130000+00:00,27.4086,56.2313,4.5,10.0,"25 km NNW of Bandar Abbas, Iran",us,us,Mainshock,4.0 - 4.99,POINT (56.2313 27.4086),
2017-07-30 15:37:40.130000+00:00,31.8161,50.597,5.0,10.0,"49 km S of F?rs?n, Iran",us,us,Mainshock,5.0 - 5.99,POINT (50.597 31.8161),
2017-07-28 01:04:19.210000+00:00,33.9423,48.3811,4.7,10.0,"12 km SW of pamas, Iran",us,us,Mainshock,4.0 - 4.99,POINT (48.3811 33.9423),
2017-07-23 17:32:14.200000+00:00,30.1823,57.6157,5.2,10.0,"52 km ESE of Kerman, Iran",us,us,Mainshock,5.0 - 5.99,POINT (57.6157 30.1823),
2017-07-21 07:42:48.520000+00:00,31.5312,48.9781,4.7,10.0,"24 km NE of sedeyen-e Yek, Iran",us,us,Mainshock,4.0 - 4.99,POINT (48.9781 31.5312),
2017-07-10 21:04:32.210000+00:00,32.2935,48.1091,4.5,10.0,"16 km NW of Sh?sh, Iran",us,us,Mainshock,4.0 - 4.99,POINT (48.1091 32.2935),
2017-06-06 18:12:28.370000+00:00,30.7831,51.6714,4.9,10.0,"15 km NNE of Yasuj, Iran",us,us,Mainshock,4.0 - 4.99,POINT (51.6714 30.7831),
2017-05-20 16:22:53.220000+00:00,35.6221,58.4302,4.6,10.0,"42 km N of K?shmar, Iran",us,us,Mainshock,4.0 - 4.99,POINT (58.4302 35.6221),
2017-05-13 18:00:59.520000+00:00,37.7693,57.2058,5.6,8.0,"34 km NNW of Bojn?rd, Iran",us,us,Mainshock,5.0 - 5.99,POINT (57.2058 37.7693),
2017-05-11 03:24:21.370000+00:00,39.8156,48.5695,5.1,62.93,"16 km ESE of ?hm?db?yli, Azerbaijan",us,us,Mainshock,5.0 - 5.99,POINT (48.5695 39.8156),
2017-05-02 21:12:11.090000+00:00,35.8339,60.5704,5.1,10.0,"65 km N of Torbat-e J?m, Iran",us,us,Aftershock,5.0 - 5.99,POINT (60.5704 35.8339),
2017-04-05 20:07:25.820000+00:00,35.7971,60.4318,5.1,10.0,"63 km NNW of Torbat-e J?m, Iran",us,us,Aftershock,5.0 - 5.99,POINT (60.4318 35.7971),
2017-04-05 07:47:30.040000+00:00,35.8653,60.4061,4.8,10.0,"71 km NNW of Torbat-e J?m, Iran",us,us,Aftershock,4.0 - 4.99,POINT (60.4061 35.8653),
2017-04-05 06:19:34.740000+00:00,36.0114,60.5984,4.8,10.0,Turkmenistan-Iran border region,us,us,Aftershock,4.0 - 4.99,POINT (60.5984 36.0114),
2017-04-05 06:09:12.200000+00:00,35.7755,60.4363,6.1,13.0,"61 km NNW of Torbat-e J?m, Iran",us,us,Mainshock,6.0 - 6.99,POINT (60.4363 35.7755),
2017-04-04 10:00:17.990000+00:00,31.7431,60.1627,4.5,8.47,"149 km WNW of Z?bol, Iran",us,us,Mainshock,4.0 - 4.99,POINT (60.1627 31.7431),
2017-04-04 00:12:51.550000+00:00,31.9637,60.1287,4.5,10.0,"131 km SE of B?rjand, Iran",us,us,Foreshock,4.0 - 4.99,POINT (60.1287 31.9637),
2017-03-25 07:38:37.020000+00:00,28.2712,57.0927,4.5,10.0,southern Iran,us,us,Mainshock,4.0 - 4.99,POINT (57.0927 28.2712),
2017-03-24 13:39:53.880000+00:00,33.862,46.9428,4.6,10.0,"51 km SSW of Kermanshah, Iran",us,us,Mainshock,4.0 - 4.99,POINT (46.9428 33.862),
2017-02-08 11:02:37.540000+00:00,25.1444,63.3102,5.2,10.0,"20 km SW of Pasni, Pakistan",us,us,Aftershock,5.0 - 5.99,POINT (63.3102 25.1444),
2017-02-07 22:03:56.390000+00:00,25.1912,63.2644,6.3,29.07,"22 km WSW of Pasni, Pakistan",us,us,Mainshock,6.0 - 6.99,POINT (63.2644 25.1912),
2017-02-06 12:54:31.620000+00:00,39.3041,54.8382,4.6,8.54,"23 km ENE of Gumdag, Turkmenistan",us,us,Aftershock,4.0 - 4.99,POINT (54.8382 39.3041),
2017-02-05 19:47:28.130000+00:00,39.3507,54.8469,4.6,10.0,"27 km NE of Gumdag, Turkmenistan",us,us,Aftershock,4.0 - 4.99,POINT (54.8469 39.3507),
2017-02-05 15:59:09.040000+00:00,39.2982,54.7342,5.0,10.0,"16 km NE of Gumdag, Turkmenistan",us,us,Aftershock,5.0 - 5.99,POINT (54.7342 39.2982),
2017-02-05 13:46:25.700000+00:00,39.258,54.8155,5.2,10.0,"20 km ENE of Gumdag, Turkmenistan",us,us,Mainshock,5.0 - 5.99,POINT (54.8155 39.258),
2017-01-25 05:41:41.730000+00:00,28.5733,56.8983,4.9,10.0,"78 km S of K?h Sef?d, Iran",us,us,Mainshock,4.0 - 4.99,POINT (56.8983 28.5733),
2017-01-22 06:47:38.480000+00:00,32.6135,49.7142,4.7,10.0,"52 km SW of Fereyd?nshahr, Iran",us,us,Mainshock,4.0 - 4.99,POINT (49.7142 32.6135),
2017-01-21 08:23:16.790000+00:00,29.2091,56.5135,4.5,54.21,"28 km WSW of K?h Sef?d, Iran",us,us,Mainshock,4.0 - 4.99,POINT (56.5135 29.2091),
2017-01-20 22:58:32.980000+00:00,29.6722,51.4838,4.5,10.0,"17 km WNW of K?zer?n, Iran",us,us,Aftershock,4.0 - 4.99,POINT (51.4838 29.6722),
2017-01-17 10:41:14.590000+00:00,29.6376,51.4974,4.8,10.0,"15 km W of K?zer?n, Iran",us,us,Mainshock,4.0 - 4.99,POINT (51.4974 29.6376),
2017-01-06 02:33:29.210000+00:00,28.1998,53.1071,5.0,10.0,"74 km NNE of Mohr, Iran",us,us,Mainshock,5.0 - 5.99,POINT (53.1071 28.1998),
2017-01-02 06:43:02.900000+00:00,29.6533,50.7974,4.5,10.0,"28 km ENE of Bandar-e Gen?veh, Iran",us,us,Mainshock,4.0 - 4.99,POINT (50.7974 29.6533),
2016-12-27 20:56:24.270000+00:00,37.1945,55.8246,4.9,30.49,"35 km SE of Kal?leh, Iran",us,us,Mainshock,4.0 - 4.99,POINT (55.8246 37.1945),
2016-12-27 12:41:25.950000+00:00,28.0815,57.2281,4.6,10.0,"106 km N of M?n?b, Iran",us,us,Mainshock,4.0 - 4.99,POINT (57.2281 28.0815),
2016-12-18 14:43:33.510000+00:00,29.4638,50.7926,4.6,10.0,"29 km ESE of Bandar-e Gen?veh, Iran",us,us,Mainshock,4.0 - 4.99,POINT (50.7926 29.4638),
2016-12-05 14:24:52.540000+00:00,27.7028,59.1943,5.1,62.42,"132 km NNW of Fann?j, Iran",us,us,Mainshock,5.0 - 5.99,POINT (59.1943 27.7028),
2016-12-01 09:21:44.050000+00:00,30.3313,57.6002,4.7,10.0,"50 km E of Kerman, Iran",us,us,Mainshock,4.0 - 4.99,POINT (57.6002 30.3313),
2016-11-09 01:15:21.640000+00:00,28.2167,57.3619,4.5,10.0,"123 km NNE of M?n?b, Iran",us,us,Mainshock,4.0 - 4.99,POINT (57.3619 28.2167),
2016-10-28 14:02:28.100000+00:00,30.6891,56.3947,4.8,17.67,"21 km SW of Zarand, Iran",us,us,Mainshock,4.0 - 4.99,POINT (56.3947 30.6891),
2016-10-26 14:15:40.610000+00:00,39.4848,54.5087,5.4,26.0,"12 km ESE of Balkanabat, Turkmenistan",us,us,Mainshock,5.0 - 5.99,POINT (54.5087 39.4848),
2016-10-25 04:27:14.640000+00:00,35.0958,57.3736,4.5,10.0,"57 km WSW of Bardaskan, Iran",us,us,Mainshock,4.0 - 4.99,POINT (57.3736 35.0958),
2016-10-20 15:10:31.020000+00:00,30.7819,56.519,4.8,10.0,"5 km SW of Zarand, Iran",us,us,Mainshock,4.0 - 4.99,POINT (56.519 30.7819),
2016-10-14 01:43:50.830000+00:00,31.0207,49.9689,4.8,20.0,"37 km NNE of Aghajari, Iran",us,us,Mainshock,4.0 - 4.99,POINT (49.9689 31.0207),
2016-09-23 10:50:50.850000+00:00,30.5778,50.3247,4.7,10.0,"8 km ESE of Behbah?n, Iran",us,us,Mainshock,4.0 - 4.99,POINT (50.3247 30.5778),
2016-09-21 07:41:12.820000+00:00,27.0043,59.7705,4.5,10.0,"49 km NNE of Fann?j, Iran",us,us,Mainshock,4.0 - 4.99,POINT (59.7705 27.0043),
2016-08-26 10:19:23.440000+00:00,28.4815,62.0664,4.5,15.93,"88 km ENE of Kh?sh, Iran",us,us,Mainshock,4.0 - 4.99,POINT (62.0664 28.4815),
2016-08-21 07:43:02+00:00,27.16,54.45,4.5,13.0,"64 km SSE of Ger?sh, Iran",teh,us,Mainshock,4.0 - 4.99,POINT (54.45 27.16),
2016-08-01 04:46:34.530000+00:00,39.9542,47.976,5.0,16.0,"11 km NW of Imishli, Azerbaijan",us,us,Mainshock,5.0 - 5.99,POINT (47.976 39.9542),
2016-07-28 15:34:05.460000+00:00,26.8933,53.7681,4.6,10.0,"44 km NW of K?sh, Iran",us,us,Mainshock,4.0 - 4.99,POINT (53.7681 26.8933),
2016-07-24 13:26:33.220000+00:00,28.155,57.429,4.5,10.0,"118 km NNE of M?n?b, Iran",us,us,Mainshock,4.0 - 4.99,POINT (57.429 28.155),
2016-07-14 17:18:17.090000+00:00,31.7591,50.9438,4.7,10.0,"39 km SW of Bor?jen, Iran",us,us,Mainshock,4.0 - 4.99,POINT (50.9438 31.7591),
2016-07-06 23:58:26.600000+00:00,27.657,56.429,5.1,16.4,"54 km NNE of Bandar Abbas, Iran",teh,us,Mainshock,5.0 - 5.99,POINT (56.429 27.657),
2016-07-06 18:46:24.480000+00:00,31.859,50.4878,4.5,10.0,"44 km S of F?rs?n, Iran",us,us,Mainshock,4.0 - 4.99,POINT (50.4878 31.859),
2016-07-02 03:49:48.440000+00:00,29.3061,51.2919,4.8,10.0,"8 km ENE of Bor?zj?n, Iran",us,us,Mainshock,4.0 - 4.99,POINT (51.2919 29.3061),
2016-06-29 22:56:14.420000+00:00,37.5057,57.5044,4.7,10.0,"15 km ENE of Bojn?rd, Iran",us,us,Mainshock,4.0 - 4.99,POINT (57.5044 37.5057),
2016-05-29 17:18:33.140000+00:00,27.9025,55.1466,4.5,37.82,"102 km ENE of Ger?sh, Iran",us,us,Mainshock,4.0 - 4.99,POINT (55.1466 27.9025),
2016-05-24 17:52:03.880000+00:00,37.5998,57.5631,4.8,29.22,"24 km NE of Bojn?rd, Iran",us,us,Mainshock,4.0 - 4.99,POINT (57.5631 37.5998),
2016-05-14 01:19:12.960000+00:00,28.0168,52.4344,4.5,6.96,"67 km NW of Mohr, Iran",us,us,Mainshock,4.0 - 4.99,POINT (52.4344 28.0168),
2016-05-10 13:20:19.080000+00:00,29.2233,52.0132,4.5,10.0,"56 km SE of K?zer?n, Iran",us,us,Mainshock,4.0 - 4.99,POINT (52.0132 29.2233),
2016-04-26 00:33:36.510000+00:00,31.6693,50.929,4.6,10.0,"47 km SW of Bor?jen, Iran",us,us,Mainshock,4.0 - 4.99,POINT (50.929 31.6693),
2016-04-24 15:18:13.550000+00:00,27.8307,55.1131,4.6,10.0,"97 km E of Ger?sh, Iran",us,us,Mainshock,4.0 - 4.99,POINT (55.1131 27.8307),
2016-03-31 07:15:17.650000+00:00,31.8669,50.6651,4.9,10.0,"44 km SSE of F?rs?n, Iran",us,us,Mainshock,4.0 - 4.99,POINT (50.6651 31.8669),
2016-02-19 17:05:39.790000+00:00,31.5895,49.9247,4.6,10.0,"45 km NE of R?mhormoz, Iran",us,us,Mainshock,4.0 - 4.99,POINT (49.9247 31.5895),
2016-01-22 20:51:46.560000+00:00,28.3453,55.2943,5.1,19.54,"86 km ESE of D?r?b, Iran",us,us,Mainshock,5.0 - 5.99,POINT (55.2943 28.3453),
2016-01-21 19:28:59.350000+00:00,27.3351,54.8165,4.7,10.0,"76 km ESE of Ger?sh, Iran",us,us,Mainshock,4.0 - 4.99,POINT (54.8165 27.3351),
2016-01-12 02:38:39.700000+00:00,39.1672,48.3423,4.5,10.0,"13 km WSW of Jalilabad, Azerbaijan",us,us,Mainshock,4.0 - 4.99,POINT (48.3423 39.1672),
2015-12-04 19:23:16.260000+00:00,28.982,51.9632,4.7,25.23,"61 km WNW of F?r?z?b?d, Iran",us,teh,Mainshock,4.0 - 4.99,POINT (51.9632 28.982),
2015-11-25 21:17:18.500000+00:00,31.892,49.54,5.4,12.0,"22 km ESE of Masjed Soleym?n, Iran",teh,us,Mainshock,5.0 - 5.99,POINT (49.54 31.892),
2015-11-23 16:58:05.110000+00:00,29.9046,63.8335,4.7,10.0,"77 km SE of ‘Al?qahd?r? D?sh?, Afghanistan",us,us,Mainshock,4.0 - 4.99,POINT (63.8335 29.9046),
2015-11-21 19:01:56.900000+00:00,32.8,47.782,4.7,8.0,"40 km ESE of ?bd?n?n, Iran",teh,us,Mainshock,4.0 - 4.99,POINT (47.782 32.8),
2015-10-29 09:46:42.170000+00:00,39.0744,43.8017,4.7,14.76,"38 km E of Erci?, Turkey",us,us,Mainshock,4.0 - 4.99,POINT (43.8017 39.0744),
2015-10-20 15:42:22.780000+00:00,31.8487,50.1964,4.8,10.0,"56 km SW of F?rs?n, Iran",us,us,Mainshock,4.0 - 4.99,POINT (50.1964 31.8487),
2015-10-20 15:17:05.690000+00:00,30.5547,50.3419,4.5,10.0,"10 km ESE of Behbah?n, Iran",us,us,Mainshock,4.0 - 4.99,POINT (50.3419 30.5547),
2015-10-19 14:17:00.870000+00:00,28.7072,63.8525,4.8,61.82,"57 km WSW of Dalbandin, Pakistan",us,us,Mainshock,4.0 - 4.99,POINT (63.8525 28.7072),
2015-10-12 21:37:31.690000+00:00,38.356,57.0609,4.9,10.0,"33 km WSW of Baharly, Turkmenistan",us,us,Mainshock,4.0 - 4.99,POINT (57.0609 38.356),
2015-09-25 06:10:24.430000+00:00,32.8324,46.5999,4.9,10.0,"41 km NNW of ‘Al? al Gharb?, Iraq",us,us,Mainshock,4.0 - 4.99,POINT (46.5999 32.8324),
2015-08-30 14:38:41.800000+00:00,37.1228,57.7989,4.9,11.71,"26 km E of Esfar?yen, Iran",us,us,Mainshock,4.0 - 4.99,POINT (57.7989 37.1228),
2015-08-25 17:36:33.920000+00:00,35.5908,52.582,4.6,6.67,"19 km S of Soleh Bon, Iran",us,us,Mainshock,4.0 - 4.99,POINT (52.582 35.5908),
2015-07-31 10:06:31.380000+00:00,30.0391,57.5809,5.2,11.0,"55 km ESE of Kerman, Iran",us,us,Mainshock,5.0 - 5.99,POINT (57.5809 30.0391),
2015-07-25 16:10:40.750000+00:00,30.0856,57.6938,4.8,4.08,"63 km ESE of Kerman, Iran",us,us,Background Event,4.0 - 4.99,POINT (57.6938 30.0856),
2015-06-12 06:57:52.100000+00:00,28.253,57.211,4.5,8.0,"120 km SSE of K?h Sef?d, Iran",teh,us,Mainshock,4.0 - 4.99,POINT (57.211 28.253),
2015-05-19 20:26:48.070000+00:00,37.452,57.7272,4.5,11.32,"18 km WNW of Sh?rv?n, Iran",us,us,Mainshock,4.0 - 4.99,POINT (57.7272 37.452),
2015-05-13 14:35:18.290000+00:00,26.7927,62.5102,4.5,42.48,"102 km NNW of Turbat, Pakistan",us,us,Mainshock,4.0 - 4.99,POINT (62.5102 26.7927),
2015-05-05 21:28:30.700000+00:00,35.321,58.409,5.0,8.6,"10 km NNW of K?shmar, Iran",teh,us,Mainshock,5.0 - 5.99,POINT (58.409 35.321),
2015-05-04 11:30:35.320000+00:00,26.2984,61.1388,4.8,10.0,"38 km E of Qa?r-e Qand, Iran",us,us,Mainshock,4.0 - 4.99,POINT (61.1388 26.2984),
2015-04-29 02:37:46.190000+00:00,27.433,53.4371,4.9,10.0,"56 km ESE of Mohr, Iran",us,us,Mainshock,4.0 - 4.99,POINT (53.4371 27.433),
2015-04-27 05:34:31.500000+00:00,26.42,53.568,4.8,20.0,"47 km WSW of K?sh, Iran",teh,us,Mainshock,4.0 - 4.99,POINT (53.568 26.42),
2015-04-20 16:04:28.610000+00:00,27.996,52.436,4.5,10.0,"65 km NW of Mohr, Iran",us,us,Mainshock,4.0 - 4.99,POINT (52.436 27.996),
2015-04-12 16:48:16.390000+00:00,27.3415,52.9509,4.9,10.0,"24 km SSE of Mohr, Iran",us,us,Mainshock,4.0 - 4.99,POINT (52.9509 27.3415),
2015-04-10 06:23:12+00:00,28.355,51.826,4.7,9.0,"90 km SW of F?r?z?b?d, Iran",teh,us,Mainshock,4.0 - 4.99,POINT (51.826 28.355),
2015-04-01 16:59:02.560000+00:00,29.2003,59.6857,4.7,10.0,"82 km SSW of No?rat?b?d, Iran",us,us,Mainshock,4.0 - 4.99,POINT (59.6857 29.2003),
2015-03-29 04:16:18.500000+00:00,27.024,57.638,4.9,14.2,"55 km ESE of M?n?b, Iran",teh,us,Mainshock,4.0 - 4.99,POINT (57.638 27.024),
2015-03-12 00:42:31.720000+00:00,38.3873,49.1201,4.5,26.91,Caspian Sea,us,us,Mainshock,4.0 - 4.99,POINT (49.1201 38.3873),
2015-03-05 22:54:48.550000+00:00,28.0428,56.8139,5.2,10.0,"104 km NNW of M?n?b, Iran",us,us,Mainshock,5.0 - 5.99,POINT (56.8139 28.0428),
2015-03-02 06:08:41.500000+00:00,35.752,48.942,4.5,8.0,"50 km SSW of Abhar, Iran",teh,us,Mainshock,4.0 - 4.99,POINT (48.942 35.752),
2015-02-25 08:34:45.400000+00:00,31.642,50.997,4.7,10.0,"45 km SW of Bor?jen, Iran",teh,us,Mainshock,4.0 - 4.99,POINT (50.997 31.642),
2015-02-20 18:16:24.850000+00:00,27.0996,54.8064,4.5,13.65,"60 km N of Bandar-e Lengeh, Iran",us,us,Mainshock,4.0 - 4.99,POINT (54.8064 27.0996),
2015-02-17 13:41:38.020000+00:00,30.0389,57.6596,4.5,10.0,"62 km ESE of Kerman, Iran",us,us,Mainshock,4.0 - 4.99,POINT (57.6596 30.0389),
2015-02-15 08:04:39.040000+00:00,32.7323,46.9529,4.8,10.0,"29 km W of Dehlor?n, Iran",us,us,Mainshock,4.0 - 4.99,POINT (46.9529 32.7323),
2015-01-25 20:11:19+00:00,27.46,56.19,5.0,9.0,"31 km NNW of Bandar Abbas, Iran",teh,us,Mainshock,5.0 - 5.99,POINT (56.19 27.46),
2015-01-14 09:48:03.700000+00:00,32.837,46.928,4.5,14.9,"35 km WNW of Dehlor?n, Iran",teh,us,Mainshock,4.0 - 4.99,POINT (46.928 32.837),
2015-01-10 17:03:07.580000+00:00,28.7198,51.8164,5.0,8.72,"74 km W of F?r?z?b?d, Iran",us,us,Aftershock,5.0 - 5.99,POINT (51.8164 28.7198),
2015-01-07 16:26:04.220000+00:00,28.7322,51.8546,4.7,10.0,"71 km W of F?r?z?b?d, Iran",us,us,Aftershock,4.0 - 4.99,POINT (51.8546 28.7322),
2015-01-05 13:43:53.020000+00:00,28.658,51.8989,4.6,10.0,"68 km WSW of F?r?z?b?d, Iran",us,us,Aftershock,4.0 - 4.99,POINT (51.8989 28.658),
2015-01-05 13:42:36.930000+00:00,28.6272,51.8921,4.7,10.0,"70 km WSW of F?r?z?b?d, Iran",us,us,Aftershock,4.0 - 4.99,POINT (51.8921 28.6272),
2015-01-01 08:49:53.200000+00:00,28.728,51.858,5.1,10.1,"70 km W of F?r?z?b?d, Iran",teh,us,Aftershock,5.0 - 5.99,POINT (51.858 28.728),
2014-12-30 04:19:33.400000+00:00,28.44,51.84,5.3,28.0,"84 km WSW of F?r?z?b?d, Iran",thr,us,Mainshock,5.0 - 5.99,POINT (51.84 28.44),
2014-12-12 20:45:40.930000+00:00,30.4132,50.4977,5.2,12.58,"29 km WNW of Dogonbadan, Iran",us,us,Mainshock,5.0 - 5.99,POINT (50.4977 30.4132),
2014-11-29 17:31:19.850000+00:00,32.331,47.8569,4.6,11.98,"39 km WNW of Sh?sh, Iran",us,us,Mainshock,4.0 - 4.99,POINT (47.8569 32.331),
2014-11-23 13:17:59.900000+00:00,26.47,56.59,4.9,16.0,"44 km NE of Dib Dibba, Oman",thr,us,Mainshock,4.0 - 4.99,POINT (56.59 26.47),
2014-11-16 05:13:04.500000+00:00,28.339,56.518,4.7,10.0,"107 km SSW of K?h Sef?d, Iran",teh,us,Mainshock,4.0 - 4.99,POINT (56.518 28.339),
2014-11-15 19:56:21+00:00,28.239,55.381,4.7,15.0,"99 km SE of D?r?b, Iran",teh,us,Mainshock,4.0 - 4.99,POINT (55.381 28.239),
2014-11-13 00:39:02.100000+00:00,26.724,53.921,4.8,12.0,"20 km NNW of K?sh, Iran",teh,us,Mainshock,4.0 - 4.99,POINT (53.921 26.724),
2014-11-11 10:05:42.500000+00:00,27.897,55.937,5.0,8.0,"85 km NNW of Bandar Abbas, Iran",teh,us,Aftershock,5.0 - 5.99,POINT (55.937 27.897),
2014-11-10 13:52:37.380000+00:00,27.9023,55.857,5.4,10.0,"89 km NNW of Bandar Abbas, Iran",us,us,Mainshock,5.0 - 5.99,POINT (55.857 27.9023),
2014-11-06 18:43:30+00:00,27.064,55.123,4.8,1.5,"61 km NNE of Bandar-e Lengeh, Iran",teh,us,Mainshock,4.0 - 4.99,POINT (55.123 27.064),
2014-10-28 08:19:02.710000+00:00,28.4334,52.9114,4.9,10.0,"56 km SE of F?r?z?b?d, Iran",us,us,Mainshock,4.0 - 4.99,POINT (52.9114 28.4334),
2014-10-27 21:00:35.100000+00:00,37.516,56.224,4.5,7.7,"66 km ENE of Kal?leh, Iran",teh,us,Mainshock,4.0 - 4.99,POINT (56.224 37.516),
2014-10-24 12:38:56.300000+00:00,27.772,57.4,5.3,23.8,"77 km NNE of M?n?b, Iran",teh,us,Mainshock,5.0 - 5.99,POINT (57.4 27.772),
2014-10-16 00:27:16.300000+00:00,32.77,47.794,4.6,17.6,"42 km SE of ?bd?n?n, Iran",teh,us,Aftershock,4.0 - 4.99,POINT (47.794 32.77),
2014-10-15 22:31:42.200000+00:00,32.501,47.918,4.6,12.0,Iran-Iraq border region,teh,us,Aftershock,4.0 - 4.99,POINT (47.918 32.501),
2014-10-15 13:45:21.410000+00:00,32.279,47.8931,4.7,10.0,"34 km WNW of Sh?sh, Iran",us,us,Aftershock,4.0 - 4.99,POINT (47.8931 32.279),
2014-10-15 13:35:52.840000+00:00,32.5273,47.8065,5.7,10.0,"53 km ESE of Dehlor?n, Iran",us,us,Mainshock,5.0 - 5.99,POINT (47.8065 32.5273),
2014-09-28 00:00:41.440000+00:00,32.7295,47.5684,4.6,10.0,"28 km E of Dehlor?n, Iran",us,us,Background Event,4.0 - 4.99,POINT (47.5684 32.7295),
2014-09-24 16:54:23.740000+00:00,27.1747,54.9147,4.5,10.0,"68 km N of Bandar-e Lengeh, Iran",us,us,Mainshock,4.0 - 4.99,POINT (54.9147 27.1747),
2014-09-24 14:25:44.930000+00:00,26.867,55.7885,4.6,10.0,"48 km W of Qeshm, Iran",us,us,Mainshock,4.0 - 4.99,POINT (55.7885 26.867),
2014-09-18 22:29:13.060000+00:00,38.6836,48.8359,4.5,47.8,"7 km S of Lankaran, Azerbaijan",us,us,Mainshock,4.0 - 4.99,POINT (48.8359 38.6836),
2014-09-06 21:34:20.220000+00:00,36.7321,54.8798,4.5,10.0,"27 km ESE of Qarn?b?d, Iran",us,us,Mainshock,4.0 - 4.99,POINT (54.8798 36.7321),
2014-08-31 15:07:18.470000+00:00,33.5743,45.7674,4.5,9.37,"27 km SE of Mandal?, Iraq",us,us,Aftershock,4.0 - 4.99,POINT (45.7674 33.5743),
2014-08-31 14:44:34.110000+00:00,33.6233,45.8027,5.0,10.0,"26 km ESE of Mandal?, Iraq",us,us,Mainshock,5.0 - 5.99,POINT (45.8027 33.6233),
2014-08-26 04:11:26.200000+00:00,32.775,47.802,4.8,9.5,"43 km SE of ?bd?n?n, Iran",teh,us,Aftershock,4.0 - 4.99,POINT (47.802 32.775),
2014-08-25 06:01:36+00:00,32.74,47.71,4.7,12.0,"39 km SE of ?bd?n?n, Iran",teh,us,Aftershock,4.0 - 4.99,POINT (47.71 32.74),
2014-08-24 02:44:52.100000+00:00,32.682,47.792,5.2,19.4,"48 km SE of ?bd?n?n, Iran",teh,us,Mainshock,5.0 - 5.99,POINT (47.792 32.682),
2014-08-23 22:31:48.300000+00:00,32.5793,47.5554,4.6,10.0,"29 km ESE of Dehlor?n, Iran",us,us,Foreshock,4.0 - 4.99,POINT (47.5554 32.5793),
2014-08-23 20:05:18.700000+00:00,32.716,47.774,5.1,19.6,"45 km SE of ?bd?n?n, Iran",teh,us,Foreshock,5.0 - 5.99,POINT (47.774 32.716),
2014-08-22 20:06:04.240000+00:00,33.7003,45.7728,5.1,17.1,"20 km ESE of Mandal?, Iraq",us,us,Mainshock,5.0 - 5.99,POINT (45.7728 33.7003),
2014-08-22 17:55:59.400000+00:00,33.5804,45.676,4.7,10.0,"21 km SSE of Mandal?, Iraq",us,us,Foreshock,4.0 - 4.99,POINT (45.676 33.5804),
2014-08-22 13:29:17+00:00,32.65,47.7,4.9,15.0,"40 km E of Dehlor?n, Iran",teh,us,Aftershock,4.0 - 4.99,POINT (47.7 32.65),
2014-08-22 10:41:30+00:00,32.67,47.63,4.9,12.0,"34 km E of Dehlor?n, Iran",teh,us,Aftershock,4.0 - 4.99,POINT (47.63 32.67),
2014-08-22 10:39:59+00:00,32.73,47.62,4.9,16.0,"33 km E of Dehlor?n, Iran",teh,us,Aftershock,4.0 - 4.99,POINT (47.62 32.73),
2014-08-20 10:14:15.700000+00:00,32.636,47.736,5.6,17.7,"44 km E of Dehlor?n, Iran",teh,us,Aftershock,5.0 - 5.99,POINT (47.736 32.636),
2014-08-19 21:32:16.400000+00:00,32.74,47.525,5.4,7.8,"24 km ENE of Dehlor?n, Iran",teh,us,Aftershock,5.0 - 5.99,POINT (47.525 32.74),
2014-08-19 17:59:11.580000+00:00,32.5857,47.6626,4.5,12.26,"38 km ESE of Dehlor?n, Iran",us,us,Aftershock,4.0 - 4.99,POINT (47.6626 32.5857),
2014-08-19 10:32:53+00:00,32.67,47.65,4.7,8.0,"35 km E of Dehlor?n, Iran",teh,us,Aftershock,4.0 - 4.99,POINT (47.65 32.67),
2014-08-18 21:44:28.300000+00:00,32.707,47.556,4.8,8.9,"27 km E of Dehlor?n, Iran",teh,us,Aftershock,4.0 - 4.99,POINT (47.556 32.707),
2014-08-18 19:38:15.700000+00:00,32.685,47.69,4.5,17.2,"39 km E of Dehlor?n, Iran",teh,us,Aftershock,4.0 - 4.99,POINT (47.69 32.685),
2014-08-18 18:54:57.800000+00:00,32.697,47.574,4.5,15.2,"28 km E of Dehlor?n, Iran",teh,us,Aftershock,4.0 - 4.99,POINT (47.574 32.697),
2014-08-18 18:09:05.550000+00:00,32.5365,47.7673,5.1,10.0,"50 km ESE of Dehlor?n, Iran",us,us,Aftershock,5.0 - 5.99,POINT (47.7673 32.5365),
2014-08-18 18:08:22.750000+00:00,32.5827,47.7037,6.0,5.0,"42 km ESE of Dehlor?n, Iran",us,us,Aftershock,6.0 - 6.99,POINT (47.7037 32.5827),
2014-08-18 17:40:29.800000+00:00,32.65,47.74,4.6,9.0,"44 km E of Dehlor?n, Iran",teh,us,Aftershock,4.0 - 4.99,POINT (47.74 32.65),
2014-08-18 11:51:35+00:00,32.78,47.68,5.4,10.0,"33 km SE of ?bd?n?n, Iran",teh,gcmt,Aftershock,5.0 - 5.99,POINT (47.68 32.78),
2014-08-18 11:23:04.200000+00:00,32.7,47.62,5.2,15.0,"33 km E of Dehlor?n, Iran",teh,us,Aftershock,5.0 - 5.99,POINT (47.62 32.7),
2014-08-18 11:06:53.700000+00:00,32.67,47.62,4.5,11.0,"33 km E of Dehlor?n, Iran",teh,us,Aftershock,4.0 - 4.99,POINT (47.62 32.67),
2014-08-18 11:01:40.300000+00:00,32.67,47.72,4.6,11.0,"42 km E of Dehlor?n, Iran",teh,us,Aftershock,4.0 - 4.99,POINT (47.72 32.67),
2014-08-18 08:05:26+00:00,32.76,47.6,4.9,10.0,"30 km SSE of ?bd?n?n, Iran",teh,us,Aftershock,4.0 - 4.99,POINT (47.6 32.76),
2014-08-18 05:25:51+00:00,32.72,47.69,5.6,12.0,"39 km SE of ?bd?n?n, Iran",teh,us,Aftershock,5.0 - 5.99,POINT (47.69 32.72),
2014-08-18 04:39:30.800000+00:00,32.706,47.722,4.7,7.9,"42 km SE of ?bd?n?n, Iran",teh,us,Aftershock,4.0 - 4.99,POINT (47.722 32.706),
2014-08-18 04:20:41.400000+00:00,32.755,47.509,4.9,12.0,"23 km ENE of Dehlor?n, Iran",teh,us,Aftershock,4.0 - 4.99,POINT (47.509 32.755),
2014-08-18 03:11:31.700000+00:00,32.74,47.601,4.5,12.0,"31 km E of Dehlor?n, Iran",teh,us,Aftershock,4.0 - 4.99,POINT (47.601 32.74),
2014-08-18 03:01:35+00:00,32.696,47.557,4.8,10.0,"27 km E of Dehlor?n, Iran",teh,us,Aftershock,4.0 - 4.99,POINT (47.557 32.696),
2014-08-18 02:59:25.440000+00:00,32.5443,47.6741,4.5,10.0,"41 km ESE of Dehlor?n, Iran",us,us,Aftershock,4.0 - 4.99,POINT (47.6741 32.5443),
2014-08-18 02:43:32.170000+00:00,32.4748,47.4318,4.7,10.0,"28 km SSE of Dehlor?n, Iran",us,us,Aftershock,4.0 - 4.99,POINT (47.4318 32.4748),
2014-08-18 02:32:05.350000+00:00,32.703,47.695,6.2,10.2,"40 km E of Dehlor?n, Iran",teh,us,Mainshock,6.0 - 6.99,POINT (47.695 32.703),
2014-08-17 14:47:20.300000+00:00,32.7,47.64,5.0,16.0,"34 km E of Dehlor?n, Iran",thr,us,Foreshock,5.0 - 5.99,POINT (47.64 32.7),
2014-08-17 11:24:16.590000+00:00,32.6589,47.709,4.8,10.0,"41 km E of Dehlor?n, Iran",us,us,Foreshock,4.0 - 4.99,POINT (47.709 32.6589),
2014-08-15 14:48:07.500000+00:00,28.444,51.65,4.9,18.9,"98 km SE of Bushehr, Iran",teh,us,Mainshock,4.0 - 4.99,POINT (51.65 28.444),
2014-07-30 01:32:10.330000+00:00,26.3803,53.5163,5.3,12.46,"53 km WSW of K?sh, Iran",us,us,Mainshock,5.0 - 5.99,POINT (53.5163 26.3803),
2014-07-28 00:00:46.520000+00:00,26.8848,54.2282,4.5,37.39,"41 km NNE of K?sh, Iran",us,us,Mainshock,4.0 - 4.99,POINT (54.2282 26.8848),
2014-07-22 15:22:39.160000+00:00,27.6039,57.3339,5.1,10.0,southern Iran,us,us,Mainshock,5.0 - 5.99,POINT (57.3339 27.6039),
2014-07-12 16:16:22+00:00,32.61,48.05,4.6,9.0,"48 km NW of Shahrak-e K?l?r?, Iran",teh,us,Mainshock,4.0 - 4.99,POINT (48.05 32.61),
2014-07-05 03:11:48.300000+00:00,28.35,55.06,4.7,14.0,"67 km SE of D?r?b, Iran",thr,us,Mainshock,4.0 - 4.99,POINT (55.06 28.35),
2014-06-20 22:54:19.540000+00:00,29.872,50.897,5.0,10.0,"49 km NE of Bandar-e Gen?veh, Iran",teh,us,Mainshock,5.0 - 5.99,POINT (50.897 29.872),
2014-06-12 02:37:17.400000+00:00,28.146,53.141,4.5,10.0,"70 km NNE of Mohr, Iran",teh,us,Mainshock,4.0 - 4.99,POINT (53.141 28.146),
2014-06-02 22:51:16.500000+00:00,27.76,57.22,4.9,14.0,"70 km N of M?n?b, Iran",thr,us,Mainshock,4.0 - 4.99,POINT (57.22 27.76),
2014-05-30 09:26:16+00:00,26.76,53.92,4.6,16.0,"24 km NNW of K?sh, Iran",teh,us,Mainshock,4.0 - 4.99,POINT (53.92 26.76),
2014-05-27 05:44:29.700000+00:00,26.543,55.905,5.1,14.3,"51 km NW of Dib Dibba, Oman",teh,us,Mainshock,5.0 - 5.99,POINT (55.905 26.543),
2014-05-21 10:51:27.700000+00:00,29.631,50.859,5.0,15.1,"33 km E of Bandar-e Gen?veh, Iran",teh,us,Aftershock,5.0 - 5.99,POINT (50.859 29.631),
2014-05-21 10:29:49.500000+00:00,29.591,50.877,4.5,12.7,"34 km E of Bandar-e Gen?veh, Iran",teh,us,Aftershock,4.0 - 4.99,POINT (50.877 29.591),
2014-05-21 09:46:28.280000+00:00,29.5653,50.8946,5.2,11.0,"36 km E of Bandar-e Gen?veh, Iran",us,us,Mainshock,5.0 - 5.99,POINT (50.8946 29.5653),
2014-05-09 00:08:45.100000+00:00,27.903,57.52,4.6,20.0,"95 km NNE of M?n?b, Iran",teh,us,Mainshock,4.0 - 4.99,POINT (57.52 27.903),
2014-04-29 11:31:13+00:00,26.81,53.92,4.5,25.0,"29 km NNW of K?sh, Iran",teh,us,Aftershock,4.0 - 4.99,POINT (53.92 26.81),
2014-04-25 20:59:47.770000+00:00,26.7507,53.8664,5.0,11.16,"26 km NW of K?sh, Iran",us,us,Mainshock,5.0 - 5.99,POINT (53.8664 26.7507),
2014-04-16 23:31:39.400000+00:00,28.552,51.613,4.9,14.9,"88 km SSE of Bor?zj?n, Iran",teh,us,Mainshock,4.0 - 4.99,POINT (51.613 28.552),
2014-03-18 19:01:30.480000+00:00,27.7816,52.6935,4.7,8.31,"31 km NW of Mohr, Iran",us,us,Mainshock,4.0 - 4.99,POINT (52.6935 27.7816),
2014-03-16 14:34:40.460000+00:00,28.1882,57.6362,4.5,10.0,"123 km SW of Bam, Iran",us,us,Mainshock,4.0 - 4.99,POINT (57.6362 28.1882),
2014-02-18 21:51:36.500000+00:00,38.82,43.53,4.5,10.0,"27 km SSE of Erci?, Turkey",isk,us,Mainshock,4.0 - 4.99,POINT (43.53 38.82),
2014-02-13 11:47:33.600000+00:00,31.811,51.168,4.5,8.0,"20 km SSW of Bor?jen, Iran",teh,us,Mainshock,4.0 - 4.99,POINT (51.168 31.811),
2014-02-13 08:35:51.880000+00:00,38.5866,56.2345,4.8,18.94,"43 km S of Serdar, Turkmenistan",us,us,Mainshock,4.0 - 4.99,POINT (56.2345 38.5866),
2014-02-08 01:11:19.470000+00:00,39.7877,54.1393,4.7,5.44,"36 km NNW of Balkanabat, Turkmenistan",us,us,Mainshock,4.0 - 4.99,POINT (54.1393 39.7877),
2014-02-07 04:43:19.400000+00:00,32.615,48.823,4.7,9.5,"44 km NE of Shahrak-e K?l?r?, Iran",teh,us,Mainshock,4.0 - 4.99,POINT (48.823 32.615),
2014-02-02 14:26:45.510000+00:00,26.5886,57.7412,5.3,10.0,"88 km SE of M?n?b, Iran",us,us,Mainshock,5.0 - 5.99,POINT (57.7412 26.5886),
2014-02-02 10:29:05.900000+00:00,27.216,52.793,4.6,10.0,"38 km SSW of Mohr, Iran",teh,us,Mainshock,4.0 - 4.99,POINT (52.793 27.216),
2014-01-31 11:40:46.400000+00:00,32.539,50.01,4.6,8.5,"45 km SSW of Fereyd?nshahr, Iran",teh,us,Mainshock,4.0 - 4.99,POINT (50.01 32.539),
2014-01-30 16:01:47.280000+00:00,25.1147,62.7566,4.6,30.97,"43 km E of Gwadar, Pakistan",us,us,Mainshock,4.0 - 4.99,POINT (62.7566 25.1147),
2014-01-29 15:48:47.680000+00:00,32.4377,49.8993,4.6,10.0,"59 km SSW of Fereyd?nshahr, Iran",us,us,Aftershock,4.0 - 4.99,POINT (49.8993 32.4377),
2014-01-28 23:47:33.900000+00:00,32.525,50.006,4.9,8.0,"47 km SSW of Fereyd?nshahr, Iran",teh,us,Mainshock,4.0 - 4.99,POINT (50.006 32.525),
2014-01-27 02:46:32+00:00,28.98,60.13,4.8,13.0,"91 km SW of Zahedan, Iran",teh,us,Mainshock,4.0 - 4.99,POINT (60.13 28.98),
2014-01-15 23:57:15.900000+00:00,29.42,51.29,4.6,5.0,"18 km NNE of Bor?zj?n, Iran",thr,us,Mainshock,4.0 - 4.99,POINT (51.29 29.42),
2014-01-10 08:12:42.900000+00:00,26.69,53.91,4.5,10.0,"18 km NW of K?sh, Iran",teh,us,Aftershock,4.0 - 4.99,POINT (53.91 26.69),
2014-01-09 08:31:29.800000+00:00,26.75,53.95,5.0,15.0,"22 km NNW of K?sh, Iran",thr,us,Mainshock,5.0 - 5.99,POINT (53.95 26.75),
2014-01-03 14:21:57+00:00,27.83,52.09,4.6,17.0,"83 km WNW of Mohr, Iran",teh,us,Mainshock,4.0 - 4.99,POINT (52.09 27.83),
2014-01-02 10:50:18.600000+00:00,27.111,54.473,4.5,10.0,"70 km SSE of Ger?sh, Iran",teh,us,Aftershock,4.0 - 4.99,POINT (54.473 27.111),
2014-01-02 03:13:54.570000+00:00,27.1502,54.4482,5.2,8.0,"65 km SSE of Ger?sh, Iran",us,us,Mainshock,5.0 - 5.99,POINT (54.4482 27.1502),
2013-12-28 22:56:31.920000+00:00,32.8154,47.6113,4.9,10.1,"26 km SE of ?bd?n?n, Iran",us,us,Mainshock,4.0 - 4.99,POINT (47.6113 32.8154),
2013-12-09 11:33:52.080000+00:00,38.6028,55.5975,5.2,10.0,"71 km S of Bereket, Turkmenistan",us,us,Mainshock,5.0 - 5.99,POINT (55.5975 38.6028),
2013-11-28 15:56:44.440000+00:00,29.219,51.3128,4.7,10.38,"10 km ESE of Bor?zj?n, Iran",us,us,Aftershock,4.0 - 4.99,POINT (51.3128 29.219),
2013-11-28 13:51:34+00:00,29.32,51.31,5.8,8.0,"10 km ENE of Bor?zj?n, Iran",teh,us,Mainshock,5.0 - 5.99,POINT (51.31 29.32),
2013-11-27 07:25:42.530000+00:00,26.8555,56.936,4.5,10.72,"34 km SSW of M?n?b, Iran",us,us,Mainshock,4.0 - 4.99,POINT (56.936 26.8555),
2013-11-24 18:05:41.670000+00:00,34.1765,45.6171,5.4,14.0,"38 km SW of Sarpol-e Z?ah?b, Iran",us,us,Aftershock,5.0 - 5.99,POINT (45.6171 34.1765),
2013-11-24 18:03:13.030000+00:00,34.1438,45.6274,5.0,10.78,"41 km SSW of Sarpol-e Z?ah?b, Iran",us,us,Aftershock,5.0 - 5.99,POINT (45.6274 34.1438),
2013-11-23 23:26:20.600000+00:00,34.2291,45.6639,5.2,10.06,"31 km SW of Sarpol-e Z?ah?b, Iran",us,us,Aftershock,5.0 - 5.99,POINT (45.6639 34.2291),
2013-11-22 18:30:58.010000+00:00,34.3083,45.6105,5.8,14.0,"28 km SW of Sarpol-e Z?ah?b, Iran",us,us,Mainshock,5.0 - 5.99,POINT (45.6105 34.3083),
2013-11-22 06:51:25.060000+00:00,34.4574,45.4824,5.6,6.0,"34 km W of Sarpol-e Z?ah?b, Iran",us,us,Foreshock,5.0 - 5.99,POINT (45.4824 34.4574),
2013-11-19 13:31:37.580000+00:00,27.716,53.6484,4.7,10.0,"48 km W of Ger?sh, Iran",us,us,Mainshock,4.0 - 4.99,POINT (53.6484 27.716),
2013-11-19 09:06:25+00:00,28.57,51.55,4.8,10.0,"82 km ESE of Bushehr, Iran",teh,us,Mainshock,4.0 - 4.99,POINT (51.55 28.57),
2013-10-16 08:49:32.700000+00:00,35.255,49.786,4.6,2.0,"58 km WNW of S?veh, Iran",teh,us,Mainshock,4.0 - 4.99,POINT (49.786 35.255),
2013-10-08 02:52:08+00:00,27.195,55.92,4.8,10.0,"35 km W of Bandar Abbas, Iran",teh,us,Mainshock,4.0 - 4.99,POINT (55.92 27.195),
2013-10-04 18:17:28.520000+00:00,32.9945,58.9102,4.8,19.33,"32 km WNW of B?rjand, Iran",us,us,Mainshock,4.0 - 4.99,POINT (58.9102 32.9945),
2013-09-30 23:44:40+00:00,29.29,51.35,4.7,11.1,"12 km E of Bor?zj?n, Iran",thr,us,Mainshock,4.0 - 4.99,POINT (51.35 29.29),
2013-09-30 03:44:50.800000+00:00,27.0,60.42,4.6,15.5,"34 km SW of Iranshahr, Iran",thr,us,Mainshock,4.0 - 4.99,POINT (60.42 27),
2013-09-27 10:02:43+00:00,37.33,44.94,4.5,7.0,"27 km SSW of Or?m?yeh, Iran",teh,us,Mainshock,4.0 - 4.99,POINT (44.94 37.33),
2013-09-25 16:18:37+00:00,27.74,57.57,4.5,21.0,"82 km NE of M?n?b, Iran",teh,us,Mainshock,4.0 - 4.99,POINT (57.57 27.74),
2013-09-24 15:45:23+00:00,31.86,49.54,4.6,14.0,"23 km ESE of Masjed Soleym?n, Iran",teh,us,Mainshock,4.0 - 4.99,POINT (49.54 31.86),
2013-09-23 01:41:36.700000+00:00,32.77,48.1,4.6,15.3,"57 km NW of Shahrak-e K?l?r?, Iran",thr,us,Mainshock,4.0 - 4.99,POINT (48.1 32.77),
2013-09-18 16:26:50.430000+00:00,32.9171,48.8728,4.6,10.0,"73 km NNE of Shahrak-e K?l?r?, Iran",us,us,Mainshock,4.0 - 4.99,POINT (48.8728 32.9171),
2013-09-16 16:04:59.880000+00:00,32.3762,49.5494,4.8,10.0,"53 km NNE of Masjed Soleym?n, Iran",us,us,Mainshock,4.0 - 4.99,POINT (49.5494 32.3762),
2013-09-01 15:58:58.400000+00:00,29.34,52.53,4.6,15.3,southern Iran,us_thr,us,Mainshock,4.0 - 4.99,POINT (52.53 29.34),
2013-08-27 22:00:41.600000+00:00,32.758,56.499,4.7,8.0,"101 km SSW of Tabas, Iran",us_teh,us,Mainshock,4.0 - 4.99,POINT (56.499 32.758),
2013-08-14 19:50:07+00:00,30.82,50.51,4.5,18.0,"5 km WNW of Dehdasht, Iran",us_thr,us,Mainshock,4.0 - 4.99,POINT (50.51 30.82),
2013-08-10 17:20:48.850000+00:00,28.3877,51.755,5.0,18.38,"94 km WSW of F?r?z?b?d, Iran",us,us,Mainshock,5.0 - 5.99,POINT (51.755 28.3877),
2013-08-10 17:05:36.270000+00:00,28.3735,51.754,4.8,14.72,"95 km WSW of F?r?z?b?d, Iran",us,us,Foreshock,4.0 - 4.99,POINT (51.754 28.3735),
2013-08-03 15:25:07+00:00,34.83,53.34,4.5,8.0,"83 km S of Semnan, Iran",us_teh,us_teh,Mainshock,4.0 - 4.99,POINT (53.34 34.83),
2013-07-29 14:53:34.090000+00:00,24.6677,62.3725,4.5,25.56,"50 km S of Gwadar, Pakistan",us,us,Mainshock,4.0 - 4.99,POINT (62.3725 24.6677),
2013-07-02 14:08:51.380000+00:00,27.302,54.897,4.5,10.1,"82 km N of Bandar-e Lengeh, Iran",us,us,Aftershock,4.0 - 4.99,POINT (54.897 27.302),
2013-07-02 11:18:33+00:00,27.28,55.02,5.0,12.0,"81 km N of Bandar-e Lengeh, Iran",teh,us,Mainshock,5.0 - 5.99,POINT (55.02 27.28),
2013-06-12 19:02:53.950000+00:00,38.654,43.581,4.5,11.8,"24 km NE of Van, Turkey",us,us,Mainshock,4.0 - 4.99,POINT (43.581 38.654),
2013-05-31 05:20:02+00:00,26.62,57.66,4.6,14.1,"80 km SE of M?n?b, Iran",thr,us,Mainshock,4.0 - 4.99,POINT (57.66 26.62),
2013-05-23 22:44:56.900000+00:00,27.221,53.588,5.2,18.1,"73 km SW of Ger?sh, Iran",teh,us,Mainshock,5.0 - 5.99,POINT (53.588 27.221),
2013-05-21 23:38:46.290000+00:00,26.737,57.884,4.6,6.2,"90 km ESE of M?n?b, Iran",teh,us,Aftershock,4.0 - 4.99,POINT (57.884 26.737),
2013-05-20 09:16:30.060000+00:00,26.539,57.706,4.6,24.2,"89 km SE of M?n?b, Iran",us,us,Aftershock,4.0 - 4.99,POINT (57.706 26.539),
2013-05-20 07:02:26.900000+00:00,26.7,57.46,4.6,15.0,"60 km SE of M?n?b, Iran",thr,us,Aftershock,4.0 - 4.99,POINT (57.46 26.7),
2013-05-18 12:09:43.790000+00:00,26.73,57.87,4.5,15.0,"89 km ESE of M?n?b, Iran",teh,us,Aftershock,4.0 - 4.99,POINT (57.87 26.73),
2013-05-18 10:57:47.090000+00:00,26.502,57.712,5.4,15.0,"93 km SE of M?n?b, Iran",thr,us,Aftershock,5.0 - 5.99,POINT (57.712 26.502),
2013-05-18 10:03:16.290000+00:00,26.606,57.785,5.5,15.0,"90 km SE of M?n?b, Iran",thr,us,Mainshock,5.0 - 5.99,POINT (57.785 26.606),
2013-05-15 16:09:02.900000+00:00,26.72,57.78,4.5,15.0,"82 km ESE of M?n?b, Iran",thr,us,Background Event,4.0 - 4.99,POINT (57.78 26.72),
2013-05-13 22:19:15.500000+00:00,28.335,51.631,4.8,15.9,"104 km SE of Bushehr, Iran",teh,us,Mainshock,4.0 - 4.99,POINT (51.631 28.335),
2013-05-12 11:00:14.400000+00:00,26.604,57.613,4.7,19.3,"78 km SE of M?n?b, Iran",teh,us,Aftershock,4.0 - 4.99,POINT (57.613 26.604),
2013-05-12 10:54:48.640000+00:00,26.716,57.765,5.5,14.0,"81 km SE of M?n?b, Iran",us,us,Aftershock,5.0 - 5.99,POINT (57.765 26.716),
2013-05-12 09:02:20.090000+00:00,26.47,57.67,4.5,15.0,"93 km SE of M?n?b, Iran",thr,us,Aftershock,4.0 - 4.99,POINT (57.67 26.47),
2013-05-12 01:08:21.350000+00:00,26.563,57.781,4.5,10.0,"93 km SE of M?n?b, Iran",us,us,Aftershock,4.0 - 4.99,POINT (57.781 26.563),
2013-05-12 00:06:59.800000+00:00,26.404,57.522,5.5,17.6,"91 km SSE of M?n?b, Iran",thr,us,Aftershock,5.0 - 5.99,POINT (57.522 26.404),
2013-05-11 22:28:08.500000+00:00,26.691,57.465,4.5,14.3,"61 km SE of M?n?b, Iran",thr,us,Aftershock,4.0 - 4.99,POINT (57.465 26.691),
2013-05-11 22:23:05.800000+00:00,26.749,57.581,4.9,14.2,"64 km SE of M?n?b, Iran",thr,us,Aftershock,4.0 - 4.99,POINT (57.581 26.749),
2013-05-11 21:51:31.100000+00:00,26.72,57.619,4.9,14.1,southern Iran,thr,us,Aftershock,4.0 - 4.99,POINT (57.619 26.72),
2013-05-11 18:06:13.890000+00:00,26.599,57.932,4.7,25.0,"102 km SE of M?n?b, Iran",us,us,Aftershock,4.0 - 4.99,POINT (57.932 26.599),
2013-05-11 10:03:04.900000+00:00,26.788,57.641,4.6,14.1,"66 km SE of M?n?b, Iran",thr,us,Aftershock,4.0 - 4.99,POINT (57.641 26.788),
2013-05-11 08:42:34.290000+00:00,26.52,57.67,5.0,15.0,"89 km SE of M?n?b, Iran",thr,us,Aftershock,5.0 - 5.99,POINT (57.67 26.52),
2013-05-11 04:09:27.200000+00:00,26.531,57.89,4.7,10.0,"103 km SE of M?n?b, Iran",teh,us,Aftershock,4.0 - 4.99,POINT (57.89 26.531),
2013-05-11 03:41:27.100000+00:00,26.53,57.94,5.1,10.0,"107 km SE of M?n?b, Iran",teh,us,Aftershock,5.0 - 5.99,POINT (57.94 26.53),
2013-05-11 03:17:21.500000+00:00,26.656,57.723,4.7,8.3,"82 km SE of M?n?b, Iran",teh,us,Aftershock,4.0 - 4.99,POINT (57.723 26.656),
2013-05-11 03:09:47.400000+00:00,26.548,57.926,5.5,8.9,"105 km SE of M?n?b, Iran",teh,gcmt,Aftershock,5.0 - 5.99,POINT (57.926 26.548),
2013-05-11 03:03:27.200000+00:00,26.682,57.897,4.8,16.1,"94 km ESE of M?n?b, Iran",teh,us,Aftershock,4.0 - 4.99,POINT (57.897 26.682),
2013-05-11 02:50:00.140000+00:00,26.59,57.925,4.6,12.9,"102 km SE of M?n?b, Iran",us,us,Aftershock,4.0 - 4.99,POINT (57.925 26.59),
2013-05-11 02:32:44.500000+00:00,26.672,57.691,4.5,23.4,"78 km SE of M?n?b, Iran",teh,us,Aftershock,4.0 - 4.99,POINT (57.691 26.672),
2013-05-11 02:29:36.900000+00:00,26.663,57.889,4.6,10.7,"95 km ESE of M?n?b, Iran",teh,us,Aftershock,4.0 - 4.99,POINT (57.889 26.663),
2013-05-11 02:08:08.500000+00:00,26.56,57.77,6.1,15.0,"92 km SE of M?n?b, Iran",thr,us,Mainshock,6.0 - 6.99,POINT (57.77 26.56),
2013-05-09 16:24:05.360000+00:00,27.741,63.469,4.5,35.3,"156 km SW of Dalbandin, Pakistan",us,us,Mainshock,4.0 - 4.99,POINT (63.469 27.741),
2013-05-09 08:01:33.500000+00:00,26.727,57.685,4.9,22.5,"74 km SE of M?n?b, Iran",teh,us,Mainshock,4.0 - 4.99,POINT (57.685 26.727),
2013-05-06 02:28:03.210000+00:00,28.434,51.742,5.0,10.0,"92 km WSW of F?r?z?b?d, Iran",us,us,Aftershock,5.0 - 5.99,POINT (51.742 28.434),
2013-05-02 00:35:42.200000+00:00,28.2,51.67,4.5,17.0,"113 km SW of F?r?z?b?d, Iran",thr,us,Aftershock,4.0 - 4.99,POINT (51.67 28.2),
2013-05-01 18:31:05.900000+00:00,28.229,51.741,5.1,23.8,"106 km SW of F?r?z?b?d, Iran",us,us,Mainshock,5.0 - 5.99,POINT (51.741 28.229),
2013-04-30 15:05:27.460000+00:00,28.436,62.05,4.6,48.2,"85 km ENE of Kh?sh, Iran",us,us,Mainshock,4.0 - 4.99,POINT (62.05 28.436),
2013-04-28 12:11:33.650000+00:00,27.071,54.285,4.5,10.0,"62 km NNE of K?sh, Iran",us,us,Mainshock,4.0 - 4.99,POINT (54.285 27.071),
2013-04-24 03:08:24.590000+00:00,33.491,50.52,4.5,21.3,"21 km E of Golp?yeg?n, Iran",teh,us,Mainshock,4.0 - 4.99,POINT (50.52 33.491),
2013-04-20 15:37:18+00:00,28.04,62.26,4.7,30.0,"104 km ESE of Kh?sh, Iran",teh,us,Mainshock,4.0 - 4.99,POINT (62.26 28.04),
2013-04-19 21:41:07.720000+00:00,27.065,53.838,4.9,25.5,"59 km NNW of K?sh, Iran",us,us,Mainshock,4.0 - 4.99,POINT (53.838 27.065),
2013-04-18 10:39:39.290000+00:00,38.401,45.441,4.8,10.3,"29 km W of Marand, Iran",us,us,Mainshock,4.0 - 4.99,POINT (45.441 38.401),
2013-04-17 20:52:30.090000+00:00,29.282,63.381,4.5,35.6,"108 km WNW of Dalbandin, Pakistan",us,us,Mainshock,4.0 - 4.99,POINT (63.381 29.282),
2013-04-17 04:53:24.590000+00:00,28.076,62.586,4.8,80.0,"135 km E of Kh?sh, Iran",teh,us,Aftershock,4.0 - 4.99,POINT (62.586 28.076),
2013-04-17 03:15:52.400000+00:00,28.114,62.354,5.6,56.2,"112 km E of Kh?sh, Iran",us,us,Mainshock,5.0 - 5.99,POINT (62.354 28.114),
2013-04-16 20:43:17.900000+00:00,27.871,61.92,4.7,85.0,"79 km ESE of Kh?sh, Iran",teh,us,Aftershock,4.0 - 4.99,POINT (61.92 27.871),
2013-04-16 19:14:53.290000+00:00,27.936,61.838,4.6,80.0,"68 km ESE of Kh?sh, Iran",teh,us,Aftershock,4.0 - 4.99,POINT (61.838 27.936),
2013-04-16 10:44:20.180000+00:00,28.033,61.996,7.7,80.0,"79 km ESE of Kh?sh, Iran",us,us,Mainshock,7.0 - 10.0,POINT (61.996 28.033),
2013-04-11 16:21:31.400000+00:00,28.432,51.647,4.5,10.0,"99 km SE of Bushehr, Iran",teh,us,Aftershock,4.0 - 4.99,POINT (51.647 28.432),
2013-04-11 02:03:23.200000+00:00,28.426,51.594,4.9,15.9,"95 km SE of Bushehr, Iran",teh,us,Aftershock,4.0 - 4.99,POINT (51.594 28.426),
2013-04-10 19:22:53.400000+00:00,28.258,51.721,4.7,21.2,"105 km SW of F?r?z?b?d, Iran",thr,us,Aftershock,4.0 - 4.99,POINT (51.721 28.258),
2013-04-10 12:40:17+00:00,28.305,51.552,4.7,20.8,southern Iran,thr,us,Aftershock,4.0 - 4.99,POINT (51.552 28.305),
2013-04-10 08:08:34.770000+00:00,28.411,51.675,4.5,10.0,"99 km WSW of F?r?z?b?d, Iran",us,us,Aftershock,4.0 - 4.99,POINT (51.675 28.411),
2013-04-10 07:59:59.420000+00:00,28.399,51.73,5.2,10.0,"95 km WSW of F?r?z?b?d, Iran",us,us,Aftershock,5.0 - 5.99,POINT (51.73 28.399),
2013-04-10 07:10:40.590000+00:00,28.266,51.746,4.8,10.0,"103 km SW of F?r?z?b?d, Iran",us,us,Aftershock,4.0 - 4.99,POINT (51.746 28.266),
2013-04-10 01:58:27.200000+00:00,28.355,51.62,5.4,15.0,"102 km SE of Bushehr, Iran",teh,us,Mainshock,5.0 - 5.99,POINT (51.62 28.355),
2013-04-10 01:00:20+00:00,28.275,51.584,4.9,18.0,"106 km SE of Bushehr, Iran",teh,us,Foreshock,4.0 - 4.99,POINT (51.584 28.275),
2013-04-09 20:54:17+00:00,28.343,51.574,4.8,16.6,"100 km SE of Bushehr, Iran",teh,us,Foreshock,4.0 - 4.99,POINT (51.574 28.343),
2013-04-09 20:06:54.700000+00:00,28.547,51.489,4.6,35.2,"79 km SE of Bushehr, Iran",teh,us,Foreshock,4.0 - 4.99,POINT (51.489 28.547),
2013-04-09 16:32:32.170000+00:00,28.431,51.651,4.7,10.0,"99 km SE of Bushehr, Iran",us,us,Foreshock,4.0 - 4.99,POINT (51.651 28.431),
2013-04-09 14:44:52.490000+00:00,28.406,51.67,4.8,10.0,"100 km WSW of F?r?z?b?d, Iran",us,us,Foreshock,4.0 - 4.99,POINT (51.67 28.406),
2013-04-09 13:30:43.240000+00:00,28.428,51.674,4.8,10.0,southern Iran,us,us,Foreshock,4.0 - 4.99,POINT (51.674 28.428),
2013-04-09 12:47:47+00:00,28.46,51.59,4.7,15.0,"92 km SE of Bushehr, Iran",teh,us,Foreshock,4.0 - 4.99,POINT (51.59 28.46),
2013-04-09 12:41:04+00:00,28.48,51.64,4.7,10.0,"95 km SE of Bushehr, Iran",teh,us,Foreshock,4.0 - 4.99,POINT (51.64 28.48),
2013-04-09 12:05:41+00:00,28.46,51.56,5.4,11.0,"90 km SE of Bushehr, Iran",teh,us,Foreshock,5.0 - 5.99,POINT (51.56 28.46),
2013-04-09 12:04:45+00:00,28.47,51.62,4.8,10.0,"94 km SE of Bushehr, Iran",teh,us,Foreshock,4.0 - 4.99,POINT (51.62 28.47),
2013-04-09 12:03:48.800000+00:00,28.896,51.507,4.7,10.0,"50 km SE of Bor?zj?n, Iran",us,us,Foreshock,4.0 - 4.99,POINT (51.507 28.896),
2013-04-09 11:52:49.920000+00:00,28.428,51.593,6.4,12.0,"95 km SE of Bushehr, Iran",us,us,Mainshock,6.0 - 6.99,POINT (51.593 28.428),
2013-03-21 19:37:04.200000+00:00,36.126,53.715,4.8,10.0,"56 km NE of Mahdishahr, Iran",teh,us,Mainshock,4.0 - 4.99,POINT (53.715 36.126),
2013-03-02 19:24:27.200000+00:00,32.0,51.049,4.5,9.7,"22 km W of Bor?jen, Iran",teh,us,Mainshock,4.0 - 4.99,POINT (51.049 32),
2013-02-28 11:06:03.030000+00:00,38.094,57.57,4.5,10.0,"39 km SSE of Baharly, Turkmenistan",us,us,Mainshock,4.0 - 4.99,POINT (57.57 38.094),
2013-02-19 04:55:48.900000+00:00,32.664,48.273,4.5,10.0,"39 km NNW of Shahrak-e K?l?r?, Iran",teh,us,Mainshock,4.0 - 4.99,POINT (48.273 32.664),
2013-02-03 17:46:58+00:00,27.68,56.5,4.6,20.0,"58 km NNE of Bandar Abbas, Iran",teh,us,Mainshock,4.0 - 4.99,POINT (56.5 27.68),
2013-01-26 15:10:49+00:00,38.36,46.84,4.8,6.0,"23 km WSW of Ahar, Iran",teh,us,Mainshock,4.0 - 4.99,POINT (46.84 38.36),
2013-01-25 12:11:27.920000+00:00,31.769,50.913,5.0,37.7,"41 km WSW of Bor?jen, Iran",us,us,Mainshock,5.0 - 5.99,POINT (50.913 31.769),
2013-01-24 04:51:07.290000+00:00,27.86,56.557,4.6,17.6,"79 km NNE of Bandar Abbas, Iran",teh,us,Mainshock,4.0 - 4.99,POINT (56.557 27.86),
2013-01-22 11:12:17.290000+00:00,33.23,48.73,4.9,15.0,"45 km SE of Khorramabad, Iran",thr,us,Mainshock,4.0 - 4.99,POINT (48.73 33.23),
2013-01-21 19:48:58.880000+00:00,30.33,57.467,5.5,10.0,"37 km E of Kerman, Iran",us,us,Mainshock,5.0 - 5.99,POINT (57.467 30.33),
2013-01-12 03:25:04.370000+00:00,31.828,50.954,5.4,4.1,Western Iran,us,us,Mainshock,5.0 - 5.99,POINT (50.954 31.828),
2012-12-23 06:38:57.450000+00:00,38.458,44.868,5.2,12.4,"12 km SW of Khowy, Iran",us,us,Mainshock,5.0 - 5.99,POINT (44.868 38.458),
2012-12-18 02:53:49.590000+00:00,28.39,56.96,4.5,5.0,"99 km S of K?h Sef?d, Iran",teh,us,Mainshock,4.0 - 4.99,POINT (56.96 28.39),
2012-12-05 17:08:13.560000+00:00,33.506,59.571,5.8,14.4,"43 km SE of Q?’en, Iran",us,us,Mainshock,5.0 - 5.99,POINT (59.571 33.506),
2012-12-03 12:53:22.900000+00:00,30.523,57.227,4.6,5.0,"30 km NNE of Kerman, Iran",teh,us,Mainshock,4.0 - 4.99,POINT (57.227 30.523),
2012-12-01 22:08:51.100000+00:00,27.466,53.656,4.5,12.0,"52 km WSW of Ger?sh, Iran",teh,us,Mainshock,4.0 - 4.99,POINT (53.656 27.466),
2012-11-27 06:22:27.400000+00:00,33.217,49.211,4.8,10.0,"49 km WSW of Al?g?darz, Iran",us,us,Mainshock,4.0 - 4.99,POINT (49.211 33.217),
2012-11-16 03:58:25.100000+00:00,38.56,46.59,4.9,15.0,"42 km WNW of Ahar, Iran",thr,us,Aftershock,4.0 - 4.99,POINT (46.59 38.56),
2012-11-07 06:26:32.840000+00:00,38.418,46.62,5.4,10.0,"39 km W of Ahar, Iran",us,us,Mainshock,5.0 - 5.99,POINT (46.62 38.418),
2012-10-27 20:54:58.900000+00:00,29.371,56.874,4.5,98.0,"12 km NE of K?h Sef?d, Iran",teh,us,Mainshock,4.0 - 4.99,POINT (56.874 29.371),
2012-10-26 22:31:17.380000+00:00,38.259,46.802,4.5,10.0,"33 km SW of Ahar, Iran",us,us,Mainshock,4.0 - 4.99,POINT (46.802 38.259),
2012-10-21 16:38:18.670000+00:00,27.538,59.431,4.8,10.0,"108 km N of Fann?j, Iran",us,us,Mainshock,4.0 - 4.99,POINT (59.431 27.538),
2012-10-21 16:13:22.880000+00:00,25.114,56.138,4.5,25.1,"11 km WSW of Reef Al Fujairah City, United Arab Emirates",us,us,Mainshock,4.0 - 4.99,POINT (56.138 25.114),
2012-10-19 22:10:52+00:00,29.382,52.498,4.5,8.0,"25 km S of Shiraz, Iran",teh,us,Aftershock,4.0 - 4.99,POINT (52.498 29.382),
2012-10-10 16:56:33+00:00,29.33,52.49,5.2,9.0,"29 km WNW of Akbar?b?d, Iran",teh,us,Mainshock,5.0 - 5.99,POINT (52.49 29.33),
2012-10-01 08:43:49.660000+00:00,38.5,55.539,4.6,10.0,"82 km S of Bereket, Turkmenistan",us,us,Mainshock,4.0 - 4.99,POINT (55.539 38.5),
2012-09-27 00:56:01.800000+00:00,38.47,46.64,4.5,18.0,"37 km W of Ahar, Iran",thr,us,Mainshock,4.0 - 4.99,POINT (46.64 38.47),
2012-09-21 03:28:30+00:00,32.14,58.48,4.6,6.0,"106 km SW of B?rjand, Iran",teh,us,Mainshock,4.0 - 4.99,POINT (58.48 32.14),
2012-09-13 02:42:20.170000+00:00,36.961,43.655,4.5,9.1,Iraq,isk,us,Mainshock,4.0 - 4.99,POINT (43.655 36.961),
2012-09-06 03:43:40.090000+00:00,26.96,53.97,5.0,16.0,"44 km N of K?sh, Iran",teh,us,Aftershock,5.0 - 5.99,POINT (53.97 26.96),
2012-09-06 01:57:08.900000+00:00,26.942,53.879,5.2,26.7,"44 km NNW of K?sh, Iran",teh,us,Mainshock,5.0 - 5.99,POINT (53.879 26.942),
2012-09-03 08:40:36.100000+00:00,27.71,52.88,4.5,15.0,"17 km N of Mohr, Iran",thr,us,Mainshock,4.0 - 4.99,POINT (52.88 27.71),
2012-09-02 00:50:00.500000+00:00,33.474,59.897,5.1,12.0,"71 km ESE of Q?’en, Iran",teh,us,Mainshock,5.0 - 5.99,POINT (59.897 33.474),
2012-08-18 19:17:30.400000+00:00,27.892,52.026,4.5,17.0,"92 km WNW of Mohr, Iran",teh,us,Mainshock,4.0 - 4.99,POINT (52.026 27.892),
2012-08-16 17:14:14.140000+00:00,38.403,46.707,4.9,10.0,"32 km WSW of Ahar, Iran",us,us,Aftershock,4.0 - 4.99,POINT (46.707 38.403),
2012-08-15 17:49:04.600000+00:00,38.41,46.672,5.3,4.0,"35 km WSW of Ahar, Iran",teh,us,Aftershock,5.0 - 5.99,POINT (46.672 38.41),
2012-08-14 14:02:25+00:00,38.45,46.79,5.1,6.0,"24 km W of Ahar, Iran",teh,us,Aftershock,5.0 - 5.99,POINT (46.79 38.45),
2012-08-13 01:56:10+00:00,38.47,46.66,4.6,14.1,"35 km W of Ahar, Iran",thr,us,Aftershock,4.0 - 4.99,POINT (46.66 38.47),
2012-08-11 22:24:02+00:00,38.482,46.759,5.1,4.0,"27 km W of Ahar, Iran",teh,us,Aftershock,5.0 - 5.99,POINT (46.759 38.482),
2012-08-11 19:52:45.100000+00:00,38.264,46.849,4.7,10.0,"30 km SW of Ahar, Iran",us,us,Aftershock,4.0 - 4.99,POINT (46.849 38.264),
2012-08-11 15:43:19.200000+00:00,38.436,46.735,5.0,9.7,"29 km W of Ahar, Iran",teh,us,Aftershock,5.0 - 5.99,POINT (46.735 38.436),
2012-08-11 15:21:14.600000+00:00,38.428,46.789,4.7,4.3,"25 km WSW of Ahar, Iran",teh,us,Aftershock,4.0 - 4.99,POINT (46.789 38.428),
2012-08-11 14:25:15.100000+00:00,38.422,46.673,4.5,4.0,"35 km W of Ahar, Iran",teh,us,Aftershock,4.0 - 4.99,POINT (46.673 38.422),
2012-08-11 13:14:05+00:00,38.342,46.693,4.8,4.0,"36 km WSW of Ahar, Iran",teh,us,Aftershock,4.0 - 4.99,POINT (46.693 38.342),
2012-08-11 12:49:14.900000+00:00,38.427,46.703,4.8,7.8,"32 km W of Ahar, Iran",teh,us,Aftershock,4.0 - 4.99,POINT (46.703 38.427),
2012-08-11 12:34:35.900000+00:00,38.389,46.745,6.2,12.0,"30 km WSW of Ahar, Iran",us,us,Aftershock,6.0 - 6.99,POINT (46.745 38.389),
2012-08-11 12:30:12+00:00,38.44,46.78,5.0,4.0,"25 km W of Ahar, Iran",teh,us,Aftershock,5.0 - 5.99,POINT (46.78 38.44),
2012-08-11 12:23:18.190000+00:00,38.329,46.826,6.4,11.0,"26 km SW of Ahar, Iran",us,us,Mainshock,6.0 - 6.99,POINT (46.826 38.329),
2012-07-24 06:56:35.410000+00:00,31.745,50.93,4.7,10.0,"41 km SW of Bor?jen, Iran",us,us,Aftershock,4.0 - 4.99,POINT (50.93 31.745),
2012-07-24 06:50:06.020000+00:00,31.705,50.961,5.2,10.0,"42 km SW of Bor?jen, Iran",us,us,Mainshock,5.0 - 5.99,POINT (50.961 31.705),
2012-07-23 08:31:41.590000+00:00,33.16,48.87,4.5,14.2,"50 km S of Azn?, Iran",thr,us,Mainshock,4.0 - 4.99,POINT (48.87 33.16),
2012-07-22 10:16:27.400000+00:00,32.6,49.94,4.6,14.1,"41 km SSW of Fereyd?nshahr, Iran",thr,us,Mainshock,4.0 - 4.99,POINT (49.94 32.6),
2012-07-14 00:55:03.500000+00:00,34.607,47.424,4.6,10.0,"25 km SW of Sonqor, Iran",teh,us,Mainshock,4.0 - 4.99,POINT (47.424 34.607),
2012-07-12 23:33:58.030000+00:00,26.951,59.426,4.5,10.0,"46 km NNW of Fann?j, Iran",us,us,Mainshock,4.0 - 4.99,POINT (59.426 26.951),
2012-07-12 21:18:26.700000+00:00,27.02,55.02,4.5,10.0,"53 km NNE of Bandar-e Lengeh, Iran",teh,us,Mainshock,4.0 - 4.99,POINT (55.02 27.02),
2012-07-01 22:01:25.900000+00:00,34.481,59.927,5.1,28.0,"82 km WSW of T?yb?d, Iran",teh,us,Mainshock,5.0 - 5.99,POINT (59.927 34.481),
2012-07-01 02:49:46+00:00,31.841,51.02,5.0,6.6,"28 km WSW of Bor?jen, Iran",teh,us,Mainshock,5.0 - 5.99,POINT (51.02 31.841),
2012-06-27 02:25:37.400000+00:00,34.181,48.439,4.7,5.0,"6 km E of Nah?vand, Iran",teh,us,Mainshock,4.0 - 4.99,POINT (48.439 34.181),
2012-06-24 20:07:20.670000+00:00,38.709,43.645,4.9,5.0,"30 km WNW of Özalp, Turkey",isk,us,Mainshock,4.0 - 4.99,POINT (43.645 38.709),
2012-06-08 16:15:14.800000+00:00,29.784,50.705,5.0,14.6,"29 km NE of Bandar-e Gen?veh, Iran",teh,us,Mainshock,5.0 - 5.99,POINT (50.705 29.784),
2012-06-06 20:10:42.800000+00:00,29.817,50.762,4.6,19.8,"35 km NE of Bandar-e Gen?veh, Iran",teh,us,Background Event,4.0 - 4.99,POINT (50.762 29.817),
2012-06-06 19:55:18+00:00,29.736,50.753,4.5,5.0,"28 km NE of Bandar-e Gen?veh, Iran",teh,us,Background Event,4.0 - 4.99,POINT (50.753 29.736),
2012-05-30 06:55:41.300000+00:00,28.487,52.092,4.8,10.0,"61 km SW of F?r?z?b?d, Iran",teh,us,Mainshock,4.0 - 4.99,POINT (52.092 28.487),
2012-05-17 21:40:42.200000+00:00,26.942,53.851,5.1,5.0,"45 km NNW of K?sh, Iran",teh,us,Mainshock,5.0 - 5.99,POINT (53.851 26.942),
2012-05-14 10:12:31.990000+00:00,27.955,57.722,5.1,2.0,"110 km NE of M?n?b, Iran",us,us,Mainshock,5.0 - 5.99,POINT (57.722 27.955),
2012-05-13 18:21:13.430000+00:00,27.086,53.923,4.9,10.0,"59 km N of K?sh, Iran",us,us,Mainshock,4.0 - 4.99,POINT (53.923 27.086),
2012-05-03 10:09:35.640000+00:00,32.747,47.726,5.2,10.0,"39 km SE of ?bd?n?n, Iran",us,us,Mainshock,5.0 - 5.99,POINT (47.726 32.747),
2012-04-30 10:37:26.300000+00:00,32.065,49.71,4.5,10.0,"40 km ENE of Masjed Soleym?n, Iran",teh,us,Mainshock,4.0 - 4.99,POINT (49.71 32.065),
2012-04-24 18:16:36.100000+00:00,32.42,46.958,4.6,5.0,"25 km E of ‘Al? al Gharb?, Iraq",teh,us,Aftershock,4.0 - 4.99,POINT (46.958 32.42),
2012-04-23 23:00:37.100000+00:00,32.78,46.78,4.6,15.0,"36 km NNE of ‘Al? al Gharb?, Iraq",thr,us,Aftershock,4.0 - 4.99,POINT (46.78 32.78),
2012-04-23 16:42:59.240000+00:00,32.514,47.067,4.5,4.7,"27 km SW of Dehlor?n, Iran",us,us,Aftershock,4.0 - 4.99,POINT (47.067 32.514),
2012-04-22 08:13:52.500000+00:00,32.411,47.039,4.6,10.0,"33 km E of ‘Al? al Gharb?, Iraq",teh,us,Aftershock,4.0 - 4.99,POINT (47.039 32.411),
2012-04-21 06:13:26.990000+00:00,32.422,47.091,4.9,10.0,"34 km SSW of Dehlor?n, Iran",us,us,Aftershock,4.0 - 4.99,POINT (47.091 32.422),
2012-04-21 05:25:08.410000+00:00,32.407,47.049,5.0,10.0,"34 km E of ‘Al? al Gharb?, Iraq",us,us,Aftershock,5.0 - 5.99,POINT (47.049 32.407),
2012-04-21 02:39:13.210000+00:00,32.407,47.046,4.6,10.0,"34 km E of ‘Al? al Gharb?, Iraq",us,us,Aftershock,4.0 - 4.99,POINT (47.046 32.407),
2012-04-20 17:19:48.430000+00:00,32.505,47.012,4.6,10.0,"30 km E of ‘Al? al Gharb?, Iraq",us,us,Aftershock,4.0 - 4.99,POINT (47.012 32.505),
2012-04-20 16:17:50.040000+00:00,32.584,47.092,4.7,10.0,"20 km SW of Dehlor?n, Iran",us,us,Aftershock,4.0 - 4.99,POINT (47.092 32.584),
2012-04-20 15:37:02.110000+00:00,32.465,47.065,4.9,10.0,"31 km SW of Dehlor?n, Iran",us,us,Aftershock,4.0 - 4.99,POINT (47.065 32.465),
2012-04-20 04:11:50.220000+00:00,32.579,46.801,4.5,5.2,"16 km NE of ‘Al? al Gharb?, Iraq",us,us,Aftershock,4.0 - 4.99,POINT (46.801 32.579),
2012-04-20 03:56:25.400000+00:00,32.524,46.849,4.6,10.0,"16 km ENE of ‘Al? al Gharb?, Iraq",us,us,Aftershock,4.0 - 4.99,POINT (46.849 32.524),
2012-04-20 03:07:26.340000+00:00,32.549,47.056,4.7,10.0,"25 km SW of Dehlor?n, Iran",us,us,Aftershock,4.0 - 4.99,POINT (47.056 32.549),
2012-04-20 03:05:41.780000+00:00,32.453,46.99,5.0,10.0,"28 km E of ‘Al? al Gharb?, Iraq",us,us,Aftershock,5.0 - 5.99,POINT (46.99 32.453),
2012-04-20 01:21:07.540000+00:00,32.511,47.023,5.1,10.0,"30 km SW of Dehlor?n, Iran",us,us,Mainshock,5.0 - 5.99,POINT (47.023 32.511),
2012-04-19 07:42:51.760000+00:00,32.39,46.954,4.6,10.0,"26 km ESE of ‘Al? al Gharb?, Iraq",us,us,Foreshock,4.0 - 4.99,POINT (46.954 32.39),
2012-04-18 23:30:58.170000+00:00,38.836,43.581,4.5,5.0,"28 km SE of Erci?, Turkey",isk,us,Mainshock,4.0 - 4.99,POINT (43.581 38.836),
2012-04-18 18:42:57.960000+00:00,32.506,47.004,5.1,10.0,"30 km E of ‘Al? al Gharb?, Iraq",us,us,Mainshock,5.0 - 5.99,POINT (47.004 32.506),
2012-04-18 17:40:39.560000+00:00,27.941,58.063,5.1,72.3,"131 km NE of M?n?b, Iran",us,us,Mainshock,5.0 - 5.99,POINT (58.063 27.941),
2012-04-17 02:37:40.300000+00:00,28.44,52.91,4.6,10.0,"55 km SE of F?r?z?b?d, Iran",thr,us,Mainshock,4.0 - 4.99,POINT (52.91 28.44),
2012-03-29 19:03:44.980000+00:00,25.035,60.732,4.6,10.0,"29 km SSE of Chabahar, Iran",us,us,Mainshock,4.0 - 4.99,POINT (60.732 25.035),
2012-03-26 00:06:19.480000+00:00,27.721,58.834,4.9,74.6,"149 km NNW of Fann?j, Iran",us,us,Mainshock,4.0 - 4.99,POINT (58.834 27.721),
2012-03-25 12:28:54.440000+00:00,32.456,46.957,4.6,36.9,"25 km E of ‘Al? al Gharb?, Iraq",us,us,Aftershock,4.0 - 4.99,POINT (46.957 32.456),
2012-03-24 05:25:38.220000+00:00,32.554,46.978,4.9,37.8,"29 km ENE of ‘Al? al Gharb?, Iraq",us,us,Mainshock,4.0 - 4.99,POINT (46.978 32.554),
2012-03-23 07:50:09.080000+00:00,27.992,51.784,4.5,10.0,"118 km WNW of Mohr, Iran",us,us,Mainshock,4.0 - 4.99,POINT (51.784 27.992),
2012-03-15 06:17:07+00:00,32.09,55.0,4.5,8.0,"63 km ENE of Yazd, Iran",teh,us,Mainshock,4.0 - 4.99,POINT (55 32.09),
2012-03-12 05:09:52.600000+00:00,26.992,54.827,4.7,15.0,southern Iran,thr,us,Mainshock,4.0 - 4.99,POINT (54.827 26.992),
2012-03-11 10:08:06.200000+00:00,30.12,51.75,4.5,38.9,"22 km E of N?r?b?d, Iran",thr,us,Mainshock,4.0 - 4.99,POINT (51.75 30.12),
2012-03-11 05:00:06.500000+00:00,28.26,59.08,4.5,10.0,"117 km SE of Bam, Iran",teh,us,Mainshock,4.0 - 4.99,POINT (59.08 28.26),
2012-03-08 18:21:38.500000+00:00,32.874,46.957,5.1,18.0,"35 km NW of Dehlor?n, Iran",thr,us,Mainshock,5.0 - 5.99,POINT (46.957 32.874),
2012-03-08 02:01:43+00:00,28.21,55.38,4.5,14.0,"101 km SE of D?r?b, Iran",thr,us,Mainshock,4.0 - 4.99,POINT (55.38 28.21),
2012-03-05 06:50:37.940000+00:00,35.042,44.095,4.6,32.1,"51 km WNW of ??z Kh?rm?t?, Iraq",us,us,Mainshock,4.0 - 4.99,POINT (44.095 35.042),
2012-02-29 05:10:43+00:00,32.457,46.93,4.9,5.0,"22 km E of ‘Al? al Gharb?, Iraq",teh,us,Mainshock,4.0 - 4.99,POINT (46.93 32.457),
2012-02-28 23:18:53.800000+00:00,32.503,46.913,4.5,22.3,"21 km ENE of ‘Al? al Gharb?, Iraq",teh,us,Foreshock,4.0 - 4.99,POINT (46.913 32.503),
2012-02-27 18:48:55.300000+00:00,31.428,56.778,5.2,10.0,"18 km N of R?var, Iran",teh,us,Mainshock,5.0 - 5.99,POINT (56.778 31.428),
2012-02-15 18:57:36.400000+00:00,32.075,58.559,4.6,5.0,"107 km SW of B?rjand, Iran",teh,us,Mainshock,4.0 - 4.99,POINT (58.559 32.075),
2012-02-10 08:59:40+00:00,35.59,52.42,4.7,14.3,"23 km SSW of Soleh Bon, Iran",thr,us,Mainshock,4.0 - 4.99,POINT (52.42 35.59),
2012-02-05 06:10:39.750000+00:00,28.59,51.488,5.0,10.0,"76 km ESE of Bushehr, Iran",us,us,Mainshock,5.0 - 5.99,POINT (51.488 28.59),
2012-02-04 20:04:14.590000+00:00,37.695,49.716,4.8,45.0,"33 km NE of Bandar-e Anzal?, Iran",teh,us,Mainshock,4.0 - 4.99,POINT (49.716 37.695),
2012-01-29 04:14:57.560000+00:00,38.823,43.599,4.5,5.0,"30 km SE of Erci?, Turkey",isk,us,Mainshock,4.0 - 4.99,POINT (43.599 38.823),
2012-01-19 12:35:51.300000+00:00,36.288,58.835,5.1,8.3,"9 km NNE of Neysh?b?r, Iran",teh,us,Mainshock,5.0 - 5.99,POINT (58.835 36.288),
2012-01-14 20:15:17.030000+00:00,27.839,53.985,4.6,10.0,"23 km NW of Ger?sh, Iran",us,us,Mainshock,4.0 - 4.99,POINT (53.985 27.839),
2012-01-11 17:08:00.600000+00:00,36.328,52.775,5.1,15.8,"26 km SSE of B?bol, Iran",teh,us,Mainshock,5.0 - 5.99,POINT (52.775 36.328),
2012-01-11 06:06:27.300000+00:00,28.708,54.303,4.5,23.3,"24 km WSW of D?r?b, Iran",thr,us,Mainshock,4.0 - 4.99,POINT (54.303 28.708),
2012-01-09 19:53:35.300000+00:00,27.034,55.726,5.2,14.2,"54 km W of Qeshm, Iran",thr,us,Mainshock,5.0 - 5.99,POINT (55.726 27.034),
2012-01-07 23:25:33+00:00,28.1,52.72,4.7,14.0,"62 km NNW of Mohr, Iran",thr,us,Mainshock,4.0 - 4.99,POINT (52.72 28.1),
2012-01-06 00:16:48.900000+00:00,38.7,43.64,4.5,5.0,"30 km W of Özalp, Turkey",isk,us,Mainshock,4.0 - 4.99,POINT (43.64 38.7),
2012-01-05 16:53:38.900000+00:00,27.868,52.014,4.9,13.1,"92 km WNW of Mohr, Iran",teh,us,Mainshock,4.0 - 4.99,POINT (52.014 27.868),
2011-12-27 19:18:52.780000+00:00,38.888,43.79,4.7,5.0,"31 km NNW of Özalp, Turkey",isk,us,Mainshock,4.0 - 4.99,POINT (43.79 38.888),
2011-12-26 20:18:06+00:00,27.876,52.016,4.5,10.4,"92 km WNW of Mohr, Iran",teh,us,Mainshock,4.0 - 4.99,POINT (52.016 27.876),
2011-12-26 01:49:13.600000+00:00,37.63,57.57,4.5,14.0,"27 km NE of Bojn?rd, Iran",thr,us,Mainshock,4.0 - 4.99,POINT (57.57 37.63),
2011-12-20 04:46:33+00:00,27.65,57.22,4.7,14.0,"58 km NNE of M?n?b, Iran",thr,us,Mainshock,4.0 - 4.99,POINT (57.22 27.65),
2011-12-19 01:52:55.800000+00:00,30.04,59.47,4.6,14.1,"51 km WNW of No?rat?b?d, Iran",thr,teh,Mainshock,4.0 - 4.99,POINT (59.47 30.04),
2011-12-10 16:13:51.200000+00:00,32.204,58.502,4.7,10.0,"99 km SW of B?rjand, Iran",teh,us,Mainshock,4.0 - 4.99,POINT (58.502 32.204),
2011-12-09 03:23:35.450000+00:00,27.194,53.151,4.9,20.0,"47 km SSE of Mohr, Iran",us,us,Mainshock,4.0 - 4.99,POINT (53.151 27.194),
2011-12-08 20:04:31.400000+00:00,37.128,57.449,4.8,14.1,"7 km NW of Esfar?yen, Iran",thr,us,Mainshock,4.0 - 4.99,POINT (57.449 37.128),
2011-12-06 15:46:27.880000+00:00,37.244,43.713,4.5,13.6,"8 km E of Çukurca, Turkey",isk,us,Mainshock,4.0 - 4.99,POINT (43.713 37.244),
2011-12-06 02:55:59.130000+00:00,38.812,43.67,4.6,5.0,"32 km WNW of Özalp, Turkey",isk,us,Aftershock,4.0 - 4.99,POINT (43.67 38.812),
2011-12-03 01:30:54.610000+00:00,38.868,43.791,4.7,5.0,"29 km NW of Özalp, Turkey",isk,us,Mainshock,4.0 - 4.99,POINT (43.791 38.868),
2011-11-21 01:56:41.800000+00:00,32.2,59.92,5.0,14.2,"98 km SE of B?rjand, Iran",thr,gcmt,Mainshock,5.0 - 5.99,POINT (59.92 32.2),
2011-11-18 17:39:40.430000+00:00,38.85,43.878,4.9,5.0,"23 km NNW of Özalp, Turkey",isk,gcmt,Mainshock,4.0 - 4.99,POINT (43.878 38.85),
2011-11-17 12:38:31.220000+00:00,38.904,43.553,4.5,5.0,"21 km SE of Erci?, Turkey",isk,us,Background Event,4.0 - 4.99,POINT (43.553 38.904),
2011-11-13 14:11:06.090000+00:00,28.166,57.163,4.8,28.7,"114 km N of M?n?b, Iran",us,us,Mainshock,4.0 - 4.99,POINT (57.163 28.166),
2011-11-13 08:00:15.200000+00:00,28.15,59.299,4.6,20.0,"140 km SE of Bam, Iran",teh,us,Mainshock,4.0 - 4.99,POINT (59.299 28.15),
2011-11-08 14:35:34.780000+00:00,38.664,43.651,4.5,5.0,"29 km W of Özalp, Turkey",isk,us,Aftershock,4.0 - 4.99,POINT (43.651 38.664),
2011-11-07 22:14:12.670000+00:00,38.917,43.609,4.5,5.0,"24 km ESE of Erci?, Turkey",isk,us,Aftershock,4.0 - 4.99,POINT (43.609 38.917),
2011-11-07 15:53:51.310000+00:00,38.688,43.631,4.8,3.8,"30 km NE of Van, Turkey",isk,us,Mainshock,4.0 - 4.99,POINT (43.631 38.688),
2011-11-06 02:43:12+00:00,38.924,43.565,4.8,5.0,"21 km ESE of Erci?, Turkey",isk,gcmt,Background Event,4.0 - 4.99,POINT (43.565 38.924),
2011-11-05 19:19:16.830000+00:00,38.807,43.542,4.5,5.0,"28 km SSE of Erci?, Turkey",us,us,Background Event,4.0 - 4.99,POINT (43.542 38.807),
2011-11-02 13:24:02.530000+00:00,38.857,43.578,4.6,5.0,"26 km SE of Erci?, Turkey",isk,us,Background Event,4.0 - 4.99,POINT (43.578 38.857),
2011-11-02 11:43:04.460000+00:00,37.134,43.82,4.6,10.0,"22 km SE of Çukurca, Turkey",us,us,Mainshock,4.0 - 4.99,POINT (43.82 37.134),
2011-11-02 04:34:20.700000+00:00,38.87,43.57,4.5,5.0,"25 km SE of Erci?, Turkey",isk,us,Aftershock,4.0 - 4.99,POINT (43.57 38.87),
2011-10-30 01:55:04.670000+00:00,38.729,43.593,4.5,5.0,"31 km NE of Van, Turkey",isk,us,Aftershock,4.0 - 4.99,POINT (43.593 38.729),
2011-10-29 22:24:21.900000+00:00,38.89,43.56,5.1,5.0,"23 km SE of Erci?, Turkey",isk,gcmt,Mainshock,5.0 - 5.99,POINT (43.56 38.89),
2011-10-28 22:48:00.400000+00:00,32.463,49.022,4.7,25.4,"48 km NNE of Sh?shtar, Iran",thr,us,Mainshock,4.0 - 4.99,POINT (49.022 32.463),
2011-10-28 08:48:07.360000+00:00,38.649,43.635,4.6,5.0,"27 km NE of Van, Turkey",isk,us,Mainshock,4.0 - 4.99,POINT (43.635 38.649),
2011-10-27 08:04:22.420000+00:00,37.256,43.86,5.1,10.0,"21 km E of Çukurca, Turkey",us,gcmt,Mainshock,5.0 - 5.99,POINT (43.86 37.256),
2011-10-26 02:59:58.160000+00:00,38.803,43.504,4.5,10.0,"27 km SSE of Erci?, Turkey",us,us,Aftershock,4.0 - 4.99,POINT (43.504 38.803),
2011-10-25 14:55:08.240000+00:00,38.811,43.623,5.6,14.0,"33 km SE of Erci?, Turkey",us,us,Aftershock,5.0 - 5.99,POINT (43.623 38.811),
2011-10-24 23:55:14.380000+00:00,38.736,43.561,4.6,5.0,"30 km NNE of Van, Turkey",isk,us,Aftershock,4.0 - 4.99,POINT (43.561 38.736),
2011-10-24 08:49:21.130000+00:00,38.667,43.515,4.8,7.6,"22 km NNE of Van, Turkey",isk,gcmt,Aftershock,4.0 - 4.99,POINT (43.515 38.667),
2011-10-24 08:28:26.190000+00:00,38.617,43.55,4.8,3.6,"19 km NE of Van, Turkey",us,gcmt,Aftershock,4.0 - 4.99,POINT (43.55 38.617),
2011-10-23 16:05:10.800000+00:00,38.793,43.585,4.6,9.8,eastern Turkey,us,us,Aftershock,4.0 - 4.99,POINT (43.585 38.793),
2011-10-23 11:19:04.510000+00:00,38.694,43.571,4.5,11.4,"27 km NE of Van, Turkey",us,us,Aftershock,4.0 - 4.99,POINT (43.571 38.694),
2011-10-23 11:00:14.310000+00:00,38.593,43.516,4.6,10.0,"15 km NE of Van, Turkey",us,us,Aftershock,4.0 - 4.99,POINT (43.516 38.593),
2011-10-23 10:48:17.420000+00:00,38.751,43.595,5.6,9.0,"33 km NNE of Van, Turkey",isk,us,Aftershock,5.0 - 5.99,POINT (43.595 38.751),
2011-10-23 10:41:23.250000+00:00,38.721,43.508,7.1,18.0,"27 km NNE of Van, Turkey",us,us,Mainshock,7.0 - 10.0,POINT (43.508 38.721),
2011-10-19 03:10:20+00:00,28.17,54.52,4.7,14.0,"64 km S of D?r?b, Iran",thr,us,Aftershock,4.0 - 4.99,POINT (54.52 28.17),
2011-10-19 03:04:43.500000+00:00,28.076,54.303,4.5,19.2,"47 km NNE of Ger?sh, Iran",teh,us,Aftershock,4.0 - 4.99,POINT (54.303 28.076),
2011-10-19 02:52:43.200000+00:00,28.058,54.286,5.2,23.4,"45 km NNE of Ger?sh, Iran",teh,gcmt,Mainshock,5.0 - 5.99,POINT (54.286 28.058),
2011-09-19 22:30:53+00:00,29.46,56.83,4.6,3.0,"20 km N of K?h Sef?d, Iran",teh,us,Mainshock,4.0 - 4.99,POINT (56.83 29.46),
2011-09-16 23:07:40.200000+00:00,28.406,54.989,4.6,14.7,"57 km SE of D?r?b, Iran",teh,us,Mainshock,4.0 - 4.99,POINT (54.989 28.406),
2011-09-05 18:11:09.980000+00:00,32.767,50.865,4.5,10.0,"48 km N of Shahr-e Kord, Iran",us,us,Mainshock,4.0 - 4.99,POINT (50.865 32.767),
2011-08-15 10:44:33.700000+00:00,28.103,55.881,4.9,9.1,"108 km NNW of Bandar Abbas, Iran",teh,us,Mainshock,4.0 - 4.99,POINT (55.881 28.103),
2011-08-11 22:32:18.800000+00:00,36.531,54.734,5.0,2.7,"25 km WNW of Shahrud, Iran",teh,gcmt,Mainshock,5.0 - 5.99,POINT (54.734 36.531),
2011-08-02 22:09:44.600000+00:00,31.85,50.663,4.8,20.8,"46 km SSE of F?rs?n, Iran",teh,us,Mainshock,4.0 - 4.99,POINT (50.663 31.85),
2011-07-28 22:27:22.610000+00:00,28.134,57.535,4.6,10.0,"119 km NNE of M?n?b, Iran",us,us,Mainshock,4.0 - 4.99,POINT (57.535 28.134),
2011-07-26 04:04:10.700000+00:00,36.52,56.89,5.0,6.4,"78 km WNW of Sabzevar, Iran",thr,us,Mainshock,5.0 - 5.99,POINT (56.89 36.52),
2011-07-21 03:09:26+00:00,26.52,59.55,4.6,11.0,"10 km SW of Fann?j, Iran",teh,us,Mainshock,4.0 - 4.99,POINT (59.55 26.52),
2011-06-26 20:17:56.500000+00:00,28.214,59.88,4.5,14.6,"131 km W of Kh?sh, Iran",teh,us,Mainshock,4.0 - 4.99,POINT (59.88 28.214),
2011-06-26 19:47:00+00:00,30.21,57.63,5.1,13.0,"53 km E of Kerman, Iran",teh,gcmt,Mainshock,5.0 - 5.99,POINT (57.63 30.21),
2011-06-15 01:05:30.700000+00:00,27.784,57.766,5.5,34.0,"98 km NE of M?n?b, Iran",teh,gcmt,Mainshock,5.0 - 5.99,POINT (57.766 27.784),
2011-06-09 10:13:12.590000+00:00,32.212,49.987,4.7,10.0,"54 km W of F?rs?n, Iran",us,us,Mainshock,4.0 - 4.99,POINT (49.987 32.212),
2011-05-24 20:30:11.100000+00:00,35.651,58.774,4.6,12.8,"53 km NNE of K?shmar, Iran",teh,us,Mainshock,4.0 - 4.99,POINT (58.774 35.651),
2011-05-12 14:25:59+00:00,30.94,51.3,4.8,11.0,"40 km NW of Yasuj, Iran",teh,us,Mainshock,4.0 - 4.99,POINT (51.3 30.94),
2011-05-08 22:17:38+00:00,29.84,51.0,4.9,42.1,"54 km ENE of Bandar-e Gen?veh, Iran",thr,us,Mainshock,4.0 - 4.99,POINT (51 29.84),
2011-04-07 04:47:36.400000+00:00,34.36,45.57,4.6,17.8,"29 km WSW of Sarpol-e Z?ah?b, Iran",thr,us,Mainshock,4.0 - 4.99,POINT (45.57 34.36),
2011-03-20 21:53:07.800000+00:00,29.918,51.227,4.5,5.3,"35 km SW of N?r?b?d, Iran",teh,us,Mainshock,4.0 - 4.99,POINT (51.227 29.918),
2011-03-18 21:49:56+00:00,28.153,56.375,4.7,16.5,"107 km N of Bandar Abbas, Iran",teh,us,Mainshock,4.0 - 4.99,POINT (56.375 28.153),
2011-03-14 18:57:10.910000+00:00,38.725,44.112,4.7,4.4,Turkey-Iran border region,us,us,Mainshock,4.0 - 4.99,POINT (44.112 38.725),
2011-03-14 07:55:08.700000+00:00,27.843,56.712,4.8,14.2,"84 km NNE of Bandar Abbas, Iran",teh,us,Mainshock,4.0 - 4.99,POINT (56.712 27.843),
2011-03-05 20:42:53.900000+00:00,28.298,57.14,5.2,19.3,"113 km SSE of K?h Sef?d, Iran",teh,gcmt,Mainshock,5.0 - 5.99,POINT (57.14 28.298),
2011-03-05 11:24:43.740000+00:00,30.019,51.156,5.3,10.0,"36 km WSW of N?r?b?d, Iran",us,gcmt,Mainshock,5.0 - 5.99,POINT (51.156 30.019),
2011-03-04 09:46:28.800000+00:00,37.734,48.606,4.6,14.1,"14 km NNE of Khalkh?l, Iran",thr,us,Mainshock,4.0 - 4.99,POINT (48.606 37.734),
2011-02-06 08:13:11.530000+00:00,28.227,56.339,4.6,10.0,"115 km N of Bandar Abbas, Iran",us,us,Mainshock,4.0 - 4.99,POINT (56.339 28.227),
2011-01-30 18:58:13.900000+00:00,27.115,53.372,4.8,28.5,"68 km SE of Mohr, Iran",teh,us,Mainshock,4.0 - 4.99,POINT (53.372 27.115),
2011-01-29 04:43:19+00:00,28.33,59.02,4.6,16.0,"107 km SE of Bam, Iran",teh,us,Aftershock,4.0 - 4.99,POINT (59.02 28.33),
2011-01-28 05:06:49.500000+00:00,28.42,58.93,4.5,21.0,"94 km SE of Bam, Iran",teh,us,Aftershock,4.0 - 4.99,POINT (58.93 28.42),
2011-01-28 04:20:36.300000+00:00,28.15,59.07,5.2,15.0,"126 km SSE of Bam, Iran",thr,gcmt,Aftershock,5.0 - 5.99,POINT (59.07 28.15),
2011-01-27 09:07:54.800000+00:00,28.23,58.96,4.8,22.0,"113 km SSE of Bam, Iran",teh,teh,Aftershock,4.0 - 4.99,POINT (58.96 28.23),
2011-01-27 08:43:26.730000+00:00,28.128,59.057,5.0,10.0,"128 km SSE of Bam, Iran",us,us,Aftershock,5.0 - 5.99,POINT (59.057 28.128),
2011-01-27 08:38:28.340000+00:00,28.195,59.015,6.2,10.0,"119 km SSE of Bam, Iran",us,us,Mainshock,6.0 - 6.99,POINT (59.015 28.195),
2011-01-27 07:02:03.400000+00:00,28.167,58.907,4.9,10.0,Southeastern Iran,us,gcmt,Foreshock,4.0 - 4.99,POINT (58.907 28.167),
2011-01-18 21:32:29.160000+00:00,28.709,63.956,4.5,64.2,"48 km WSW of Dalbandin, Pakistan",us,us,Aftershock,4.0 - 4.99,POINT (63.956 28.709),
2011-01-18 20:23:23.480000+00:00,28.777,63.951,7.2,68.0,"46 km WSW of Dalbandin, Pakistan",us,us,Mainshock,7.0 - 10.0,POINT (63.951 28.777),
2011-01-18 11:34:09+00:00,28.21,56.38,4.5,22.0,"113 km N of Bandar Abbas, Iran",teh,us,Aftershock,4.0 - 4.99,POINT (56.38 28.21),
2011-01-18 11:25:59.690000+00:00,28.204,56.281,4.7,10.0,"112 km N of Bandar Abbas, Iran",us,us,Mainshock,4.0 - 4.99,POINT (56.281 28.204),
2011-01-08 00:24:27.700000+00:00,30.18,51.706,5.1,38.6,"19 km ENE of N?r?b?d, Iran",thr,gcmt,Aftershock,5.0 - 5.99,POINT (51.706 30.18),
2011-01-07 23:53:03.330000+00:00,30.149,51.594,5.0,29.9,"7 km ENE of N?r?b?d, Iran",us,gcmt,Aftershock,5.0 - 5.99,POINT (51.594 30.149),
2011-01-05 16:32:24.270000+00:00,30.16,51.628,4.5,24.0,"11 km ENE of N?r?b?d, Iran",us,us,Aftershock,4.0 - 4.99,POINT (51.628 30.16),
2011-01-05 05:55:48.370000+00:00,30.145,51.789,5.4,15.5,"25 km E of N?r?b?d, Iran",us,gcmt,Mainshock,5.0 - 5.99,POINT (51.789 30.145),
2010-12-22 19:04:51.300000+00:00,26.142,57.887,4.6,46.1,southern Iran,thr,us,Mainshock,4.0 - 4.99,POINT (57.887 26.142),
2010-12-20 22:12:58.800000+00:00,28.282,59.224,4.9,15.0,"124 km SE of Bam, Iran",thr,us,Aftershock,4.0 - 4.99,POINT (59.224 28.282),
2010-12-20 18:41:59.200000+00:00,28.412,59.18,6.7,12.0,"111 km SE of Bam, Iran",us,us,Mainshock,6.0 - 6.99,POINT (59.18 28.412),
2010-12-09 18:14:45.730000+00:00,28.579,52.041,4.8,6.9,"59 km WSW of F?r?z?b?d, Iran",us,us,Mainshock,4.0 - 4.99,POINT (52.041 28.579),
2010-12-01 19:55:44.620000+00:00,30.135,51.606,4.9,21.1,"8 km ENE of N?r?b?d, Iran",us,gcmt,Mainshock,4.0 - 4.99,POINT (51.606 30.135),
2010-11-26 12:33:42.270000+00:00,28.063,52.564,5.5,9.0,"64 km NNW of Mohr, Iran",us,gcmt,Mainshock,5.0 - 5.99,POINT (52.564 28.063),
2010-11-14 14:49:27.430000+00:00,26.398,57.223,4.5,10.0,"82 km S of M?n?b, Iran",us,us,Mainshock,4.0 - 4.99,POINT (57.223 26.398),
2010-11-11 22:20:00+00:00,27.3,55.24,4.7,6.0,"89 km NNE of Bandar-e Lengeh, Iran",teh,us,Mainshock,4.0 - 4.99,POINT (55.24 27.3),
2010-11-11 13:37:34.240000+00:00,27.892,56.995,4.9,26.9,"84 km N of M?n?b, Iran",us,us,Mainshock,4.0 - 4.99,POINT (56.995 27.892),
2010-11-10 13:49:09.800000+00:00,27.954,56.939,4.9,17.0,"92 km N of M?n?b, Iran",teh,gcmt,Foreshock,4.0 - 4.99,POINT (56.939 27.954),
2010-11-06 03:52:20+00:00,33.37,48.94,4.9,5.0,western Iran,teh,us,Mainshock,4.0 - 4.99,POINT (48.94 33.37),
2010-10-28 09:22:23.400000+00:00,29.99,51.173,4.5,10.0,"36 km WSW of N?r?b?d, Iran",teh,us,Mainshock,4.0 - 4.99,POINT (51.173 29.99),
2010-10-22 08:34:24.100000+00:00,37.95,49.1,4.6,15.0,"24 km NE of Hashtpar, Iran",thr,us,Mainshock,4.0 - 4.99,POINT (49.1 37.95),
2010-10-22 08:00:37.600000+00:00,37.96,49.09,4.6,15.0,"24 km NE of Hashtpar, Iran",thr,us,Foreshock,4.0 - 4.99,POINT (49.09 37.96),
2010-09-27 11:22:45.180000+00:00,29.637,51.666,5.9,20.0,"2 km NNE of K?zer?n, Iran",us,gcmt,Mainshock,5.0 - 5.99,POINT (51.666 29.637),
2010-09-08 12:33:30+00:00,27.65,53.03,4.7,18.0,"17 km NE of Mohr, Iran",teh,us,Mainshock,4.0 - 4.99,POINT (53.03 27.65),
2010-09-07 02:11:04.300000+00:00,26.98,54.5,5.2,30.7,"60 km NW of Bandar-e Lengeh, Iran",thr,us,Mainshock,5.0 - 5.99,POINT (54.5 26.98),
2010-08-28 00:46:55.180000+00:00,39.445,54.365,4.9,5.3,"7 km S of Balkanabat, Turkmenistan",us,us,Mainshock,4.0 - 4.99,POINT (54.365 39.445),
2010-08-28 00:29:05+00:00,35.49,54.44,4.9,6.0,"75 km S of D?mgh?n, Iran",teh,us,Aftershock,4.0 - 4.99,POINT (54.44 35.49),
2010-08-27 19:23:49.500000+00:00,35.49,54.47,5.8,7.0,"76 km S of D?mgh?n, Iran",teh,gcmt,Mainshock,5.0 - 5.99,POINT (54.47 35.49),
2010-08-27 19:13:02.340000+00:00,39.5,54.492,4.6,10.0,"10 km E of Balkanabat, Turkmenistan",us,us,Mainshock,4.0 - 4.99,POINT (54.492 39.5),
2010-08-11 17:26:19.700000+00:00,37.799,57.017,5.0,14.8,"45 km NW of Bojn?rd, Iran",thr,us,Mainshock,5.0 - 5.99,POINT (57.017 37.799),
2010-07-31 06:52:57.800000+00:00,29.703,56.812,5.4,4.0,"33 km SE of Bards?r, Iran",teh,gcmt,Mainshock,5.0 - 5.99,POINT (56.812 29.703),
2010-07-30 13:50:12.570000+00:00,35.221,59.317,5.5,19.0,"10 km ESE of Torbat-e ?eydar?yeh, Iran",us,gcmt,Mainshock,5.0 - 5.99,POINT (59.317 35.221),
2010-07-24 12:34:14.240000+00:00,27.153,53.68,4.8,10.0,"72 km SW of Ger?sh, Iran",us,us,Mainshock,4.0 - 4.99,POINT (53.68 27.153),
2010-07-23 00:56:42+00:00,37.72,57.01,4.9,5.0,"39 km NW of Bojn?rd, Iran",teh,us,Mainshock,4.0 - 4.99,POINT (57.01 37.72),
2010-07-20 19:50:10.920000+00:00,27.056,53.812,5.1,10.0,"58 km NNW of K?sh, Iran",us,us,Aftershock,5.0 - 5.99,POINT (53.812 27.056),
2010-07-20 19:38:09.530000+00:00,27.022,53.861,5.8,10.0,"53 km NNW of K?sh, Iran",us,gcmt,Mainshock,5.0 - 5.99,POINT (53.861 27.022),
2010-07-19 17:45:48.400000+00:00,27.838,62.654,4.5,33.6,"147 km ESE of Kh?sh, Iran",teh,us,Mainshock,4.0 - 4.99,POINT (62.654 27.838),
2010-06-23 11:47:53.140000+00:00,25.604,63.3,4.6,10.0,"41 km NNW of Pasni, Pakistan",us,us,Mainshock,4.0 - 4.99,POINT (63.3 25.604),
2010-06-20 13:34:58.550000+00:00,27.845,54.34,4.5,10.0,"27 km NE of Ger?sh, Iran",us,us,Mainshock,4.0 - 4.99,POINT (54.34 27.845),
2010-05-28 01:50:56+00:00,28.48,56.83,4.8,6.0,"88 km S of K?h Sef?d, Iran",teh,us,Mainshock,4.0 - 4.99,POINT (56.83 28.48),
2010-05-14 18:49:53.580000+00:00,29.33,51.476,5.1,10.0,"25 km ENE of Bor?zj?n, Iran",us,us,Mainshock,5.0 - 5.99,POINT (51.476 29.33),
2010-05-14 09:33:19.430000+00:00,27.109,54.727,4.7,48.4,"62 km NNW of Bandar-e Lengeh, Iran",us,us,Aftershock,4.0 - 4.99,POINT (54.727 27.109),
2010-04-27 22:58:03.900000+00:00,27.192,54.967,5.0,21.8,"70 km N of Bandar-e Lengeh, Iran",teh,gcmt,Mainshock,5.0 - 5.99,POINT (54.967 27.192),
2010-04-19 03:31:14+00:00,37.56,56.76,4.6,5.0,"51 km W of Bojn?rd, Iran",teh,us,Mainshock,4.0 - 4.99,POINT (56.76 37.56),
2010-04-13 21:58:04+00:00,30.73,51.402,4.7,15.6,"19 km WNW of Yasuj, Iran",teh,us,Mainshock,4.0 - 4.99,POINT (51.402 30.73),
2010-04-12 11:56:33.260000+00:00,34.921,58.717,4.6,10.0,"42 km SSE of K?shmar, Iran",us,us,Mainshock,4.0 - 4.99,POINT (58.717 34.921),
2010-03-04 03:24:22.750000+00:00,37.39,54.414,4.7,28.5,"60 km N of Gorg?n, Iran",us,us,Mainshock,4.0 - 4.99,POINT (54.414 37.39),
2010-02-23 10:25:56.850000+00:00,32.508,48.29,5.2,35.0,"24 km NW of Shahrak-e K?l?r?, Iran",us,gcmt,Mainshock,5.0 - 5.99,POINT (48.29 32.508),
2010-02-23 07:28:02.700000+00:00,32.544,48.373,4.9,23.3,"23 km NNW of Shahrak-e K?l?r?, Iran",thr,gcmt,Foreshock,4.0 - 4.99,POINT (48.373 32.544),
2010-02-19 11:25:49.600000+00:00,35.804,57.603,4.5,35.0,"45 km S of Sabzevar, Iran",us,us,Mainshock,4.0 - 4.99,POINT (57.603 35.804),
2010-02-18 21:08:13.200000+00:00,30.757,50.186,4.9,16.2,"18 km NNW of Behbah?n, Iran",teh,us,Mainshock,4.0 - 4.99,POINT (50.186 30.757),
2010-02-11 16:29:40.680000+00:00,33.356,47.267,4.6,12.7,"25 km NNW of Darreh Shahr, Iran",us,us,Mainshock,4.0 - 4.99,POINT (47.267 33.356),
2010-02-03 22:39:45.200000+00:00,28.588,57.012,4.9,14.1,"78 km SSE of K?h Sef?d, Iran",thr,us,Mainshock,4.0 - 4.99,POINT (57.012 28.588),
2010-02-02 10:16:28.810000+00:00,37.926,46.776,4.6,10.0,"45 km ESE of Tabriz, Iran",us,us,Mainshock,4.0 - 4.99,POINT (46.776 37.926),
2010-01-20 05:20:07+00:00,35.821,52.864,4.7,5.0,"28 km ENE of Soleh Bon, Iran",teh,us,Mainshock,4.0 - 4.99,POINT (52.864 35.821),
2010-01-16 20:23:37+00:00,32.45,48.3,5.0,5.0,"19 km NW of Shahrak-e K?l?r?, Iran",teh,us,Mainshock,5.0 - 5.99,POINT (48.3 32.45),
2010-01-13 10:22:13.170000+00:00,26.737,53.567,4.8,10.0,"49 km WNW of K?sh, Iran",us,us,Mainshock,4.0 - 4.99,POINT (53.567 26.737),
2010-01-10 17:17:48.720000+00:00,27.062,55.614,4.7,10.0,"66 km W of Qeshm, Iran",us,us,Mainshock,4.0 - 4.99,POINT (55.614 27.062),
2010-01-10 15:20:33.170000+00:00,26.985,55.57,4.7,10.0,"69 km W of Qeshm, Iran",us,us,Foreshock,4.0 - 4.99,POINT (55.57 26.985),
2010-01-06 14:17:47.900000+00:00,27.477,55.121,4.9,13.4,"99 km ESE of Ger?sh, Iran",teh,us,Mainshock,4.0 - 4.99,POINT (55.121 27.477),
2009-12-23 16:51:54+00:00,26.88,56.08,4.6,6.3,"20 km WSW of Qeshm, Iran",thr,us,Mainshock,4.0 - 4.99,POINT (56.08 26.88),
2009-12-12 21:37:40+00:00,27.606,53.328,4.9,12.6,"44 km E of Mohr, Iran",teh,us,Mainshock,4.0 - 4.99,POINT (53.328 27.606),
2009-12-02 12:37:53.720000+00:00,28.649,53.658,4.6,10.0,"32 km S of Fas?, Iran",us,us,Mainshock,4.0 - 4.99,POINT (53.658 28.649),
2009-11-18 00:50:35.100000+00:00,31.589,50.924,4.9,37.8,"54 km SW of Bor?jen, Iran",thr,us,Mainshock,4.0 - 4.99,POINT (50.924 31.589),
2009-11-03 23:26:52+00:00,27.334,56.202,5.0,14.1,"18 km NNW of Bandar Abbas, Iran",thr,gcmt,Mainshock,5.0 - 5.99,POINT (56.202 27.334),
2009-10-25 17:47:49.390000+00:00,29.566,63.879,5.6,125.3,"90 km NW of Dalbandin, Pakistan",us,us,Mainshock,5.0 - 5.99,POINT (63.879 29.566),
2009-10-13 00:54:28+00:00,34.88,46.85,4.8,13.0,"12 km NW of K?my?r?n, Iran",teh,gcmt,Mainshock,4.0 - 4.99,POINT (46.85 34.88),
2009-10-04 21:50:52.300000+00:00,31.874,49.492,5.1,9.4,"19 km ESE of Masjed Soleym?n, Iran",teh,us,Mainshock,5.0 - 5.99,POINT (49.492 31.874),
2009-08-30 14:04:36.300000+00:00,33.181,46.419,4.8,15.0,"24 km ENE of Mehr?n, Iran",us,us,Mainshock,4.0 - 4.99,POINT (46.419 33.181),
2009-08-07 18:59:30.980000+00:00,26.741,57.601,4.5,46.6,"66 km SE of M?n?b, Iran",us,us,Mainshock,4.0 - 4.99,POINT (57.601 26.741),
2009-07-22 03:53:03+00:00,26.77,55.79,5.3,9.6,"51 km WSW of Qeshm, Iran",thr,gcmt,Mainshock,5.0 - 5.99,POINT (55.79 26.77),
2009-06-25 15:04:54.100000+00:00,33.116,46.376,4.5,8.3,"19 km E of Mehr?n, Iran",teh,us,Mainshock,4.0 - 4.99,POINT (46.376 33.116),
2009-06-23 05:02:40.920000+00:00,28.264,56.057,4.9,10.0,"121 km N of Bandar Abbas, Iran",us,us,Mainshock,4.0 - 4.99,POINT (56.057 28.264),
2009-05-26 23:52:47.100000+00:00,34.005,48.52,4.9,5.0,"6 km SE of pamas, Iran",teh,us,Mainshock,4.0 - 4.99,POINT (48.52 34.005),
2009-05-13 23:39:51.500000+00:00,28.259,55.33,4.5,20.0,"94 km SE of D?r?b, Iran",teh,us,Mainshock,4.0 - 4.99,POINT (55.33 28.259),
2009-05-12 01:37:06.300000+00:00,32.38,59.0,4.5,14.5,"57 km SSW of B?rjand, Iran",thr,us,Mainshock,4.0 - 4.99,POINT (59 32.38),
2009-05-07 22:44:04.360000+00:00,25.448,57.027,5.0,38.6,Near the coast of southeastern Iran,us,gcmt,Mainshock,5.0 - 5.99,POINT (57.027 25.448),
2009-04-30 10:04:26.880000+00:00,27.742,61.422,5.2,69.0,"56 km SSE of Kh?sh, Iran",us,us,Mainshock,5.0 - 5.99,POINT (61.422 27.742),
2009-04-25 15:14:56.300000+00:00,33.047,48.827,4.6,16.5,"63 km S of Azn?, Iran",teh,us,Mainshock,4.0 - 4.99,POINT (48.827 33.047),
2009-04-15 07:40:21.500000+00:00,30.744,50.067,4.5,9.9,"23 km ENE of Aghajari, Iran",teh,us,Mainshock,4.0 - 4.99,POINT (50.067 30.744),
2009-04-07 17:32:50.190000+00:00,32.593,47.765,4.7,10.0,"47 km ESE of Dehlor?n, Iran",us,us,Mainshock,4.0 - 4.99,POINT (47.765 32.593),
2009-03-03 03:59:48.500000+00:00,28.111,57.496,4.6,17.0,"115 km NNE of M?n?b, Iran",teh,us,Mainshock,4.0 - 4.99,POINT (57.496 28.111),
2009-03-02 21:46:05.500000+00:00,32.13,49.871,4.7,2.0,"57 km ENE of Masjed Soleym?n, Iran",teh,us,Mainshock,4.0 - 4.99,POINT (49.871 32.13),
2009-02-25 05:03:12.030000+00:00,24.969,62.89,4.9,67.2,"59 km ESE of Gwadar, Pakistan",us,us,Mainshock,4.0 - 4.99,POINT (62.89 24.969),
2009-02-23 11:10:56.860000+00:00,27.582,55.372,5.1,10.0,"100 km WNW of Bandar Abbas, Iran",us,us,Mainshock,5.0 - 5.99,POINT (55.372 27.582),
2009-02-22 20:54:01.630000+00:00,28.086,55.474,4.5,22.1,"117 km SE of D?r?b, Iran",us,us,Mainshock,4.0 - 4.99,POINT (55.474 28.086),
2009-02-15 21:22:22+00:00,31.065,57.073,4.9,17.5,"33 km SE of R?var, Iran",teh,us,Mainshock,4.0 - 4.99,POINT (57.073 31.065),
2008-12-22 15:08:13.200000+00:00,28.21,57.14,4.8,40.4,"119 km N of M?n?b, Iran",thr,us,Mainshock,4.0 - 4.99,POINT (57.14 28.21),
2008-12-21 16:28:37.660000+00:00,28.242,52.376,4.5,33.2,"69 km SSW of F?r?z?b?d, Iran",us,us,Mainshock,4.0 - 4.99,POINT (52.376 28.242),
2008-12-09 15:09:23.900000+00:00,26.8,55.68,5.0,14.1,"60 km WSW of Qeshm, Iran",thr,gcmt,Aftershock,5.0 - 5.99,POINT (55.68 26.8),
2008-12-08 14:41:43.300000+00:00,26.92,55.85,5.1,6.1,"41 km W of Qeshm, Iran",thr,gcmt,Aftershock,5.0 - 5.99,POINT (55.85 26.92),
2008-12-07 13:36:21.300000+00:00,26.99,55.8,5.4,15.0,"46 km W of Qeshm, Iran",thr,us,Mainshock,5.0 - 5.99,POINT (55.8 26.99),
2008-12-01 10:18:40.100000+00:00,35.299,46.544,5.0,27.6,"33 km NNE of P?veh, Iran",teh,us,Mainshock,5.0 - 5.99,POINT (46.544 35.299),
2008-11-30 13:46:15.800000+00:00,27.0,55.57,4.6,17.3,"69 km W of Qeshm, Iran",thr,us,Mainshock,4.0 - 4.99,POINT (55.57 27),
2008-11-25 22:13:16.800000+00:00,29.812,51.716,4.5,10.0,"22 km NNE of K?zer?n, Iran",teh,us,Mainshock,4.0 - 4.99,POINT (51.716 29.812),
2008-11-11 15:38:56.700000+00:00,26.68,54.87,4.9,14.1,"13 km N of Bandar-e Lengeh, Iran",thr,us,Mainshock,4.0 - 4.99,POINT (54.87 26.68),
2008-10-26 00:37:38.800000+00:00,27.87,56.3,4.5,14.1,"75 km N of Bandar Abbas, Iran",thr,us,Mainshock,4.0 - 4.99,POINT (56.3 27.87),
2008-10-25 20:17:20.200000+00:00,26.533,54.985,5.4,28.8,"10 km ESE of Bandar-e Lengeh, Iran",teh,gcmt,Mainshock,5.0 - 5.99,POINT (54.985 26.533),
2008-10-25 01:28:43.600000+00:00,26.41,54.92,4.5,15.5,"16 km SSE of Bandar-e Lengeh, Iran",thr,us,Foreshock,4.0 - 4.99,POINT (54.92 26.41),
2008-10-24 14:10:34.500000+00:00,29.078,51.266,4.9,20.8,"21 km SSE of Bor?zj?n, Iran",teh,us,Mainshock,4.0 - 4.99,POINT (51.266 29.078),
2008-10-24 05:14:17.280000+00:00,38.538,57.456,4.5,10.0,"11 km N of Baharly, Turkmenistan",us,us,Mainshock,4.0 - 4.99,POINT (57.456 38.538),
2008-10-21 14:23:59.800000+00:00,26.7,54.96,4.8,14.1,"17 km NNE of Bandar-e Lengeh, Iran",thr,us,Mainshock,4.0 - 4.99,POINT (54.96 26.7),
2008-10-21 13:03:02.390000+00:00,26.692,54.993,4.8,10.0,"18 km NE of Bandar-e Lengeh, Iran",us,us,Foreshock,4.0 - 4.99,POINT (54.993 26.692),
2008-09-26 15:52:21+00:00,27.33,56.79,5.1,20.0,"36 km NW of M?n?b, Iran",teh,us,Mainshock,5.0 - 5.99,POINT (56.79 27.33),
2008-09-20 12:35:13+00:00,33.48,45.86,4.5,4.0,"41 km SE of Mandal?, Iraq",teh,us,Mainshock,4.0 - 4.99,POINT (45.86 33.48),
2008-09-18 02:10:21.400000+00:00,27.105,55.909,4.6,1.3,"37 km WSW of Bandar Abbas, Iran",thr,us,Aftershock,4.0 - 4.99,POINT (55.909 27.105),
2008-09-17 18:41:50+00:00,26.9,56.2,4.6,7.0,"8 km SW of Qeshm, Iran",teh,us,Aftershock,4.0 - 4.99,POINT (56.2 26.9),
2008-09-17 17:43:49+00:00,27.0,56.2,5.2,4.0,"8 km NW of Qeshm, Iran",teh,gcmt,Mainshock,5.0 - 5.99,POINT (56.2 27),
2008-09-11 02:16:09.900000+00:00,26.929,55.635,5.2,7.9,"63 km W of Qeshm, Iran",thr,us,Aftershock,5.0 - 5.99,POINT (55.635 26.929),
2008-09-11 01:11:43+00:00,27.01,55.763,4.9,14.2,"50 km W of Qeshm, Iran",thr,us,Aftershock,4.0 - 4.99,POINT (55.763 27.01),
2008-09-10 11:33:12.300000+00:00,26.92,55.71,4.8,9.6,"55 km W of Qeshm, Iran",thr,us,Aftershock,4.0 - 4.99,POINT (55.71 26.92),
2008-09-10 11:08:43.800000+00:00,26.93,55.73,5.0,10.9,"53 km W of Qeshm, Iran",thr,us,Aftershock,5.0 - 5.99,POINT (55.73 26.93),
2008-09-10 11:00:34.090000+00:00,26.743,55.828,6.1,12.0,"49 km WSW of Qeshm, Iran",us,gcmt,Mainshock,6.0 - 6.99,POINT (55.828 26.743),
2008-09-06 23:53:33.400000+00:00,32.405,47.348,4.5,19.4,Iran-Iraq border region,teh,us,Aftershock,4.0 - 4.99,POINT (47.348 32.405),
2008-09-03 22:43:13+00:00,32.3,47.2,5.1,8.0,"44 km S of Dehlor?n, Iran",teh,gcmt,Mainshock,5.0 - 5.99,POINT (47.2 32.3),
2008-09-02 20:00:50.820000+00:00,38.724,45.794,5.0,3.0,"20 km SSW of Deste, Azerbaijan",us,gcmt,Mainshock,5.0 - 5.99,POINT (45.794 38.724),
2008-08-27 21:52:38.110000+00:00,32.308,47.35,5.8,10.0,"43 km S of Dehlor?n, Iran",us,gcmt,Mainshock,5.0 - 5.99,POINT (47.35 32.308),
2008-08-24 04:59:40.300000+00:00,30.822,49.824,4.5,11.1,"13 km ENE of Om?d?yeh, Iran",teh,us,Mainshock,4.0 - 4.99,POINT (49.824 30.822),
2008-08-23 13:32:37.780000+00:00,39.783,54.073,4.5,35.4,"39 km NW of Balkanabat, Turkmenistan",us,us,Mainshock,4.0 - 4.99,POINT (54.073 39.783),
2008-08-11 12:54:35.200000+00:00,25.75,59.67,4.7,18.0,"75 km SW of N?kshahr, Iran",teh,us,Mainshock,4.0 - 4.99,POINT (59.67 25.75),
2008-08-09 23:22:03.700000+00:00,26.08,59.51,4.6,17.1,"56 km SSW of Fann?j, Iran",thr,us,Background Event,4.0 - 4.99,POINT (59.51 26.08),
2008-07-12 22:19:19+00:00,33.39,47.26,4.6,1.0,"29 km NNW of Darreh Shahr, Iran",teh,us,Mainshock,4.0 - 4.99,POINT (47.26 33.39),
2008-07-03 23:10:02+00:00,35.5,58.8,5.2,10.0,"42 km NE of K?shmar, Iran",teh,gcmt,Mainshock,5.0 - 5.99,POINT (58.8 35.5),
2008-06-25 09:56:20.300000+00:00,33.7,48.57,4.6,14.1,"27 km SW of Bor?jerd, Iran",thr,us,Mainshock,4.0 - 4.99,POINT (48.57 33.7),
2008-06-21 16:21:17+00:00,30.8,57.6,4.6,6.0,"76 km NE of Kerman, Iran",teh,teh,Mainshock,4.0 - 4.99,POINT (57.6 30.8),
2008-06-04 00:38:45+00:00,30.3,57.6,4.5,13.0,"50 km E of Kerman, Iran",teh,teh,Mainshock,4.0 - 4.99,POINT (57.6 30.3),
2008-06-03 09:21:51.170000+00:00,32.36,48.602,4.8,10.0,"12 km E of Shahrak-e K?l?r?, Iran",us,us,Mainshock,4.0 - 4.99,POINT (48.602 32.36),
2008-05-31 01:24:05.700000+00:00,26.76,55.29,4.5,14.1,"46 km ENE of Bandar-e Lengeh, Iran",thr,us,Mainshock,4.0 - 4.99,POINT (55.29 26.76),
2008-05-27 06:18:08.300000+00:00,36.65,48.66,4.9,23.0,"14 km ESE of Zanj?n, Iran",teh,us,Mainshock,4.0 - 4.99,POINT (48.66 36.65),
2008-05-10 22:25:20.720000+00:00,39.57,52.106,4.6,26.4,"88 km SW of Türkmenba?y, Turkmenistan",us,us,Mainshock,4.0 - 4.99,POINT (52.106 39.57),
2008-05-07 19:50:50+00:00,27.95,57.82,4.8,33.0,"116 km NE of M?n?b, Iran",teh,us,Mainshock,4.0 - 4.99,POINT (57.82 27.95),
2008-05-05 21:57:53.800000+00:00,28.37,54.05,5.2,46.0,"64 km SW of D?r?b, Iran",thr,gcmt,Mainshock,5.0 - 5.99,POINT (54.05 28.37),
2008-05-01 00:15:27.400000+00:00,33.86,48.59,4.5,16.0,"15 km WSW of Bor?jerd, Iran",teh,us,Mainshock,4.0 - 4.99,POINT (48.59 33.86),
2008-04-29 05:55:14.200000+00:00,28.292,54.029,4.5,35.9,"69 km N of Ger?sh, Iran",teh,us,Mainshock,4.0 - 4.99,POINT (54.029 28.292),
2008-03-31 12:35:10.400000+00:00,27.738,57.392,4.8,61.8,"73 km NNE of M?n?b, Iran",us,us,Mainshock,4.0 - 4.99,POINT (57.392 27.738),
2008-03-23 12:11:31.800000+00:00,37.31,48.51,4.8,6.0,"34 km S of Khalkh?l, Iran",teh,us,Mainshock,4.0 - 4.99,POINT (48.51 37.31),
2008-03-22 00:01:03+00:00,28.27,57.18,4.6,28.0,"117 km SSE of K?h Sef?d, Iran",teh,us,Mainshock,4.0 - 4.99,POINT (57.18 28.27),
2008-03-09 03:51:07+00:00,33.3,59.2,5.0,4.0,"47 km S of Q?’en, Iran",teh,gcmt,Mainshock,5.0 - 5.99,POINT (59.2 33.3),
2008-03-01 16:38:57.600000+00:00,26.88,56.19,4.6,5.0,"10 km SW of Qeshm, Iran",teh,us,Mainshock,4.0 - 4.99,POINT (56.19 26.88),
2008-02-29 19:57:42.250000+00:00,38.498,57.258,4.7,10.0,"16 km WNW of Baharly, Turkmenistan",us,us,Mainshock,4.0 - 4.99,POINT (57.258 38.498),
2008-02-27 11:10:13.600000+00:00,33.0,59.34,4.9,5.0,"18 km NE of B?rjand, Iran",teh,us,Mainshock,4.0 - 4.99,POINT (59.34 33),
2008-02-13 20:55:31.500000+00:00,31.73,51.2,4.5,14.1,"27 km SSW of Bor?jen, Iran",thr,us,Mainshock,4.0 - 4.99,POINT (51.2 31.73),
2008-02-07 20:15:27.300000+00:00,27.84,53.74,4.5,9.0,"43 km WNW of Ger?sh, Iran",teh,us,Mainshock,4.0 - 4.99,POINT (53.74 27.84),
2008-02-02 05:33:21.640000+00:00,26.41,52.976,4.9,10.0,"105 km W of K?sh, Iran",us,us,Mainshock,4.0 - 4.99,POINT (52.976 26.41),
2008-01-18 11:17:53.460000+00:00,27.066,54.759,4.5,35.0,"57 km NNW of Bandar-e Lengeh, Iran",us,us,Mainshock,4.0 - 4.99,POINT (54.759 27.066),
2008-01-05 08:07:54.400000+00:00,31.47,49.37,4.5,29.7,"30 km NW of R?mhormoz, Iran",thr,us,Mainshock,4.0 - 4.99,POINT (49.37 31.47),
2008-01-05 00:37:40+00:00,26.9,54.9,4.6,24.0,"37 km N of Bandar-e Lengeh, Iran",teh,us,Mainshock,4.0 - 4.99,POINT (54.9 26.9),
2007-12-14 21:56:04.100000+00:00,37.27,47.7,4.6,32.7,"61 km ESE of Hashtr?d, Iran",thr,us,Mainshock,4.0 - 4.99,POINT (47.7 37.27),
2007-11-22 16:20:50.100000+00:00,26.68,54.69,4.7,33.0,"23 km NW of Bandar-e Lengeh, Iran",teh,us,Aftershock,4.0 - 4.99,POINT (54.69 26.68),
2007-11-22 03:44:50.700000+00:00,26.87,54.69,5.3,14.8,"39 km NNW of Bandar-e Lengeh, Iran",thr,us,Mainshock,5.0 - 5.99,POINT (54.69 26.87),
2007-11-20 05:20:03.400000+00:00,31.68,49.93,4.8,7.0,"54 km NE of R?mhormoz, Iran",teh,us,Mainshock,4.0 - 4.99,POINT (49.93 31.68),
2007-11-19 18:25:18.400000+00:00,30.53,51.81,4.7,15.0,"26 km SE of Yasuj, Iran",thr,us,Mainshock,4.0 - 4.99,POINT (51.81 30.53),
2007-11-19 17:34:30+00:00,34.7,53.0,4.9,2.0,"86 km SE of ?stg?h-e R?h ?han-e Garms?r, Iran",teh,us,Mainshock,4.0 - 4.99,POINT (53 34.7),
2007-11-18 14:35:07.100000+00:00,27.815,57.293,4.7,40.5,"78 km NNE of M?n?b, Iran",thr,us,Mainshock,4.0 - 4.99,POINT (57.293 27.815),
2007-11-11 23:23:48.600000+00:00,27.736,53.661,4.5,35.5,"47 km W of Ger?sh, Iran",teh,us,Mainshock,4.0 - 4.99,POINT (53.661 27.736),
2007-11-09 09:08:57.130000+00:00,37.291,44.839,4.7,28.3,"23 km E of ?emdinli, Turkey",us,us,Mainshock,4.0 - 4.99,POINT (44.839 37.291),
2007-11-08 09:40:37.400000+00:00,33.67,48.94,4.7,14.1,"6 km N of Azn?, Iran",thr,us,Mainshock,4.0 - 4.99,POINT (48.94 33.67),
2007-09-21 10:21:21.880000+00:00,37.343,44.272,4.5,35.0,"25 km S of Yüksekova, Turkey",us,us,Mainshock,4.0 - 4.99,POINT (44.272 37.343),
2007-09-18 20:53:27.960000+00:00,35.544,44.665,4.5,10.0,"15 km W of Jamjam?l, Iraq",us,us,Mainshock,4.0 - 4.99,POINT (44.665 35.544),
2007-09-13 15:47:08.700000+00:00,25.46,56.2,4.7,14.1,"15 km SSW of Dibba Al-Fujairah, United Arab Emirates",thr,us,Mainshock,4.0 - 4.99,POINT (56.2 25.46),
2007-09-05 12:27:00+00:00,28.399,56.684,4.8,14.0,"97 km S of K?h Sef?d, Iran",thr,us,Mainshock,4.0 - 4.99,POINT (56.684 28.399),
2007-08-31 05:23:58.600000+00:00,26.95,55.84,4.6,15.0,"42 km W of Qeshm, Iran",thr,us,Mainshock,4.0 - 4.99,POINT (55.84 26.95),
2007-08-28 09:30:30.900000+00:00,28.17,56.74,4.9,15.0,"118 km NNE of Bandar Abbas, Iran",thr,us,Mainshock,4.0 - 4.99,POINT (56.74 28.17),
2007-08-25 10:07:35+00:00,34.89,51.96,4.5,23.5,"49 km SW of ?stg?h-e R?h ?han-e Garms?r, Iran",thr,us,Mainshock,4.0 - 4.99,POINT (51.96 34.89),
2007-08-25 04:24:21.970000+00:00,28.154,56.652,5.0,10.0,"113 km NNE of Bandar Abbas, Iran",us,gcmt,Mainshock,5.0 - 5.99,POINT (56.652 28.154),
2007-08-20 04:53:32.400000+00:00,37.83,57.45,4.7,8.0,"40 km NNE of Bojn?rd, Iran",teh,us,Mainshock,4.0 - 4.99,POINT (57.45 37.83),
2007-08-19 13:45:38.990000+00:00,38.588,55.469,4.8,30.0,"73 km S of Bereket, Turkmenistan",us,us,Mainshock,4.0 - 4.99,POINT (55.469 38.588),
2007-07-24 10:08:06.400000+00:00,27.64,56.14,5.0,14.0,"52 km NNW of Bandar Abbas, Iran",thr,gcmt,Mainshock,5.0 - 5.99,POINT (56.14 27.64),
2007-07-23 17:54:07.900000+00:00,27.55,55.79,4.7,11.4,"63 km NW of Bandar Abbas, Iran",thr,us,Foreshock,4.0 - 4.99,POINT (55.79 27.55),
2007-07-11 06:51:14.320000+00:00,38.751,48.598,5.2,25.6,"14 km W of Haftoni, Azerbaijan",us,gcmt,Mainshock,5.0 - 5.99,POINT (48.598 38.751),
2007-07-04 06:11:07+00:00,32.08,55.9,5.0,12.0,"70 km NE of B?fq, Iran",teh,gcmt,Mainshock,5.0 - 5.99,POINT (55.9 32.08),
2007-06-18 14:29:48.290000+00:00,34.437,50.833,5.5,5.0,"22 km S of Qom, Iran",us,us,Mainshock,5.0 - 5.99,POINT (50.833 34.437),
2007-05-28 14:12:05.400000+00:00,30.232,51.749,4.5,10.0,"25 km ENE of N?r?b?d, Iran",us,us,Mainshock,4.0 - 4.99,POINT (51.749 30.232),
2007-05-18 23:03:34.600000+00:00,27.734,53.161,4.7,32.0,"33 km NE of Mohr, Iran",thr,us,Mainshock,4.0 - 4.99,POINT (53.161 27.734),
2007-05-16 00:27:33.400000+00:00,27.88,56.05,4.5,10.0,"80 km NNW of Bandar Abbas, Iran",teh,us,Mainshock,4.0 - 4.99,POINT (56.05 27.88),
2007-05-06 10:57:58.160000+00:00,24.99,62.954,4.8,27.3,"60 km WSW of Pasni, Pakistan",us,us,Mainshock,4.0 - 4.99,POINT (62.954 24.99),
2007-05-06 04:01:02.540000+00:00,25.076,62.988,4.8,27.8,"52 km WSW of Pasni, Pakistan",us,us,Foreshock,4.0 - 4.99,POINT (62.988 25.076),
2007-05-06 03:53:56.200000+00:00,25.033,62.987,4.6,31.9,"54 km WSW of Pasni, Pakistan",us,us,Foreshock,4.0 - 4.99,POINT (62.987 25.033),
2007-04-29 06:33:54.430000+00:00,25.316,62.154,5.0,28.8,"27 km NW of Gwadar, Pakistan",us,us,Mainshock,5.0 - 5.99,POINT (62.154 25.316),
2007-04-28 21:22:56.100000+00:00,28.23,56.26,4.5,14.1,"115 km N of Bandar Abbas, Iran",thr,us,Aftershock,4.0 - 4.99,POINT (56.26 28.23),
2007-04-26 04:59:34.300000+00:00,28.18,56.31,4.6,14.1,"110 km N of Bandar Abbas, Iran",thr,us,Aftershock,4.0 - 4.99,POINT (56.31 28.18),
2007-04-26 04:03:31.200000+00:00,28.23,56.24,4.6,14.1,"115 km N of Bandar Abbas, Iran",thr,us,Aftershock,4.0 - 4.99,POINT (56.24 28.23),
2007-04-25 20:02:15.400000+00:00,28.23,56.27,4.8,14.0,"115 km N of Bandar Abbas, Iran",thr,us,Aftershock,4.0 - 4.99,POINT (56.27 28.23),
2007-04-25 04:19:00.100000+00:00,28.19,56.22,5.2,15.9,"111 km N of Bandar Abbas, Iran",thr,gcmt,Mainshock,5.0 - 5.99,POINT (56.22 28.19),
2007-04-18 00:14:45.200000+00:00,30.88,50.27,4.6,15.0,"29 km WNW of Dehdasht, Iran",thr,us,Mainshock,4.0 - 4.99,POINT (50.27 30.88),
2007-04-15 03:56:09.600000+00:00,32.15,49.43,4.5,31.2,"26 km NNE of Masjed Soleym?n, Iran",thr,us,Mainshock,4.0 - 4.99,POINT (49.43 32.15),
2007-03-26 11:00:45.300000+00:00,28.65,57.49,4.6,14.1,"96 km SE of K?h Sef?d, Iran",thr,us,Mainshock,4.0 - 4.99,POINT (57.49 28.65),
2007-03-26 06:36:49.500000+00:00,28.977,58.344,4.8,14.1,"14 km S of Bam, Iran",thr,us,Mainshock,4.0 - 4.99,POINT (58.344 28.977),
2007-03-23 21:38:02+00:00,27.47,55.15,5.0,14.0,"102 km ESE of Ger?sh, Iran",thr,gcmt,Mainshock,5.0 - 5.99,POINT (55.15 27.47),
2007-03-17 14:20:24.100000+00:00,27.091,58.021,4.9,14.1,"92 km E of M?n?b, Iran",thr,us,Mainshock,4.0 - 4.99,POINT (58.021 27.091),
2007-03-06 22:32:06.800000+00:00,33.49,48.93,4.7,16.0,"13 km S of Azn?, Iran",teh,us,Mainshock,4.0 - 4.99,POINT (48.93 33.49),
2007-02-27 22:28:12.300000+00:00,28.1,55.08,5.0,6.0,"89 km SE of D?r?b, Iran",teh,gcmt,Mainshock,5.0 - 5.99,POINT (55.08 28.1),
2007-02-22 02:09:07+00:00,31.74,50.89,4.6,14.0,"45 km WSW of Bor?jen, Iran",teh,us,Mainshock,4.0 - 4.99,POINT (50.89 31.74),
2007-02-20 09:23:18.030000+00:00,27.558,56.573,5.0,22.2,"50 km NE of Bandar Abbas, Iran",us,us,Mainshock,5.0 - 5.99,POINT (56.573 27.558),
2007-02-19 02:45:58.100000+00:00,31.13,56.77,4.6,15.0,"15 km SSW of R?var, Iran",teh,us,Mainshock,4.0 - 4.99,POINT (56.77 31.13),
2007-01-19 10:11:59.700000+00:00,31.45,49.6,4.9,15.0,"18 km N of R?mhormoz, Iran",thr,us,Mainshock,4.0 - 4.99,POINT (49.6 31.45),
2007-01-19 05:47:14.200000+00:00,32.97,48.75,4.5,26.7,western Iran,thr,us,Mainshock,4.0 - 4.99,POINT (48.75 32.97),
2007-01-07 15:32:23.230000+00:00,33.986,56.652,4.5,37.6,"50 km NNW of Tabas, Iran",us,us,Mainshock,4.0 - 4.99,POINT (56.652 33.986),
2006-12-29 10:22:31.380000+00:00,28.937,47.496,4.6,10.0,"47 km SSW of Al Jahr?’, Kuwait",us,us,Mainshock,4.0 - 4.99,POINT (47.496 28.937),
2006-12-28 19:48:41.300000+00:00,28.28,57.64,4.5,14.1,"115 km SW of Bam, Iran",thr,us,Mainshock,4.0 - 4.99,POINT (57.64 28.28),
2006-12-18 19:43:38.300000+00:00,26.95,56.0,4.6,26.8,"26 km W of Qeshm, Iran",thr,us,Mainshock,4.0 - 4.99,POINT (56 26.95),
2006-12-08 07:58:34.600000+00:00,30.86,56.63,4.5,14.2,"8 km NE of Zarand, Iran",thr,us,Mainshock,4.0 - 4.99,POINT (56.63 30.86),
2006-11-13 10:59:55.170000+00:00,27.646,55.088,4.5,10.0,"93 km E of Ger?sh, Iran",us,us,Mainshock,4.0 - 4.99,POINT (55.088 27.646),
2006-11-11 02:19:33+00:00,32.37,49.67,4.5,9.0,"59 km NE of Masjed Soleym?n, Iran",teh,us,Mainshock,4.0 - 4.99,POINT (49.67 32.37),
2006-11-05 20:06:41.300000+00:00,37.63,48.92,4.8,9.0,"18 km S of Hashtpar, Iran",teh,gcmt,Mainshock,4.0 - 4.99,POINT (48.92 37.63),
2006-10-26 03:33:12.500000+00:00,26.78,57.57,4.6,18.0,"61 km SE of M?n?b, Iran",thr,us,Mainshock,4.0 - 4.99,POINT (57.57 26.78),
2006-10-13 10:19:54.700000+00:00,27.62,54.36,4.6,18.0,"22 km ESE of Ger?sh, Iran",thr,us,Mainshock,4.0 - 4.99,POINT (54.36 27.62),
2006-10-12 17:08:20.370000+00:00,39.804,54.734,5.3,42.8,"45 km NE of Balkanabat, Turkmenistan",us,gcmt,Mainshock,5.0 - 5.99,POINT (54.734 39.804),
2006-09-26 08:14:42.800000+00:00,31.909,50.653,4.9,29.9,"39 km SSE of F?rs?n, Iran",teh,gcmt,Mainshock,4.0 - 4.99,POINT (50.653 31.909),
2006-09-16 08:54:14.750000+00:00,35.226,45.56,4.5,15.8,Iran-Iraq border region,us,us,Mainshock,4.0 - 4.99,POINT (45.56 35.226),
2006-09-14 02:25:32.300000+00:00,29.255,51.35,4.9,13.1,"12 km E of Bor?zj?n, Iran",us,us,Mainshock,4.0 - 4.99,POINT (51.35 29.255),
2006-09-10 08:57:46+00:00,27.72,54.32,5.0,14.1,southern Iran,thr,gcmt,Mainshock,5.0 - 5.99,POINT (54.32 27.72),
2006-09-09 12:22:09.160000+00:00,24.993,62.129,4.8,27.8,"24 km SW of Gwadar, Pakistan",us,us,Mainshock,4.0 - 4.99,POINT (62.129 24.993),
2006-08-11 19:30:40.500000+00:00,34.07,48.76,4.5,19.0,"17 km ESE of An?ch, Iran",teh,us,Mainshock,4.0 - 4.99,POINT (48.76 34.07),
2006-07-20 23:46:53.800000+00:00,29.08,55.27,4.9,22.0,"57 km SW of Sirjan, Iran",teh,us,Mainshock,4.0 - 4.99,POINT (55.27 29.08),
2006-07-18 23:27:06.460000+00:00,26.295,61.118,5.3,43.8,"36 km E of Qa?r-e Qand, Iran",us,hrv,Mainshock,5.0 - 5.99,POINT (61.118 26.295),
2006-07-18 19:59:50.770000+00:00,30.981,51.227,4.6,33.1,"48 km NW of Yasuj, Iran",us,us,Mainshock,4.0 - 4.99,POINT (51.227 30.981),
2006-06-30 05:38:52.700000+00:00,26.8,55.9,4.6,7.0,"40 km WSW of Qeshm, Iran",thr,us,Aftershock,4.0 - 4.99,POINT (55.9 26.8),
2006-06-29 16:41:48.900000+00:00,26.798,55.906,4.6,10.0,"39 km WSW of Qeshm, Iran",us,us,Aftershock,4.0 - 4.99,POINT (55.906 26.798),
2006-06-28 21:26:00.600000+00:00,26.76,56.25,4.5,6.4,"21 km S of Qeshm, Iran",thr,us,Aftershock,4.0 - 4.99,POINT (56.25 26.76),
2006-06-28 21:02:09.900000+00:00,26.925,55.866,5.8,11.0,"40 km W of Qeshm, Iran",us,hrv,Mainshock,5.0 - 5.99,POINT (55.866 26.925),
2006-06-23 16:14:33.170000+00:00,27.785,54.141,4.5,10.0,"12 km N of Ger?sh, Iran",us,us,Aftershock,4.0 - 4.99,POINT (54.141 27.785),
2006-06-23 16:00:41.230000+00:00,27.954,54.17,4.7,33.8,"31 km N of Ger?sh, Iran",us,us,Aftershock,4.0 - 4.99,POINT (54.17 27.954),
2006-06-23 06:21:08.400000+00:00,28.09,54.44,5.0,14.1,"55 km NNE of Ger?sh, Iran",thr,us,Mainshock,5.0 - 5.99,POINT (54.44 28.09),
2006-06-06 17:03:08.030000+00:00,35.668,46.022,4.8,35.0,"8 km NE of Baynjiwayn, Iraq",us,hrv,Mainshock,4.0 - 4.99,POINT (46.022 35.668),
2006-06-03 07:37:29+00:00,26.92,55.94,4.6,7.5,"32 km W of Qeshm, Iran",thr,us,Aftershock,4.0 - 4.99,POINT (55.94 26.92),
2006-06-03 07:15:35.600000+00:00,26.759,55.843,5.1,12.1,"47 km WSW of Qeshm, Iran",us,hrv,Mainshock,5.0 - 5.99,POINT (55.843 26.759),
2006-05-12 23:18:56.860000+00:00,31.643,50.125,4.6,18.1,"63 km NE of R?mhormoz, Iran",us,us,Mainshock,4.0 - 4.99,POINT (50.125 31.643),
2006-05-12 16:05:32.870000+00:00,27.476,55.64,4.8,43.3,"71 km WNW of Bandar Abbas, Iran",us,us,Mainshock,4.0 - 4.99,POINT (55.64 27.476),
2006-05-12 12:14:41.970000+00:00,31.544,50.052,4.5,19.9,"51 km NE of R?mhormoz, Iran",us,us,Mainshock,4.0 - 4.99,POINT (50.052 31.544),
2006-05-07 06:20:53.700000+00:00,30.79,56.7,5.0,14.1,"13 km E of Zarand, Iran",thr,hrv,Mainshock,5.0 - 5.99,POINT (56.7 30.79),
2006-04-16 15:48:36+00:00,26.81,55.9,4.8,15.0,"39 km WSW of Qeshm, Iran",thr,us,Mainshock,4.0 - 4.99,POINT (55.9 26.81),
2006-04-12 11:47:40.600000+00:00,33.718,48.787,4.6,11.9,"17 km NW of Azn?, Iran",us,us,Mainshock,4.0 - 4.99,POINT (48.787 33.718),
2006-04-06 15:36:36+00:00,33.79,48.55,4.6,1.0,"22 km WSW of Bor?jerd, Iran",teh,us,Background Event,4.0 - 4.99,POINT (48.55 33.79),
2006-04-05 17:33:45.790000+00:00,33.544,46.087,4.5,17.4,"32 km WSW of ?l?m, Iran",us,us,Mainshock,4.0 - 4.99,POINT (46.087 33.544),
2006-03-31 11:54:02.280000+00:00,33.723,48.668,5.1,10.0,"20 km SSW of Bor?jerd, Iran",us,hrv,Aftershock,5.0 - 5.99,POINT (48.668 33.723),
2006-03-31 01:31:23.780000+00:00,33.707,48.646,4.7,10.0,"23 km SSW of Bor?jerd, Iran",us,us,Aftershock,4.0 - 4.99,POINT (48.646 33.707),
2006-03-31 01:17:00.960000+00:00,33.5,48.78,6.1,7.0,"18 km SW of Azn?, Iran",us,hrv,Mainshock,6.0 - 6.99,POINT (48.78 33.5),
2006-03-30 19:36:17.260000+00:00,33.56,48.751,5.1,10.0,"17 km WSW of Azn?, Iran",us,hrv,Foreshock,5.0 - 5.99,POINT (48.751 33.56),
2006-03-30 16:17:06.500000+00:00,33.55,48.712,4.8,10.0,"21 km WSW of Azn?, Iran",us,us,Foreshock,4.0 - 4.99,POINT (48.712 33.55),
2006-03-26 09:37:56.870000+00:00,27.268,55.807,4.7,21.8,"47 km W of Bandar Abbas, Iran",us,us,Aftershock,4.0 - 4.99,POINT (55.807 27.268),
2006-03-25 14:58:29.670000+00:00,27.355,55.73,4.7,10.0,southern Iran,us,us,Aftershock,4.0 - 4.99,POINT (55.73 27.355),
2006-03-25 12:13:42.550000+00:00,27.443,55.509,4.9,10.0,"81 km WNW of Bandar Abbas, Iran",us,hrv,Aftershock,4.0 - 4.99,POINT (55.509 27.443),
2006-03-25 11:16:22.200000+00:00,27.63,55.87,4.5,14.1,"63 km NW of Bandar Abbas, Iran",thr,us,Aftershock,4.0 - 4.99,POINT (55.87 27.63),
2006-03-25 11:02:57+00:00,27.54,55.81,5.0,15.0,southern Iran,thr,hrv,Mainshock,5.0 - 5.99,POINT (55.81 27.54),
2006-03-25 10:37:00.800000+00:00,27.65,55.94,4.6,17.7,"61 km NNW of Bandar Abbas, Iran",thr,us,Foreshock,4.0 - 4.99,POINT (55.94 27.65),
2006-03-25 10:22:55.500000+00:00,27.63,55.86,4.8,14.1,"64 km NW of Bandar Abbas, Iran",thr,us,Foreshock,4.0 - 4.99,POINT (55.86 27.63),
2006-03-25 10:12:57.700000+00:00,35.7,46.44,4.5,14.4,"30 km NE of Mar?v?n, Iran",thr,us,Mainshock,4.0 - 4.99,POINT (46.44 35.7),
2006-03-25 10:00:36.600000+00:00,27.47,55.8,5.2,15.0,"57 km WNW of Bandar Abbas, Iran",thr,hrv,Aftershock,5.0 - 5.99,POINT (55.8 27.47),
2006-03-25 09:55:12.380000+00:00,27.541,55.78,5.5,10.0,"63 km NW of Bandar Abbas, Iran",us,us,Aftershock,5.0 - 5.99,POINT (55.78 27.541),
2006-03-25 09:53:01.580000+00:00,27.522,55.637,4.5,10.0,"73 km WNW of Bandar Abbas, Iran",us,us,Aftershock,4.0 - 4.99,POINT (55.637 27.522),
2006-03-25 08:56:21.680000+00:00,27.378,55.45,4.9,10.0,"84 km WNW of Bandar Abbas, Iran",us,us,Aftershock,4.0 - 4.99,POINT (55.45 27.378),
2006-03-25 07:28:57.650000+00:00,27.574,55.685,5.9,18.0,"72 km NW of Bandar Abbas, Iran",us,hrv,Mainshock,5.0 - 5.99,POINT (55.685 27.574),
2006-03-11 21:33:39.500000+00:00,28.155,56.831,4.9,15.0,"116 km NNW of M?n?b, Iran",thr,us,Mainshock,4.0 - 4.99,POINT (56.831 28.155),
2006-03-10 09:41:47.400000+00:00,28.17,56.8,4.5,14.1,"118 km NNW of M?n?b, Iran",thr,us,Background Event,4.0 - 4.99,POINT (56.8 28.17),
2006-03-08 12:30:58.440000+00:00,28.066,56.811,4.6,21.7,"107 km NNW of M?n?b, Iran",us,us,Background Event,4.0 - 4.99,POINT (56.811 28.066),
2006-03-02 04:03:39.500000+00:00,31.96,49.06,4.6,19.0,"22 km ESE of Sh?shtar, Iran",thr,us,Mainshock,4.0 - 4.99,POINT (49.06 31.96),
2006-02-28 20:08:28.630000+00:00,28.085,62.841,4.7,81.6,"160 km E of Kh?sh, Iran",us,us,Mainshock,4.0 - 4.99,POINT (62.841 28.085),
2006-02-28 20:01:41+00:00,28.27,56.68,4.5,15.0,"112 km S of K?h Sef?d, Iran",teh,us,Aftershock,4.0 - 4.99,POINT (56.68 28.27),
2006-02-28 08:40:21.870000+00:00,27.996,56.851,4.9,19.2,"98 km NNW of M?n?b, Iran",us,us,Aftershock,4.0 - 4.99,POINT (56.851 27.996),
2006-02-28 07:31:02.650000+00:00,28.12,56.865,6.0,18.0,"111 km NNW of M?n?b, Iran",us,us,Mainshock,6.0 - 6.99,POINT (56.865 28.12),
2006-02-26 12:24:28.870000+00:00,28.134,55.264,4.7,56.0,"98 km SE of D?r?b, Iran",us,us,Mainshock,4.0 - 4.99,POINT (55.264 28.134),
2006-02-21 05:37:31.680000+00:00,27.463,55.788,4.7,22.6,southern Iran,us,us,Mainshock,4.0 - 4.99,POINT (55.788 27.463),
2006-02-20 19:30:41.500000+00:00,28.191,54.806,4.8,15.0,"67 km SSE of D?r?b, Iran",thr,us,Mainshock,4.0 - 4.99,POINT (54.806 28.191),
2006-02-18 11:03:31.500000+00:00,30.75,55.89,4.7,14.1,"39 km NNW of Rafsanj?n, Iran",thr,us,Mainshock,4.0 - 4.99,POINT (55.89 30.75),
2006-01-16 09:18:06+00:00,34.76,45.04,4.5,10.0,"10 km NE of Kifr?, Iraq",teh,us,Mainshock,4.0 - 4.99,POINT (45.04 34.76),
2006-01-12 21:22:45.900000+00:00,32.851,49.332,4.6,15.0,"69 km SSW of Al?g?darz, Iran",thr,us,Mainshock,4.0 - 4.99,POINT (49.332 32.851),
2006-01-06 17:41:45.330000+00:00,26.895,54.529,4.5,9.2,"51 km NW of Bandar-e Lengeh, Iran",us,us,Mainshock,4.0 - 4.99,POINT (54.529 26.895),
2005-12-27 21:53:14.900000+00:00,28.123,56.068,4.8,14.2,"105 km NNW of Bandar Abbas, Iran",thr,hrv,Mainshock,4.0 - 4.99,POINT (56.068 28.123),
2005-12-26 23:15:50+00:00,32.1,49.2,5.0,18.0,western Iran,thr,hrv,Mainshock,5.0 - 5.99,POINT (49.2 32.1),
2005-12-11 14:24:36.760000+00:00,28.198,56.946,4.8,35.0,"119 km N of M?n?b, Iran",us,us,Mainshock,4.0 - 4.99,POINT (56.946 28.198),
2005-12-03 21:34:55+00:00,34.15,47.13,4.5,10.0,"19 km SSE of Kermanshah, Iran",teh,us,Mainshock,4.0 - 4.99,POINT (47.13 34.15),
2005-12-01 17:29:28.600000+00:00,26.64,55.69,4.6,10.0,southern Iran,teh,us,Aftershock,4.0 - 4.99,POINT (55.69 26.64),
2005-11-30 15:19:56.350000+00:00,26.717,55.797,4.7,10.0,"53 km WSW of Qeshm, Iran",us,hrv,Mainshock,4.0 - 4.99,POINT (55.797 26.717),
2005-11-29 05:57:09.760000+00:00,37.393,54.43,4.7,27.8,"61 km N of Gorg?n, Iran",us,us,Mainshock,4.0 - 4.99,POINT (54.43 37.393),
2005-11-28 21:43:50+00:00,26.834,55.823,4.5,10.0,"46 km WSW of Qeshm, Iran",us,us,Aftershock,4.0 - 4.99,POINT (55.823 26.834),
2005-11-28 14:06:58.270000+00:00,26.793,55.862,4.6,10.0,"43 km WSW of Qeshm, Iran",us,us,Aftershock,4.0 - 4.99,POINT (55.862 26.793),
2005-11-27 16:30:37.570000+00:00,26.842,55.806,5.5,10.0,"47 km WSW of Qeshm, Iran",us,hrv,Aftershock,5.0 - 5.99,POINT (55.806 26.842),
2005-11-27 13:05:29.940000+00:00,26.648,55.819,4.5,10.0,"55 km SW of Qeshm, Iran",us,us,Aftershock,4.0 - 4.99,POINT (55.819 26.648),
2005-11-27 12:05:34.930000+00:00,26.609,55.884,4.5,10.0,"53 km SW of Qeshm, Iran",us,us,Aftershock,4.0 - 4.99,POINT (55.884 26.609),
2005-11-27 11:13:10.090000+00:00,26.724,55.793,5.0,10.0,"53 km WSW of Qeshm, Iran",us,hrv,Aftershock,5.0 - 5.99,POINT (55.793 26.724),
2005-11-27 10:22:19.190000+00:00,26.774,55.858,5.9,10.0,"45 km WSW of Qeshm, Iran",us,hrv,Mainshock,5.0 - 5.99,POINT (55.858 26.774),
2005-11-18 21:41:35.020000+00:00,30.819,51.485,4.6,17.9,"19 km NNW of Yasuj, Iran",us,us,Mainshock,4.0 - 4.99,POINT (51.485 30.819),
2005-11-13 21:32:47.800000+00:00,32.64,57.49,4.5,10.0,"118 km SSE of Tabas, Iran",teh,teh,Mainshock,4.0 - 4.99,POINT (57.49 32.64),
2005-11-03 20:22:15.330000+00:00,34.368,45.487,4.5,36.9,"36 km WSW of Sarpol-e Z?ah?b, Iran",us,us,Mainshock,4.0 - 4.99,POINT (45.487 34.368),
2005-10-20 23:32:23.190000+00:00,31.693,50.485,5.0,43.6,"62 km S of F?rs?n, Iran",us,hrv,Mainshock,5.0 - 5.99,POINT (50.485 31.693),
2005-09-26 18:57:04+00:00,37.3,47.8,5.2,14.0,"69 km ESE of Hashtr?d, Iran",thr,hrv,Mainshock,5.0 - 5.99,POINT (47.8 37.3),
2005-09-25 07:34:25+00:00,33.63,45.728,4.6,2.1,"20 km SE of Mandal?, Iraq",us,us,Mainshock,4.0 - 4.99,POINT (45.728 33.63),
2005-09-24 19:28:05.380000+00:00,39.486,52.035,5.2,42.6,"98 km SW of Türkmenba?y, Turkmenistan",us,hrv,Mainshock,5.0 - 5.99,POINT (52.035 39.486),
2005-09-10 03:30:38.420000+00:00,26.832,61.156,4.8,49.1,"62 km SE of Iranshahr, Iran",us,us,Mainshock,4.0 - 4.99,POINT (61.156 26.832),
2005-09-07 03:27:26.550000+00:00,25.945,63.244,4.7,47.9,"20 km ESE of Turbat, Pakistan",us,us,Mainshock,4.0 - 4.99,POINT (63.244 25.945),
2005-09-05 09:30:18.830000+00:00,34.179,52.037,4.8,10.0,"94 km NNW of Ardest?n, Iran",us,us,Mainshock,4.0 - 4.99,POINT (52.037 34.179),
2005-08-28 20:44:07.860000+00:00,31.924,54.946,4.5,5.0,"54 km E of Yazd, Iran",us,us,Mainshock,4.0 - 4.99,POINT (54.946 31.924),
2005-08-21 12:21:37.910000+00:00,30.921,51.354,4.6,40.6,"35 km NW of Yasuj, Iran",us,us,Mainshock,4.0 - 4.99,POINT (51.354 30.921),
2005-08-19 09:02:00.800000+00:00,27.947,54.305,4.6,11.4,"34 km NNE of Ger?sh, Iran",teh,us,Mainshock,4.0 - 4.99,POINT (54.305 27.947),
2005-08-09 05:09:20.800000+00:00,28.85,52.56,5.1,10.0,"1 km WNW of F?r?z?b?d, Iran",teh,hrv,Mainshock,5.0 - 5.99,POINT (52.56 28.85),
2005-08-07 17:23:47.530000+00:00,36.617,58.517,4.5,1.9,"51 km NNW of Neysh?b?r, Iran",us,us,Mainshock,4.0 - 4.99,POINT (58.517 36.617),
2005-07-12 08:04:27+00:00,27.26,56.01,4.6,14.1,"28 km WNW of Bandar Abbas, Iran",thr,us,Mainshock,4.0 - 4.99,POINT (56.01 27.26),
2005-07-01 04:31:07.500000+00:00,34.7,59.83,4.5,10.0,"84 km SE of Torbat-e ?eydar?yeh, Iran",teh,us,Mainshock,4.0 - 4.99,POINT (59.83 34.7),
2005-06-29 17:50:48.400000+00:00,31.164,49.747,4.8,46.9,"18 km SE of R?mhormoz, Iran",us,us,Mainshock,4.0 - 4.99,POINT (49.747 31.164),
2005-06-19 04:46:10.510000+00:00,33.135,58.088,4.9,42.0,"110 km WNW of B?rjand, Iran",us,hrv,Mainshock,4.0 - 4.99,POINT (58.088 33.135),
2005-06-18 09:31:53.130000+00:00,33.104,48.45,4.8,49.6,"43 km SSE of Khorramabad, Iran",us,us,Mainshock,4.0 - 4.99,POINT (48.45 33.104),
2005-06-14 22:14:38.470000+00:00,27.29,53.801,4.7,21.1,"53 km SW of Ger?sh, Iran",us,us,Mainshock,4.0 - 4.99,POINT (53.801 27.29),
2005-06-05 03:44:59.120000+00:00,37.521,43.823,4.6,10.0,"9 km SE of Hakkâri, Turkey",us,us,Mainshock,4.0 - 4.99,POINT (43.823 37.521),
2005-05-31 08:38:08.900000+00:00,34.306,57.568,4.7,14.9,"98 km NE of Tabas, Iran",teh,hrv,Mainshock,4.0 - 4.99,POINT (57.568 34.306),
2005-05-14 18:04:55.060000+00:00,30.687,56.862,5.2,10.0,"31 km ESE of Zarand, Iran",us,hrv,Mainshock,5.0 - 5.99,POINT (56.862 30.687),
2005-05-12 22:55:07.050000+00:00,30.544,56.943,4.6,6.5,"31 km NNW of Kerman, Iran",us,us,Background Event,4.0 - 4.99,POINT (56.943 30.544),
2005-05-03 07:21:10.460000+00:00,33.711,48.685,4.9,11.8,"21 km SSW of Bor?jerd, Iran",us,hrv,Mainshock,4.0 - 4.99,POINT (48.685 33.711),
2005-05-01 18:58:42.530000+00:00,30.704,56.965,5.1,30.6,"40 km ESE of Zarand, Iran",us,hrv,Mainshock,5.0 - 5.99,POINT (56.965 30.704),
2005-04-26 23:56:51.100000+00:00,35.12,46.132,4.5,22.6,"14 km ESE of ?alabja, Iraq",teh,us,Mainshock,4.0 - 4.99,POINT (46.132 35.12),
2005-04-23 14:39:40.040000+00:00,32.062,60.76,4.8,18.3,"114 km SW of An?r Darah, Afghanistan",us,us,Mainshock,4.0 - 4.99,POINT (60.76 32.062),
2005-04-23 08:48:54.510000+00:00,27.632,56.74,4.5,55.0,"65 km NNW of M?n?b, Iran",us,us,Mainshock,4.0 - 4.99,POINT (56.74 27.632),
2005-04-11 14:50:31.400000+00:00,39.51,49.19,4.5,27.7,"11 km NE of X?ll?, Azerbaijan",teh,us,Mainshock,4.0 - 4.99,POINT (49.19 39.51),
2005-03-25 12:48:54.700000+00:00,35.01,50.05,4.7,14.1,"28 km W of S?veh, Iran",thr,us,Mainshock,4.0 - 4.99,POINT (50.05 35.01),
2005-03-13 03:31:23.080000+00:00,27.095,61.887,6.0,54.0,"119 km E of Iranshahr, Iran",us,us,Mainshock,6.0 - 6.99,POINT (61.887 27.095),
2005-03-11 01:31:59.850000+00:00,26.854,53.974,4.6,41.9,"33 km N of K?sh, Iran",us,us,Mainshock,4.0 - 4.99,POINT (53.974 26.854),
2005-03-03 16:52:59.550000+00:00,27.224,56.005,4.7,37.1,"27 km W of Bandar Abbas, Iran",us,us,Mainshock,4.0 - 4.99,POINT (56.005 27.224),
2005-03-03 00:50:04.870000+00:00,30.778,56.976,4.6,10.0,"39 km E of Zarand, Iran",us,us,Mainshock,4.0 - 4.99,POINT (56.976 30.778),
2005-02-27 01:38:58.600000+00:00,32.324,49.325,4.7,8.6,"43 km N of Masjed Soleym?n, Iran",teh,us,Mainshock,4.0 - 4.99,POINT (49.325 32.324),
2005-02-22 05:26:46.610000+00:00,30.473,56.795,4.6,10.0,"34 km NW of Kerman, Iran",us,us,Aftershock,4.0 - 4.99,POINT (56.795 30.473),
2005-02-22 02:41:13.330000+00:00,30.707,56.772,4.6,10.0,"23 km ESE of Zarand, Iran",us,us,Aftershock,4.0 - 4.99,POINT (56.772 30.707),
2005-02-22 02:25:22.920000+00:00,30.754,56.816,6.4,14.0,"24 km ESE of Zarand, Iran",us,hrv,Mainshock,6.0 - 6.99,POINT (56.816 30.754),
2005-02-20 00:46:13.240000+00:00,36.572,52.888,4.6,30.3,"7 km SSW of J?yb?r, Iran",us,teh,Mainshock,4.0 - 4.99,POINT (52.888 36.572),
2005-02-04 00:19:58.500000+00:00,37.567,43.736,4.5,9.5,"0 km SSW of Hakkâri, Turkey",us,us,Aftershock,4.0 - 4.99,POINT (43.736 37.567),
2005-02-02 23:26:54.020000+00:00,37.722,43.849,4.5,10.0,"18 km NNE of Hakkâri, Turkey",us,us,Aftershock,4.0 - 4.99,POINT (43.849 37.722),
2005-01-25 17:52:13.230000+00:00,37.791,43.607,4.6,11.1,"27 km NNW of Hakkâri, Turkey",us,us,Aftershock,4.0 - 4.99,POINT (43.607 37.791),
2005-01-25 16:44:16.130000+00:00,37.622,43.703,5.9,41.2,Turkey-Iraq border region,us,hrv,Mainshock,5.0 - 5.99,POINT (43.703 37.622),
2005-01-25 16:32:54.170000+00:00,37.704,43.726,4.6,34.8,"14 km N of Hakkâri, Turkey",us,us,Foreshock,4.0 - 4.99,POINT (43.726 37.704),
2005-01-25 15:24:27.590000+00:00,37.56,43.78,4.8,19.4,"3 km ESE of Hakkâri, Turkey",us,us,Foreshock,4.0 - 4.99,POINT (43.78 37.56),
2005-01-25 11:39:20.910000+00:00,33.388,45.872,5.0,45.2,"40 km NW of Mehr?n, Iran",us,hrv,Mainshock,5.0 - 5.99,POINT (45.872 33.388),
2005-01-25 08:21:47.540000+00:00,33.365,45.867,4.9,24.1,"38 km NW of Mehr?n, Iran",us,us,Foreshock,4.0 - 4.99,POINT (45.867 33.365),
2005-01-25 08:07:20.280000+00:00,33.293,45.883,4.8,15.8,"32 km NW of Mehr?n, Iran",us,us,Foreshock,4.0 - 4.99,POINT (45.883 33.293),
2005-01-25 00:04:54.360000+00:00,33.924,45.863,4.8,34.8,"34 km NE of Mandal?, Iraq",us,us,Mainshock,4.0 - 4.99,POINT (45.863 33.924),
2005-01-25 00:03:53.890000+00:00,33.373,45.772,4.6,50.1,"45 km NW of Mehr?n, Iran",us,us,Mainshock,4.0 - 4.99,POINT (45.772 33.373),
2005-01-18 16:46:39.500000+00:00,32.379,49.715,4.6,23.2,"62 km NE of Masjed Soleym?n, Iran",us,us,Mainshock,4.0 - 4.99,POINT (49.715 32.379),
2005-01-13 11:00:31.970000+00:00,33.189,48.231,4.5,35.0,"35 km SSW of Khorramabad, Iran",us,us,Aftershock,4.0 - 4.99,POINT (48.231 33.189),
2005-01-13 08:14:31.420000+00:00,33.315,48.291,4.6,35.2,"20 km SSW of Khorramabad, Iran",us,us,Mainshock,4.0 - 4.99,POINT (48.291 33.315),
2005-01-13 02:59:28.930000+00:00,30.818,49.976,4.5,35.0,"18 km NE of Aghajari, Iran",us,us,Mainshock,4.0 - 4.99,POINT (49.976 30.818),
2005-01-10 18:47:30.180000+00:00,37.103,54.574,5.4,31.9,"31 km NNE of Gorg?n, Iran",us,hrv,Mainshock,5.0 - 5.99,POINT (54.574 37.103),
2005-01-05 05:27:37.390000+00:00,39.993,50.946,4.8,38.8,"69 km SE of Zyrya, Azerbaijan",us,us,Mainshock,4.0 - 4.99,POINT (50.946 39.993),
2004-12-31 18:07:42.280000+00:00,28.058,53.393,4.6,40.0,"74 km NE of Mohr, Iran",us,us,Mainshock,4.0 - 4.99,POINT (53.393 28.058),
2004-12-23 11:01:10.140000+00:00,28.144,57.186,4.5,35.0,"112 km N of M?n?b, Iran",us,us,Mainshock,4.0 - 4.99,POINT (57.186 28.144),
2004-12-11 03:35:55.440000+00:00,27.774,57.571,4.6,20.6,"85 km NE of M?n?b, Iran",us,us,Aftershock,4.0 - 4.99,POINT (57.571 27.774),
2004-12-08 10:04:12.920000+00:00,27.921,57.495,5.0,77.6,"96 km NNE of M?n?b, Iran",us,hrv,Mainshock,5.0 - 5.99,POINT (57.495 27.921),
2004-12-01 01:13:15.360000+00:00,39.292,53.997,4.5,35.0,"40 km SW of Balkanabat, Turkmenistan",us,us,Mainshock,4.0 - 4.99,POINT (53.997 39.292),
2004-11-27 16:12:06.410000+00:00,33.433,47.945,4.9,55.5,"11 km WSW of Vas??n, Iran",us,hrv,Aftershock,4.0 - 4.99,POINT (47.945 33.433),
2004-11-22 15:07:20.170000+00:00,33.281,47.928,4.7,27.2,"25 km SSW of Vas??n, Iran",us,us,Aftershock,4.0 - 4.99,POINT (47.928 33.281),
2004-11-22 04:01:30.440000+00:00,33.297,47.977,5.0,36.2,"22 km SSW of Vas??n, Iran",us,hrv,Aftershock,5.0 - 5.99,POINT (47.977 33.297),
2004-11-21 23:58:57.610000+00:00,33.21,47.913,4.5,44.6,"33 km SSW of Vas??n, Iran",us,us,Aftershock,4.0 - 4.99,POINT (47.913 33.21),
2004-11-21 21:45:37.960000+00:00,33.329,47.967,4.6,37.4,"19 km SSW of Vas??n, Iran",us,us,Aftershock,4.0 - 4.99,POINT (47.967 33.329),
2004-11-21 21:37:24.230000+00:00,33.301,47.983,5.2,30.1,"21 km SSW of Vas??n, Iran",us,hrv,Mainshock,5.0 - 5.99,POINT (47.983 33.301),
2004-11-20 16:50:02.180000+00:00,28.34,54.068,4.6,70.7,"65 km SW of D?r?b, Iran",us,us,Mainshock,4.0 - 4.99,POINT (54.068 28.34),
2004-11-20 16:10:18.160000+00:00,32.078,48.784,4.5,8.9,"6 km WNW of Sh?shtar, Iran",us,us,Aftershock,4.0 - 4.99,POINT (48.784 32.078),
2004-11-20 14:24:50.630000+00:00,32.017,48.818,4.7,36.1,western Iran,us,us,Aftershock,4.0 - 4.99,POINT (48.818 32.017),
2004-11-20 12:06:14.910000+00:00,32.022,48.794,4.8,41.3,"5 km WSW of Sh?shtar, Iran",us,us,Mainshock,4.0 - 4.99,POINT (48.794 32.022),
2004-11-20 03:50:45.890000+00:00,32.064,48.828,4.7,26.3,"2 km NW of Sh?shtar, Iran",us,us,Foreshock,4.0 - 4.99,POINT (48.828 32.064),
2004-11-20 02:27:52.220000+00:00,32.18,48.799,4.6,38.8,"15 km NNW of Sh?shtar, Iran",us,us,Foreshock,4.0 - 4.99,POINT (48.799 32.18),
2004-11-20 02:10:58.550000+00:00,32.095,48.816,4.7,39.7,"5 km NNW of Sh?shtar, Iran",us,us,Foreshock,4.0 - 4.99,POINT (48.816 32.095),
2004-11-19 23:49:37.110000+00:00,32.023,48.836,4.8,36.6,"3 km SSW of Sh?shtar, Iran",us,us,Foreshock,4.0 - 4.99,POINT (48.836 32.023),
2004-11-19 17:29:32.850000+00:00,32.055,48.89,4.7,10.0,"3 km E of Sh?shtar, Iran",us,us,Foreshock,4.0 - 4.99,POINT (48.89 32.055),
2004-11-19 17:23:40.750000+00:00,32.061,48.88,4.8,10.0,"3 km ENE of Sh?shtar, Iran",us,us,Foreshock,4.0 - 4.99,POINT (48.88 32.061),
2004-11-11 20:36:44.300000+00:00,28.466,56.963,4.6,59.8,"91 km S of K?h Sef?d, Iran",us,us,Mainshock,4.0 - 4.99,POINT (56.963 28.466),
2004-11-06 23:19:49.370000+00:00,28.696,51.384,4.5,63.3,"61 km ESE of Bushehr, Iran",us,us,Mainshock,4.0 - 4.99,POINT (51.384 28.696),
2004-10-31 06:03:24.640000+00:00,31.099,49.693,4.9,59.9,"21 km SSE of R?mhormoz, Iran",us,us,Mainshock,4.0 - 4.99,POINT (49.693 31.099),
2004-10-17 21:31:07.400000+00:00,35.608,49.155,4.6,21.0,"60 km S of Abhar, Iran",teh,us,Mainshock,4.0 - 4.99,POINT (49.155 35.608),
2004-10-16 10:04:37.600000+00:00,33.45,45.938,4.9,39.9,"42 km NNW of Mehr?n, Iran",us,hrv,Mainshock,4.0 - 4.99,POINT (45.938 33.45),
2004-10-14 02:28:46.690000+00:00,31.695,57.019,4.5,35.9,"51 km NNE of R?var, Iran",us,us,Mainshock,4.0 - 4.99,POINT (57.019 31.695),
2004-10-10 16:27:50.150000+00:00,28.219,57.27,4.7,21.4,"121 km N of M?n?b, Iran",us,us,Mainshock,4.0 - 4.99,POINT (57.27 28.219),
2004-10-10 10:28:10.270000+00:00,26.898,57.544,4.6,10.0,"52 km ESE of M?n?b, Iran",us,us,Mainshock,4.0 - 4.99,POINT (57.544 26.898),
2004-10-09 06:08:26.430000+00:00,28.303,57.135,4.5,63.7,"112 km SSE of K?h Sef?d, Iran",us,us,Mainshock,4.0 - 4.99,POINT (57.135 28.303),
2004-10-08 13:45:53.330000+00:00,37.057,54.511,4.8,31.0,"24 km NNE of Gorg?n, Iran",us,us,Aftershock,4.0 - 4.99,POINT (54.511 37.057),
2004-10-07 23:21:09.010000+00:00,37.145,54.492,4.6,35.0,"33 km N of Gorg?n, Iran",us,us,Aftershock,4.0 - 4.99,POINT (54.492 37.145),
2004-10-07 21:46:20.300000+00:00,37.125,54.477,5.6,34.6,"31 km N of Gorg?n, Iran",us,us,Mainshock,5.0 - 5.99,POINT (54.477 37.125),
2004-10-07 12:55:01.040000+00:00,28.33,57.311,5.0,56.5,"116 km SSE of K?h Sef?d, Iran",us,hrv,Mainshock,5.0 - 5.99,POINT (57.311 28.33),
2004-10-07 07:17:11.100000+00:00,28.801,57.841,4.5,104.0,"60 km SW of Bam, Iran",us,us,Aftershock,4.0 - 4.99,POINT (57.841 28.801),
2004-10-06 11:14:34.030000+00:00,28.837,57.93,5.2,72.1,"51 km SW of Bam, Iran",us,hrv,Mainshock,5.0 - 5.99,POINT (57.93 28.837),
2004-10-05 15:34:13.320000+00:00,35.894,45.717,4.6,19.8,"19 km SW of B?neh, Iran",us,us,Mainshock,4.0 - 4.99,POINT (45.717 35.894),
2004-09-09 01:27:38.850000+00:00,26.543,63.053,4.7,39.2,"60 km N of Turbat, Pakistan",us,us,Mainshock,4.0 - 4.99,POINT (63.053 26.543),
2004-09-08 22:19:37.460000+00:00,31.638,50.84,4.7,49.4,"55 km SW of Bor?jen, Iran",us,us,Mainshock,4.0 - 4.99,POINT (50.84 31.638),
2004-09-01 16:31:23.130000+00:00,28.136,54.102,4.6,70.0,"51 km N of Ger?sh, Iran",us,us,Mainshock,4.0 - 4.99,POINT (54.102 28.136),
2004-08-31 04:34:15.960000+00:00,28.677,53.569,4.5,63.7,"29 km SSW of Fas?, Iran",us,us,Mainshock,4.0 - 4.99,POINT (53.569 28.677),
2004-08-21 13:53:18.110000+00:00,35.432,49.457,4.5,10.0,"74 km SSW of T?kest?n, Iran",us,us,Mainshock,4.0 - 4.99,POINT (49.457 35.432),
2004-08-21 03:32:42.390000+00:00,37.757,57.621,4.7,10.0,"40 km NE of Bojn?rd, Iran",us,us,Mainshock,4.0 - 4.99,POINT (57.621 37.757),
2004-08-10 02:31:03.900000+00:00,28.485,57.068,5.0,24.9,"91 km SSE of K?h Sef?d, Iran",us,us,Mainshock,5.0 - 5.99,POINT (57.068 28.485),
2004-08-05 20:41:47.620000+00:00,31.793,46.129,4.6,36.5,"42 km N of Ash Sha?rah, Iraq",us,us,Mainshock,4.0 - 4.99,POINT (46.129 31.793),
2004-07-30 07:16:18.170000+00:00,39.668,43.975,4.7,5.0,"16 km NW of Do?ubayaz?t, Turkey",isk,us,Aftershock,4.0 - 4.99,POINT (43.975 39.668),
2004-07-30 07:14:07.840000+00:00,39.634,43.966,4.8,5.0,"14 km NW of Do?ubayaz?t, Turkey",isk,us,Mainshock,4.0 - 4.99,POINT (43.966 39.634),
2004-07-22 04:51:36.010000+00:00,29.115,58.311,4.8,10.0,"4 km WNW of Bam, Iran",us,hrv,Mainshock,4.0 - 4.99,POINT (58.311 29.115),
2004-07-21 07:24:13.160000+00:00,34.772,61.571,4.5,10.0,"26 km SW of Qarah B?gh, Afghanistan",us,us,Aftershock,4.0 - 4.99,POINT (61.571 34.772),
2004-07-14 14:36:02.580000+00:00,34.89,61.852,4.6,10.0,"8 km SE of Qarah B?gh, Afghanistan",us,us,Mainshock,4.0 - 4.99,POINT (61.852 34.89),
2004-07-07 18:46:04.950000+00:00,27.347,53.405,4.5,65.8,"56 km ESE of Mohr, Iran",us,us,Mainshock,4.0 - 4.99,POINT (53.405 27.347),
2004-07-01 22:30:09.320000+00:00,39.766,43.979,5.1,5.0,"18 km SSW of I?d?r, Turkey",us,hrv,Mainshock,5.0 - 5.99,POINT (43.979 39.766),
2004-06-25 14:42:55.510000+00:00,30.577,50.729,4.7,24.4,"25 km NNW of Dogonbadan, Iran",us,us,Mainshock,4.0 - 4.99,POINT (50.729 30.577),
2004-06-12 13:24:08.690000+00:00,33.317,45.905,4.7,47.7,"32 km NW of Mehr?n, Iran",us,us,Mainshock,4.0 - 4.99,POINT (45.905 33.317),
2004-05-30 23:48:13.550000+00:00,32.178,49.259,4.5,50.0,"27 km N of Masjed Soleym?n, Iran",us,us,Mainshock,4.0 - 4.99,POINT (49.259 32.178),
2004-05-29 09:23:47.770000+00:00,36.404,51.369,4.7,10.0,"28 km S of Ch?l?s, Iran",us,us,Aftershock,4.0 - 4.99,POINT (51.369 36.404),
2004-05-28 19:47:02.750000+00:00,36.445,51.411,4.5,10.0,"23 km S of Ch?l?s, Iran",us,us,Aftershock,4.0 - 4.99,POINT (51.411 36.445),
2004-05-28 12:38:44.470000+00:00,36.29,51.61,6.3,17.0,"41 km SSE of Nowshahr, Iran",us,hrv,Mainshock,6.0 - 6.99,POINT (51.61 36.29),
2004-05-24 00:15:00.680000+00:00,34.086,46.728,4.6,44.1,"40 km SW of Kermanshah, Iran",us,us,Mainshock,4.0 - 4.99,POINT (46.728 34.086),
2004-05-08 04:39:25.060000+00:00,29.881,51.474,5.0,66.7,"26 km S of N?r?b?d, Iran",us,us,Mainshock,5.0 - 5.99,POINT (51.474 29.881),
2004-04-30 13:48:55.910000+00:00,27.724,53.286,4.6,77.6,"43 km ENE of Mohr, Iran",us,us,Mainshock,4.0 - 4.99,POINT (53.286 27.724),
2004-04-23 19:26:12.910000+00:00,28.429,54.124,4.6,77.9,"54 km SW of D?r?b, Iran",us,us,Mainshock,4.0 - 4.99,POINT (54.124 28.429),
2004-04-21 14:45:22.250000+00:00,28.492,57.136,4.6,55.0,"92 km SSE of K?h Sef?d, Iran",us,us,Mainshock,4.0 - 4.99,POINT (57.136 28.492),
2004-04-11 07:27:30.600000+00:00,28.982,57.844,4.5,25.0,"51 km WSW of Bam, Iran",us,us,Mainshock,4.0 - 4.99,POINT (57.844 28.982),
2004-03-28 13:30:22.230000+00:00,39.799,54.097,4.5,35.0,"39 km NW of Balkanabat, Turkmenistan",us,us,Mainshock,4.0 - 4.99,POINT (54.097 39.799),
2004-03-24 18:13:13.920000+00:00,27.592,56.168,4.6,65.8,"46 km NNW of Bandar Abbas, Iran",us,us,Mainshock,4.0 - 4.99,POINT (56.168 27.592),
2004-03-21 05:04:37.980000+00:00,32.985,49.395,4.6,60.2,"54 km SSW of Al?g?darz, Iran",us,us,Mainshock,4.0 - 4.99,POINT (49.395 32.985),
2004-03-20 16:10:09.190000+00:00,34.76,57.349,4.7,10.0,"79 km SW of Bardaskan, Iran",us,us,Mainshock,4.0 - 4.99,POINT (57.349 34.76),
2004-03-19 19:27:28.930000+00:00,32.781,49.04,4.5,7.7,"71 km NE of Shahrak-e K?l?r?, Iran",us,us,Mainshock,4.0 - 4.99,POINT (49.04 32.781),
2004-03-18 13:21:20.740000+00:00,28.409,56.973,4.5,50.0,"97 km S of K?h Sef?d, Iran",us,us,Mainshock,4.0 - 4.99,POINT (56.973 28.409),
2004-03-02 07:51:43.020000+00:00,28.912,51.197,5.1,10.4,"35 km E of Bushehr, Iran",us,hrv,Mainshock,5.0 - 5.99,POINT (51.197 28.912),
2004-03-01 16:40:42.800000+00:00,31.824,49.509,4.6,42.9,"23 km ESE of Masjed Soleym?n, Iran",us,us,Mainshock,4.0 - 4.99,POINT (49.509 31.824),
2004-02-29 00:22:54.480000+00:00,32.737,48.114,4.6,45.2,"54 km NW of Shahrak-e K?l?r?, Iran",us,us,Mainshock,4.0 - 4.99,POINT (48.114 32.737),
2004-02-19 10:07:50.590000+00:00,39.959,54.722,4.6,20.3,"58 km NNE of Balkanabat, Turkmenistan",us,us,Mainshock,4.0 - 4.99,POINT (54.722 39.959),
2004-02-15 19:37:39.970000+00:00,27.77,52.289,4.6,65.3,"63 km WNW of Mohr, Iran",us,us,Mainshock,4.0 - 4.99,POINT (52.289 27.77),
2004-02-12 09:20:58.460000+00:00,33.691,45.869,4.8,87.8,"29 km ESE of Mandal?, Iraq",us,us,Mainshock,4.0 - 4.99,POINT (45.869 33.691),
2004-02-10 17:47:32.060000+00:00,26.333,62.639,4.6,47.2,"55 km NW of Turbat, Pakistan",us,us,Mainshock,4.0 - 4.99,POINT (62.639 26.333),
2004-02-08 20:24:51.800000+00:00,33.895,45.35,4.5,53.4,"25 km NW of Mandal?, Iraq",us,us,Mainshock,4.0 - 4.99,POINT (45.35 33.895),
2004-01-28 09:06:48.990000+00:00,26.878,57.513,5.2,25.7,"50 km ESE of M?n?b, Iran",us,hrv,Mainshock,5.0 - 5.99,POINT (57.513 26.878),
2004-01-26 18:09:21.110000+00:00,29.253,53.698,4.5,30.0,"35 km N of Fas?, Iran",us,us,Mainshock,4.0 - 4.99,POINT (53.698 29.253),
2004-01-24 04:40:47.740000+00:00,38.074,44.923,4.5,46.0,"19 km SE of Salm?s, Iran",us,us,Mainshock,4.0 - 4.99,POINT (44.923 38.074),
2004-01-22 21:19:30.890000+00:00,29.632,51.222,4.7,25.1,"40 km N of Bor?zj?n, Iran",us,us,Mainshock,4.0 - 4.99,POINT (51.222 29.632),
2004-01-18 23:22:34.220000+00:00,31.891,51.784,4.6,63.4,"47 km E of Bor?jen, Iran",us,us,Mainshock,4.0 - 4.99,POINT (51.784 31.891),
2004-01-18 02:02:19.510000+00:00,27.545,56.197,4.5,45.0,"40 km NNW of Bandar Abbas, Iran",us,us,Mainshock,4.0 - 4.99,POINT (56.197 27.545),
2004-01-14 16:58:48.190000+00:00,27.695,52.397,5.2,12.4,"50 km WNW of Mohr, Iran",us,hrv,Mainshock,5.0 - 5.99,POINT (52.397 27.695),
2004-01-09 06:03:52.970000+00:00,32.239,49.487,4.5,59.7,"37 km NNE of Masjed Soleym?n, Iran",us,us,Aftershock,4.0 - 4.99,POINT (49.487 32.239),
2004-01-08 02:39:56.680000+00:00,32.054,49.493,4.5,63.4,"22 km NE of Masjed Soleym?n, Iran",us,us,Aftershock,4.0 - 4.99,POINT (49.493 32.054),
2004-01-07 05:14:22.090000+00:00,32.016,49.606,4.5,45.4,"29 km ENE of Masjed Soleym?n, Iran",us,us,Aftershock,4.0 - 4.99,POINT (49.606 32.016),
2004-01-07 04:18:48.690000+00:00,31.929,49.609,4.7,49.4,"28 km E of Masjed Soleym?n, Iran",us,us,Mainshock,4.0 - 4.99,POINT (49.609 31.929),
2004-01-06 10:03:06.020000+00:00,31.889,49.526,4.6,45.0,"21 km ESE of Masjed Soleym?n, Iran",us,us,Foreshock,4.0 - 4.99,POINT (49.526 31.889),
2004-01-06 06:31:15.360000+00:00,31.904,49.597,4.7,61.3,"27 km E of Masjed Soleym?n, Iran",us,us,Foreshock,4.0 - 4.99,POINT (49.597 31.904),
2004-01-06 02:27:24.080000+00:00,31.888,49.505,4.6,34.6,"19 km ESE of Masjed Soleym?n, Iran",us,us,Background Event,4.0 - 4.99,POINT (49.505 31.888),
2003-12-31 03:01:33.300000+00:00,32.93,46.745,4.6,33.0,"52 km N of ‘Al? al Gharb?, Iraq",us,us,Mainshock,4.0 - 4.99,POINT (46.745 32.93),
2003-12-28 06:42:59.040000+00:00,28.493,54.12,4.6,33.0,"50 km SW of D?r?b, Iran",us,us,Mainshock,4.0 - 4.99,POINT (54.12 28.493),
2003-12-26 14:08:16.020000+00:00,29.076,58.2,4.6,10.0,"15 km WSW of Bam, Iran",us,us,Aftershock,4.0 - 4.99,POINT (58.2 29.076),
2003-12-26 03:53:25.180000+00:00,28.787,58.121,4.5,10.0,"42 km SSW of Bam, Iran",us,us,Aftershock,4.0 - 4.99,POINT (58.121 28.787),
2003-12-26 03:06:13.640000+00:00,28.932,58.325,5.1,10.0,"19 km S of Bam, Iran",us,us,Aftershock,5.0 - 5.99,POINT (58.325 28.932),
2003-12-26 01:56:52.440000+00:00,28.995,58.311,6.6,10.0,"13 km SSW of Bam, Iran",us,hrv,Mainshock,6.0 - 6.99,POINT (58.311 28.995),
2003-12-24 03:49:57.770000+00:00,35.125,50.508,4.7,10.0,"17 km NE of S?veh, Iran",us,us,Mainshock,4.0 - 4.99,POINT (50.508 35.125),
2003-12-23 09:20:43.990000+00:00,28.552,54.01,4.7,33.0,"55 km SE of Fas?, Iran",us,us,Aftershock,4.0 - 4.99,POINT (54.01 28.552),
2003-12-23 06:32:38.050000+00:00,28.429,54.089,4.9,33.0,"57 km SW of D?r?b, Iran",us,us,Mainshock,4.0 - 4.99,POINT (54.089 28.429),
2003-12-22 19:13:05.560000+00:00,37.207,56.897,4.8,33.0,"48 km SW of Bojn?rd, Iran",us,us,Mainshock,4.0 - 4.99,POINT (56.897 37.207),
2003-12-18 10:35:09.010000+00:00,30.317,50.935,4.5,33.0,"13 km ESE of Dogonbadan, Iran",us,us,Mainshock,4.0 - 4.99,POINT (50.935 30.317),
2003-12-18 07:34:58.170000+00:00,29.476,50.748,4.6,33.0,"25 km ESE of Bandar-e Gen?veh, Iran",us,us,Mainshock,4.0 - 4.99,POINT (50.748 29.476),
2003-12-15 22:57:22.670000+00:00,28.305,54.148,5.1,10.0,"62 km SW of D?r?b, Iran",us,hrv,Mainshock,5.0 - 5.99,POINT (54.148 28.305),
2003-12-11 16:28:17.350000+00:00,31.953,49.209,5.0,33.0,"9 km WNW of Masjed Soleym?n, Iran",us,us,Mainshock,5.0 - 5.99,POINT (49.209 31.953),
2003-12-11 10:16:01.710000+00:00,32.26,49.295,4.5,33.0,"35 km N of Masjed Soleym?n, Iran",us,us,Foreshock,4.0 - 4.99,POINT (49.295 32.26),
2003-11-28 23:19:49.880000+00:00,28.41,54.079,5.0,33.0,"59 km SW of D?r?b, Iran",us,hrv,Mainshock,5.0 - 5.99,POINT (54.079 28.41),
2003-11-26 05:48:11.060000+00:00,28.06,54.195,4.5,33.0,"43 km N of Ger?sh, Iran",us,us,Background Event,4.0 - 4.99,POINT (54.195 28.06),
2003-11-24 06:11:18.300000+00:00,31.4,59.336,4.8,33.0,"162 km S of B?rjand, Iran",us,us,Aftershock,4.0 - 4.99,POINT (59.336 31.4),
2003-11-21 10:34:36.980000+00:00,31.401,59.427,5.0,33.0,"163 km S of B?rjand, Iran",us,hrv,Mainshock,5.0 - 5.99,POINT (59.427 31.401),
2003-11-18 23:38:26.730000+00:00,30.836,51.286,4.6,33.0,Southern Iran,us,us,Aftershock,4.0 - 4.99,POINT (51.286 30.836),
2003-11-18 23:21:14.400000+00:00,31.02,51.287,5.1,33.0,"48 km NW of Yasuj, Iran",us,us,Mainshock,5.0 - 5.99,POINT (51.287 31.02),
2003-11-18 05:37:40.060000+00:00,37.619,57.3,4.6,33.0,"16 km N of Bojn?rd, Iran",us,us,Mainshock,4.0 - 4.99,POINT (57.3 37.619),
2003-11-16 22:51:37.480000+00:00,33.276,60.122,4.8,33.0,"95 km ENE of B?rjand, Iran",us,us,Mainshock,4.0 - 4.99,POINT (60.122 33.276),
2003-11-05 07:58:51.990000+00:00,27.532,56.124,4.9,33.0,"41 km NNW of Bandar Abbas, Iran",us,hrv,Mainshock,4.0 - 4.99,POINT (56.124 27.532),
2003-10-24 05:58:21.480000+00:00,28.342,54.052,5.0,33.0,"66 km SW of D?r?b, Iran",us,hrv,Mainshock,5.0 - 5.99,POINT (54.052 28.342),
2003-10-20 06:26:51.060000+00:00,38.653,44.574,4.8,10.0,"34 km WNW of Khowy, Iran",us,us,Mainshock,4.0 - 4.99,POINT (44.574 38.653),
2003-10-11 10:36:13.860000+00:00,34.524,54.962,4.5,33.0,"184 km SE of Semnan, Iran",us,us,Mainshock,4.0 - 4.99,POINT (54.962 34.524),
2003-10-07 11:04:34.410000+00:00,28.354,54.352,4.6,33.0,"47 km SSW of D?r?b, Iran",us,us,Mainshock,4.0 - 4.99,POINT (54.352 28.354),
2003-10-05 23:08:34.090000+00:00,30.157,50.602,4.6,33.0,"29 km SW of Dogonbadan, Iran",us,us,Mainshock,4.0 - 4.99,POINT (50.602 30.157),
2003-10-05 05:02:43.560000+00:00,38.663,57.319,4.5,33.0,"27 km NNW of Baharly, Turkmenistan",us,us,Mainshock,4.0 - 4.99,POINT (57.319 38.663),
2003-10-04 00:44:34.610000+00:00,29.711,51.733,4.9,21.0,"12 km NE of K?zer?n, Iran",us,us,Mainshock,4.0 - 4.99,POINT (51.733 29.711),
2003-10-03 14:14:08.600000+00:00,29.519,51.937,4.8,33.0,"29 km ESE of K?zer?n, Iran",us,us,Foreshock,4.0 - 4.99,POINT (51.937 29.519),
2003-10-03 12:34:50.350000+00:00,29.799,51.713,4.8,33.0,"20 km NNE of K?zer?n, Iran",us,us,Foreshock,4.0 - 4.99,POINT (51.713 29.799),
2003-10-01 07:14:03.270000+00:00,28.276,57.297,4.8,33.0,"120 km SSE of K?h Sef?d, Iran",us,us,Mainshock,4.0 - 4.99,POINT (57.297 28.276),
2003-09-12 07:34:17.930000+00:00,28.377,59.219,4.6,33.0,"116 km SE of Bam, Iran",us,us,Mainshock,4.0 - 4.99,POINT (59.219 28.377),
2003-09-11 19:31:28.010000+00:00,28.369,54.079,4.7,33.0,"62 km SW of D?r?b, Iran",us,us,Mainshock,4.0 - 4.99,POINT (54.079 28.369),
2003-08-29 06:55:51.750000+00:00,28.391,51.522,4.9,33.0,"92 km SE of Bushehr, Iran",us,us,Mainshock,4.0 - 4.99,POINT (51.522 28.391),
2003-08-28 18:31:57.180000+00:00,28.376,54.095,4.8,33.0,"60 km SW of D?r?b, Iran",us,us,Mainshock,4.0 - 4.99,POINT (54.095 28.376),
2003-08-21 04:02:09.170000+00:00,29.053,59.773,5.9,20.2,"96 km SSW of No?rat?b?d, Iran",us,us,Mainshock,5.0 - 5.99,POINT (59.773 29.053),
2003-08-11 20:12:08.980000+00:00,38.832,44.882,4.7,33.0,"14 km WSW of Qarah ???’ od D?n, Iran",us,us,Mainshock,4.0 - 4.99,POINT (44.882 38.832),
2003-08-04 03:28:19.760000+00:00,29.078,59.745,5.6,33.0,"93 km SSW of No?rat?b?d, Iran",us,hrv,Mainshock,5.0 - 5.99,POINT (59.745 29.078),
2003-07-20 01:40:30.090000+00:00,28.266,54.01,4.5,10.0,"67 km N of Ger?sh, Iran",us,us,Aftershock,4.0 - 4.99,POINT (54.01 28.266),
2003-07-14 02:26:59.880000+00:00,28.348,53.97,4.5,10.0,"71 km SW of D?r?b, Iran",us,us,Aftershock,4.0 - 4.99,POINT (53.97 28.348),
2003-07-11 23:55:44.420000+00:00,28.472,54.039,4.9,10.0,"58 km WSW of D?r?b, Iran",us,us,Aftershock,4.0 - 4.99,POINT (54.039 28.472),
2003-07-11 10:23:32.800000+00:00,28.217,54.127,4.6,10.0,"60 km N of Ger?sh, Iran",us,us,Aftershock,4.0 - 4.99,POINT (54.127 28.217),
2003-07-10 17:40:15.900000+00:00,28.296,54.133,5.7,10.0,"64 km SW of D?r?b, Iran",us,hrv,Aftershock,5.0 - 5.99,POINT (54.133 28.296),
2003-07-10 17:06:37.660000+00:00,28.355,54.169,5.8,10.0,"57 km SW of D?r?b, Iran",us,hrv,Mainshock,5.0 - 5.99,POINT (54.169 28.355),
2003-07-06 16:04:20.620000+00:00,28.093,57.739,5.0,33.0,"124 km NNE of M?n?b, Iran",us,hrv,Mainshock,5.0 - 5.99,POINT (57.739 28.093),
2003-07-03 14:59:32.280000+00:00,35.476,60.784,5.2,40.8,"29 km NNE of Torbat-e J?m, Iran",us,hrv,Mainshock,5.0 - 5.99,POINT (60.784 35.476),
2003-06-24 13:01:32.830000+00:00,32.927,49.475,4.6,33.0,"56 km SSW of Al?g?darz, Iran",us,us,Mainshock,4.0 - 4.99,POINT (49.475 32.927),
2003-06-24 06:52:51.810000+00:00,27.362,60.974,5.6,61.3,"33 km ENE of Iranshahr, Iran",us,us,Mainshock,5.0 - 5.99,POINT (60.974 27.362),
2003-06-21 15:00:06.450000+00:00,35.621,52.913,4.5,33.0,"35 km ESE of Soleh Bon, Iran",us,us,Mainshock,4.0 - 4.99,POINT (52.913 35.621),
2003-05-27 10:30:52.180000+00:00,29.598,51.311,5.3,33.0,"33 km W of K?zer?n, Iran",us,hrv,Mainshock,5.0 - 5.99,POINT (51.311 29.598),
2003-05-08 22:23:10.630000+00:00,27.538,54.479,4.8,33.0,"36 km ESE of Ger?sh, Iran",us,us,Mainshock,4.0 - 4.99,POINT (54.479 27.538),
2003-05-02 18:46:50.320000+00:00,35.815,61.19,4.8,33.0,"81 km S of Sarakhs, Iran",us,us,Mainshock,4.0 - 4.99,POINT (61.19 35.815),
2003-04-16 11:06:05.060000+00:00,30.2,57.418,4.5,33.0,"33 km ESE of Kerman, Iran",us,us,Mainshock,4.0 - 4.99,POINT (57.418 30.2),
2003-04-08 11:48:14.580000+00:00,32.46,48.037,4.6,50.3,"35 km NNW of Sh?sh, Iran",us,us,Mainshock,4.0 - 4.99,POINT (48.037 32.46),
2003-03-27 13:23:43.610000+00:00,31.316,51.137,4.6,33.0,"42 km WSW of Sem?rom, Iran",us,us,Mainshock,4.0 - 4.99,POINT (51.137 31.316),
2003-03-16 09:06:23.470000+00:00,36.681,43.869,4.7,33.0,"9 km SSW of ‘Aqrah, Iraq",us,us,Mainshock,4.0 - 4.99,POINT (43.869 36.681),
2003-03-16 05:42:04.930000+00:00,28.476,53.028,4.6,33.0,"60 km SE of F?r?z?b?d, Iran",us,us,Mainshock,4.0 - 4.99,POINT (53.028 28.476),
2003-03-08 09:28:03.780000+00:00,27.983,56.757,4.7,33.0,"99 km NNW of M?n?b, Iran",us,us,Mainshock,4.0 - 4.99,POINT (56.757 27.983),
2003-03-01 18:45:54.810000+00:00,28.75,57.419,4.5,33.0,"83 km SE of K?h Sef?d, Iran",us,us,Mainshock,4.0 - 4.99,POINT (57.419 28.75),
2003-02-27 01:39:59.030000+00:00,31.823,49.174,4.7,41.4,"17 km SW of Masjed Soleym?n, Iran",us,us,Mainshock,4.0 - 4.99,POINT (49.174 31.823),
2003-02-14 10:28:58.930000+00:00,28.046,56.818,5.6,37.7,"104 km NNW of M?n?b, Iran",us,hrv,Mainshock,5.0 - 5.99,POINT (56.818 28.046),
2003-02-02 01:53:27.680000+00:00,29.899,52.936,4.6,33.0,"13 km ENE of Marvdasht, Iran",us,us,Mainshock,4.0 - 4.99,POINT (52.936 29.899),
2003-01-30 22:21:44.730000+00:00,32.084,49.094,4.7,33.0,"23 km E of Sh?shtar, Iran",us,us,Mainshock,4.0 - 4.99,POINT (49.094 32.084),
2003-01-16 08:45:05.360000+00:00,30.51,50.403,4.8,33.0,"18 km ESE of Behbah?n, Iran",us,us,Mainshock,4.0 - 4.99,POINT (50.403 30.51),
2003-01-16 02:07:41.900000+00:00,28.014,55.261,4.6,33.0,"107 km SE of D?r?b, Iran",us,us,Mainshock,4.0 - 4.99,POINT (55.261 28.014),
2003-01-14 14:13:57.190000+00:00,27.99,62.346,5.4,56.7,"113 km ESE of Kh?sh, Iran",us,hrv,Mainshock,5.0 - 5.99,POINT (62.346 27.99),
2003-01-12 14:38:46.920000+00:00,34.836,46.105,4.6,33.0,"32 km SW of P?veh, Iran",us,us,Mainshock,4.0 - 4.99,POINT (46.105 34.836),
2003-01-11 17:45:30.640000+00:00,29.59,51.474,5.2,33.0,"17 km W of K?zer?n, Iran",us,hrv,Mainshock,5.0 - 5.99,POINT (51.474 29.59),
2003-01-05 09:48:47.310000+00:00,33.952,45.478,4.6,45.1,Iran-Iraq border region,us,us,Mainshock,4.0 - 4.99,POINT (45.478 33.952),
2003-01-01 01:56:48+00:00,31.801,49.445,4.7,33.0,"20 km SE of Masjed Soleym?n, Iran",us,us,Aftershock,4.0 - 4.99,POINT (49.445 31.801),
2002-12-31 22:22:12.980000+00:00,31.825,49.419,4.8,33.0,"16 km SE of Masjed Soleymān, Iran",us,us,Mainshock,4.0 - 4.99,POINT (49.419 31.825),
2002-12-31 09:06:31.830000+00:00,34.474,47.426,4.8,33.0,western Iran,us,us,Mainshock,4.0 - 4.99,POINT (47.426 34.474),
2002-12-31 04:58:17.900000+00:00,30.905,50.049,4.6,33.0,"30 km NE of Aghajari, Iran",us,us,Mainshock,4.0 - 4.99,POINT (50.049 30.905),
2002-12-30 18:15:44.570000+00:00,31.842,49.411,4.8,33.0,"14 km SE of Masjed Soleym?n, Iran",us,us,Mainshock,4.0 - 4.99,POINT (49.411 31.842),
2002-12-24 22:17:14.420000+00:00,34.572,47.415,4.7,33.0,"28 km SW of Sonqor, Iran",us,us,Aftershock,4.0 - 4.99,POINT (47.415 34.572),
2002-12-24 17:03:02.940000+00:00,34.594,47.454,5.2,33.0,"24 km SSW of Sonqor, Iran",us,hrv,Mainshock,5.0 - 5.99,POINT (47.454 34.594),
2002-12-09 07:50:58.920000+00:00,36.628,45.188,4.8,43.9,"9 km SSE of Piranshahr, Iran",us,us,Mainshock,4.0 - 4.99,POINT (45.188 36.628),
2002-11-14 04:07:30.100000+00:00,32.766,59.64,4.6,33.0,"40 km ESE of B?rjand, Iran",us,us,Mainshock,4.0 - 4.99,POINT (59.64 32.766),
2002-11-07 16:42:14.800000+00:00,35.526,48.869,4.8,33.0,"72 km E of Qoh?rd-e ‘Oly?, Iran",us,us,Mainshock,4.0 - 4.99,POINT (48.869 35.526),
2002-10-27 07:35:10.690000+00:00,34.263,48.103,4.8,33.0,"24 km NNE of N?r?b?d, Iran",us,us,Mainshock,4.0 - 4.99,POINT (48.103 34.263),
2002-10-25 21:48:05.820000+00:00,33.044,48.903,4.6,33.0,"62 km S of Azn?, Iran",us,us,Mainshock,4.0 - 4.99,POINT (48.903 33.044),
2002-10-19 15:57:13.880000+00:00,39.039,54.913,5.2,33.0,"33 km ESE of Gumdag, Turkmenistan",us,hrv,Mainshock,5.0 - 5.99,POINT (54.913 39.039),
2002-10-16 09:20:49.830000+00:00,31.455,56.469,5.3,33.0,"36 km N of Shahrak-e P?bed?n?, Iran",us,hrv,Mainshock,5.0 - 5.99,POINT (56.469 31.455),
2002-10-16 09:13:37.750000+00:00,31.412,56.49,4.8,33.0,"31 km NNE of Shahrak-e P?bed?n?, Iran",us,us,Foreshock,4.0 - 4.99,POINT (56.49 31.412),
2002-10-13 23:19:31.250000+00:00,30.729,56.876,4.6,33.0,"31 km ESE of Zarand, Iran",us,us,Mainshock,4.0 - 4.99,POINT (56.876 30.729),
2002-10-12 15:17:48.340000+00:00,29.175,51.415,4.5,33.0,"21 km ESE of Bor?zj?n, Iran",us,us,Mainshock,4.0 - 4.99,POINT (51.415 29.175),
2002-10-10 12:13:43.600000+00:00,35.891,52.33,4.7,33.0,"24 km WNW of Soleh Bon, Iran",us,us,Mainshock,4.0 - 4.99,POINT (52.33 35.891),
2002-10-06 09:51:45.620000+00:00,28.261,52.826,4.6,33.0,"69 km SSE of F?r?z?b?d, Iran",us,us,Mainshock,4.0 - 4.99,POINT (52.826 28.261),
2002-09-28 03:01:11.230000+00:00,30.625,49.583,4.5,10.0,"19 km SW of Om?d?yeh, Iran",us,us,Mainshock,4.0 - 4.99,POINT (49.583 30.625),
2002-09-26 14:23:17.990000+00:00,32.12,49.381,4.5,10.0,"21 km NNE of Masjed Soleym?n, Iran",us,us,Aftershock,4.0 - 4.99,POINT (49.381 32.12),
2002-09-25 22:28:11.920000+00:00,31.995,49.329,5.6,10.0,"6 km NNE of Masjed Soleym?n, Iran",us,hrv,Mainshock,5.0 - 5.99,POINT (49.329 31.995),
2002-09-09 07:56:51.950000+00:00,29.447,51.294,4.7,33.0,"20 km NNE of Bor?zj?n, Iran",us,us,Mainshock,4.0 - 4.99,POINT (51.294 29.447),
2002-09-04 09:22:10.970000+00:00,33.944,46.063,4.7,33.0,"47 km NW of ?l?m, Iran",us,us,Mainshock,4.0 - 4.99,POINT (46.063 33.944),
2002-09-02 01:00:03.270000+00:00,35.701,48.838,5.2,10.0,"60 km SW of Abhar, Iran",us,hrv,Mainshock,5.0 - 5.99,POINT (48.838 35.701),
2002-08-29 09:53:49.770000+00:00,30.175,51.598,4.7,33.0,"9 km NE of N?r?b?d, Iran",us,us,Mainshock,4.0 - 4.99,POINT (51.598 30.175),
2002-08-28 23:58:17.970000+00:00,30.705,50.446,4.5,33.0,Southern Iran,us,us,Mainshock,4.0 - 4.99,POINT (50.446 30.705),
2002-07-25 13:29:57.480000+00:00,35.581,48.886,4.5,10.0,"69 km SSW of Abhar, Iran",us,us,Mainshock,4.0 - 4.99,POINT (48.886 35.581),
2002-07-18 14:15:43.580000+00:00,39.732,54.649,4.6,33.0,"34 km NE of Balkanabat, Turkmenistan",us,us,Mainshock,4.0 - 4.99,POINT (54.649 39.732),
2002-07-08 05:42:32.410000+00:00,31.854,50.637,4.6,33.0,"45 km S of F?rs?n, Iran",us,us,Mainshock,4.0 - 4.99,POINT (50.637 31.854),
2002-06-26 18:18:14.450000+00:00,35.487,48.861,4.6,10.0,"71 km E of Qoh?rd-e ‘Oly?, Iran",us,us,Aftershock,4.0 - 4.99,POINT (48.861 35.487),
2002-06-22 21:33:26.760000+00:00,35.739,48.955,4.5,10.0,"51 km SSW of Abhar, Iran",us,us,Aftershock,4.0 - 4.99,POINT (48.955 35.739),
2002-06-22 14:27:16.030000+00:00,35.497,48.975,4.5,10.0,"75 km SSW of Abhar, Iran",us,us,Aftershock,4.0 - 4.99,POINT (48.975 35.497),
2002-06-22 06:45:34.610000+00:00,35.666,48.927,4.9,10.0,"59 km SSW of Abhar, Iran",us,us,Aftershock,4.0 - 4.99,POINT (48.927 35.666),
2002-06-22 02:58:21.300000+00:00,35.626,49.047,6.5,10.0,"59 km SSW of Abhar, Iran",us,hrv,Mainshock,6.0 - 6.99,POINT (49.047 35.626),
2002-06-19 15:48:25.500000+00:00,27.344,54.026,4.6,33.0,"37 km SSW of Ger?sh, Iran",us,us,Mainshock,4.0 - 4.99,POINT (54.026 27.344),
2002-06-18 21:07:02.540000+00:00,27.656,54.162,4.6,33.0,"2 km ESE of Ger?sh, Iran",us,us,Foreshock,4.0 - 4.99,POINT (54.162 27.656),
2002-06-18 03:19:24.250000+00:00,33.326,45.913,5.3,33.0,"32 km NW of Mehr?n, Iran",us,hrv,Mainshock,5.0 - 5.99,POINT (45.913 33.326),
2002-06-16 22:30:20.180000+00:00,29.946,50.779,4.5,33.0,"45 km S of Dogonbadan, Iran",us,us,Mainshock,4.0 - 4.99,POINT (50.779 29.946),
2002-06-14 13:13:01.080000+00:00,30.45,50.452,4.5,33.0,"25 km SE of Behbah?n, Iran",us,us,Mainshock,4.0 - 4.99,POINT (50.452 30.45),
2002-06-10 23:12:23.630000+00:00,34.584,47.252,4.5,33.0,"28 km NE of Kahr?z, Iran",us,us,Mainshock,4.0 - 4.99,POINT (47.252 34.584),
2002-06-06 09:29:42.230000+00:00,29.342,51.431,4.5,33.0,"22 km ENE of Bor?zj?n, Iran",us,us,Mainshock,4.0 - 4.99,POINT (51.431 29.342),
2002-06-03 20:17:29.560000+00:00,25.446,63.44,4.6,33.0,"20 km N of Pasni, Pakistan",us,us,Mainshock,4.0 - 4.99,POINT (63.44 25.446),
2002-06-03 13:35:27.670000+00:00,29.37,51.918,4.5,33.0,"37 km SE of K?zer?n, Iran",us,us,Mainshock,4.0 - 4.99,POINT (51.918 29.37),
2002-06-02 20:08:22.660000+00:00,27.917,57.672,4.7,29.7,"104 km NNE of M?n?b, Iran",us,us,Mainshock,4.0 - 4.99,POINT (57.672 27.917),
2002-06-01 16:12:36.930000+00:00,29.568,51.226,5.0,33.0,"33 km N of Bor?zj?n, Iran",us,hrv,Mainshock,5.0 - 5.99,POINT (51.226 29.568),
2002-05-28 19:05:32.090000+00:00,27.719,56.743,4.7,50.3,"73 km NNW of M?n?b, Iran",us,us,Mainshock,4.0 - 4.99,POINT (56.743 27.719),
2002-05-17 15:52:20.920000+00:00,29.589,51.963,4.8,33.0,"30 km E of K?zer?n, Iran",us,us,Mainshock,4.0 - 4.99,POINT (51.963 29.589),
2002-05-16 11:00:12.030000+00:00,29.672,51.706,4.8,33.0,"7 km NE of K?zer?n, Iran",us,us,Background Event,4.0 - 4.99,POINT (51.706 29.672),
2002-05-09 19:33:09.050000+00:00,30.239,50.872,4.5,33.0,"15 km SSE of Dogonbadan, Iran",us,us,Mainshock,4.0 - 4.99,POINT (50.872 30.239),
2002-05-08 01:07:02.020000+00:00,27.339,53.676,4.5,17.9,"58 km SW of Ger?sh, Iran",us,us,Mainshock,4.0 - 4.99,POINT (53.676 27.339),
2002-05-03 02:18:17.360000+00:00,36.924,43.648,4.5,40.2,"28 km NW of ‘Aqrah, Iraq",us,us,Mainshock,4.0 - 4.99,POINT (43.648 36.924),
2002-04-30 07:10:52.280000+00:00,34.46,47.293,4.8,33.0,"23 km ENE of Kahr?z, Iran",us,us,Aftershock,4.0 - 4.99,POINT (47.293 34.46),
2002-04-24 20:11:21.380000+00:00,34.449,47.226,4.6,33.0,"17 km ENE of Kahr?z, Iran",us,us,Aftershock,4.0 - 4.99,POINT (47.226 34.449),
2002-04-24 20:10:01.400000+00:00,34.528,47.387,4.8,33.0,"33 km NNW of Hars?n, Iran",us,us,Aftershock,4.0 - 4.99,POINT (47.387 34.528),
2002-04-24 19:48:07.120000+00:00,34.642,47.4,5.4,33.0,"23 km SW of Sonqor, Iran",us,hrv,Mainshock,5.0 - 5.99,POINT (47.4 34.642),
2002-04-24 19:43:11.090000+00:00,34.478,47.34,4.8,33.0,"28 km ENE of Kahr?z, Iran",us,us,Foreshock,4.0 - 4.99,POINT (47.34 34.478),
2002-04-20 09:35:14.980000+00:00,27.484,56.63,4.7,33.0,"47 km NE of Bandar Abbas, Iran",us,us,Mainshock,4.0 - 4.99,POINT (56.63 27.484),
2002-04-19 13:46:49.770000+00:00,36.567,49.81,5.2,33.0,"37 km NNW of Qazvin, Iran",us,hrv,Mainshock,5.0 - 5.99,POINT (49.81 36.567),
2002-04-17 08:47:22.850000+00:00,27.663,56.752,5.3,33.0,"67 km NNW of M?n?b, Iran",us,hrv,Mainshock,5.0 - 5.99,POINT (56.752 27.663),
2002-04-13 06:58:23.220000+00:00,29.016,51.185,4.6,33.0,"28 km S of Bor?zj?n, Iran",us,us,Mainshock,4.0 - 4.99,POINT (51.185 29.016),
2002-04-11 06:05:48.630000+00:00,27.697,56.675,4.8,33.0,"68 km NE of Bandar Abbas, Iran",us,us,Mainshock,4.0 - 4.99,POINT (56.675 27.697),
2002-04-08 18:30:58.490000+00:00,36.423,52.027,4.8,46.3,"29 km W of ?mol, Iran",us,us,Mainshock,4.0 - 4.99,POINT (52.027 36.423),
2002-04-08 16:34:06.910000+00:00,27.106,55.231,4.8,59.3,"70 km NNE of Bandar-e Lengeh, Iran",us,us,Mainshock,4.0 - 4.99,POINT (55.231 27.106),
2002-04-07 22:50:31.260000+00:00,38.384,45.261,4.5,42.0,"32 km SE of Khowy, Iran",us,us,Mainshock,4.0 - 4.99,POINT (45.261 38.384),
2002-04-06 19:10:49.060000+00:00,28.114,51.843,4.5,33.0,"107 km SW of F?r?z?b?d, Iran",us,us,Mainshock,4.0 - 4.99,POINT (51.843 28.114),
2002-04-05 18:40:19.190000+00:00,32.057,55.973,5.2,33.0,"73 km NE of B?fq, Iran",us,hrv,Mainshock,5.0 - 5.99,POINT (55.973 32.057),
2002-04-04 15:44:32.180000+00:00,27.062,55.244,4.8,16.1,"66 km NNE of Bandar-e Lengeh, Iran",us,us,Mainshock,4.0 - 4.99,POINT (55.244 27.062),
2002-03-29 13:40:07.170000+00:00,30.596,50.578,4.5,33.0,"22 km S of Dehdasht, Iran",us,us,Mainshock,4.0 - 4.99,POINT (50.578 30.596),
2002-03-14 12:56:58.870000+00:00,39.354,44.125,4.6,10.0,"21 km S of Do?ubayaz?t, Turkey",us,us,Mainshock,4.0 - 4.99,POINT (44.125 39.354),
2002-03-13 11:45:52.690000+00:00,30.688,50.696,4.5,33.0,"17 km SE of Dehdasht, Iran",us,us,Mainshock,4.0 - 4.99,POINT (50.696 30.688),
2002-03-11 20:06:37.180000+00:00,25.236,56.145,5.0,10.0,"14 km NW of Reef Al Fujairah City, United Arab Emirates",us,hrv,Mainshock,5.0 - 5.99,POINT (56.145 25.236),
2002-03-10 04:55:15.120000+00:00,25.05,58.101,4.5,33.0,"148 km NNE of As Suwayq, Oman",us,us,Mainshock,4.0 - 4.99,POINT (58.101 25.05),
2002-03-09 15:43:23.190000+00:00,28.104,51.669,4.6,33.0,"120 km SW of F?r?z?b?d, Iran",us,us,Mainshock,4.0 - 4.99,POINT (51.669 28.104),
2002-03-04 05:26:56.020000+00:00,26.585,53.772,4.5,33.0,"24 km W of K?sh, Iran",us,us,Mainshock,4.0 - 4.99,POINT (53.772 26.585),
2002-03-02 22:12:57.260000+00:00,32.861,48.186,4.8,33.0,"62 km NNW of Shahrak-e K?l?r?, Iran",us,us,Mainshock,4.0 - 4.99,POINT (48.186 32.861),
2002-02-28 00:46:30.900000+00:00,37.281,44.138,4.7,37.4,"35 km SSW of Yüksekova, Turkey",us,us,Mainshock,4.0 - 4.99,POINT (44.138 37.281),
2002-02-27 15:49:13.910000+00:00,27.28,53.051,4.5,33.0,"34 km SSE of Mohr, Iran",us,us,Mainshock,4.0 - 4.99,POINT (53.051 27.28),
2002-02-23 17:09:36.310000+00:00,26.853,54.752,4.6,33.0,"35 km NNW of Bandar-e Lengeh, Iran",us,us,Mainshock,4.0 - 4.99,POINT (54.752 26.853),
2002-02-20 10:12:29.520000+00:00,33.738,45.648,4.9,33.0,"8 km E of Mandal?, Iraq",us,us,Mainshock,4.0 - 4.99,POINT (45.648 33.738),
2002-02-19 15:41:06+00:00,33.244,47.257,4.6,33.0,"15 km NW of Darreh Shahr, Iran",us,us,Mainshock,4.0 - 4.99,POINT (47.257 33.244),
2002-02-17 13:03:52.710000+00:00,28.093,51.755,5.4,33.0,"115 km SW of F?r?z?b?d, Iran",us,hrv,Mainshock,5.0 - 5.99,POINT (51.755 28.093),
2002-02-14 20:06:23.890000+00:00,36.9,49.401,4.5,49.1,"17 km N of P?deg?n-e Manj?l, Iran",us,us,Mainshock,4.0 - 4.99,POINT (49.401 36.9),
2002-01-30 18:39:03.310000+00:00,27.439,60.835,4.7,63.9,"30 km NNE of Iranshahr, Iran",us,us,Mainshock,4.0 - 4.99,POINT (60.835 27.439),
2002-01-25 08:13:23.910000+00:00,39.835,54.086,4.7,33.0,Turkmenistan,us,us,Mainshock,4.0 - 4.99,POINT (54.086 39.835),
2002-01-24 06:13:04.650000+00:00,28.195,54.626,4.6,40.4,"62 km S of D?r?b, Iran",us,us,Mainshock,4.0 - 4.99,POINT (54.626 28.195),
2002-01-05 14:43:42.540000+00:00,37.521,49.016,4.5,21.3,"22 km WNW of Ziabar (Gaskar), Iran",us,us,Mainshock,4.0 - 4.99,POINT (49.016 37.521),
2001-12-23 23:33:38.590000+00:00,31.776,49.293,4.7,33.0,"17 km S of Masjed Soleym?n, Iran",us,us,Mainshock,4.0 - 4.99,POINT (49.293 31.776),
2001-12-23 19:25:08.980000+00:00,31.668,49.239,4.5,33.0,"30 km SSW of Masjed Soleym?n, Iran",us,us,Foreshock,4.0 - 4.99,POINT (49.239 31.668),
2001-12-23 12:31:51.550000+00:00,31.921,49.272,4.6,33.0,western Iran,us,us,Foreshock,4.0 - 4.99,POINT (49.272 31.921),
2001-12-15 23:41:20.810000+00:00,28.249,52.612,4.6,33.0,"66 km S of F?r?z?b?d, Iran",us,us,Mainshock,4.0 - 4.99,POINT (52.612 28.249),
2001-12-15 14:18:38.380000+00:00,28.103,56.374,4.6,33.0,"101 km N of Bandar Abbas, Iran",us,us,Mainshock,4.0 - 4.99,POINT (56.374 28.103),
2001-11-29 15:49:26.790000+00:00,33.6,45.922,4.7,10.0,"37 km ESE of Mandal?, Iraq",us,us,Mainshock,4.0 - 4.99,POINT (45.922 33.6),
2001-11-25 21:30:54.350000+00:00,28.319,57.272,5.0,40.2,"115 km SSE of K?h Sef?d, Iran",us,hrv,Mainshock,5.0 - 5.99,POINT (57.272 28.319),
2001-11-17 12:14:46.900000+00:00,30.452,50.451,4.7,33.0,"25 km SE of Behbah?n, Iran",us,us,Mainshock,4.0 - 4.99,POINT (50.451 30.452),
2001-11-16 01:09:26.790000+00:00,30.459,50.366,4.6,33.0,"19 km SE of Behbah?n, Iran",us,us,Background Event,4.0 - 4.99,POINT (50.366 30.459),
2001-11-04 16:38:09.800000+00:00,27.141,54.585,4.9,33.0,"70 km NNW of Bandar-e Lengeh, Iran",us,us,Aftershock,4.0 - 4.99,POINT (54.585 27.141),
2001-11-02 22:05:30.480000+00:00,27.115,54.619,5.2,33.0,"66 km NNW of Bandar-e Lengeh, Iran",us,us,Mainshock,5.0 - 5.99,POINT (54.619 27.115),
2001-11-01 19:54:36.980000+00:00,28.236,57.465,4.6,33.0,"127 km NNE of M?n?b, Iran",us,us,Mainshock,4.0 - 4.99,POINT (57.465 28.236),
2001-10-29 10:04:49.580000+00:00,38.922,48.642,4.6,53.5,"5 km W of Boradigah, Azerbaijan",us,us,Mainshock,4.0 - 4.99,POINT (48.642 38.922),
2001-10-26 05:57:56.820000+00:00,31.91,55.929,4.5,33.0,"60 km NE of B?fq, Iran",us,us,Mainshock,4.0 - 4.99,POINT (55.929 31.91),
2001-10-25 21:34:48.270000+00:00,32.651,47.972,4.6,100.4,"56 km NNW of Sh?sh, Iran",us,us,Mainshock,4.0 - 4.99,POINT (47.972 32.651),
2001-10-16 13:01:04.120000+00:00,29.934,50.386,4.6,33.0,"41 km NNW of Bandar-e Gen?veh, Iran",us,us,Mainshock,4.0 - 4.99,POINT (50.386 29.934),
2001-10-08 01:17:17.170000+00:00,33.007,60.276,4.9,33.0,"99 km E of B?rjand, Iran",us,us,Mainshock,4.0 - 4.99,POINT (60.276 33.007),
2001-09-26 18:04:37.820000+00:00,30.018,50.966,4.5,33.0,"41 km SSE of Dogonbadan, Iran",us,us,Mainshock,4.0 - 4.99,POINT (50.966 30.018),
2001-09-23 22:41:04.610000+00:00,32.675,49.027,4.5,33.0,"63 km NE of Shahrak-e K?l?r?, Iran",us,us,Mainshock,4.0 - 4.99,POINT (49.027 32.675),
2001-09-01 22:38:16.830000+00:00,32.726,47.68,5.0,14.1,"38 km SE of ?bd?n?n, Iran",us,hrv,Mainshock,5.0 - 5.99,POINT (47.68 32.726),
2001-08-25 09:45:37.480000+00:00,32.173,47.067,4.5,33.0,"38 km N of Al ‘Am?rah, Iraq",us,us,Mainshock,4.0 - 4.99,POINT (47.067 32.173),
2001-08-21 05:33:47.900000+00:00,33.339,46.709,4.5,33.0,"42 km SE of ?l?m, Iran",us,us,Mainshock,4.0 - 4.99,POINT (46.709 33.339),
2001-08-19 18:55:37.460000+00:00,32.414,47.81,4.5,33.0,"47 km WNW of Sh?sh, Iran",us,us,Mainshock,4.0 - 4.99,POINT (47.81 32.414),
2001-08-12 11:03:29.010000+00:00,27.623,57.687,4.6,33.0,"80 km NE of M?n?b, Iran",us,us,Mainshock,4.0 - 4.99,POINT (57.687 27.623),
2001-08-06 10:52:00.060000+00:00,28.89,52.263,4.6,33.0,"30 km W of F?r?z?b?d, Iran",us,us,Mainshock,4.0 - 4.99,POINT (52.263 28.89),
2001-08-05 11:25:25.650000+00:00,32.996,47.571,4.5,33.0,"14 km E of ?bd?n?n, Iran",us,us,Mainshock,4.0 - 4.99,POINT (47.571 32.996),
2001-08-04 14:07:47.070000+00:00,24.984,61.514,4.5,33.0,"24 km WSW of Jiwani, Pakistan",us,us,Mainshock,4.0 - 4.99,POINT (61.514 24.984),
2001-06-12 01:46:49.940000+00:00,39.018,47.261,4.5,33.0,"46 km E of Mincivan, Azerbaijan",us,us,Mainshock,4.0 - 4.99,POINT (47.261 39.018),
2001-06-10 01:52:08.010000+00:00,39.873,53.89,5.4,34.1,"57 km NW of Balkanabat, Turkmenistan",us,hrv,Mainshock,5.0 - 5.99,POINT (53.89 39.873),
2001-06-09 04:45:33.460000+00:00,29.454,52.19,4.6,33.0,"37 km WSW of Shiraz, Iran",us,us,Mainshock,4.0 - 4.99,POINT (52.19 29.454),
2001-06-02 15:57:42.550000+00:00,38.762,54.751,4.6,33.0,"51 km SSE of Gumdag, Turkmenistan",us,us,Mainshock,4.0 - 4.99,POINT (54.751 38.762),
2001-05-26 23:14:38.050000+00:00,31.738,63.732,4.6,33.0,"62 km WNW of Lashkar G?h, Afghanistan",us,us,Mainshock,4.0 - 4.99,POINT (63.732 31.738),
2001-05-24 21:56:29.310000+00:00,26.723,53.389,4.5,33.0,"65 km WNW of K?sh, Iran",us,us,Mainshock,4.0 - 4.99,POINT (53.389 26.723),
2001-05-23 14:31:13.260000+00:00,29.991,51.23,4.7,33.0,"31 km WSW of N?r?b?d, Iran",us,us,Mainshock,4.0 - 4.99,POINT (51.23 29.991),
2001-05-11 09:45:58.150000+00:00,37.181,56.224,4.5,33.0,"68 km ESE of Kal?leh, Iran",us,us,Mainshock,4.0 - 4.99,POINT (56.224 37.181),
2001-05-06 17:39:28.010000+00:00,29.197,51.386,4.5,33.0,"18 km ESE of Bor?zj?n, Iran",us,us,Mainshock,4.0 - 4.99,POINT (51.386 29.197),
2001-04-24 20:13:09.530000+00:00,29.459,51.965,4.6,33.0,"35 km ESE of K?zer?n, Iran",us,us,Mainshock,4.0 - 4.99,POINT (51.965 29.459),
2001-04-13 11:30:40.390000+00:00,27.575,60.94,4.5,33.0,"48 km NNE of Iranshahr, Iran",us,us,Mainshock,4.0 - 4.99,POINT (60.94 27.575),
2001-04-13 04:57:16.480000+00:00,28.229,54.862,4.6,33.0,"65 km SSE of D?r?b, Iran",us,us,Aftershock,4.0 - 4.99,POINT (54.862 28.229),
2001-04-13 01:04:26.750000+00:00,28.281,54.872,5.1,33.0,"61 km SSE of D?r?b, Iran",us,hrv,Mainshock,5.0 - 5.99,POINT (54.872 28.281),
2001-04-07 05:58:34.660000+00:00,32.607,48.023,4.5,51.1,"50 km NNW of Sh?sh, Iran",us,us,Aftershock,4.0 - 4.99,POINT (48.023 32.607),
2001-04-03 17:36:34.220000+00:00,32.472,47.985,5.2,33.0,"39 km NW of Sh?sh, Iran",us,hrv,Mainshock,5.0 - 5.99,POINT (47.985 32.472),
2001-03-29 06:32:55.750000+00:00,33.158,46.708,4.5,78.8,"50 km E of Mehr?n, Iran",us,us,Mainshock,4.0 - 4.99,POINT (46.708 33.158),
2001-03-28 16:34:22.690000+00:00,29.836,51.225,5.3,33.0,"42 km SW of N?r?b?d, Iran",us,hrv,Mainshock,5.0 - 5.99,POINT (51.225 29.836),
2001-03-23 20:31:13.500000+00:00,27.077,53.811,4.6,33.0,"61 km NNW of K?sh, Iran",us,us,Mainshock,4.0 - 4.99,POINT (53.811 27.077),
2001-03-23 05:34:15.130000+00:00,32.823,46.595,4.5,33.0,"40 km NNW of ‘Al? al Gharb?, Iraq",us,us,Aftershock,4.0 - 4.99,POINT (46.595 32.823),
2001-03-23 05:24:11.940000+00:00,32.951,46.625,5.5,33.0,"47 km ESE of Mehr?n, Iran",us,us,Mainshock,5.0 - 5.99,POINT (46.625 32.951),
2001-02-22 03:19:58.110000+00:00,29.369,51.938,4.9,33.0,"39 km SE of K?zer?n, Iran",us,us,Mainshock,4.0 - 4.99,POINT (51.938 29.369),
2001-02-13 03:42:40.210000+00:00,28.322,56.343,4.6,33.0,"114 km SSW of K?h Sef?d, Iran",us,us,Mainshock,4.0 - 4.99,POINT (56.343 28.322),
2001-01-03 11:05:40.120000+00:00,39.323,52.906,4.6,33.0,"77 km S of Türkmenba?y, Turkmenistan",us,us,Mainshock,4.0 - 4.99,POINT (52.906 39.323),
2001-01-01 05:14:05.690000+00:00,27.426,52.954,4.6,33.0,southern Iran,us,us,Mainshock,4.0 - 4.99,POINT (52.954 27.426),
2000-12-30 15:07:08.270000+00:00,39.669,54.81,4.9,10.0,"41 km ENE of Balkanabat, Turkmenistan",us,us,Mainshock,4.0 - 4.99,POINT (54.81 39.669),
2000-12-22 09:04:11.980000+00:00,35.868,45.945,4.6,33.0,"15 km SSE of B?neh, Iran",us,us,Mainshock,4.0 - 4.99,POINT (45.945 35.868),
2000-12-21 10:39:48.490000+00:00,26.616,55.786,4.7,33.0,"60 km SW of Qeshm, Iran",us,us,Mainshock,4.0 - 4.99,POINT (55.786 26.616),
2000-12-10 17:20:14.740000+00:00,39.721,54.654,4.5,13.8,"33 km NE of Balkanabat, Turkmenistan",us,us,Mainshock,4.0 - 4.99,POINT (54.654 39.721),
2000-12-06 18:12:27.570000+00:00,39.24,54.975,4.7,33.0,"33 km E of Gumdag, Turkmenistan",us,us,Aftershock,4.0 - 4.99,POINT (54.975 39.24),
2000-12-06 17:11:06.400000+00:00,39.566,54.799,7.0,30.0,"37 km E of Balkanabat, Turkmenistan",us,hrv,Mainshock,7.0 - 10.0,POINT (54.799 39.566),
2000-11-29 10:44:59.080000+00:00,39.856,50.209,5.0,33.0,"56 km S of Türkan, Azerbaijan",us,us,Mainshock,5.0 - 5.99,POINT (50.209 39.856),
2000-11-26 08:47:56.100000+00:00,39.898,50.133,4.6,33.0,"52 km S of Türkan, Azerbaijan",us,us,Background Event,4.0 - 4.99,POINT (50.133 39.898),
2000-11-17 23:14:03.020000+00:00,34.09,48.225,4.5,33.0,"17 km SW of Nah?vand, Iran",us,us,Mainshock,4.0 - 4.99,POINT (48.225 34.09),
2000-11-13 05:55:07.210000+00:00,35.428,44.544,4.5,33.0,"14 km ESE of Kirkuk, Iraq",us,us,Mainshock,4.0 - 4.99,POINT (44.544 35.428),
2000-11-11 18:16:02.630000+00:00,28.321,57.633,4.5,33.0,"112 km SW of Bam, Iran",us,us,Mainshock,4.0 - 4.99,POINT (57.633 28.321),
2000-11-11 15:37:28.160000+00:00,27.518,52.856,4.5,33.0,"4 km SSW of Mohr, Iran",us,us,Mainshock,4.0 - 4.99,POINT (52.856 27.518),
2000-11-02 03:39:35.040000+00:00,31.65,59.869,4.9,33.0,"148 km SSE of B?rjand, Iran",us,us,Aftershock,4.0 - 4.99,POINT (59.869 31.65),
2000-10-23 06:54:49.580000+00:00,31.583,59.847,5.3,33.0,"154 km SSE of B?rjand, Iran",us,hrv,Mainshock,5.0 - 5.99,POINT (59.847 31.583),
2000-10-13 21:12:06.480000+00:00,30.698,49.681,4.7,33.0,"7 km SSW of Om?d?yeh, Iran",us,us,Mainshock,4.0 - 4.99,POINT (49.681 30.698),
2000-10-06 06:20:25.220000+00:00,36.928,45.204,4.5,77.1,"15 km SE of Oshnav?yeh, Iran",us,us,Mainshock,4.0 - 4.99,POINT (45.204 36.928),
2000-09-19 15:19:12.690000+00:00,38.301,57.479,5.2,33.0,"15 km SSE of Baharly, Turkmenistan",us,hrv,Mainshock,5.0 - 5.99,POINT (57.479 38.301),
2000-09-13 13:09:46.550000+00:00,27.823,51.681,5.0,33.0,"122 km WNW of Mohr, Iran",us,hrv,Mainshock,5.0 - 5.99,POINT (51.681 27.823),
2000-09-13 09:04:23.250000+00:00,27.705,51.749,4.7,33.0,"113 km W of Mohr, Iran",us,us,Foreshock,4.0 - 4.99,POINT (51.749 27.705),
2000-09-13 04:17:03.970000+00:00,27.819,51.746,4.7,33.0,"115 km WNW of Mohr, Iran",us,us,Foreshock,4.0 - 4.99,POINT (51.746 27.819),
2000-09-13 03:55:11.120000+00:00,27.762,51.735,4.7,33.0,"115 km W of Mohr, Iran",us,us,Foreshock,4.0 - 4.99,POINT (51.735 27.762),
2000-09-11 16:54:56.520000+00:00,35.713,45.206,4.6,74.4,"26 km NW of As Sulaymānīyah, Iraq",us,us,Mainshock,4.0 - 4.99,POINT (45.206 35.713),
2000-09-08 05:22:40.880000+00:00,30.61,49.79,4.7,33.0,"10 km SSW of Aghajari, Iran",us,us,Mainshock,4.0 - 4.99,POINT (49.79 30.61),
2000-09-01 05:04:49.030000+00:00,38.356,57.328,4.5,33.0,"12 km SW of Baharly, Turkmenistan",us,us,Aftershock,4.0 - 4.99,POINT (57.328 38.356),
2000-08-22 17:02:40.870000+00:00,38.339,57.292,4.6,33.0,"16 km SW of Baharly, Turkmenistan",us,us,Aftershock,4.0 - 4.99,POINT (57.292 38.339),
2000-08-22 16:55:13.700000+00:00,38.117,57.376,5.9,10.0,"35 km S of Baharly, Turkmenistan",us,us,Mainshock,5.0 - 5.99,POINT (57.376 38.117),
2000-08-20 22:20:20.080000+00:00,28.086,57.216,4.5,33.0,"106 km N of M?n?b, Iran",us,us,Mainshock,4.0 - 4.99,POINT (57.216 28.086),
2000-08-16 12:53:02.050000+00:00,36.723,54.362,4.9,33.0,"15 km SSW of Gorg?n, Iran",us,hrv,Mainshock,4.0 - 4.99,POINT (54.362 36.723),
2000-07-06 08:34:29.110000+00:00,30.12,51.724,4.7,33.0,"19 km E of N?r?b?d, Iran",us,us,Mainshock,4.0 - 4.99,POINT (51.724 30.12),
2000-06-24 00:55:44.440000+00:00,31.831,50.923,4.5,53.6,Western Iran,us,us,Mainshock,4.0 - 4.99,POINT (50.923 31.831),
2000-06-23 06:15:12.470000+00:00,30.162,51.649,5.2,33.0,"13 km ENE of N?r?b?d, Iran",us,hrv,Mainshock,5.0 - 5.99,POINT (51.649 30.162),
2000-05-03 09:06:08.470000+00:00,29.555,50.797,4.8,33.0,"27 km E of Bandar-e Gen?veh, Iran",us,us,Aftershock,4.0 - 4.99,POINT (50.797 29.555),
2000-05-03 09:01:16.270000+00:00,29.662,50.797,5.1,33.0,"28 km ENE of Bandar-e Gen?veh, Iran",us,hrv,Mainshock,5.0 - 5.99,POINT (50.797 29.662),
2000-04-12 08:20:13.690000+00:00,32.919,49.461,4.7,52.2,"57 km SSW of Al?g?darz, Iran",us,us,Mainshock,4.0 - 4.99,POINT (49.461 32.919),
2000-03-31 21:33:20.460000+00:00,28.037,54.161,4.5,62.6,"40 km N of Ger?sh, Iran",us,us,Mainshock,4.0 - 4.99,POINT (54.161 28.037),
2000-03-28 17:55:49.690000+00:00,35.315,58.23,4.9,33.0,"23 km WNW of K?shmar, Iran",us,us,Mainshock,4.0 - 4.99,POINT (58.23 35.315),
2000-03-21 14:07:40.820000+00:00,39.949,48.23,5.2,59.7,"12 km W of Saatl?, Azerbaijan",us,hrv,Mainshock,5.0 - 5.99,POINT (48.23 39.949),
2000-03-13 23:16:19.090000+00:00,29.204,51.44,4.7,33.0,"22 km ESE of Bor?zj?n, Iran",us,us,Mainshock,4.0 - 4.99,POINT (51.44 29.204),
2000-03-12 12:14:50.570000+00:00,31.826,50.016,4.5,33.0,"68 km E of Masjed Soleym?n, Iran",us,us,Mainshock,4.0 - 4.99,POINT (50.016 31.826),
2000-03-11 07:08:33.020000+00:00,28.673,51.346,4.6,33.0,"59 km ESE of Bushehr, Iran",us,us,Mainshock,4.0 - 4.99,POINT (51.346 28.673),
2000-03-05 09:40:06.060000+00:00,27.946,56.467,5.4,33.0,"86 km NNE of Bandar Abbas, Iran",us,hrv,Mainshock,5.0 - 5.99,POINT (56.467 27.946),
2000-03-01 20:06:27.970000+00:00,28.4,52.846,5.0,33.0,"56 km SSE of F?r?z?b?d, Iran",us,hrv,Mainshock,5.0 - 5.99,POINT (52.846 28.4),
2000-02-29 17:16:07.900000+00:00,28.249,57.138,4.5,120.8,"118 km SSE of K?h Sef?d, Iran",us,us,Mainshock,4.0 - 4.99,POINT (57.138 28.249),
2000-02-26 08:18:37.690000+00:00,37.304,44.76,5.2,33.0,"16 km E of ?emdinli, Turkey",us,us,Mainshock,5.0 - 5.99,POINT (44.76 37.304),
2000-02-13 21:01:02.520000+00:00,35.217,58.175,4.9,33.0,"19 km ESE of Bardaskan, Iran",us,us,Mainshock,4.0 - 4.99,POINT (58.175 35.217),
2000-02-10 01:26:19.960000+00:00,28.824,54.896,4.8,33.0,"35 km ENE of D?r?b, Iran",us,us,Mainshock,4.0 - 4.99,POINT (54.896 28.824),
2000-02-02 22:58:01.550000+00:00,35.288,58.218,5.3,33.0,"22 km E of Bardaskan, Iran",us,hrv,Mainshock,5.0 - 5.99,POINT (58.218 35.288),
2000-01-25 23:39:31.360000+00:00,35.198,58.193,4.7,33.0,"21 km ESE of Bardaskan, Iran",us,us,Background Event,4.0 - 4.99,POINT (58.193 35.198),
2000-01-17 16:39:50.090000+00:00,27.508,54.314,4.6,33.0,"25 km SE of Ger?sh, Iran",us,us,Mainshock,4.0 - 4.99,POINT (54.314 27.508),
2000-01-10 08:50:54.800000+00:00,29.565,51.801,4.6,33.0,"15 km ESE of K?zer?n, Iran",us,us,Mainshock,4.0 - 4.99,POINT (51.801 29.565),
1999-12-25 03:07:49.370000+00:00,33.304,47.15,4.7,33.0,"27 km NW of Darreh Shahr, Iran",us,us,Mainshock,4.0 - 4.99,POINT (47.15 33.304),
1999-12-23 03:07:31.480000+00:00,29.493,51.82,4.7,54.6,"21 km SE of K?zer?n, Iran",us,us,Mainshock,4.0 - 4.99,POINT (51.82 29.493),
1999-12-17 01:51:25.990000+00:00,27.054,54.355,4.7,64.9,"64 km NNE of K?sh, Iran",us,us,Mainshock,4.0 - 4.99,POINT (54.355 27.054),
1999-12-15 06:30:36.620000+00:00,31.12,51.133,4.5,33.0,"52 km SW of Sem?rom, Iran",us,us,Mainshock,4.0 - 4.99,POINT (51.133 31.12),
1999-12-09 22:20:34.860000+00:00,36.515,53.534,4.8,10.0,"19 km S of Behshahr, Iran",us,us,Mainshock,4.0 - 4.99,POINT (53.534 36.515),
1999-12-09 17:04:04.440000+00:00,27.605,54.191,4.7,33.0,"8 km SE of Ger?sh, Iran",us,us,Mainshock,4.0 - 4.99,POINT (54.191 27.605),
1999-12-09 16:31:32.280000+00:00,29.307,51.836,4.6,33.0,"38 km SSE of K?zer?n, Iran",us,us,Mainshock,4.0 - 4.99,POINT (51.836 29.307),
1999-12-05 13:12:36.490000+00:00,35.669,61.234,5.0,64.3,"72 km NE of Torbat-e J?m, Iran",us,hrv,Mainshock,5.0 - 5.99,POINT (61.234 35.669),
1999-12-05 00:06:43.260000+00:00,29.414,51.763,4.5,33.0,"25 km SSE of K?zer?n, Iran",us,us,Mainshock,4.0 - 4.99,POINT (51.763 29.414),
1999-11-26 04:27:24.750000+00:00,36.92,54.9,5.3,33.0,"29 km ENE of Qarn?b?d, Iran",us,hrv,Mainshock,5.0 - 5.99,POINT (54.9 36.92),
1999-11-19 04:40:24.600000+00:00,37.339,54.402,5.4,32.4,"55 km N of Gorg?n, Iran",us,hrv,Mainshock,5.0 - 5.99,POINT (54.402 37.339),
1999-11-18 15:54:56.970000+00:00,29.387,51.66,4.7,67.7,"25 km S of K?zer?n, Iran",us,us,Mainshock,4.0 - 4.99,POINT (51.66 29.387),
1999-11-09 11:49:20.100000+00:00,35.683,61.238,4.9,10.0,"74 km NE of Torbat-e J?m, Iran",us,hrv,Aftershock,4.0 - 4.99,POINT (61.238 35.683),
1999-11-09 05:20:54.150000+00:00,35.785,61.286,5.4,10.0,"85 km NE of Torbat-e J?m, Iran",us,hrv,Aftershock,5.0 - 5.99,POINT (61.286 35.785),
1999-11-08 21:37:23.250000+00:00,35.726,61.205,5.5,25.9,"75 km NE of Torbat-e J?m, Iran",us,hrv,Mainshock,5.0 - 5.99,POINT (61.205 35.726),
1999-10-31 15:09:39.860000+00:00,29.413,51.807,5.2,33.0,"27 km SSE of K?zer?n, Iran",us,hrv,Mainshock,5.0 - 5.99,POINT (51.807 29.413),
1999-10-26 11:57:10.120000+00:00,30.185,51.816,4.5,33.0,"29 km ENE of N?r?b?d, Iran",us,us,Mainshock,4.0 - 4.99,POINT (51.816 30.185),
1999-10-19 13:02:28.040000+00:00,30.084,57.609,4.7,33.0,"55 km ESE of Kerman, Iran",us,us,Mainshock,4.0 - 4.99,POINT (57.609 30.084),
1999-10-12 15:41:16.030000+00:00,39.136,48.314,4.7,65.9,"17 km WSW of Jalilabad, Azerbaijan",us,us,Mainshock,4.0 - 4.99,POINT (48.314 39.136),
1999-10-03 13:19:17.780000+00:00,38.91,48.673,4.5,70.9,"3 km SW of Boradigah, Azerbaijan",us,us,Background Event,4.0 - 4.99,POINT (48.673 38.91),
1999-09-29 15:57:01.640000+00:00,27.208,53.159,4.5,33.0,"47 km SE of Mohr, Iran",us,us,Mainshock,4.0 - 4.99,POINT (53.159 27.208),
1999-09-27 02:31:24.550000+00:00,28.65,51.284,4.6,33.0,"56 km SE of Bushehr, Iran",us,us,Aftershock,4.0 - 4.99,POINT (51.284 28.65),
1999-09-25 19:19:30.010000+00:00,28.711,51.208,4.9,33.0,"46 km SE of Bushehr, Iran",us,us,Mainshock,4.0 - 4.99,POINT (51.208 28.711),
1999-09-25 09:56:24.180000+00:00,29.406,51.755,4.5,33.0,"25 km SSE of K?zer?n, Iran",us,us,Mainshock,4.0 - 4.99,POINT (51.755 29.406),
1999-09-24 19:17:14.580000+00:00,28.645,51.328,5.3,33.0,"59 km SE of Bushehr, Iran",us,hrv,Mainshock,5.0 - 5.99,POINT (51.328 28.645),
1999-09-17 20:14:47.320000+00:00,29.141,52.559,4.5,33.0,"24 km WSW of Akbar?b?d, Iran",us,us,Mainshock,4.0 - 4.99,POINT (52.559 29.141),
1999-09-13 23:32:07.710000+00:00,31.907,50.59,4.8,33.0,"38 km S of F?rs?n, Iran",us,us,Mainshock,4.0 - 4.99,POINT (50.59 31.907),
1999-08-19 04:33:15.390000+00:00,38.303,46.452,4.6,33.0,"28 km NNE of Tabriz, Iran",us,us,Mainshock,4.0 - 4.99,POINT (46.452 38.303),
1999-08-18 17:30:56.640000+00:00,26.532,59.722,4.6,33.0,"9 km ESE of Fann?j, Iran",us,us,Mainshock,4.0 - 4.99,POINT (59.722 26.532),
1999-08-12 07:49:05.570000+00:00,39.885,54.12,4.7,33.0,"46 km NNW of Balkanabat, Turkmenistan",us,us,Mainshock,4.0 - 4.99,POINT (54.12 39.885),
1999-08-10 19:33:59.860000+00:00,36.245,54.645,4.5,33.0,"28 km ENE of D?mgh?n, Iran",us,us,Mainshock,4.0 - 4.99,POINT (54.645 36.245),
1999-08-01 19:22:52.610000+00:00,33.855,48.386,4.6,33.0,"11 km E of Aleshtar, Iran",us,us,Mainshock,4.0 - 4.99,POINT (48.386 33.855),
1999-07-26 11:09:05.290000+00:00,33.784,47.584,4.5,62.0,"27 km N of K?hdasht, Iran",us,us,Mainshock,4.0 - 4.99,POINT (47.584 33.784),
1999-07-05 12:23:13.590000+00:00,30.531,50.111,4.7,48.5,"14 km WSW of Behbah?n, Iran",us,us,Mainshock,4.0 - 4.99,POINT (50.111 30.531),
1999-06-25 05:17:20.100000+00:00,35.756,57.716,4.6,33.0,"50 km S of Sabzevar, Iran",us,us,Mainshock,4.0 - 4.99,POINT (57.716 35.756),
1999-06-22 17:04:51.600000+00:00,29.316,51.978,4.6,33.0,"46 km SE of K?zer?n, Iran",us,us,Mainshock,4.0 - 4.99,POINT (51.978 29.316),
1999-06-11 03:05:25.560000+00:00,29.336,51.97,4.5,33.0,"43 km SE of K?zer?n, Iran",us,us,Background Event,4.0 - 4.99,POINT (51.97 29.336),
1999-06-03 17:57:43.850000+00:00,24.777,60.784,4.5,10.0,"58 km SSE of Chabahar, Iran",us,us,Mainshock,4.0 - 4.99,POINT (60.784 24.777),
1999-05-31 19:11:30.360000+00:00,29.272,52.003,4.5,33.0,"51 km SE of K?zer?n, Iran",us,us,Aftershock,4.0 - 4.99,POINT (52.003 29.272),
1999-05-30 00:15:40.620000+00:00,29.476,51.967,4.6,58.4,"34 km ESE of K?zer?n, Iran",us,us,Mainshock,4.0 - 4.99,POINT (51.967 29.476),
1999-05-29 14:11:54.200000+00:00,36.705,57.455,4.6,77.5,"41 km S of Esfar?yen, Iran",us,us,Mainshock,4.0 - 4.99,POINT (57.455 36.705),
1999-05-25 11:17:28.880000+00:00,28.456,57.65,4.7,33.0,"99 km SW of Bam, Iran",us,us,Mainshock,4.0 - 4.99,POINT (57.65 28.456),
1999-05-21 19:17:43.650000+00:00,29.355,51.899,4.6,33.0,"37 km SE of K?zer?n, Iran",us,us,Aftershock,4.0 - 4.99,POINT (51.899 29.355),
1999-05-16 23:36:01.500000+00:00,29.402,52.043,4.6,33.0,"44 km ESE of K?zer?n, Iran",us,us,Aftershock,4.0 - 4.99,POINT (52.043 29.402),
1999-05-08 06:27:57.810000+00:00,29.61,52.007,4.5,33.0,"34 km E of K?zer?n, Iran",us,us,Aftershock,4.0 - 4.99,POINT (52.007 29.61),
1999-05-07 08:35:10.780000+00:00,29.447,51.901,4.7,33.0,"30 km SE of K?zer?n, Iran",us,us,Aftershock,4.0 - 4.99,POINT (51.901 29.447),
1999-05-07 04:26:47.270000+00:00,29.492,52.01,4.6,33.0,"37 km ESE of K?zer?n, Iran",us,us,Aftershock,4.0 - 4.99,POINT (52.01 29.492),
1999-05-07 03:36:33.270000+00:00,29.429,52.021,4.6,33.0,"41 km ESE of K?zer?n, Iran",us,us,Aftershock,4.0 - 4.99,POINT (52.021 29.429),
1999-05-07 00:27:51.100000+00:00,29.471,51.964,4.5,33.0,"34 km ESE of K?zer?n, Iran",us,us,Aftershock,4.0 - 4.99,POINT (51.964 29.471),
1999-05-06 23:13:24.850000+00:00,29.397,51.901,5.3,33.0,"34 km SE of K?zer?n, Iran",us,us,Aftershock,5.0 - 5.99,POINT (51.901 29.397),
1999-05-06 23:00:53.120000+00:00,29.501,51.88,6.2,33.0,"25 km ESE of K?zer?n, Iran",us,hrv,Mainshock,6.0 - 6.99,POINT (51.88 29.501),
1999-04-30 14:54:22.090000+00:00,35.968,45.653,4.6,33.0,"21 km W of B?neh, Iran",us,us,Mainshock,4.0 - 4.99,POINT (45.653 35.968),
1999-04-30 04:20:02.540000+00:00,27.837,53.538,5.2,36.1,"61 km WNW of Ger?sh, Iran",us,hrv,Mainshock,5.0 - 5.99,POINT (53.538 27.837),
1999-04-28 18:18:18.850000+00:00,27.969,53.562,4.5,77.2,"65 km WNW of Ger?sh, Iran",us,us,Background Event,4.0 - 4.99,POINT (53.562 27.969),
1999-04-28 18:11:43.640000+00:00,27.808,53.536,4.7,33.0,"61 km WNW of Ger?sh, Iran",us,us,Background Event,4.0 - 4.99,POINT (53.536 27.808),
1999-04-27 00:01:05.330000+00:00,27.964,55.231,4.6,33.0,"110 km SE of D?r?b, Iran",us,us,Mainshock,4.0 - 4.99,POINT (55.231 27.964),
1999-04-11 06:52:56.540000+00:00,28.386,57.175,4.5,61.2,"105 km SSE of K?h Sef?d, Iran",us,us,Mainshock,4.0 - 4.99,POINT (57.175 28.386),
1999-03-29 04:00:39.010000+00:00,29.611,51.493,4.7,33.0,"15 km W of K?zer?n, Iran",us,us,Mainshock,4.0 - 4.99,POINT (51.493 29.611),
1999-03-13 04:30:15.480000+00:00,35.385,53.455,4.5,33.0,"22 km SSE of Semnan, Iran",us,us,Mainshock,4.0 - 4.99,POINT (53.455 35.385),
1999-03-10 07:45:43.470000+00:00,28.868,56.595,4.8,84.5,"49 km SSW of K?h Sef?d, Iran",us,us,Mainshock,4.0 - 4.99,POINT (56.595 28.868),
1999-03-09 12:08:08.350000+00:00,28.767,56.583,4.5,81.2,"60 km SSW of K?h Sef?d, Iran",us,us,Foreshock,4.0 - 4.99,POINT (56.583 28.767),
1999-03-05 01:02:54.730000+00:00,28.553,57.117,4.6,33.0,"85 km SSE of K?h Sef?d, Iran",us,us,Aftershock,4.0 - 4.99,POINT (57.117 28.553),
1999-03-04 19:25:54.580000+00:00,28.333,56.953,4.9,33.0,"105 km S of K?h Sef?d, Iran",us,us,Aftershock,4.0 - 4.99,POINT (56.953 28.333),
1999-03-04 11:12:59.110000+00:00,28.406,57.087,4.9,33.0,"100 km SSE of K?h Sef?d, Iran",us,us,Aftershock,4.0 - 4.99,POINT (57.087 28.406),
1999-03-04 09:52:03.020000+00:00,28.513,57.21,5.3,33.0,"93 km SSE of K?h Sef?d, Iran",us,us,Aftershock,5.0 - 5.99,POINT (57.21 28.513),
1999-03-04 09:19:36.300000+00:00,28.481,57.012,4.5,33.0,"90 km SSE of K?h Sef?d, Iran",us,us,Aftershock,4.0 - 4.99,POINT (57.012 28.481),
1999-03-04 07:26:04.410000+00:00,28.466,56.939,5.2,33.0,"90 km S of K?h Sef?d, Iran",us,us,Aftershock,5.0 - 5.99,POINT (56.939 28.466),
1999-03-04 07:19:18.240000+00:00,28.127,57.113,5.3,33.0,"110 km N of M?n?b, Iran",us,us,Aftershock,5.0 - 5.99,POINT (57.113 28.127),
1999-03-04 07:16:36.230000+00:00,28.496,57.076,5.0,33.0,"90 km SSE of K?h Sef?d, Iran",us,us,Aftershock,5.0 - 5.99,POINT (57.076 28.496),
1999-03-04 06:21:51.240000+00:00,28.336,57.092,4.6,33.0,"107 km SSE of K?h Sef?d, Iran",us,us,Aftershock,4.0 - 4.99,POINT (57.092 28.336),
1999-03-04 05:50:28.330000+00:00,28.411,57.097,5.1,33.0,"100 km SSE of K?h Sef?d, Iran",us,us,Aftershock,5.0 - 5.99,POINT (57.097 28.411),
1999-03-04 05:47:49.910000+00:00,28.323,57.147,5.6,33.0,"110 km SSE of K?h Sef?d, Iran",us,us,Aftershock,5.0 - 5.99,POINT (57.147 28.323),
1999-03-04 05:38:26.520000+00:00,28.343,57.193,6.6,33.0,"110 km SSE of K?h Sef?d, Iran",us,hrv,Mainshock,6.0 - 6.99,POINT (57.193 28.343),
1999-02-22 18:38:09.070000+00:00,28.076,53.372,4.5,33.0,"75 km NE of Mohr, Iran",us,us,Mainshock,4.0 - 4.99,POINT (53.372 28.076),
1999-02-19 18:00:13.390000+00:00,38.631,44.524,4.5,66.0,"38 km WNW of Khowy, Iran",us,us,Mainshock,4.0 - 4.99,POINT (44.524 38.631),
1999-01-29 05:22:31.090000+00:00,30.446,50.53,4.7,33.0,"27 km WNW of Dogonbadan, Iran",us,us,Mainshock,4.0 - 4.99,POINT (50.53 30.446),
1999-01-15 19:14:10.600000+00:00,35.35,45.163,5.1,33.0,"34 km SW of As Sulaym?n?yah, Iraq",us,hrv,Mainshock,5.0 - 5.99,POINT (45.163 35.35),
1999-01-15 13:46:00.750000+00:00,35.315,45.196,4.7,33.0,"35 km SW of As Sulaym?n?yah, Iraq",us,us,Foreshock,4.0 - 4.99,POINT (45.196 35.315),
1999-01-14 22:12:49.220000+00:00,29.146,56.351,5.0,33.0,"46 km WSW of K?h Sef?d, Iran",us,hrv,Mainshock,5.0 - 5.99,POINT (56.351 29.146),
2022-12-31 17:05:40.098000+00:00,33.5482,48.3346,4.1,19.314,"6 km NNW of Khorramabad, Iran",us,us,Mainshock,4.0 - 4.99,POINT (48.3346 33.5482),
2022-12-28 16:51:24.737000+00:00,27.953,55.786,4.5,10.0,"97 km NNW of Bandar Abbas, Iran",us,us,Mainshock,4.0 - 4.99,POINT (55.786 27.953),
2022-12-25 21:55:42.149000+00:00,28.5611,52.7403,4.4,10.0,"35 km SSE of F?r?z?b?d, Iran",us,us,Mainshock,4.0 - 4.99,POINT (52.7403 28.5611),
2022-12-25 17:49:57.720000+00:00,34.1297,57.1703,4.2,10.0,Northeastern Iran,us,us,Mainshock,4.0 - 4.99,POINT (57.1703 34.1297),
2022-12-25 16:48:43.795000+00:00,28.6564,51.6318,4.1,10.0,"79 km SSE of Bor?zj?n, Iran",us,us,Mainshock,4.0 - 4.99,POINT (51.6318 28.6564),
2022-12-24 20:20:00.018000+00:00,27.716,56.2185,4.1,10.0,southern Iran,us,us,Mainshock,4.0 - 4.99,POINT (56.2185 27.716),
2022-12-24 13:24:39.123000+00:00,34.0313,57.1703,5.3,10.0,"53 km NNE of Tabas, Iran",us,us,Mainshock,5.0 - 5.99,POINT (57.1703 34.0313),
2022-12-22 13:29:46.719000+00:00,38.724,56.2301,4.5,10.0,"28 km S of Serdar, Turkmenistan",us,us,Mainshock,4.0 - 4.99,POINT (56.2301 38.724),
2022-12-13 14:14:27.412000+00:00,33.9776,57.144,5.1,10.0,"46 km NNE of Tabas, Iran",us,us,Mainshock,5.0 - 5.99,POINT (57.144 33.9776),
2022-12-12 03:57:57.785000+00:00,26.7486,55.0158,4.2,10.0,"25 km NNE of Bandar-e Lengeh, Iran",us,us,Mainshock,4.0 - 4.99,POINT (55.0158 26.7486),
2022-12-11 08:05:56.959000+00:00,32.509,48.9717,4.7,10.0,western Iran,us,us,Mainshock,4.0 - 4.99,POINT (48.9717 32.509),
2022-12-08 05:13:04.849000+00:00,27.6687,53.0469,4.3,10.0,"20 km NE of Mohr, Iran",us,us,Mainshock,4.0 - 4.99,POINT (53.0469 27.6687),
2022-12-06 05:25:17.533000+00:00,37.2873,62.376,4.3,10.0,Turkmenistan,us,us,Mainshock,4.0 - 4.99,POINT (62.376 37.2873),
2022-12-05 05:17:09.564000+00:00,29.9952,51.1002,4.2,10.0,"42 km WSW of N?r?b?d, Iran",us,us,Mainshock,4.0 - 4.99,POINT (51.1002 29.9952),
2022-12-02 20:49:59.063000+00:00,26.8276,55.2041,4.2,16.531,"43 km NE of Bandar-e Lengeh, Iran",us,us,Aftershock,4.0 - 4.99,POINT (55.2041 26.8276),
2022-12-02 06:43:13.525000+00:00,26.7394,55.1025,4.4,10.0,"29 km NE of Bandar-e Lengeh, Iran",us,us,Mainshock,4.0 - 4.99,POINT (55.1025 26.7394),
2022-12-01 23:29:33.142000+00:00,26.8687,55.1851,4.2,10.0,"45 km NE of Bandar-e Lengeh, Iran",us,us,Foreshock,4.0 - 4.99,POINT (55.1851 26.8687),
2022-12-01 18:54:44.734000+00:00,32.1274,50.2736,4.3,10.0,"30 km WSW of F?rs?n, Iran",us,us,Mainshock,4.0 - 4.99,POINT (50.2736 32.1274),
2022-12-01 18:18:10.128000+00:00,26.8375,55.1998,4.7,10.0,"44 km NE of Bandar-e Lengeh, Iran",us,us,Aftershock,4.0 - 4.99,POINT (55.1998 26.8375),
2022-11-30 22:19:32.961000+00:00,26.8076,55.1829,4.2,10.0,"40 km NE of Bandar-e Lengeh, Iran",us,us,Aftershock,4.0 - 4.99,POINT (55.1829 26.8076),
2022-11-30 17:18:04.181000+00:00,26.8456,55.1789,4.6,16.891,"43 km NE of Bandar-e Lengeh, Iran",us,us,Aftershock,4.0 - 4.99,POINT (55.1789 26.8456),
2022-11-30 15:17:41.697000+00:00,26.8866,55.2391,5.7,6.0,southern Iran,us,us,Mainshock,5.0 - 5.99,POINT (55.2391 26.8866),
2022-11-24 15:56:24.765000+00:00,32.7346,47.4777,4.3,15.818,"20 km ENE of Dehlor?n, Iran",us,us,Mainshock,4.0 - 4.99,POINT (47.4777 32.7346),
2022-11-17 23:35:38.021000+00:00,38.4916,45.1001,4.2,10.0,"14 km ESE of Khowy, Iran",us,us,Mainshock,4.0 - 4.99,POINT (45.1001 38.4916),
2022-11-17 13:59:32.404000+00:00,26.9637,55.2174,5.0,10.0,southern Iran,us,us,Mainshock,5.0 - 5.99,POINT (55.2174 26.9637),
2022-11-15 15:02:34.646000+00:00,27.7191,56.0137,4.6,10.0,"64 km NNW of Bandar Abbas, Iran",us,us,Mainshock,4.0 - 4.99,POINT (56.0137 27.7191),
2022-11-12 22:48:01.836000+00:00,30.2246,57.5544,4.2,10.0,"46 km E of Kerman, Iran",us,us,Mainshock,4.0 - 4.99,POINT (57.5544 30.2246),
2022-11-11 18:44:08.866000+00:00,27.5471,56.1092,4.6,10.0,"43 km NNW of Bandar Abbas, Iran",us,us,Mainshock,4.0 - 4.99,POINT (56.1092 27.5471),
2022-11-11 10:36:24.555000+00:00,27.7121,56.0058,4.2,10.0,"64 km NNW of Bandar Abbas, Iran",us,us,Foreshock,4.0 - 4.99,POINT (56.0058 27.7121),
2022-11-03 02:03:13.887000+00:00,27.7781,57.4801,4.1,10.0,"81 km NNE of M?n?b, Iran",us,us,Mainshock,4.0 - 4.99,POINT (57.4801 27.7781),
2022-11-02 08:07:03.814000+00:00,26.3522,54.8717,4.1,10.0,southern Iran,us,us,Mainshock,4.0 - 4.99,POINT (54.8717 26.3522),
2022-10-31 16:08:38.061000+00:00,25.9532,60.3815,4.1,10.0,"34 km SSE of N?kshahr, Iran",us,us,Mainshock,4.0 - 4.99,POINT (60.3815 25.9532),
2022-10-30 00:49:05.189000+00:00,27.3165,55.6221,4.0,10.0,"66 km WNW of Bandar Abbas, Iran",us,us,Mainshock,4.0 - 4.99,POINT (55.6221 27.3165),
2022-10-24 11:21:08.588000+00:00,26.8864,55.3557,4.3,10.0,"59 km NE of Bandar-e Lengeh, Iran",us,us,Mainshock,4.0 - 4.99,POINT (55.3557 26.8864),
2022-10-23 01:55:24.630000+00:00,30.3303,50.8984,4.5,10.0,"10 km ESE of Dogonbadan, Iran",us,us,Mainshock,4.0 - 4.99,POINT (50.8984 30.3303),
2022-10-10 12:37:19.587000+00:00,38.4774,45.0497,4.3,10.0,Northwestern Iran,us,us,Aftershock,4.0 - 4.99,POINT (45.0497 38.4774),
2022-10-05 13:51:38.954000+00:00,38.5939,45.0923,4.5,10.0,"13 km ENE of Khowy, Iran",us,us,Aftershock,4.0 - 4.99,POINT (45.0923 38.5939),
2022-10-05 00:21:29.702000+00:00,38.5064,45.0259,5.6,15.0,"8 km SE of Khowy, Iran",us,us,Mainshock,5.0 - 5.99,POINT (45.0259 38.5064),
2022-09-28 16:18:03.028000+00:00,33.3614,46.8173,4.3,10.0,"47 km SE of ?l?m, Iran",us,us,Mainshock,4.0 - 4.99,POINT (46.8173 33.3614),
2022-09-27 21:50:33.514000+00:00,27.6273,56.4908,4.2,10.0,"53 km NNE of Bandar Abbas, Iran",us,us,Mainshock,4.0 - 4.99,POINT (56.4908 27.6273),
2022-09-26 13:59:28.718000+00:00,32.3982,56.0284,4.2,10.0,central Iran,us,us,Mainshock,4.0 - 4.99,POINT (56.0284 32.3982),
2022-09-25 23:04:25.176000+00:00,27.6947,56.6185,4.3,10.0,"65 km NNE of Bandar Abbas, Iran",us,us,Aftershock,4.0 - 4.99,POINT (56.6185 27.6947),
2022-09-25 15:25:13.810000+00:00,27.7017,56.4543,4.9,10.0,"59 km NNE of Bandar Abbas, Iran",us,us,Mainshock,4.0 - 4.99,POINT (56.4543 27.7017),
2022-09-21 17:57:54.724000+00:00,38.4613,44.9496,5.1,10.0,"9 km S of Khowy, Iran",us,us,Mainshock,5.0 - 5.99,POINT (44.9496 38.4613),
2022-09-14 01:54:36.039000+00:00,26.6505,54.1129,4.1,10.0,"13 km NE of K?sh, Iran",us,us,Mainshock,4.0 - 4.99,POINT (54.1129 26.6505),
2022-09-12 23:37:04.470000+00:00,34.224,56.7628,4.8,10.0,"71 km NNW of Tabas, Iran",us,us,Mainshock,4.0 - 4.99,POINT (56.7628 34.224),
2022-09-11 07:35:24.729000+00:00,31.0015,48.6419,4.0,10.0,"28 km S of Jong?yeh, Iran",us,us,Mainshock,4.0 - 4.99,POINT (48.6419 31.0015),
2022-09-05 09:14:51.147000+00:00,27.6592,56.0916,5.1,10.0,"55 km NNW of Bandar Abbas, Iran",us,us,Mainshock,5.0 - 5.99,POINT (56.0916 27.6592),
2022-09-05 08:49:15.310000+00:00,38.2452,44.0181,4.2,10.0,"22 km N of Ba?kale, Turkey",us,us,Mainshock,4.0 - 4.99,POINT (44.0181 38.2452),
2022-09-04 22:24:25.411000+00:00,28.3677,53.1721,4.2,10.0,"78 km SW of Fas?, Iran",us,us,Mainshock,4.0 - 4.99,POINT (53.1721 28.3677),
2022-08-27 15:24:57.252000+00:00,27.9731,56.6932,4.3,37.756,"96 km NNE of Bandar Abbas, Iran",us,us,Mainshock,4.0 - 4.99,POINT (56.6932 27.9731),
2022-08-26 09:50:56.829000+00:00,31.9227,60.0517,4.2,10.0,"130 km SE of B?rjand, Iran",us,us,Mainshock,4.0 - 4.99,POINT (60.0517 31.9227),
2022-08-26 03:05:54.521000+00:00,27.6726,56.0499,4.2,10.0,"58 km NNW of Bandar Abbas, Iran",us,us,Mainshock,4.0 - 4.99,POINT (56.0499 27.6726),
2022-08-17 07:03:07.657000+00:00,26.5784,54.1484,4.0,10.0,"13 km E of K?sh, Iran",us,us,Aftershock,4.0 - 4.99,POINT (54.1484 26.5784),
2022-08-17 06:57:15.332000+00:00,26.595,54.2554,4.1,10.0,"23 km E of K?sh, Iran",us,us,Mainshock,4.0 - 4.99,POINT (54.2554 26.595),
2022-08-15 22:15:50.361000+00:00,29.6765,51.1637,4.4,10.0,"45 km N of Bor?zj?n, Iran",us,us,Mainshock,4.0 - 4.99,POINT (51.1637 29.6765),
2022-08-12 18:21:10.093000+00:00,37.116,49.5328,4.2,10.0,"18 km SSW of Rasht, Iran",us,us,Mainshock,4.0 - 4.99,POINT (49.5328 37.116),
2022-08-12 08:54:49.951000+00:00,35.4958,45.9901,4.2,10.0,"14 km SSE of Baynjiwayn, Iraq",us,us,Mainshock,4.0 - 4.99,POINT (45.9901 35.4958),
2022-08-08 07:45:34.524000+00:00,35.0375,59.839,4.5,10.0,"62 km ESE of Torbat-e ?eydar?yeh, Iran",us,us,Mainshock,4.0 - 4.99,POINT (59.839 35.0375),
2022-08-07 06:49:27.974000+00:00,32.6676,47.3048,4.3,10.0,"4 km SE of Dehlor?n, Iran",us,us,Mainshock,4.0 - 4.99,POINT (47.3048 32.6676),
2022-08-04 04:09:26.890000+00:00,26.8616,55.3421,4.1,10.0,"56 km NE of Bandar-e Lengeh, Iran",us,us,Mainshock,4.0 - 4.99,POINT (55.3421 26.8616),
2022-08-02 17:10:55.895000+00:00,34.0557,45.7388,4.1,8.194,"38 km NNE of Mandal?, Iraq",us,us,Mainshock,4.0 - 4.99,POINT (45.7388 34.0557),
2022-07-31 13:52:17.244000+00:00,25.1097,63.4765,5.1,16.727,"17 km S of Pasni, Pakistan",us,us,Aftershock,5.0 - 5.99,POINT (63.4765 25.1097),
2022-07-31 13:42:15.318000+00:00,25.1448,63.5694,5.6,27.11,"16 km SE of Pasni, Pakistan",us,us,Mainshock,5.0 - 5.99,POINT (63.5694 25.1448),
2022-07-31 11:44:15.876000+00:00,26.7959,55.1207,4.0,10.0,"35 km NE of Bandar-e Lengeh, Iran",us,us,Mainshock,4.0 - 4.99,POINT (55.1207 26.7959),
2022-07-30 00:46:16.937000+00:00,36.9219,47.1552,3.9,10.0,"57 km N of Tak?b, Iran",us,us,Mainshock,3.0 - 3.99,POINT (47.1552 36.9219),
2022-07-27 15:02:41.716000+00:00,37.5732,56.6019,4.0,10.0,"65 km W of Bojn?rd, Iran",us,us,Mainshock,4.0 - 4.99,POINT (56.6019 37.5732),
2022-07-25 15:55:14.802000+00:00,26.8543,55.1598,4.8,10.0,"43 km NE of Bandar-e Lengeh, Iran",us,us,Mainshock,4.0 - 4.99,POINT (55.1598 26.8543),
2022-07-25 13:39:33.813000+00:00,28.1769,55.291,4.6,10.0,"97 km SE of D?r?b, Iran",us,us,Mainshock,4.0 - 4.99,POINT (55.291 28.1769),
2022-07-25 01:37:22.603000+00:00,26.9098,55.2757,4.1,10.0,"55 km NE of Bandar-e Lengeh, Iran",us,us,Aftershock,4.0 - 4.99,POINT (55.2757 26.9098),
2022-07-24 08:51:12.253000+00:00,26.9496,55.2369,4.3,10.0,"56 km NE of Bandar-e Lengeh, Iran",us,us,Mainshock,4.0 - 4.99,POINT (55.2369 26.9496),
2022-07-23 20:46:14.490000+00:00,28.3762,54.1108,4.4,10.0,southern Iran,us,us,Mainshock,4.0 - 4.99,POINT (54.1108 28.3762),
2022-07-23 16:09:06.681000+00:00,26.9783,55.3932,5.6,11.0,"69 km NE of Bandar-e Lengeh, Iran",us,us,Mainshock,5.0 - 5.99,POINT (55.3932 26.9783),
2022-07-23 16:07:47.118000+00:00,26.8637,55.2135,5.4,9.0,"47 km NE of Bandar-e Lengeh, Iran",us,us,Foreshock,5.0 - 5.99,POINT (55.2135 26.8637),
2022-07-22 18:18:48.673000+00:00,27.0889,53.2299,4.4,10.0,"62 km SSE of Mohr, Iran",us,us,Mainshock,4.0 - 4.99,POINT (53.2299 27.0889),
2022-07-19 13:07:47.641000+00:00,36.4839,60.5499,4.4,10.0,"54 km W of Sarakhs, Iran",us,us,Mainshock,4.0 - 4.99,POINT (60.5499 36.4839),
2022-07-18 08:04:51.071000+00:00,34.6372,45.4058,4.3,10.0,"41 km E of Kifr?, Iraq",us,us,Mainshock,4.0 - 4.99,POINT (45.4058 34.6372),
2022-07-17 03:50:41.974000+00:00,30.1078,57.5995,4.1,10.0,"53 km ESE of Kerman, Iran",us,us,Mainshock,4.0 - 4.99,POINT (57.5995 30.1078),
2022-07-16 19:27:19.112000+00:00,26.5862,54.2553,4.1,10.0,"23 km E of K?sh, Iran",us,us,Mainshock,4.0 - 4.99,POINT (54.2553 26.5862),
2022-07-14 00:33:14.613000+00:00,27.634,55.9372,4.2,10.0,"60 km NW of Bandar Abbas, Iran",us,us,Mainshock,4.0 - 4.99,POINT (55.9372 27.634),
2022-07-13 02:38:05.598000+00:00,26.8292,55.1385,4.2,10.0,southern Iran,us,us,Mainshock,4.0 - 4.99,POINT (55.1385 26.8292),
2022-07-11 17:32:21.915000+00:00,26.5869,54.2687,4.2,10.0,"25 km E of K?sh, Iran",us,us,Aftershock,4.0 - 4.99,POINT (54.2687 26.5869),
2022-07-11 17:16:50.580000+00:00,26.6588,54.2887,4.5,10.0,"29 km ENE of K?sh, Iran",us,us,Mainshock,4.0 - 4.99,POINT (54.2887 26.6588),
2022-07-10 09:37:12.099000+00:00,38.8439,43.5181,4.0,10.0,"24 km SE of Erci?, Turkey",us,us,Mainshock,4.0 - 4.99,POINT (43.5181 38.8439),
2022-07-08 20:28:13.607000+00:00,26.5189,54.1745,4.6,13.605,southern Iran,us,us,Mainshock,4.0 - 4.99,POINT (54.1745 26.5189),
2022-07-07 19:08:15.502000+00:00,26.8802,55.1821,4.1,10.0,"46 km NE of Bandar-e Lengeh, Iran",us,us,Aftershock,4.0 - 4.99,POINT (55.1821 26.8802),
2022-07-06 03:05:19.610000+00:00,26.896,55.1476,4.3,10.0,southern Iran,us,us,Mainshock,4.0 - 4.99,POINT (55.1476 26.896),
2022-07-05 13:43:36.663000+00:00,34.4971,45.6262,4.0,10.0,"22 km W of Sarpol-e Z?ah?b, Iran",us,us,Mainshock,4.0 - 4.99,POINT (45.6262 34.4971),
2022-07-05 10:30:36.988000+00:00,26.6989,55.3504,4.1,10.0,"49 km ENE of Bandar-e Lengeh, Iran",us,us,Aftershock,4.0 - 4.99,POINT (55.3504 26.6989),
2022-07-04 04:14:47.808000+00:00,26.7957,55.2514,4.2,10.0,"45 km NE of Bandar-e Lengeh, Iran",us,us,Mainshock,4.0 - 4.99,POINT (55.2514 26.7957),
2022-07-03 18:41:59.826000+00:00,26.8813,55.2602,4.1,10.0,"52 km NE of Bandar-e Lengeh, Iran",us,us,Foreshock,4.0 - 4.99,POINT (55.2602 26.8813),
2022-07-03 14:05:36.040000+00:00,37.5957,49.9911,4.1,10.0,"37 km N of ?st?neh-ye Ashraf?yeh, Iran",us,us,Mainshock,4.0 - 4.99,POINT (49.9911 37.5957),
2022-07-03 12:18:58.877000+00:00,26.9015,54.4111,4.2,10.0,"54 km NE of K?sh, Iran",us,us,Mainshock,4.0 - 4.99,POINT (54.4111 26.9015),
2022-07-03 07:32:20.186000+00:00,26.8101,55.2587,4.1,10.0,"46 km NE of Bandar-e Lengeh, Iran",us,us,Aftershock,4.0 - 4.99,POINT (55.2587 26.8101),
2022-07-02 19:29:19.041000+00:00,26.8832,55.2002,4.4,10.0,southern Iran,us,us,Mainshock,4.0 - 4.99,POINT (55.2002 26.8832),
2022-07-02 14:44:18.671000+00:00,26.1322,54.2484,4.2,10.0,"52 km SSE of K?sh, Iran",us,us,Mainshock,4.0 - 4.99,POINT (54.2484 26.1322),
2022-07-02 09:15:45.347000+00:00,26.8335,54.9731,4.5,10.0,"31 km NNE of Bandar-e Lengeh, Iran",us,us,Aftershock,4.0 - 4.99,POINT (54.9731 26.8335),
2022-07-02 05:06:57.287000+00:00,26.8795,55.2125,4.6,10.0,"48 km NE of Bandar-e Lengeh, Iran",us,us,Aftershock,4.0 - 4.99,POINT (55.2125 26.8795),
2022-07-02 03:47:51.189000+00:00,26.8968,55.1896,4.4,10.0,"48 km NE of Bandar-e Lengeh, Iran",us,us,Aftershock,4.0 - 4.99,POINT (55.1896 26.8968),
2022-07-02 03:29:10.151000+00:00,26.8667,55.3162,4.6,10.0,"55 km NE of Bandar-e Lengeh, Iran",us,us,Aftershock,4.0 - 4.99,POINT (55.3162 26.8667),
2022-07-02 02:51:52.257000+00:00,26.8411,55.2203,4.3,10.0,southern Iran,us,us,Aftershock,4.0 - 4.99,POINT (55.2203 26.8411),
2022-07-02 01:14:54.005000+00:00,26.7815,55.3215,4.2,10.0,"50 km ENE of Bandar-e Lengeh, Iran",us,us,Aftershock,4.0 - 4.99,POINT (55.3215 26.7815),
2022-07-02 00:37:38.148000+00:00,26.8389,55.1889,4.0,10.0,"43 km NE of Bandar-e Lengeh, Iran",us,us,Aftershock,4.0 - 4.99,POINT (55.1889 26.8389),
2022-07-01 23:49:19.077000+00:00,26.8957,55.1898,4.2,10.0,"48 km NE of Bandar-e Lengeh, Iran",us,us,Aftershock,4.0 - 4.99,POINT (55.1898 26.8957),
2022-07-01 23:24:13.113000+00:00,26.8843,55.2572,5.7,7.0,southern Iran,us,us,Mainshock,5.0 - 5.99,POINT (55.2572 26.8843),
2022-07-01 23:13:43.643000+00:00,26.9054,55.2978,4.2,10.0,"56 km NE of Bandar-e Lengeh, Iran",us,us,Foreshock,4.0 - 4.99,POINT (55.2978 26.9054),
2022-07-01 23:09:30.765000+00:00,27.126,62.8188,4.3,10.0,"126 km N of Turbat, Pakistan",us,us,Mainshock,4.0 - 4.99,POINT (62.8188 27.126),
2022-07-01 22:07:45.813000+00:00,26.8423,55.1355,4.2,10.0,"40 km NE of Bandar-e Lengeh, Iran",us,us,Aftershock,4.0 - 4.99,POINT (55.1355 26.8423),
2022-07-01 21:47:51.095000+00:00,26.8923,55.2365,5.0,10.0,southern Iran,us,us,Mainshock,5.0 - 5.99,POINT (55.2365 26.8923),
2022-07-01 21:41:57.663000+00:00,25.9617,56.3116,4.3,10.0,"25 km SSE of Khasab, Oman",us,us,Mainshock,4.0 - 4.99,POINT (56.3116 25.9617),
2022-07-01 21:39:51.332000+00:00,26.9773,55.0053,4.7,10.0,"48 km NNE of Bandar-e Lengeh, Iran",us,us,Aftershock,4.0 - 4.99,POINT (55.0053 26.9773),
2022-07-01 21:32:07.977000+00:00,26.9061,55.2389,6.0,16.0,"52 km NE of Bandar-e Lengeh, Iran",us,us,Mainshock,6.0 - 6.99,POINT (55.2389 26.9061),
2022-07-01 19:28:30.262000+00:00,28.2274,57.336,4.2,10.0,"123 km NNE of M?n?b, Iran",us,us,Aftershock,4.0 - 4.99,POINT (57.336 28.2274),
2022-07-01 14:04:22.509000+00:00,27.8272,57.3913,4.4,29.413,"82 km NNE of M?n?b, Iran",us,us,Mainshock,4.0 - 4.99,POINT (57.3913 27.8272),
2022-06-29 00:01:19.375000+00:00,28.1218,51.6527,4.1,10.0,"120 km SW of F?r?z?b?d, Iran",us,us,Mainshock,4.0 - 4.99,POINT (51.6527 28.1218),
2022-06-26 15:39:02.179000+00:00,31.8295,57.3244,4.3,10.0,"79 km NE of R?var, Iran",us,us,Mainshock,4.0 - 4.99,POINT (57.3244 31.8295),
2022-06-25 05:51:08.421000+00:00,26.5681,54.2627,4.2,10.0,"24 km E of K?sh, Iran",us,us,Aftershock,4.0 - 4.99,POINT (54.2627 26.5681),
2022-06-25 05:50:14.812000+00:00,26.6924,54.1752,4.3,10.0,"21 km NE of K?sh, Iran",us,us,Aftershock,4.0 - 4.99,POINT (54.1752 26.6924),
2022-06-25 03:43:59.875000+00:00,26.4087,54.293,4.6,10.0,"31 km ESE of K?sh, Iran",us,us,Aftershock,4.0 - 4.99,POINT (54.293 26.4087),
2022-06-25 03:37:14.329000+00:00,26.7341,54.2683,5.6,12.0,"31 km NE of K?sh, Iran",us,us,Mainshock,5.0 - 5.99,POINT (54.2683 26.7341),
2022-06-24 23:47:23.914000+00:00,26.4942,54.1624,4.1,10.0,"15 km ESE of K?sh, Iran",us,us,Foreshock,4.0 - 4.99,POINT (54.1624 26.4942),
2022-06-24 13:32:27.379000+00:00,26.6697,54.22,4.3,10.0,"23 km ENE of K?sh, Iran",us,us,Foreshock,4.0 - 4.99,POINT (54.22 26.6697),
2022-06-24 05:36:23.860000+00:00,27.1775,53.1955,4.4,10.0,"51 km SE of Mohr, Iran",us,us,Mainshock,4.0 - 4.99,POINT (53.1955 27.1775),
2022-06-24 01:27:26.833000+00:00,26.5953,54.1246,4.1,10.0,"11 km ENE of K?sh, Iran",us,us,Mainshock,4.0 - 4.99,POINT (54.1246 26.5953),
2022-06-22 19:59:13.067000+00:00,27.1648,53.2063,4.3,10.0,"53 km SE of Mohr, Iran",us,us,Mainshock,4.0 - 4.99,POINT (53.2063 27.1648),
2022-06-22 18:13:40.668000+00:00,27.1207,54.3571,4.1,10.0,"64 km SSE of Ger?sh, Iran",us,us,Mainshock,4.0 - 4.99,POINT (54.3571 27.1207),
2022-06-22 08:35:22.099000+00:00,27.2177,53.221,4.9,10.0,"50 km SE of Mohr, Iran",us,us,Mainshock,4.0 - 4.99,POINT (53.221 27.2177),
2022-06-22 06:06:29.606000+00:00,26.5926,54.2709,4.4,10.0,"25 km E of K?sh, Iran",us,us,Mainshock,4.0 - 4.99,POINT (54.2709 26.5926),
2022-06-22 02:38:53.212000+00:00,26.7734,54.3449,4.2,10.0,"40 km NE of K?sh, Iran",us,us,Foreshock,4.0 - 4.99,POINT (54.3449 26.7734),
2022-06-22 01:26:42.573000+00:00,27.2045,53.2628,4.3,10.0,"54 km SE of Mohr, Iran",us,us,Aftershock,4.0 - 4.99,POINT (53.2628 27.2045),
2022-06-21 21:09:37.116000+00:00,27.2359,53.2837,5.4,10.0,"53 km SE of Mohr, Iran",us,us,Mainshock,5.0 - 5.99,POINT (53.2837 27.2359),
2022-06-21 07:05:05.129000+00:00,26.6386,54.2184,4.3,10.0,"21 km ENE of K?sh, Iran",us,us,Mainshock,4.0 - 4.99,POINT (54.2184 26.6386),
2022-06-21 03:49:03.146000+00:00,37.4916,50.2825,4.2,10.0,"34 km NNE of Langar?d, Iran",us,us,Mainshock,4.0 - 4.99,POINT (50.2825 37.4916),
2022-06-20 22:00:48.414000+00:00,26.9623,54.494,4.0,10.0,"59 km NW of Bandar-e Lengeh, Iran",us,us,Mainshock,4.0 - 4.99,POINT (54.494 26.9623),
2022-06-20 03:04:56.821000+00:00,38.5229,55.5668,4.5,10.0,"79 km SW of Serdar, Turkmenistan",us,us,Mainshock,4.0 - 4.99,POINT (55.5668 38.5229),
2022-06-20 02:38:27.791000+00:00,26.6211,54.1969,4.3,10.0,"19 km ENE of K?sh, Iran",us,us,Aftershock,4.0 - 4.99,POINT (54.1969 26.6211),
2022-06-18 17:01:42.570000+00:00,26.5991,54.1979,4.4,10.0,"18 km ENE of K?sh, Iran",us,us,Aftershock,4.0 - 4.99,POINT (54.1979 26.5991),
2022-06-18 16:44:48.965000+00:00,26.642,54.228,4.9,10.0,"22 km ENE of K?sh, Iran",us,us,Aftershock,4.0 - 4.99,POINT (54.228 26.642),
2022-06-18 00:03:05.014000+00:00,26.7099,54.2317,4.0,10.0,"27 km NE of K?sh, Iran",us,us,Aftershock,4.0 - 4.99,POINT (54.2317 26.7099),
2022-06-17 13:08:37.691000+00:00,26.6036,54.2059,4.3,10.0,"19 km ENE of K?sh, Iran",us,us,Aftershock,4.0 - 4.99,POINT (54.2059 26.6036),
2022-06-16 23:48:06.456000+00:00,26.6947,54.235,4.2,10.0,"26 km NE of K?sh, Iran",us,us,Aftershock,4.0 - 4.99,POINT (54.235 26.6947),
2022-06-16 04:44:48.738000+00:00,26.3279,54.4996,4.1,10.0,"45 km SW of Bandar-e Lengeh, Iran",us,us,Aftershock,4.0 - 4.99,POINT (54.4996 26.3279),
2022-06-16 00:40:48.001000+00:00,26.671,54.353,4.6,10.0,"35 km ENE of K?sh, Iran",us,us,Aftershock,4.0 - 4.99,POINT (54.353 26.671),
2022-06-16 00:26:01.384000+00:00,26.7059,54.2298,4.0,10.0,"26 km NE of K?sh, Iran",us,us,Aftershock,4.0 - 4.99,POINT (54.2298 26.7059),
2022-06-16 00:23:02.819000+00:00,26.6148,54.2823,4.4,10.0,"26 km ENE of K?sh, Iran",us,us,Aftershock,4.0 - 4.99,POINT (54.2823 26.6148),
2022-06-15 23:52:06.819000+00:00,26.6164,54.259,4.0,10.0,"24 km ENE of K?sh, Iran",us,us,Aftershock,4.0 - 4.99,POINT (54.259 26.6164),
2022-06-15 20:58:12.558000+00:00,26.6005,54.2381,4.3,10.0,"22 km ENE of K?sh, Iran",us,us,Aftershock,4.0 - 4.99,POINT (54.2381 26.6005),
2022-06-15 18:23:07.713000+00:00,26.715,54.2223,4.0,10.0,"26 km NE of K?sh, Iran",us,us,Aftershock,4.0 - 4.99,POINT (54.2223 26.715),
2022-06-15 18:07:50.679000+00:00,26.5445,54.222,4.0,10.0,"20 km E of K?sh, Iran",us,us,Aftershock,4.0 - 4.99,POINT (54.222 26.5445),
2022-06-15 14:32:13.900000+00:00,26.4707,54.2449,4.1,10.0,"24 km ESE of K?sh, Iran",us,us,Aftershock,4.0 - 4.99,POINT (54.2449 26.4707),
2022-06-15 14:26:17.374000+00:00,26.6795,54.2001,4.4,10.0,"22 km NE of K?sh, Iran",us,us,Aftershock,4.0 - 4.99,POINT (54.2001 26.6795),
2022-06-15 13:16:41.072000+00:00,26.6371,54.2492,4.4,10.0,"24 km ENE of K?sh, Iran",us,us,Aftershock,4.0 - 4.99,POINT (54.2492 26.6371),
2022-06-15 11:50:32.167000+00:00,26.5655,54.1404,4.4,10.0,"12 km E of K?sh, Iran",us,us,Aftershock,4.0 - 4.99,POINT (54.1404 26.5655),
2022-06-15 09:37:48.555000+00:00,26.516,54.1052,4.1,10.0,"9 km ESE of K?sh, Iran",us,us,Aftershock,4.0 - 4.99,POINT (54.1052 26.516),
2022-06-15 06:48:54.084000+00:00,26.6531,54.2387,4.9,10.0,"24 km ENE of K?sh, Iran",us,us,Aftershock,4.0 - 4.99,POINT (54.2387 26.6531),
2022-06-15 06:15:41.766000+00:00,26.6727,54.2211,4.5,10.0,"23 km ENE of K?sh, Iran",us,us,Aftershock,4.0 - 4.99,POINT (54.2211 26.6727),
2022-06-15 06:06:02.539000+00:00,26.6789,54.212,5.5,9.0,"23 km NE of K?sh, Iran",us,us,Mainshock,5.0 - 5.99,POINT (54.212 26.6789),
2022-06-15 06:04:39.473000+00:00,26.6549,54.1714,4.6,10.0,"18 km NE of K?sh, Iran",us,us,Foreshock,4.0 - 4.99,POINT (54.1714 26.6549),
2022-06-15 05:59:21.893000+00:00,26.6258,54.2374,4.5,10.0,"22 km ENE of K?sh, Iran",us,us,Foreshock,4.0 - 4.99,POINT (54.2374 26.6258),
2022-06-15 05:55:01.307000+00:00,26.5657,54.1747,4.8,10.0,"15 km E of K?sh, Iran",us,us,Foreshock,4.0 - 4.99,POINT (54.1747 26.5657),
2022-06-14 15:30:20.354000+00:00,36.6708,49.7757,4.6,10.0,Northern Iran,us,us,Mainshock,4.0 - 4.99,POINT (49.7757 36.6708),
2022-06-14 14:09:43.093000+00:00,26.5651,54.1698,4.7,10.0,"15 km E of K?sh, Iran",us,us,Mainshock,4.0 - 4.99,POINT (54.1698 26.5651),
2022-06-14 13:44:29.920000+00:00,27.7278,55.9837,4.4,10.0,"66 km NNW of Bandar Abbas, Iran",us,us,Mainshock,4.0 - 4.99,POINT (55.9837 27.7278),
2022-06-12 18:35:20.871000+00:00,38.7366,43.5068,5.2,10.0,"28 km NNE of Van, Turkey",us,us,Mainshock,5.0 - 5.99,POINT (43.5068 38.7366),
2022-06-10 10:43:30.500000+00:00,27.2995,55.3408,4.0,10.0,"93 km W of Bandar Abbas, Iran",us,us,Mainshock,4.0 - 4.99,POINT (55.3408 27.2995),
2022-06-05 02:26:29.911000+00:00,33.8413,46.1799,4.2,10.0,"31 km NW of ?l?m, Iran",us,us,Mainshock,4.0 - 4.99,POINT (46.1799 33.8413),
2022-06-04 11:47:17.531000+00:00,36.9938,53.7347,4.1,10.0,"37 km NNE of Behshahr, Iran",us,us,Mainshock,4.0 - 4.99,POINT (53.7347 36.9938),
2022-06-04 11:02:29.140000+00:00,28.739,51.6285,4.1,10.0,"71 km SE of Bor?zj?n, Iran",us,us,Mainshock,4.0 - 4.99,POINT (51.6285 28.739),
2022-06-04 01:49:08.007000+00:00,32.6758,48.5694,4.4,10.0,"37 km NNE of Shahrak-e K?l?r?, Iran",us,us,Mainshock,4.0 - 4.99,POINT (48.5694 32.6758),
2022-06-04 01:28:03.518000+00:00,28.9103,47.972,4.4,10.0,"21 km SSW of Al A?mad?, Kuwait",us,us,Mainshock,4.0 - 4.99,POINT (47.972 28.9103),
2022-06-02 19:33:53.503000+00:00,25.0269,60.9101,4.5,10.0,"39 km SE of Chabahar, Iran",us,us,Mainshock,4.0 - 4.99,POINT (60.9101 25.0269),
2022-06-02 06:53:24.767000+00:00,28.2163,52.2839,4.0,10.0,"74 km SSW of F?r?z?b?d, Iran",us,us,Mainshock,4.0 - 4.99,POINT (52.2839 28.2163),
2022-06-01 07:49:59.945000+00:00,27.0796,53.9118,4.6,10.0,"58 km N of K?sh, Iran",us,us,Mainshock,4.0 - 4.99,POINT (53.9118 27.0796),
2022-05-30 01:23:38.646000+00:00,34.5549,45.6113,4.2,10.0,"25 km WNW of Sarpol-e Z?ah?b, Iran",us,us,Aftershock,4.0 - 4.99,POINT (45.6113 34.5549),
2022-05-29 05:52:43.419000+00:00,34.4945,45.419,4.1,10.0,Iran-Iraq border region,us,us,Aftershock,4.0 - 4.99,POINT (45.419 34.4945),
2022-05-29 05:50:01.751000+00:00,34.5478,45.6115,4.5,10.0,"24 km WNW of Sarpol-e Z?ah?b, Iran",us,us,Mainshock,4.0 - 4.99,POINT (45.6115 34.5478),
2022-05-25 04:52:12.850000+00:00,37.0382,59.3995,4.0,10.0,"39 km SSW of Kaka, Turkmenistan",us,us,Mainshock,4.0 - 4.99,POINT (59.3995 37.0382),
2022-05-24 13:34:58.565000+00:00,27.1964,53.1071,4.1,10.0,"45 km SSE of Mohr, Iran",us,us,Mainshock,4.0 - 4.99,POINT (53.1071 27.1964),
2022-05-23 07:36:46.613000+00:00,28.9568,59.9333,5.3,10.0,"104 km S of No?rat?b?d, Iran",us,us,Mainshock,5.0 - 5.99,POINT (59.9333 28.9568),
2022-05-17 22:56:22.035000+00:00,31.6426,50.4038,4.3,10.0,"69 km SSW of F?rs?n, Iran",us,us,Mainshock,4.0 - 4.99,POINT (50.4038 31.6426),
2022-05-17 21:35:11.492000+00:00,30.0322,56.6248,4.3,10.0,"13 km NNE of Bards?r, Iran",us,us,Mainshock,4.0 - 4.99,POINT (56.6248 30.0322),
2022-05-17 14:05:50.047000+00:00,31.6062,50.239,4.9,10.0,"70 km ENE of R?mhormoz, Iran",us,us,Mainshock,4.0 - 4.99,POINT (50.239 31.6062),
2022-05-17 13:06:58.112000+00:00,31.723,50.3645,4.4,10.0,"62 km SSW of F?rs?n, Iran",us,us,Foreshock,4.0 - 4.99,POINT (50.3645 31.723),
2022-05-12 06:10:52.595000+00:00,31.3784,56.0822,4.1,10.0,"40 km NW of Shahrak-e P?bed?n?, Iran",us,us,Mainshock,4.0 - 4.99,POINT (56.0822 31.3784),
2022-05-04 06:34:46.563000+00:00,28.0346,54.8189,4.1,10.0,"78 km ENE of Ger?sh, Iran",us,us,Mainshock,4.0 - 4.99,POINT (54.8189 28.0346),
2022-05-03 02:26:36.306000+00:00,37.4865,56.5986,4.3,10.0,"64 km W of Bojn?rd, Iran",us,us,Mainshock,4.0 - 4.99,POINT (56.5986 37.4865),
2022-04-30 20:05:50.929000+00:00,27.1228,54.4698,4.2,10.0,"69 km SSE of Ger?sh, Iran",us,us,Mainshock,4.0 - 4.99,POINT (54.4698 27.1228),
2022-04-23 13:14:45.692000+00:00,29.6602,51.9671,4.4,10.0,southern Iran,us,us,Mainshock,4.0 - 4.99,POINT (51.9671 29.6602),
2022-04-18 04:48:59.565000+00:00,37.6463,60.3201,4.1,10.0,"33 km NNW of Tejen, Turkmenistan",us,us,Mainshock,4.0 - 4.99,POINT (60.3201 37.6463),
2022-04-18 03:13:44.354000+00:00,30.7384,49.747,4.3,10.0,"5 km ESE of Om?d?yeh, Iran",us,us,Mainshock,4.0 - 4.99,POINT (49.747 30.7384),
2022-04-17 17:54:04.268000+00:00,31.9679,55.4202,4.3,10.0,"40 km N of B?fq, Iran",us,us,Mainshock,4.0 - 4.99,POINT (55.4202 31.9679),
2022-04-14 07:41:08.575000+00:00,27.7448,56.0737,4.3,10.0,"65 km NNW of Bandar Abbas, Iran",us,us,Mainshock,4.0 - 4.99,POINT (56.0737 27.7448),
2022-04-09 04:38:25.628000+00:00,27.2747,55.296,4.0,10.0,"89 km NNE of Bandar-e Lengeh, Iran",us,us,Mainshock,4.0 - 4.99,POINT (55.296 27.2747),
2022-04-08 06:20:57.116000+00:00,33.0903,45.9118,3.6,10.0,Iran-Iraq border region,us,us,Mainshock,3.0 - 3.99,POINT (45.9118 33.0903),
2022-03-31 08:21:51.767000+00:00,32.688,48.3012,4.2,10.0,"40 km NNW of Shahrak-e K?l?r?, Iran",us,us,Mainshock,4.0 - 4.99,POINT (48.3012 32.688),
2022-03-31 04:09:44.716000+00:00,30.5893,49.9703,4.7,10.0,western Iran,us,us,Mainshock,4.0 - 4.99,POINT (49.9703 30.5893),
2022-03-25 10:51:33.486000+00:00,24.66,61.5204,4.1,10.0,"48 km SSW of Jiwani, Pakistan",us,us,Mainshock,4.0 - 4.99,POINT (61.5204 24.66),
2022-03-22 08:02:34.013000+00:00,28.3484,57.3409,4.1,10.0,"115 km SSE of K?h Sef?d, Iran",us,us,Mainshock,4.0 - 4.99,POINT (57.3409 28.3484),
2022-03-20 12:20:49.005000+00:00,30.8499,56.8872,4.7,10.0,"31 km E of Zarand, Iran",us,us,Mainshock,4.0 - 4.99,POINT (56.8872 30.8499),
2022-03-19 18:47:02.890000+00:00,34.4673,46.7939,4.4,10.0,"25 km WNW of Kahr?z, Iran",us,us,Mainshock,4.0 - 4.99,POINT (46.7939 34.4673),
2022-03-19 12:25:59.015000+00:00,28.2227,55.3094,4.8,10.0,"95 km SE of D?r?b, Iran",us,us,Mainshock,4.0 - 4.99,POINT (55.3094 28.2227),
2022-03-19 12:25:25.923000+00:00,28.2577,55.2753,4.7,10.0,"90 km SE of D?r?b, Iran",us,us,Foreshock,4.0 - 4.99,POINT (55.2753 28.2577),
2022-03-17 02:48:02.035000+00:00,26.971,54.4447,4.1,10.0,"62 km NE of K?sh, Iran",us,us,Aftershock,4.0 - 4.99,POINT (54.4447 26.971),
2022-03-17 02:45:02.426000+00:00,26.8796,54.5923,4.2,10.0,"45 km NW of Bandar-e Lengeh, Iran",us,us,Aftershock,4.0 - 4.99,POINT (54.5923 26.8796),
2022-03-16 23:34:41.764000+00:00,26.9646,54.5095,4.1,10.0,"58 km NW of Bandar-e Lengeh, Iran",us,us,Aftershock,4.0 - 4.99,POINT (54.5095 26.9646),
2022-03-16 23:27:27.332000+00:00,27.026,54.5754,4.5,10.0,"60 km NNW of Bandar-e Lengeh, Iran",us,us,Aftershock,4.0 - 4.99,POINT (54.5754 27.026),
2022-03-16 23:15:47.266000+00:00,27.0219,54.5843,5.9,22.0,"59 km NNW of Bandar-e Lengeh, Iran",us,us,Mainshock,5.0 - 5.99,POINT (54.5843 27.0219),
2022-03-15 15:43:22.131000+00:00,27.6989,56.5596,4.1,10.0,"63 km NNE of Bandar Abbas, Iran",us,us,Mainshock,4.0 - 4.99,POINT (56.5596 27.6989),
2022-03-13 05:04:27.700000+00:00,34.5734,45.3696,4.2,10.0,"39 km ESE of Kifr?, Iraq",us,us,Mainshock,4.0 - 4.99,POINT (45.3696 34.5734),
2022-03-10 04:41:55.107000+00:00,28.2742,52.6628,4.2,10.0,"63 km S of F?r?z?b?d, Iran",us,us,Mainshock,4.0 - 4.99,POINT (52.6628 28.2742),
2022-03-10 02:58:34.468000+00:00,36.2465,53.0916,4.1,10.0,"35 km S of Sari, Iran",us,us,Mainshock,4.0 - 4.99,POINT (53.0916 36.2465),
2022-03-08 23:21:38.709000+00:00,27.5532,56.0105,4.5,10.0,"48 km NNW of Bandar Abbas, Iran",us,us,Mainshock,4.0 - 4.99,POINT (56.0105 27.5532),
2022-03-07 23:30:29.291000+00:00,27.2012,53.2979,4.7,10.0,"56 km SE of Mohr, Iran",us,us,Mainshock,4.0 - 4.99,POINT (53.2979 27.2012),
2022-03-04 17:55:37.527000+00:00,32.0854,50.2177,4.4,10.0,"37 km WSW of F?rs?n, Iran",us,us,Mainshock,4.0 - 4.99,POINT (50.2177 32.0854),
2022-03-04 10:46:14.430000+00:00,27.1518,53.2501,4.4,10.0,"57 km SE of Mohr, Iran",us,us,Mainshock,4.0 - 4.99,POINT (53.2501 27.1518),
2022-03-02 03:06:58.184000+00:00,28.2601,57.5922,4.6,10.0,"119 km SW of Bam, Iran",us,us,Mainshock,4.0 - 4.99,POINT (57.5922 28.2601),
2022-02-24 03:30:18.398000+00:00,27.7333,56.19,4.2,10.0,"61 km N of Bandar Abbas, Iran",us,us,Aftershock,4.0 - 4.99,POINT (56.19 27.7333),
2022-02-22 19:55:42.325000+00:00,27.6007,56.3352,4.6,10.0,"46 km N of Bandar Abbas, Iran",us,us,Mainshock,4.0 - 4.99,POINT (56.3352 27.6007),
2022-02-20 12:45:27.659000+00:00,32.6877,46.1011,4.3,10.0,"32 km NE of Al K?t, Iraq",us,us,Mainshock,4.0 - 4.99,POINT (46.1011 32.6877),
2022-02-20 06:50:57.728000+00:00,28.5112,51.5435,4.1,10.0,"85 km SE of Bushehr, Iran",us,us,Mainshock,4.0 - 4.99,POINT (51.5435 28.5112),
2022-02-16 04:39:18.237000+00:00,27.3465,55.6258,4.1,10.0,"67 km WNW of Bandar Abbas, Iran",us,us,Mainshock,4.0 - 4.99,POINT (55.6258 27.3465),
2022-02-16 02:09:03.266000+00:00,27.5803,56.1635,4.3,10.0,"45 km NNW of Bandar Abbas, Iran",us,us,Mainshock,4.0 - 4.99,POINT (56.1635 27.5803),
2022-02-16 00:49:28.901000+00:00,27.3279,55.5554,4.3,10.0,"73 km WNW of Bandar Abbas, Iran",us,us,Mainshock,4.0 - 4.99,POINT (55.5554 27.3279),
2022-02-10 14:58:30.230000+00:00,38.1978,48.2482,4.0,10.0,"6 km SW of Ardab?l, Iran",us,us,Mainshock,4.0 - 4.99,POINT (48.2482 38.1978),
2022-02-05 05:34:19.968000+00:00,27.7125,53.3455,4.1,10.0,"48 km ENE of Mohr, Iran",us,us,Mainshock,4.0 - 4.99,POINT (53.3455 27.7125),
2022-02-02 02:49:21.253000+00:00,29.6736,51.7369,4.8,10.0,"10 km NE of K?zer?n, Iran",us,us,Mainshock,4.0 - 4.99,POINT (51.7369 29.6736),
2022-01-30 23:47:45.730000+00:00,29.6987,50.3717,4.2,10.0,"19 km NW of Bandar-e Gen?veh, Iran",us,us,Mainshock,4.0 - 4.99,POINT (50.3717 29.6987),
2022-01-24 02:48:04.238000+00:00,38.0281,46.3193,3.9,10.0,"6.2 km SSE of Tabriz, Iran",us,us,Aftershock,3.0 - 3.99,POINT (46.3193 38.0281),
2022-01-23 04:30:52.636000+00:00,38.117,46.2166,4.0,10.0,Northwestern Iran,us,us,Mainshock,4.0 - 4.99,POINT (46.2166 38.117),
2022-01-22 21:54:27.245000+00:00,27.5807,55.689,4.1,10.0,"73 km NW of Bandar Abbas, Iran",us,us,Mainshock,4.0 - 4.99,POINT (55.689 27.5807),
2022-01-21 13:32:28.606000+00:00,28.1076,52.1553,4.4,10.0,"91 km SSW of F?r?z?b?d, Iran",us,us,Mainshock,4.0 - 4.99,POINT (52.1553 28.1076),
2022-01-21 12:49:42.361000+00:00,28.071,52.1299,4.3,10.0,"93 km NW of Mohr, Iran",us,us,Foreshock,4.0 - 4.99,POINT (52.1299 28.071),
2022-01-20 01:37:18.732000+00:00,34.2067,51.786,4.8,10.0,"96 km ESE of Qom, Iran",us,us,Mainshock,4.0 - 4.99,POINT (51.786 34.2067),
2022-01-19 06:05:37.689000+00:00,30.5469,50.5909,4.5,10.0,"27 km S of Dehdasht, Iran",us,us,Mainshock,4.0 - 4.99,POINT (50.5909 30.5469),
2022-01-17 11:40:06.817000+00:00,34.9289,63.6208,5.3,11.4,"45 km E of Qala i Naw, Afghanistan",us,us,Mainshock,5.0 - 5.99,POINT (63.6208 34.9289),
2022-01-17 09:35:57.301000+00:00,34.9362,63.6666,4.9,10.0,"49 km E of Qala i Naw, Afghanistan",us,us,Foreshock,4.0 - 4.99,POINT (63.6666 34.9362),
2022-01-16 04:25:31.904000+00:00,29.1548,50.2316,4.6,10.0,"15 km SW of Kh?rk, Iran",us,us,Mainshock,4.0 - 4.99,POINT (50.2316 29.1548),
2022-01-16 03:25:07.553000+00:00,39.2027,46.7036,4.4,10.0,"13 km NNE of Zangilan, Azerbaijan",us,us,Mainshock,4.0 - 4.99,POINT (46.7036 39.2027),
2022-01-16 02:49:21.573000+00:00,29.194,50.3094,4.8,10.0,"7 km SSW of Kh?rk, Iran",us,us,Mainshock,4.0 - 4.99,POINT (50.3094 29.194),
2022-01-15 13:35:33.782000+00:00,30.4586,57.3407,4.7,10.0,"Kerman, Iran",us,us,Mainshock,4.0 - 4.99,POINT (57.3407 30.4586),
2022-01-15 13:03:05.314000+00:00,37.907,44.6724,4.2,10.0,"33 km SSW of Salm?s, Iran",us,us,Mainshock,4.0 - 4.99,POINT (44.6724 37.907),
2022-01-15 12:25:22.247000+00:00,29.1072,50.3238,4.4,10.0,"17 km S of Kh?rk, Iran",us,us,Mainshock,4.0 - 4.99,POINT (50.3238 29.1072),
2022-01-11 21:21:56.484000+00:00,25.4644,62.4473,4.7,10.0,"39 km NNE of Gwadar, Pakistan",us,us,Mainshock,4.0 - 4.99,POINT (62.4473 25.4644),
2022-01-10 20:11:16.954000+00:00,35.4789,44.9228,4.6,10.0,"10 km SE of Jamjam?l, Iraq",us,us,Mainshock,4.0 - 4.99,POINT (44.9228 35.4789),
2022-01-10 18:29:47.868000+00:00,35.5272,44.9269,4.5,10.0,"8 km E of Jamjam?l, Iraq",us,us,Foreshock,4.0 - 4.99,POINT (44.9269 35.5272),
2022-01-10 18:07:36.886000+00:00,29.7699,50.9831,4.2,10.0,"49 km ENE of Bandar-e Gen?veh, Iran",us,us,Mainshock,4.0 - 4.99,POINT (50.9831 29.7699),
2022-01-10 17:58:36.659000+00:00,29.6652,51.1191,4.0,10.0,"44 km NNW of Bor?zj?n, Iran",us,us,Foreshock,4.0 - 4.99,POINT (51.1191 29.6652),
2022-01-10 17:46:44.482000+00:00,28.2228,57.0811,4.2,10.0,"119 km SSE of K?h Sef?d, Iran",us,us,Mainshock,4.0 - 4.99,POINT (57.0811 28.2228),
2022-01-05 01:09:37.612000+00:00,34.4811,45.6028,4.3,10.18,"23 km W of Sarpol-e Z?ah?b, Iran",us,us,Mainshock,4.0 - 4.99,POINT (45.6028 34.4811),
2021-12-30 01:15:30.552000+00:00,28.0725,56.6978,4.1,10.0,"106 km NNE of Bandar Abbas, Iran",us,us,Mainshock,4.0 - 4.99,POINT (56.6978 28.0725),
2021-12-27 07:31:55.711000+00:00,27.711,56.2104,4.8,10.0,"58 km N of Bandar Abbas, Iran",us,us,Mainshock,4.0 - 4.99,POINT (56.2104 27.711),
2021-12-24 21:39:37.563000+00:00,29.7481,51.1246,4.1,10.0,"53 km WNW of K?zer?n, Iran",us,us,Mainshock,4.0 - 4.99,POINT (51.1246 29.7481),
2021-12-21 16:36:12.743000+00:00,27.6775,56.114,4.6,10.0,"56 km NNW of Bandar Abbas, Iran",us,us,Mainshock,4.0 - 4.99,POINT (56.114 27.6775),
2021-12-18 19:40:33.908000+00:00,25.5047,60.8744,4.0,10.0,"33 km NE of Chabahar, Iran",us,us,Mainshock,4.0 - 4.99,POINT (60.8744 25.5047),
2021-12-15 08:21:09.794000+00:00,32.3102,49.693,5.0,10.0,"55 km NE of Masjed Soleym?n, Iran",us,us,Mainshock,5.0 - 5.99,POINT (49.693 32.3102),
2021-12-15 00:55:12.795000+00:00,27.6327,56.2227,4.0,10.0,"49 km N of Bandar Abbas, Iran",us,us,Mainshock,4.0 - 4.99,POINT (56.2227 27.6327),
2021-12-14 21:23:02.950000+00:00,32.3119,49.6937,4.9,10.0,"55 km NE of Masjed Soleym?n, Iran",us,us,Mainshock,4.0 - 4.99,POINT (49.6937 32.3119),
2021-12-14 15:34:53.927000+00:00,27.6688,56.0484,4.4,10.0,"58 km NNW of Bandar Abbas, Iran",us,us,Mainshock,4.0 - 4.99,POINT (56.0484 27.6688),
2021-12-14 09:12:52.934000+00:00,29.7974,51.1265,4.3,10.0,"51 km SW of N?r?b?d, Iran",us,us,Mainshock,4.0 - 4.99,POINT (51.1265 29.7974),
2021-12-11 18:56:06.766000+00:00,30.8043,56.8578,4.8,10.0,"28 km E of Zarand, Iran",us,us,Mainshock,4.0 - 4.99,POINT (56.8578 30.8043),
2021-12-10 17:33:31.604000+00:00,27.6582,56.1216,4.6,10.0,"54 km NNW of Bandar Abbas, Iran",us,us,Mainshock,4.0 - 4.99,POINT (56.1216 27.6582),
2021-12-07 23:07:18.794000+00:00,27.7371,56.1076,4.1,10.0,"63 km NNW of Bandar Abbas, Iran",us,us,Background Event,4.0 - 4.99,POINT (56.1076 27.7371),
2021-12-01 01:42:32.753000+00:00,27.6346,56.0251,4.1,10.0,"55 km NNW of Bandar Abbas, Iran",us,us,Background Event,4.0 - 4.99,POINT (56.0251 27.6346),
2021-11-30 22:20:54.018000+00:00,27.173,53.2896,4.3,10.0,"58 km SE of Mohr, Iran",us,us,Mainshock,4.0 - 4.99,POINT (53.2896 27.173),
2021-11-30 15:06:02.044000+00:00,35.7324,48.7548,4.7,10.0,"62 km SW of Abhar, Iran",us,us,Mainshock,4.0 - 4.99,POINT (48.7548 35.7324),
2021-11-30 15:04:54.070000+00:00,35.7388,48.7006,4.4,10.0,"65 km SW of Abhar, Iran",us,us,Foreshock,4.0 - 4.99,POINT (48.7006 35.7388),
2021-11-30 03:47:47.672000+00:00,27.8245,56.0317,4.1,10.0,"74 km NNW of Bandar Abbas, Iran",us,us,Mainshock,4.0 - 4.99,POINT (56.0317 27.8245),
2021-11-30 03:35:30.800000+00:00,28.4298,56.7841,4.1,10.0,"93 km S of K?h Sef?d, Iran",us,us,Mainshock,4.0 - 4.99,POINT (56.7841 28.4298),
2021-11-28 17:14:43.551000+00:00,27.706,56.0408,4.2,10.0,"62 km NNW of Bandar Abbas, Iran",us,us,Mainshock,4.0 - 4.99,POINT (56.0408 27.706),
2021-11-28 16:11:20.633000+00:00,34.3978,45.7435,4.3,10.0,"13 km WSW of Sarpol-e Z?ah?b, Iran",us,us,Mainshock,4.0 - 4.99,POINT (45.7435 34.3978),
2021-11-28 01:38:08.832000+00:00,33.402,58.8122,4.7,10.0,"49 km SW of Q?’en, Iran",us,us,Mainshock,4.0 - 4.99,POINT (58.8122 33.402),
2021-11-26 05:57:39.626000+00:00,27.7213,56.0741,4.3,10.0,southern Iran,us,us,Mainshock,4.0 - 4.99,POINT (56.0741 27.7213),
2021-11-23 21:46:26.749000+00:00,28.2034,59.3097,5.0,10.0,"136 km SE of Bam, Iran",us,us,Mainshock,5.0 - 5.99,POINT (59.3097 28.2034),
2021-11-23 16:49:17.603000+00:00,27.73,56.0517,4.5,10.0,"64 km NNW of Bandar Abbas, Iran",us,us,Aftershock,4.0 - 4.99,POINT (56.0517 27.73),
2021-11-20 18:44:25.804000+00:00,27.6863,56.0947,4.1,10.0,southern Iran,us,us,Aftershock,4.0 - 4.99,POINT (56.0947 27.6863),
2021-11-19 18:52:08.652000+00:00,27.7406,56.0937,4.2,10.0,"64 km NNW of Bandar Abbas, Iran",us,us,Aftershock,4.0 - 4.99,POINT (56.0937 27.7406),
2021-11-18 16:10:41.694000+00:00,27.6808,55.9991,4.4,10.0,"61 km NNW of Bandar Abbas, Iran",us,us,Aftershock,4.0 - 4.99,POINT (55.9991 27.6808),
2021-11-17 02:51:33.264000+00:00,27.6969,55.9527,4.0,10.0,"65 km NNW of Bandar Abbas, Iran",us,us,Aftershock,4.0 - 4.99,POINT (55.9527 27.6969),
2021-11-17 01:59:39.151000+00:00,27.6726,56.1636,4.3,10.0,"55 km NNW of Bandar Abbas, Iran",us,us,Aftershock,4.0 - 4.99,POINT (56.1636 27.6726),
2021-11-16 19:27:41.206000+00:00,27.6779,55.9361,4.3,10.0,"64 km NNW of Bandar Abbas, Iran",us,us,Aftershock,4.0 - 4.99,POINT (55.9361 27.6779),
2021-11-16 10:37:29.841000+00:00,27.7778,56.0412,4.1,10.0,"69 km NNW of Bandar Abbas, Iran",us,us,Aftershock,4.0 - 4.99,POINT (56.0412 27.7778),
2021-11-16 05:12:13.850000+00:00,27.6766,56.0208,4.5,10.0,"60 km NNW of Bandar Abbas, Iran",us,us,Aftershock,4.0 - 4.99,POINT (56.0208 27.6766),
2021-11-15 18:05:37.787000+00:00,27.6784,56.1235,4.4,10.0,"56 km NNW of Bandar Abbas, Iran",us,us,Aftershock,4.0 - 4.99,POINT (56.1235 27.6784),
2021-11-15 16:42:43.345000+00:00,27.6644,56.0463,4.4,10.0,"57 km NNW of Bandar Abbas, Iran",us,us,Aftershock,4.0 - 4.99,POINT (56.0463 27.6644),
2021-11-15 13:36:11.506000+00:00,27.7069,56.0307,5.2,10.0,"62 km NNW of Bandar Abbas, Iran",us,us,Mainshock,5.0 - 5.99,POINT (56.0307 27.7069),
2021-11-15 03:14:35.297000+00:00,27.5018,56.0706,4.2,10.0,"40 km NNW of Bandar Abbas, Iran",us,us,Foreshock,4.0 - 4.99,POINT (56.0706 27.5018),
2021-11-15 03:04:38.502000+00:00,27.6686,55.9639,4.2,10.0,"61 km NNW of Bandar Abbas, Iran",us,us,Foreshock,4.0 - 4.99,POINT (55.9639 27.6686),
2021-11-15 02:53:43.233000+00:00,27.6366,56.0484,4.2,10.0,"54 km NNW of Bandar Abbas, Iran",us,us,Foreshock,4.0 - 4.99,POINT (56.0484 27.6366),
2021-11-15 02:02:36.676000+00:00,27.6625,56.0431,4.6,10.0,"57 km NNW of Bandar Abbas, Iran",us,us,Foreshock,4.0 - 4.99,POINT (56.0431 27.6625),
2021-11-14 22:48:54.065000+00:00,27.6268,56.0383,4.5,10.0,"54 km NNW of Bandar Abbas, Iran",us,us,Foreshock,4.0 - 4.99,POINT (56.0383 27.6268),
2021-11-14 21:33:34.757000+00:00,27.7176,56.2546,4.3,10.0,"58 km N of Bandar Abbas, Iran",us,us,Foreshock,4.0 - 4.99,POINT (56.2546 27.7176),
2021-11-14 16:19:57.776000+00:00,27.6406,56.1044,4.7,10.0,"53 km NNW of Bandar Abbas, Iran",us,us,Foreshock,4.0 - 4.99,POINT (56.1044 27.6406),
2021-11-14 16:10:07.997000+00:00,27.4901,56.2629,4.1,10.0,"33 km N of Bandar Abbas, Iran",us,us,Foreshock,4.0 - 4.99,POINT (56.2629 27.4901),
2021-11-14 15:59:11.832000+00:00,27.6388,55.9951,4.4,10.0,"57 km NNW of Bandar Abbas, Iran",us,us,Foreshock,4.0 - 4.99,POINT (55.9951 27.6388),
2021-11-14 15:22:18.962000+00:00,27.6415,56.0867,4.6,10.0,"53 km NNW of Bandar Abbas, Iran",us,us,Foreshock,4.0 - 4.99,POINT (56.0867 27.6415),
2021-11-14 15:12:07.627000+00:00,27.6574,56.1168,4.5,10.0,"54 km NNW of Bandar Abbas, Iran",us,us,Foreshock,4.0 - 4.99,POINT (56.1168 27.6574),
2021-11-14 14:47:43.931000+00:00,32.4433,48.7095,4.4,10.0,"24 km ENE of Shahrak-e K?l?r?, Iran",us,us,Mainshock,4.0 - 4.99,POINT (48.7095 32.4433),
2021-11-14 14:39:33.994000+00:00,27.6456,56.3559,4.4,10.0,"51 km N of Bandar Abbas, Iran",us,us,Aftershock,4.0 - 4.99,POINT (56.3559 27.6456),
2021-11-14 14:24:13.866000+00:00,27.6548,56.2813,4.2,10.0,"51 km N of Bandar Abbas, Iran",us,us,Aftershock,4.0 - 4.99,POINT (56.2813 27.6548),
2021-11-14 14:02:56.522000+00:00,27.7003,55.9879,4.8,10.0,"63 km NNW of Bandar Abbas, Iran",us,us,Aftershock,4.0 - 4.99,POINT (55.9879 27.7003),
2021-11-14 13:51:41.924000+00:00,27.7176,56.2945,4.0,10.0,"58 km N of Bandar Abbas, Iran",us,us,Aftershock,4.0 - 4.99,POINT (56.2945 27.7176),
2021-11-14 13:45:00.799000+00:00,27.5187,56.2302,4.1,10.0,"37 km N of Bandar Abbas, Iran",us,us,Aftershock,4.0 - 4.99,POINT (56.2302 27.5187),
2021-11-14 13:13:43.013000+00:00,27.6145,56.1613,4.5,10.0,"48 km NNW of Bandar Abbas, Iran",us,us,Aftershock,4.0 - 4.99,POINT (56.1613 27.6145),
2021-11-14 13:05:49.124000+00:00,27.7261,56.204,4.4,10.0,"60 km N of Bandar Abbas, Iran",us,us,Aftershock,4.0 - 4.99,POINT (56.204 27.7261),
2021-11-14 13:01:10.167000+00:00,27.6797,56.0652,4.4,10.0,"58 km NNW of Bandar Abbas, Iran",us,us,Aftershock,4.0 - 4.99,POINT (56.0652 27.6797),
2021-11-14 12:52:37.880000+00:00,27.528,56.2921,4.2,10.0,"37 km N of Bandar Abbas, Iran",us,us,Aftershock,4.0 - 4.99,POINT (56.2921 27.528),
2021-11-14 12:40:51.537000+00:00,27.6758,56.0278,4.4,10.0,"59 km NNW of Bandar Abbas, Iran",us,us,Aftershock,4.0 - 4.99,POINT (56.0278 27.6758),
2021-11-14 12:23:46.714000+00:00,27.5823,56.0395,4.4,10.0,"49 km NNW of Bandar Abbas, Iran",us,us,Aftershock,4.0 - 4.99,POINT (56.0395 27.5823),
2021-11-14 12:08:38.812000+00:00,27.7266,56.0716,6.4,10.0,"63 km NNW of Bandar Abbas, Iran",us,us,Mainshock,6.0 - 6.99,POINT (56.0716 27.7266),
2021-11-14 12:07:03.595000+00:00,27.7158,56.0743,6.0,9.0,"62 km NNW of Bandar Abbas, Iran",us,us,Foreshock,6.0 - 6.99,POINT (56.0743 27.7158),
2021-11-13 20:52:21.221000+00:00,28.4267,54.084,4.6,10.0,southern Iran,us,us,Mainshock,4.0 - 4.99,POINT (54.084 28.4267),
2021-11-13 10:19:48.265000+00:00,28.0751,52.2074,4.3,10.0,"88 km NW of Mohr, Iran",us,us,Mainshock,4.0 - 4.99,POINT (52.2074 28.0751),
2021-11-13 01:43:45.409000+00:00,28.0568,52.2321,4.0,10.0,"84 km NW of Mohr, Iran",us,us,Foreshock,4.0 - 4.99,POINT (52.2321 28.0568),
2021-11-12 03:39:54.234000+00:00,24.6025,62.3405,4.3,10.0,off the coast of Pakistan,us,us,Mainshock,4.0 - 4.99,POINT (62.3405 24.6025),
2021-11-11 21:42:30.823000+00:00,32.2746,49.3612,4.4,10.0,"37 km N of Masjed Soleym?n, Iran",us,us,Mainshock,4.0 - 4.99,POINT (49.3612 32.2746),
2021-11-11 08:24:28.146000+00:00,33.6951,48.8223,4.3,10.0,"13 km NW of Azn?, Iran",us,us,Mainshock,4.0 - 4.99,POINT (48.8223 33.6951),
2021-10-31 07:49:12.015000+00:00,27.4853,52.5486,4.3,10.0,"33 km WSW of Mohr, Iran",us,us,Mainshock,4.0 - 4.99,POINT (52.5486 27.4853),
2021-10-21 06:05:10.756000+00:00,27.6655,58.3738,4.9,10.0,"140 km ENE of M?n?b, Iran",us,us,Mainshock,4.0 - 4.99,POINT (58.3738 27.6655),
2021-10-16 11:46:02.281000+00:00,30.9874,56.4161,4.8,10.0,"16 km S of Shahrak-e P?bed?n?, Iran",us,us,Mainshock,4.0 - 4.99,POINT (56.4161 30.9874),
2021-10-14 01:17:42.582000+00:00,32.2652,48.7062,4.1,10.0,"24 km ESE of Shahrak-e K?l?r?, Iran",us,us,Mainshock,4.0 - 4.99,POINT (48.7062 32.2652),
2021-10-11 13:13:08.817000+00:00,37.1971,56.5032,4.2,10.0,"79 km WSW of Bojn?rd, Iran",us,us,Mainshock,4.0 - 4.99,POINT (56.5032 37.1971),
2021-10-10 21:52:04.961000+00:00,32.29,49.6449,4.5,10.0,western Iran,us,us,Mainshock,4.0 - 4.99,POINT (49.6449 32.29),
2021-10-10 16:11:25.699000+00:00,27.4482,55.2274,4.7,10.0,"104 km NNE of Bandar-e Lengeh, Iran",us,us,Mainshock,4.0 - 4.99,POINT (55.2274 27.4482),
2021-10-09 20:37:39.906000+00:00,32.3323,59.1266,4.2,10.0,"59 km S of B?rjand, Iran",us,us,Mainshock,4.0 - 4.99,POINT (59.1266 32.3323),
2021-10-09 06:05:32.131000+00:00,32.3765,49.7486,4.9,10.0,"64 km NE of Masjed Soleym?n, Iran",us,us,Aftershock,4.0 - 4.99,POINT (49.7486 32.3765),
2021-10-08 23:16:26.479000+00:00,32.3379,49.7282,5.1,10.0,"59 km NE of Masjed Soleym?n, Iran",us,us,Aftershock,5.0 - 5.99,POINT (49.7282 32.3379),
2021-10-07 17:31:14.576000+00:00,32.2998,49.7087,4.4,10.0,"55 km NE of Masjed Soleym?n, Iran",us,us,Aftershock,4.0 - 4.99,POINT (49.7087 32.2998),
2021-10-04 02:39:28.323000+00:00,32.335,49.7618,5.5,13.0,"61 km NE of Masjed Soleym?n, Iran",us,us,Mainshock,5.0 - 5.99,POINT (49.7618 32.335),
2021-10-01 02:33:21.283000+00:00,29.8075,50.5453,4.6,10.0,"25 km N of Bandar-e Gen?veh, Iran",us,us,Aftershock,4.0 - 4.99,POINT (50.5453 29.8075),
2021-10-01 01:15:21.905000+00:00,29.8002,50.4937,4.9,10.0,"24 km N of Bandar-e Gen?veh, Iran",us,us,Mainshock,4.0 - 4.99,POINT (50.4937 29.8002),
2021-09-28 16:52:44.920000+00:00,27.5144,52.6885,4.3,10.0,"19 km WSW of Mohr, Iran",us,us,Mainshock,4.0 - 4.99,POINT (52.6885 27.5144),
2021-09-28 11:46:12.021000+00:00,34.5294,45.3747,4.3,10.0,"41 km ESE of Kifr?, Iraq",us,us,Mainshock,4.0 - 4.99,POINT (45.3747 34.5294),
2021-09-28 08:58:23.893000+00:00,34.4735,45.5293,4.3,10.0,"30 km W of Sarpol-e Z?ah?b, Iran",us,us,Foreshock,4.0 - 4.99,POINT (45.5293 34.4735),
2021-09-26 00:14:16.763000+00:00,28.0556,57.0196,4.5,10.0,"102 km N of M?n?b, Iran",us,us,Mainshock,4.0 - 4.99,POINT (57.0196 28.0556),
2021-09-21 01:24:38.538000+00:00,27.2526,52.9044,4.4,10.0,"33 km S of Mohr, Iran",us,us,Mainshock,4.0 - 4.99,POINT (52.9044 27.2526),
2021-09-19 22:11:09.381000+00:00,27.3459,52.4711,4.4,10.0,"46 km WSW of Mohr, Iran",us,us,Background Event,4.0 - 4.99,POINT (52.4711 27.3459),
2021-09-19 09:08:57.169000+00:00,30.8962,51.2407,4.3,10.0,"41 km NW of Yasuj, Iran",us,us,Mainshock,4.0 - 4.99,POINT (51.2407 30.8962),
2021-09-14 04:48:02.257000+00:00,28.9103,49.6258,4.0,10.0,"78 km WSW of Kh?rk, Iran",us,us,Mainshock,4.0 - 4.99,POINT (49.6258 28.9103),
2021-09-13 04:02:32.524000+00:00,37.289,58.8939,5.1,10.0,"39 km ENE of Q?ch?n, Iran",us,us,Mainshock,5.0 - 5.99,POINT (58.8939 37.289),
2021-09-11 22:45:19.918000+00:00,27.4119,54.5778,4.4,10.0,"52 km ESE of Ger?sh, Iran",us,us,Mainshock,4.0 - 4.99,POINT (54.5778 27.4119),
2021-09-11 21:20:00.891000+00:00,27.3885,54.524,4.1,10.0,"49 km SE of Ger?sh, Iran",us,us,Foreshock,4.0 - 4.99,POINT (54.524 27.3885),
2021-09-11 20:55:22.651000+00:00,27.3933,54.6446,4.3,10.0,"58 km ESE of Ger?sh, Iran",us,us,Foreshock,4.0 - 4.99,POINT (54.6446 27.3933),
2021-09-08 15:43:01.607000+00:00,34.6514,45.35,4.5,10.0,"35 km E of Kifr?, Iraq",us,us,Mainshock,4.0 - 4.99,POINT (45.35 34.6514),
2021-08-27 11:04:45.018000+00:00,31.6393,49.5329,4.3,10.0,"39 km SSE of Masjed Soleym?n, Iran",us,us,Mainshock,4.0 - 4.99,POINT (49.5329 31.6393),
2021-08-26 00:07:48.081000+00:00,25.0595,61.3743,4.1,10.0,"37 km W of Jiwani, Pakistan",us,us,Mainshock,4.0 - 4.99,POINT (61.3743 25.0595),
2021-08-23 13:28:54.434000+00:00,34.491,61.7066,4.5,10.13,"16 km NNW of Zindah J?n, Afghanistan",us,us,Mainshock,4.0 - 4.99,POINT (61.7066 34.491),
2021-08-22 22:27:48.134000+00:00,28.1304,55.4812,4.4,10.0,"115 km SE of D?r?b, Iran",us,us,Mainshock,4.0 - 4.99,POINT (55.4812 28.1304),
2021-08-20 07:21:04.153000+00:00,38.5978,44.2294,4.0,5.0,"21 km ESE of Özalp, Turkey",us,us,Mainshock,4.0 - 4.99,POINT (44.2294 38.5978),
2021-08-13 17:27:31.032000+00:00,28.2801,57.3679,4.5,10.0,"123 km SSE of K?h Sef?d, Iran",us,us,Mainshock,4.0 - 4.99,POINT (57.3679 28.2801),
2021-08-13 09:31:29.389000+00:00,29.8678,50.7505,4.6,10.0,"39 km NE of Bandar-e Gen?veh, Iran",us,us,Mainshock,4.0 - 4.99,POINT (50.7505 29.8678),
2021-08-12 14:52:29.693000+00:00,28.2508,57.6096,4.4,10.0,"119 km SW of Bam, Iran",us,us,Aftershock,4.0 - 4.99,POINT (57.6096 28.2508),
2021-08-12 12:24:06.042000+00:00,28.3366,57.4719,5.0,10.0,"121 km SW of Bam, Iran",us,us,Mainshock,5.0 - 5.99,POINT (57.4719 28.3366),
2021-08-11 16:18:03.542000+00:00,26.9356,54.2467,4.2,10.0,"47 km NNE of K?sh, Iran",us,us,Mainshock,4.0 - 4.99,POINT (54.2467 26.9356),
2021-08-05 10:33:24.499000+00:00,32.6903,47.4869,4.1,10.0,"20 km E of Dehlor?n, Iran",us,us,Mainshock,4.0 - 4.99,POINT (47.4869 32.6903),
2021-08-03 16:54:45.646000+00:00,30.9514,49.5448,4.5,10.0,"14 km ENE of R?msh?r, Iran",us,us,Mainshock,4.0 - 4.99,POINT (49.5448 30.9514),
2021-08-02 21:39:37.512000+00:00,32.1646,60.6425,4.5,10.0,"115 km SW of An?r Darah, Afghanistan",us,us,Mainshock,4.0 - 4.99,POINT (60.6425 32.1646),
2021-08-02 08:31:37.448000+00:00,29.0413,47.5342,4.3,10.0,"34 km SSW of Al Jahr?’, Kuwait",us,us,Mainshock,4.0 - 4.99,POINT (47.5342 29.0413),
2021-07-31 23:41:21.937000+00:00,34.4176,45.3329,4.3,10.0,"45 km SE of Kifr?, Iraq",us,us,Mainshock,4.0 - 4.99,POINT (45.3329 34.4176),
2021-07-30 21:10:22.039000+00:00,29.7043,50.5382,4.2,10.0,"14 km N of Bandar-e Gen?veh, Iran",us,us,Aftershock,4.0 - 4.99,POINT (50.5382 29.7043),
2021-07-29 23:47:25.920000+00:00,29.6568,50.6575,4.5,10.0,"16 km ENE of Bandar-e Gen?veh, Iran",us,us,Mainshock,4.0 - 4.99,POINT (50.6575 29.6568),
2021-07-23 04:38:54.407000+00:00,29.6315,51.1879,4.6,10.0,"40 km N of Bor?zj?n, Iran",us,us,Mainshock,4.0 - 4.99,POINT (51.1879 29.6315),
2021-07-20 03:12:53.047000+00:00,29.6053,51.1571,4.3,10.0,"37 km N of Bor?zj?n, Iran",us,us,Background Event,4.0 - 4.99,POINT (51.1571 29.6053),
2021-07-18 21:31:19.929000+00:00,27.9486,51.9782,4.3,10.0,"99 km WNW of Mohr, Iran",us,us,Mainshock,4.0 - 4.99,POINT (51.9782 27.9486),
2021-07-18 20:43:42.748000+00:00,29.6424,51.1972,4.2,10.0,"41 km N of Bor?zj?n, Iran",us,us,Aftershock,4.0 - 4.99,POINT (51.1972 29.6424),
2021-07-18 17:32:33.666000+00:00,29.7194,51.1719,4.4,10.0,"47 km WNW of K?zer?n, Iran",us,us,Aftershock,4.0 - 4.99,POINT (51.1719 29.7194),
2021-07-18 15:26:59.981000+00:00,29.7035,51.1517,4.4,10.0,"48 km N of Bor?zj?n, Iran",us,us,Aftershock,4.0 - 4.99,POINT (51.1517 29.7035),
2021-07-18 15:08:42.669000+00:00,29.6616,51.0807,4.4,10.0,"45 km NNW of Bor?zj?n, Iran",us,us,Aftershock,4.0 - 4.99,POINT (51.0807 29.6616),
2021-07-18 14:54:30.349000+00:00,29.7259,51.1458,4.3,10.0,"50 km WNW of K?zer?n, Iran",us,us,Aftershock,4.0 - 4.99,POINT (51.1458 29.7259),
2021-07-18 14:34:19.281000+00:00,29.7049,51.1282,5.4,9.0,"49 km N of Bor?zj?n, Iran",us,us,Mainshock,5.0 - 5.99,POINT (51.1282 29.7049),
2021-07-13 11:11:52.152000+00:00,29.8693,50.8679,5.0,10.0,"46 km NE of Bandar-e Gen?veh, Iran",us,us,Background Event,5.0 - 5.99,POINT (50.8679 29.8693),
2021-07-11 01:38:43.047000+00:00,30.9707,49.7113,4.3,10.0,"23 km N of Om?d?yeh, Iran",us,us,Mainshock,4.0 - 4.99,POINT (49.7113 30.9707),
2021-07-09 17:31:11.677000+00:00,36.8268,45.2089,4.2,10.0,"15 km NNE of Piranshahr, Iran",us,us,Aftershock,4.0 - 4.99,POINT (45.2089 36.8268),
2021-07-09 15:41:19.448000+00:00,36.8499,45.1506,4.9,10.0,"16 km N of Piranshahr, Iran",us,us,Mainshock,4.0 - 4.99,POINT (45.1506 36.8499),
2021-07-06 12:44:05.873000+00:00,26.9043,59.4044,4.9,10.0,"43 km NNW of Fann?j, Iran",us,us,Mainshock,4.0 - 4.99,POINT (59.4044 26.9043),
2021-07-06 11:44:33.086000+00:00,27.8046,53.2176,4.7,10.0,"43 km NE of Mohr, Iran",us,us,Mainshock,4.0 - 4.99,POINT (53.2176 27.8046),
2021-07-05 09:32:35.046000+00:00,28.0474,57.5519,4.4,10.0,"111 km NNE of M?n?b, Iran",us,us,Mainshock,4.0 - 4.99,POINT (57.5519 28.0474),
2021-07-05 07:37:14.584000+00:00,28.1809,56.7829,4.1,10.0,"120 km NNW of M?n?b, Iran",us,us,Mainshock,4.0 - 4.99,POINT (56.7829 28.1809),
2021-07-03 06:59:15.842000+00:00,31.0508,49.6791,4.3,10.0,"26 km SSE of R?mhormoz, Iran",us,us,Mainshock,4.0 - 4.99,POINT (49.6791 31.0508),
2021-07-03 06:33:52.537000+00:00,30.9845,49.6487,4.2,10.0,"25 km NNW of Om?d?yeh, Iran",us,us,Foreshock,4.0 - 4.99,POINT (49.6487 30.9845),
2021-07-01 14:16:56.197000+00:00,30.9474,56.4544,4.2,10.0,"18 km NW of Zarand, Iran",us,us,Mainshock,4.0 - 4.99,POINT (56.4544 30.9474),
2021-06-27 14:23:15.458000+00:00,33.4311,56.9482,4.3,10.0,"18 km S of Tabas, Iran",us,us,Mainshock,4.0 - 4.99,POINT (56.9482 33.4311),
2021-06-23 13:19:16.853000+00:00,37.4514,56.6823,4.0,10.0,"57 km W of Bojn?rd, Iran",us,us,Mainshock,4.0 - 4.99,POINT (56.6823 37.4514),
2021-06-22 22:43:09.532000+00:00,38.9298,44.5543,4.2,10.0,"41 km W of Qarah ???’ od D?n, Iran",us,us,Mainshock,4.0 - 4.99,POINT (44.5543 38.9298),
2021-06-20 13:21:00.166000+00:00,32.5765,47.7332,4.3,10.0,"45 km ESE of Dehlor?n, Iran",us,us,Mainshock,4.0 - 4.99,POINT (47.7332 32.5765),
2021-06-20 00:03:23.217000+00:00,27.945,52.0112,4.1,10.0,"96 km WNW of Mohr, Iran",us,us,Mainshock,4.0 - 4.99,POINT (52.0112 27.945),
2021-06-13 02:27:24.866000+00:00,29.7776,50.5107,4.2,10.0,"22 km N of Bandar-e Gen?veh, Iran",us,us,Mainshock,4.0 - 4.99,POINT (50.5107 29.7776),
2021-06-12 21:37:51.513000+00:00,30.7389,57.0832,4.2,10.0,"50 km E of Zarand, Iran",us,us,Mainshock,4.0 - 4.99,POINT (57.0832 30.7389),
2021-06-11 14:31:11.322000+00:00,37.2654,56.7097,4.6,10.0,"59 km WSW of Bojn?rd, Iran",us,us,Mainshock,4.0 - 4.99,POINT (56.7097 37.2654),
2021-06-06 16:40:24.622000+00:00,33.3907,45.8621,4.1,10.0,"41 km NW of Mehr?n, Iran",us,us,Aftershock,4.0 - 4.99,POINT (45.8621 33.3907),
2021-06-06 04:54:23.713000+00:00,33.4017,46.1288,5.3,10.0,"31 km N of Mehr?n, Iran",us,us,Mainshock,5.0 - 5.99,POINT (46.1288 33.4017),
2021-05-29 23:02:50.916000+00:00,29.7753,50.6169,4.2,10.0,"23 km NNE of Bandar-e Gen?veh, Iran",us,us,Mainshock,4.0 - 4.99,POINT (50.6169 29.7753),
2021-05-29 21:17:37.998000+00:00,37.4337,56.7441,4.5,10.0,"51 km W of Bojn?rd, Iran",us,us,Mainshock,4.0 - 4.99,POINT (56.7441 37.4337),
2021-05-29 02:17:18.435000+00:00,29.671,50.5416,4.5,10.0,"10 km NNE of Bandar-e Gen?veh, Iran",us,us,Aftershock,4.0 - 4.99,POINT (50.5416 29.671),
2021-05-29 02:12:53.723000+00:00,29.6806,50.5542,4.6,10.0,"11 km NNE of Bandar-e Gen?veh, Iran",us,us,Aftershock,4.0 - 4.99,POINT (50.5542 29.6806),
2021-05-29 02:11:06.519000+00:00,29.6887,50.4728,4.2,10.0,"12 km NNW of Bandar-e Gen?veh, Iran",us,us,Aftershock,4.0 - 4.99,POINT (50.4728 29.6887),
2021-05-29 01:48:14.401000+00:00,29.7403,50.6816,4.2,10.0,"23 km NE of Bandar-e Gen?veh, Iran",us,us,Aftershock,4.0 - 4.99,POINT (50.6816 29.7403),
2021-05-29 00:55:03.206000+00:00,29.7096,50.4978,4.3,10.0,"14 km N of Bandar-e Gen?veh, Iran",us,us,Aftershock,4.0 - 4.99,POINT (50.4978 29.7096),
2021-05-28 20:35:49.620000+00:00,29.7949,50.6082,4.9,10.0,"25 km NNE of Bandar-e Gen?veh, Iran",us,us,Mainshock,4.0 - 4.99,POINT (50.6082 29.7949),
2021-05-25 16:22:16.350000+00:00,29.342,51.8993,4.2,10.0,"38 km SE of K?zer?n, Iran",us,us,Mainshock,4.0 - 4.99,POINT (51.8993 29.342),
2021-05-24 21:15:18.761000+00:00,27.4192,62.7334,4.3,10.0,"160 km NNW of Turbat, Pakistan",us,us,Mainshock,4.0 - 4.99,POINT (62.7334 27.4192),
2021-05-24 04:02:58.289000+00:00,37.4778,56.6933,4.2,10.0,"56 km W of Bojn?rd, Iran",us,us,Mainshock,4.0 - 4.99,POINT (56.6933 37.4778),
2021-05-23 09:38:48.565000+00:00,29.8651,50.4918,4.5,10.0,"31 km N of Bandar-e Gen?veh, Iran",us,us,Mainshock,4.0 - 4.99,POINT (50.4918 29.8651),
2021-05-22 03:07:31.124000+00:00,37.8196,56.4717,4.2,10.0,Northeastern Iran,us,us,Mainshock,4.0 - 4.99,POINT (56.4717 37.8196),
2021-05-21 23:50:42.173000+00:00,35.1339,46.3272,4.4,10.0,"10 km NNW of P?veh, Iran",us,us,Mainshock,4.0 - 4.99,POINT (46.3272 35.1339),
2021-05-21 11:52:17.285000+00:00,29.7548,50.5448,5.0,10.0,"19 km N of Bandar-e Gen?veh, Iran",us,us,Mainshock,5.0 - 5.99,POINT (50.5448 29.7548),
2021-05-19 13:58:55.146000+00:00,37.1823,56.6454,4.3,10.0,"68 km WSW of Bojn?rd, Iran",us,us,Aftershock,4.0 - 4.99,POINT (56.6454 37.1823),
2021-05-19 04:07:30.062000+00:00,37.6073,56.639,4.6,10.0,"62 km WNW of Bojn?rd, Iran",us,us,Mainshock,4.0 - 4.99,POINT (56.639 37.6073),
2021-05-18 21:50:03.837000+00:00,37.343,56.6487,4.3,10.0,"61 km WSW of Bojn?rd, Iran",us,us,Foreshock,4.0 - 4.99,POINT (56.6487 37.343),
2021-05-18 17:16:35.083000+00:00,37.6196,56.8049,4.0,10.0,"49 km WNW of Bojn?rd, Iran",us,us,Foreshock,4.0 - 4.99,POINT (56.8049 37.6196),
2021-05-17 08:47:54.913000+00:00,37.4984,56.6385,4.4,10.0,"61 km W of Bojn?rd, Iran",us,us,Background Event,4.0 - 4.99,POINT (56.6385 37.4984),
2021-05-17 07:31:44.458000+00:00,37.7869,56.706,4.0,10.0,"64 km WNW of Bojn?rd, Iran",us,us,Background Event,4.0 - 4.99,POINT (56.706 37.7869),
2021-05-17 05:40:02.578000+00:00,29.8199,50.3922,4.3,10.0,"29 km NNW of Bandar-e Gen?veh, Iran",us,us,Mainshock,4.0 - 4.99,POINT (50.3922 29.8199),
2021-05-17 02:47:00.186000+00:00,37.2518,56.796,4.4,10.0,"53 km WSW of Bojn?rd, Iran",us,us,Aftershock,4.0 - 4.99,POINT (56.796 37.2518),
2021-05-17 01:03:41.630000+00:00,37.5527,56.7165,4.2,10.0,"54 km W of Bojn?rd, Iran",us,us,Aftershock,4.0 - 4.99,POINT (56.7165 37.5527),
2021-05-17 00:54:01.149000+00:00,37.3349,56.7058,5.4,7.0,"57 km WSW of Bojn?rd, Iran",us,us,Mainshock,5.0 - 5.99,POINT (56.7058 37.3349),
2021-05-16 23:04:56.799000+00:00,37.3033,56.7455,5.3,10.0,"55 km WSW of Bojn?rd, Iran",us,us,Foreshock,5.0 - 5.99,POINT (56.7455 37.3033),
2021-05-16 17:32:48.435000+00:00,27.745,52.1424,4.7,10.0,"76 km WNW of Mohr, Iran",us,us,Mainshock,4.0 - 4.99,POINT (52.1424 27.745),
2021-05-12 16:26:15.879000+00:00,29.7689,50.726,4.6,10.0,"29 km NE of Bandar-e Gen?veh, Iran",us,us,Mainshock,4.0 - 4.99,POINT (50.726 29.7689),
2021-05-12 16:11:40.571000+00:00,29.7682,50.5265,4.4,10.0,"20 km N of Bandar-e Gen?veh, Iran",us,us,Foreshock,4.0 - 4.99,POINT (50.5265 29.7682),
2021-05-08 21:46:42.034000+00:00,29.8117,50.553,4.3,10.0,"26 km N of Bandar-e Gen?veh, Iran",us,us,Background Event,4.0 - 4.99,POINT (50.553 29.8117),
2021-05-07 19:48:45.020000+00:00,35.2766,46.4434,4.4,10.0,Iran-Iraq border region,us,us,Mainshock,4.0 - 4.99,POINT (46.4434 35.2766),
2021-05-07 12:44:47.376000+00:00,29.6019,50.5869,4.4,10.0,"7 km ENE of Bandar-e Gen?veh, Iran",us,us,Mainshock,4.0 - 4.99,POINT (50.5869 29.6019),
2021-05-07 01:23:47.102000+00:00,30.666,50.7911,4.3,10.0,"25 km ESE of Dehdasht, Iran",us,us,Mainshock,4.0 - 4.99,POINT (50.7911 30.666),
2021-04-27 09:49:33.532000+00:00,30.1099,50.4332,4.1,10.0,"44 km SW of Dogonbadan, Iran",us,us,Mainshock,4.0 - 4.99,POINT (50.4332 30.1099),
2021-04-26 10:09:55.785000+00:00,34.3626,45.845,4.8,10.0,"11 km S of Sarpol-e Z?ah?b, Iran",us,us,Mainshock,4.0 - 4.99,POINT (45.845 34.3626),
2021-04-21 21:39:16.674000+00:00,29.5902,50.4934,4.0,10.0,southern Iran,us,us,Aftershock,4.0 - 4.99,POINT (50.4934 29.5902),
2021-04-20 17:55:28.031000+00:00,29.6185,50.5014,4.3,10.0,"4 km NNW of Bandar-e Gen?veh, Iran",us,us,Aftershock,4.0 - 4.99,POINT (50.5014 29.6185),
2021-04-20 08:36:34.823000+00:00,29.5544,50.5344,4.1,10.0,"3 km SSE of Bandar-e Gen?veh, Iran",us,us,Aftershock,4.0 - 4.99,POINT (50.5344 29.5544),
2021-04-19 21:32:49.571000+00:00,29.8196,50.6815,4.3,10.0,"31 km NNE of Bandar-e Gen?veh, Iran",us,us,Aftershock,4.0 - 4.99,POINT (50.6815 29.8196),
2021-04-19 06:10:36.731000+00:00,29.6373,50.3134,4.0,10.0,"20 km WNW of Bandar-e Gen?veh, Iran",us,us,Aftershock,4.0 - 4.99,POINT (50.3134 29.6373),
2021-04-19 02:46:04.483000+00:00,29.8231,50.3785,4.2,10.0,"30 km NNW of Bandar-e Gen?veh, Iran",us,us,Aftershock,4.0 - 4.99,POINT (50.3785 29.8231),
2021-04-19 01:48:23.693000+00:00,29.6112,50.411,4.2,10.0,"10 km WNW of Bandar-e Gen?veh, Iran",us,us,Aftershock,4.0 - 4.99,POINT (50.411 29.6112),
2021-04-18 22:43:50.819000+00:00,29.7638,50.4596,4.4,10.0,"21 km NNW of Bandar-e Gen?veh, Iran",us,us,Aftershock,4.0 - 4.99,POINT (50.4596 29.7638),
2021-04-18 22:41:45.801000+00:00,29.7666,50.5667,4.3,10.0,"21 km NNE of Bandar-e Gen?veh, Iran",us,us,Aftershock,4.0 - 4.99,POINT (50.5667 29.7666),
2021-04-18 22:17:46.081000+00:00,29.7143,50.6416,4.7,10.0,"19 km NE of Bandar-e Gen?veh, Iran",us,us,Aftershock,4.0 - 4.99,POINT (50.6416 29.7143),
2021-04-18 21:50:19.435000+00:00,29.7809,50.4847,4.4,10.0,"22 km N of Bandar-e Gen?veh, Iran",us,us,Aftershock,4.0 - 4.99,POINT (50.4847 29.7809),
2021-04-18 16:20:40.548000+00:00,29.6881,50.3354,4.0,10.0,"21 km NW of Bandar-e Gen?veh, Iran",us,us,Aftershock,4.0 - 4.99,POINT (50.3354 29.6881),
2021-04-18 08:50:38.584000+00:00,29.8914,50.6038,4.4,10.0,"35 km NNE of Bandar-e Gen?veh, Iran",us,us,Aftershock,4.0 - 4.99,POINT (50.6038 29.8914),
2021-04-18 07:59:36.002000+00:00,29.8356,50.5342,4.5,10.0,"28 km N of Bandar-e Gen?veh, Iran",us,us,Aftershock,4.0 - 4.99,POINT (50.5342 29.8356),
2021-04-18 07:10:27.295000+00:00,29.7215,50.4064,4.5,10.0,"19 km NW of Bandar-e Gen?veh, Iran",us,us,Aftershock,4.0 - 4.99,POINT (50.4064 29.7215),
2021-04-18 07:03:07.425000+00:00,29.5324,50.3724,4.2,10.0,southern Iran,us,us,Aftershock,4.0 - 4.99,POINT (50.3724 29.5324),
2021-04-18 06:55:56.942000+00:00,29.7996,50.5744,4.5,10.0,"25 km NNE of Bandar-e Gen?veh, Iran",us,us,Aftershock,4.0 - 4.99,POINT (50.5744 29.7996),
2021-04-18 06:41:49.595000+00:00,29.7531,50.6784,5.8,8.0,"24 km NE of Bandar-e Gen?veh, Iran",us,us,Mainshock,5.0 - 5.99,POINT (50.6784 29.7531),
2021-04-06 17:22:17.308000+00:00,35.2114,59.1796,4.4,10.0,"7 km SSW of Torbat-e ?eydar?yeh, Iran",us,us,Mainshock,4.0 - 4.99,POINT (59.1796 35.2114),
2021-04-06 15:12:25.757000+00:00,35.6618,45.9925,5.2,10.0,"6 km NE of Baynjiwayn, Iraq",us,us,Mainshock,5.0 - 5.99,POINT (45.9925 35.6618),
2021-04-05 11:33:28.593000+00:00,39.5468,54.7538,4.7,10.0,"33 km E of Balkanabat, Turkmenistan",us,us,Mainshock,4.0 - 4.99,POINT (54.7538 39.5468),
2021-04-02 11:37:13.577000+00:00,31.7407,51.1961,4.1,10.0,"26 km SSW of Bor?jen, Iran",us,us,Mainshock,4.0 - 4.99,POINT (51.1961 31.7407),
2021-03-31 20:34:23.280000+00:00,33.1252,47.1113,4.3,10.0,"25 km W of Darreh Shahr, Iran",us,us,Mainshock,4.0 - 4.99,POINT (47.1113 33.1252),
2021-03-23 12:06:47.010000+00:00,33.7632,48.5339,4.3,10.0,"25 km SW of Bor?jerd, Iran",us,us,Mainshock,4.0 - 4.99,POINT (48.5339 33.7632),
2021-03-18 08:09:49.530000+00:00,37.6079,57.1406,4.4,10.0,"22 km NW of Bojn?rd, Iran",us,us,Mainshock,4.0 - 4.99,POINT (57.1406 37.6079),
2021-03-14 22:51:15.765000+00:00,34.2243,45.5326,4.0,10.0,"40 km SW of Sarpol-e Z?ah?b, Iran",us,us,Aftershock,4.0 - 4.99,POINT (45.5326 34.2243),
2021-03-14 21:52:50.713000+00:00,34.208,45.5762,4.1,10.0,"38 km SW of Sarpol-e Z?ah?b, Iran",us,us,Mainshock,4.0 - 4.99,POINT (45.5762 34.208),
2021-03-14 21:36:23.027000+00:00,34.1576,45.6628,4.0,10.0,"38 km SSW of Sarpol-e Z?ah?b, Iran",us,us,Foreshock,4.0 - 4.99,POINT (45.6628 34.1576),
2021-03-14 16:54:22.867000+00:00,38.3432,56.9923,4.5,10.0,"39 km WSW of Baharly, Turkmenistan",us,us,Mainshock,4.0 - 4.99,POINT (56.9923 38.3432),
2021-03-14 12:54:10.799000+00:00,28.1249,56.8186,5.0,45.04,"113 km NNW of M?n?b, Iran",us,us,Mainshock,5.0 - 5.99,POINT (56.8186 28.1249),
2021-03-12 05:57:01.837000+00:00,39.6645,43.7922,4.1,10.0,"17 km NE of Diyadin, Turkey",us,us,Mainshock,4.0 - 4.99,POINT (43.7922 39.6645),
2021-03-11 05:46:27.763000+00:00,38.4996,45.0356,4.0,10.0,"9 km SE of Khowy, Iran",us,us,Mainshock,4.0 - 4.99,POINT (45.0356 38.4996),
2021-03-10 20:30:18.583000+00:00,34.3007,58.1958,4.7,10.0,"45 km W of Gon?b?d, Iran",us,us,Mainshock,4.0 - 4.99,POINT (58.1958 34.3007),
2021-03-09 16:28:29.973000+00:00,31.0997,50.9558,4.5,10.0,"50 km NE of Dehdasht, Iran",us,us,Mainshock,4.0 - 4.99,POINT (50.9558 31.0997),
2021-03-03 03:16:03.021000+00:00,28.1058,56.8376,4.1,10.0,"110 km NNW of M?n?b, Iran",us,us,Mainshock,4.0 - 4.99,POINT (56.8376 28.1058),
2021-03-03 02:35:23.982000+00:00,28.1416,56.7796,4.1,10.0,"116 km NNW of M?n?b, Iran",us,us,Foreshock,4.0 - 4.99,POINT (56.7796 28.1416),
2021-02-28 05:17:17.978000+00:00,37.7559,47.6667,4.1,10.0,"62 km ENE of Hashtr?d, Iran",us,us,Mainshock,4.0 - 4.99,POINT (47.6667 37.7559),
2021-02-24 08:53:32.233000+00:00,30.8149,51.3669,4.9,10.0,"26 km NW of Yasuj, Iran",us,us,Mainshock,4.0 - 4.99,POINT (51.3669 30.8149),
2021-02-21 01:51:35.546000+00:00,32.5596,47.6398,4.2,10.0,"37 km ESE of Dehlor?n, Iran",us,us,Mainshock,4.0 - 4.99,POINT (47.6398 32.5596),
2021-02-18 07:06:16.366000+00:00,26.8433,55.2581,4.2,10.0,"49 km NE of Bandar-e Lengeh, Iran",us,us,Mainshock,4.0 - 4.99,POINT (55.2581 26.8433),
2021-02-18 03:20:15.604000+00:00,30.8256,51.4925,4.3,10.0,"19 km NNW of Yasuj, Iran",us,us,Aftershock,4.0 - 4.99,POINT (51.4925 30.8256),
2021-02-17 18:35:35.180000+00:00,30.839,51.3651,5.4,7.0,"28 km NW of Yasuj, Iran",us,us,Mainshock,5.0 - 5.99,POINT (51.3651 30.839),
2021-02-16 07:59:32.873000+00:00,27.1585,53.458,4.6,10.0,"71 km SE of Mohr, Iran",us,us,Mainshock,4.0 - 4.99,POINT (53.458 27.1585),
2021-02-13 17:12:13.918000+00:00,27.2185,53.5542,4.0,10.0,"76 km ESE of Mohr, Iran",us,us,Background Event,4.0 - 4.99,POINT (53.5542 27.2185),
2021-02-13 04:34:32.933000+00:00,25.4683,61.8035,4.3,10.0,"46 km N of Jiwani, Pakistan",us,us,Mainshock,4.0 - 4.99,POINT (61.8035 25.4683),
2021-02-11 22:10:35.277000+00:00,34.717,45.3393,4.8,10.0,"34 km E of Kifr?, Iraq",us,us,Mainshock,4.0 - 4.99,POINT (45.3393 34.717),
2021-02-05 22:46:27.699000+00:00,31.5002,56.7325,4.3,10.0,"26 km NNW of R?var, Iran",us,us,Mainshock,4.0 - 4.99,POINT (56.7325 31.5002),
2021-02-03 07:22:30.045000+00:00,29.871,57.9359,4.0,10.0,"94 km NNW of Bam, Iran",us,us,Mainshock,4.0 - 4.99,POINT (57.9359 29.871),
2021-02-01 05:43:02.617000+00:00,28.2121,56.6663,4.3,10.0,"118 km S of K?h Sef?d, Iran",us,us,Mainshock,4.0 - 4.99,POINT (56.6663 28.2121),
2021-01-31 22:06:00.832000+00:00,28.1524,57.257,4.9,10.0,"114 km N of M?n?b, Iran",us,us,Mainshock,4.0 - 4.99,POINT (57.257 28.1524),
2021-01-31 16:04:33.562000+00:00,28.1239,56.7043,4.9,10.0,"111 km NNE of Bandar Abbas, Iran",us,us,Mainshock,4.0 - 4.99,POINT (56.7043 28.1239),
2021-01-30 17:23:27.207000+00:00,26.84,53.9755,4.2,10.0,"31 km N of K?sh, Iran",us,us,Mainshock,4.0 - 4.99,POINT (53.9755 26.84),
2021-01-28 18:40:13.456000+00:00,28.2785,57.6205,4.4,10.0,"116 km SW of Bam, Iran",us,us,Mainshock,4.0 - 4.99,POINT (57.6205 28.2785),
2021-01-28 07:44:34.833000+00:00,33.3072,49.1269,4.4,10.0,"38 km SSE of Azn?, Iran",us,us,Mainshock,4.0 - 4.99,POINT (49.1269 33.3072),
2021-01-28 07:24:42.864000+00:00,33.2902,49.0117,4.4,10.0,"36 km SSE of Azn?, Iran",us,us,Foreshock,4.0 - 4.99,POINT (49.0117 33.2902),
2021-01-23 13:22:30.299000+00:00,39.6733,45.6959,4.4,10.0,"16 km ENE of Zarrit’ap’, Armenia",us,us,Mainshock,4.0 - 4.99,POINT (45.6959 39.6733),
2021-01-22 23:27:34.843000+00:00,26.8427,55.2921,4.0,10.0,"51 km NE of Bandar-e Lengeh, Iran",us,us,Mainshock,4.0 - 4.99,POINT (55.2921 26.8427),
2021-01-18 16:03:12.178000+00:00,28.272,56.015,4.6,10.0,"123 km NNW of Bandar Abbas, Iran",us,us,Mainshock,4.0 - 4.99,POINT (56.015 28.272),
2021-01-17 02:50:17.037000+00:00,26.8725,55.1942,4.7,10.0,"46 km NE of Bandar-e Lengeh, Iran",us,us,Aftershock,4.0 - 4.99,POINT (55.1942 26.8725),
2021-01-15 23:24:21.052000+00:00,26.8188,55.1959,4.4,10.0,"42 km NE of Bandar-e Lengeh, Iran",us,us,Aftershock,4.0 - 4.99,POINT (55.1959 26.8188),
2021-01-15 21:31:04.660000+00:00,26.9417,55.1967,5.5,8.0,"52 km NE of Bandar-e Lengeh, Iran",us,us,Mainshock,5.0 - 5.99,POINT (55.1967 26.9417),
2021-01-13 22:57:19.078000+00:00,27.2393,57.8142,4.4,10.0,"73 km E of M?n?b, Iran",us,us,Mainshock,4.0 - 4.99,POINT (57.8142 27.2393),
2021-01-12 12:16:54.371000+00:00,36.4122,58.6003,4.3,10.0,"28 km NW of Neysh?b?r, Iran",us,us,Mainshock,4.0 - 4.99,POINT (58.6003 36.4122),
2021-01-12 07:44:24.095000+00:00,35.9177,60.3935,4.1,10.0,"77 km NNW of Torbat-e J?m, Iran",us,us,Aftershock,4.0 - 4.99,POINT (60.3935 35.9177),
2021-01-11 19:27:50.800000+00:00,35.7828,60.147,4.3,10.0,"73 km NW of Torbat-e J?m, Iran",us,us,Mainshock,4.0 - 4.99,POINT (60.147 35.7828),
2021-01-03 19:27:58.992000+00:00,32.4789,55.6543,4.3,10.0,"99 km NNE of B?fq, Iran",us,us,Mainshock,4.0 - 4.99,POINT (55.6543 32.4789),
2021-01-02 20:29:09.618000+00:00,27.2693,57.8413,4.3,10.0,"76 km ENE of M?n?b, Iran",us,us,Mainshock,4.0 - 4.99,POINT (57.8413 27.2693),
2020-12-27 15:56:52.826000+00:00,31.5521,49.5869,4.4,10.0,"30 km N of R?mhormoz, Iran",us,us,Mainshock,4.0 - 4.99,POINT (49.5869 31.5521),
2020-12-21 03:04:48.206000+00:00,28.9624,47.5725,4.3,10.0,"42 km SSW of Al Jahr?’, Kuwait",us,us,Mainshock,4.0 - 4.99,POINT (47.5725 28.9624),
2020-12-20 18:45:08.075000+00:00,35.6717,60.6578,4.3,10.0,"47 km N of Torbat-e J?m, Iran",us,us,Mainshock,4.0 - 4.99,POINT (60.6578 35.6717),
2020-12-20 04:32:54.001000+00:00,37.9728,43.7815,4.3,10.0,"22 km WSW of Ba?kale, Turkey",us,us,Mainshock,4.0 - 4.99,POINT (43.7815 37.9728),
2020-12-13 05:47:58.400000+00:00,39.6008,55.5657,4.9,10.0,"39 km N of Bereket, Turkmenistan",us,us,Mainshock,4.0 - 4.99,POINT (55.5657 39.6008),
2020-12-11 20:47:53.921000+00:00,27.4609,54.0437,4.7,10.0,"24 km SSW of Ger?sh, Iran",us,us,Mainshock,4.0 - 4.99,POINT (54.0437 27.4609),
2020-12-08 07:28:44.381000+00:00,28.6308,53.8179,4.5,10.0,"37 km SSE of Fas?, Iran",us,us,Mainshock,4.0 - 4.99,POINT (53.8179 28.6308),
2020-12-07 22:24:49.135000+00:00,34.3346,45.6195,4.4,9.15,"26 km WSW of Sarpol-e Z?ah?b, Iran",us,us,Mainshock,4.0 - 4.99,POINT (45.6195 34.3346),
2020-12-07 11:31:33.718000+00:00,28.5968,51.982,4.3,10.0,"63 km WSW of F?r?z?b?d, Iran",us,us,Mainshock,4.0 - 4.99,POINT (51.982 28.5968),
2020-12-07 04:47:13.716000+00:00,39.9934,54.5363,4.3,10.0,"55 km NNE of Balkanabat, Turkmenistan",us,us,Mainshock,4.0 - 4.99,POINT (54.5363 39.9934),
2020-11-29 04:24:28.682000+00:00,27.4149,54.0744,4.9,10.0,"28 km SSW of Ger?sh, Iran",us,us,Mainshock,4.0 - 4.99,POINT (54.0744 27.4149),
2020-11-25 20:11:40.724000+00:00,38.2249,56.0473,4.8,10.0,"85 km SSW of Serdar, Turkmenistan",us,us,Mainshock,4.0 - 4.99,POINT (56.0473 38.2249),
2020-11-23 14:26:24.745000+00:00,32.0827,49.1822,4.2,10.0,"19 km NW of Masjed Soleym?n, Iran",us,us,Mainshock,4.0 - 4.99,POINT (49.1822 32.0827),
2020-11-22 04:13:57.637000+00:00,27.2424,53.5212,4.5,10.0,"71 km ESE of Mohr, Iran",us,us,Mainshock,4.0 - 4.99,POINT (53.5212 27.2424),
2020-11-22 01:20:36.557000+00:00,27.2432,53.5004,4.3,10.0,"70 km ESE of Mohr, Iran",us,us,Foreshock,4.0 - 4.99,POINT (53.5004 27.2432),
2020-11-21 05:42:19.286000+00:00,36.5752,54.624,4.1,10.0,"27 km S of Qarn?b?d, Iran",us,us,Mainshock,4.0 - 4.99,POINT (54.624 36.5752),
2020-11-17 22:41:10.339000+00:00,27.4675,59.4406,4.2,60.94,"100 km NNW of Fann?j, Iran",us,us,Mainshock,4.0 - 4.99,POINT (59.4406 27.4675),
2020-11-16 10:06:12.190000+00:00,31.2034,49.6478,4.2,10.0,"9 km SSE of R?mhormoz, Iran",us,us,Mainshock,4.0 - 4.99,POINT (49.6478 31.2034),
2020-11-15 22:06:31.112000+00:00,27.2519,53.5122,4.1,10.0,"70 km ESE of Mohr, Iran",us,us,Mainshock,4.0 - 4.99,POINT (53.5122 27.2519),
2020-11-11 14:56:23.554000+00:00,28.92,47.6967,4.7,10.0,"38 km NW of Al Wafrah, Kuwait",us,us,Mainshock,4.0 - 4.99,POINT (47.6967 28.92),
2020-11-09 23:18:25.241000+00:00,35.4692,45.1058,4.9,10.0,"25 km ESE of Jamjam?l, Iraq",us,us,Mainshock,4.0 - 4.99,POINT (45.1058 35.4692),
2020-11-09 11:49:21.829000+00:00,27.3195,53.5838,4.7,10.0,"66 km SW of Ger?sh, Iran",us,us,Mainshock,4.0 - 4.99,POINT (53.5838 27.3195),
2020-11-08 21:51:20.004000+00:00,27.1235,53.4661,4.0,10.0,"74 km SE of Mohr, Iran",us,us,Foreshock,4.0 - 4.99,POINT (53.4661 27.1235),
2020-11-08 14:41:13.016000+00:00,27.1375,53.4909,4.3,10.0,"75 km SE of Mohr, Iran",us,us,Foreshock,4.0 - 4.99,POINT (53.4909 27.1375),
2020-11-05 10:39:29.790000+00:00,31.9231,49.0758,4.7,10.0,"21 km W of Masjed Soleym?n, Iran",us,us,Mainshock,4.0 - 4.99,POINT (49.0758 31.9231),
2020-11-05 04:05:43.485000+00:00,27.2831,53.5571,4.5,10.0,"71 km SW of Ger?sh, Iran",us,us,Mainshock,4.0 - 4.99,POINT (53.5571 27.2831),
2020-11-03 00:11:38.727000+00:00,28.9971,51.2767,4.2,10.0,"30 km S of Bor?zj?n, Iran",us,us,Mainshock,4.0 - 4.99,POINT (51.2767 28.9971),
2020-10-26 21:34:51.220000+00:00,32.1448,56.0268,5.0,10.0,"84 km NE of B?fq, Iran",us,us,Mainshock,5.0 - 5.99,POINT (56.0268 32.1448),
2020-10-24 11:34:17.923000+00:00,35.7462,48.9355,5.0,10.0,"51 km SSW of Abhar, Iran",us,us,Mainshock,5.0 - 5.99,POINT (48.9355 35.7462),
2020-10-19 03:44:33.999000+00:00,34.4725,46.1515,4.1,10.0,"26 km E of Sarpol-e Z?ah?b, Iran",us,us,Mainshock,4.0 - 4.99,POINT (46.1515 34.4725),
2020-10-14 11:06:17.268000+00:00,27.3738,54.4577,4.6,10.0,"45 km SE of Ger?sh, Iran",us,us,Mainshock,4.0 - 4.99,POINT (54.4577 27.3738),
2020-10-12 11:47:17.313000+00:00,39.5827,52.0403,4.9,37.71,"92 km WSW of Türkmenba?y, Turkmenistan",us,us,Mainshock,4.0 - 4.99,POINT (52.0403 39.5827),
2020-10-09 15:26:24.480000+00:00,27.9811,56.3133,4.4,10.0,"88 km N of Bandar Abbas, Iran",us,us,Mainshock,4.0 - 4.99,POINT (56.3133 27.9811),
2020-10-07 21:13:17.519000+00:00,32.366,48.5756,4.3,10.0,"9 km E of Shahrak-e K?l?r?, Iran",us,us,Mainshock,4.0 - 4.99,POINT (48.5756 32.366),
2020-10-02 23:48:53.240000+00:00,39.4875,54.8654,4.2,10.0,"39 km NE of Gumdag, Turkmenistan",us,us,Mainshock,4.0 - 4.99,POINT (54.8654 39.4875),
2020-09-29 04:08:03.051000+00:00,31.4596,51.042,4.9,10.0,"50 km W of Sem?rom, Iran",us,us,Mainshock,4.0 - 4.99,POINT (51.042 31.4596),
2020-09-29 02:03:53.922000+00:00,30.5523,50.6297,4.3,10.0,"26 km NW of Dogonbadan, Iran",us,us,Mainshock,4.0 - 4.99,POINT (50.6297 30.5523),
2020-09-28 08:11:47.322000+00:00,28.8316,51.4225,4.3,10.0,"52 km SSE of Bor?zj?n, Iran",us,us,Mainshock,4.0 - 4.99,POINT (51.4225 28.8316),
2020-09-27 23:23:36.920000+00:00,28.8222,51.3202,4.3,10.0,"49 km ESE of Bushehr, Iran",us,us,Foreshock,4.0 - 4.99,POINT (51.3202 28.8222),
2020-09-26 07:00:18.218000+00:00,39.6452,54.5199,4.9,10.0,"19 km NE of Balkanabat, Turkmenistan",us,us,Mainshock,4.0 - 4.99,POINT (54.5199 39.6452),
2020-09-26 05:46:55.523000+00:00,38.1981,56.051,5.2,10.0,"88 km SSW of Serdar, Turkmenistan",us,us,Mainshock,5.0 - 5.99,POINT (56.051 38.1981),
2020-09-24 13:15:15.844000+00:00,29.4929,51.4488,4.5,10.0,"24 km SW of K?zer?n, Iran",us,us,Mainshock,4.0 - 4.99,POINT (51.4488 29.4929),
2020-09-22 19:43:31.844000+00:00,27.3906,55.3292,4.1,10.0,"96 km WNW of Bandar Abbas, Iran",us,us,Mainshock,4.0 - 4.99,POINT (55.3292 27.3906),
2020-09-19 17:01:34.151000+00:00,27.7965,53.1233,4.1,10.0,"35 km NE of Mohr, Iran",us,us,Mainshock,4.0 - 4.99,POINT (53.1233 27.7965),
2020-09-17 04:29:05.818000+00:00,28.6499,52.077,4.4,10.0,"52 km WSW of F?r?z?b?d, Iran",us,us,Mainshock,4.0 - 4.99,POINT (52.077 28.6499),
2020-09-14 09:26:07.667000+00:00,27.4806,54.3183,4.2,10.0,"27 km SE of Ger?sh, Iran",us,us,Mainshock,4.0 - 4.99,POINT (54.3183 27.4806),
2020-09-13 03:04:42.114000+00:00,36.2066,53.528,4.5,10.0,"53 km SSE of Nek?, Iran",us,us,Mainshock,4.0 - 4.99,POINT (53.528 36.2066),
2020-09-09 10:42:50.819000+00:00,27.5064,56.1845,4.4,10.0,"36 km NNW of Bandar Abbas, Iran",us,us,Mainshock,4.0 - 4.99,POINT (56.1845 27.5064),
2020-09-08 01:34:19.795000+00:00,27.775,53.2128,4.4,10.0,"40 km NE of Mohr, Iran",us,us,Mainshock,4.0 - 4.99,POINT (53.2128 27.775),
2020-09-06 21:34:26.684000+00:00,36.9796,55.1103,5.3,10.0,"13 km SSW of ?z?dshahr, Iran",us,us,Mainshock,5.0 - 5.99,POINT (55.1103 36.9796),
2020-09-02 18:03:26.415000+00:00,28.2505,56.7273,4.3,10.0,"113 km S of K?h Sef?d, Iran",us,us,Mainshock,4.0 - 4.99,POINT (56.7273 28.2505),
2020-09-02 17:19:19.733000+00:00,32.3226,48.4271,4.1,10.0,"5 km SW of Shahrak-e K?l?r?, Iran",us,us,Mainshock,4.0 - 4.99,POINT (48.4271 32.3226),
2020-08-31 15:57:21.302000+00:00,27.7789,53.2136,4.2,10.0,"40 km NE of Mohr, Iran",us,us,Aftershock,4.0 - 4.99,POINT (53.2136 27.7789),
2020-08-31 03:36:52.608000+00:00,27.8389,53.1455,5.2,10.0,"40 km NE of Mohr, Iran",us,us,Mainshock,5.0 - 5.99,POINT (53.1455 27.8389),
2020-08-29 19:01:03.592000+00:00,36.4054,54.3986,4.0,10.0,"26 km N of D?mgh?n, Iran",us,us,Mainshock,4.0 - 4.99,POINT (54.3986 36.4054),
2020-08-26 00:42:01.173000+00:00,34.6268,45.6281,4.3,10.0,"28 km NW of Sarpol-e Z?ah?b, Iran",us,us,Mainshock,4.0 - 4.99,POINT (45.6281 34.6268),
2020-08-25 12:16:02.532000+00:00,27.8435,53.2407,4.7,10.0,"47 km NE of Mohr, Iran",us,us,Mainshock,4.0 - 4.99,POINT (53.2407 27.8435),
2020-08-22 18:40:24.133000+00:00,28.0928,56.6886,4.0,10.0,"108 km NNE of Bandar Abbas, Iran",us,us,Mainshock,4.0 - 4.99,POINT (56.6886 28.0928),
2020-08-21 05:16:05.781000+00:00,27.8023,53.2068,4.1,10.0,"42 km NE of Mohr, Iran",us,us,Mainshock,4.0 - 4.99,POINT (53.2068 27.8023),
2020-08-19 22:13:49.878000+00:00,28.6702,51.4804,4.2,10.0,"71 km ESE of Bushehr, Iran",us,us,Mainshock,4.0 - 4.99,POINT (51.4804 28.6702),
2020-08-16 22:52:28.422000+00:00,30.0805,51.1231,4.0,10.0,"38 km W of N?r?b?d, Iran",us,us,Mainshock,4.0 - 4.99,POINT (51.1231 30.0805),
2020-08-11 23:29:09.878000+00:00,39.851,44.1997,4.3,10.0,Turkey-Iran border region,us,us,Mainshock,4.0 - 4.99,POINT (44.1997 39.851),
2020-08-11 06:31:48.168000+00:00,28.6802,51.9504,4.5,10.0,"63 km WSW of F?r?z?b?d, Iran",us,us,Mainshock,4.0 - 4.99,POINT (51.9504 28.6802),
2020-08-09 09:16:19.840000+00:00,34.2257,45.5918,5.0,10.0,"36 km SW of Sarpol-e Z?ah?b, Iran",us,us,Mainshock,5.0 - 5.99,POINT (45.5918 34.2257),
2020-08-06 22:17:31.310000+00:00,28.1231,56.7367,4.7,10.0,"113 km NNE of Bandar Abbas, Iran",us,us,Mainshock,4.0 - 4.99,POINT (56.7367 28.1231),
2020-08-05 18:55:07.078000+00:00,31.0235,57.0826,4.0,10.0,"37 km SE of R?var, Iran",us,us,Mainshock,4.0 - 4.99,POINT (57.0826 31.0235),
2020-08-03 12:34:57.992000+00:00,27.7582,56.3266,4.4,10.0,"63 km N of Bandar Abbas, Iran",us,us,Mainshock,4.0 - 4.99,POINT (56.3266 27.7582),
2020-08-03 11:37:10.260000+00:00,27.6938,52.5307,4.6,10.0,"38 km WNW of Mohr, Iran",us,us,Mainshock,4.0 - 4.99,POINT (52.5307 27.6938),
2020-08-01 02:24:51.064000+00:00,27.9496,57.6024,4.4,10.0,"104 km NNE of M?n?b, Iran",us,us,Mainshock,4.0 - 4.99,POINT (57.6024 27.9496),
2020-07-28 06:06:39.767000+00:00,30.9137,57.0642,4.5,10.0,"46 km SSE of R?var, Iran",us,us,Mainshock,4.0 - 4.99,POINT (57.0642 30.9137),
2020-07-28 03:56:02.973000+00:00,31.777,50.6973,4.2,10.0,"54 km SSE of F?rs?n, Iran",us,us,Mainshock,4.0 - 4.99,POINT (50.6973 31.777),
2020-07-27 11:12:34.970000+00:00,26.9525,55.9609,4.6,10.0,"30 km W of Qeshm, Iran",us,us,Mainshock,4.0 - 4.99,POINT (55.9609 26.9525),
2020-07-25 17:48:01.465000+00:00,26.3572,56.4855,4.0,10.0,"28 km NE of Dib Dibba, Oman",us,us,Mainshock,4.0 - 4.99,POINT (56.4855 26.3572),
2020-07-25 17:47:13.227000+00:00,26.7806,56.334,4.0,10.0,"19 km SSE of Qeshm, Iran",us,us,Foreshock,4.0 - 4.99,POINT (56.334 26.7806),
2020-07-13 05:18:04.164000+00:00,29.1679,51.2234,4.1,10.0,"11 km S of Bor?zj?n, Iran",us,us,Mainshock,4.0 - 4.99,POINT (51.2234 29.1679),
2020-07-12 07:19:58.967000+00:00,35.7112,52.8312,4.0,10.0,"25 km ESE of Soleh Bon, Iran",us,us,Mainshock,4.0 - 4.99,POINT (52.8312 35.7112),
2020-07-10 20:14:06.589000+00:00,27.7618,53.5054,4.9,10.0,"63 km W of Ger?sh, Iran",us,us,Mainshock,4.0 - 4.99,POINT (53.5054 27.7618),
2020-07-08 07:10:38.314000+00:00,34.2731,45.5909,4.3,10.0,"32 km SW of Sarpol-e Z?ah?b, Iran",us,us,Mainshock,4.0 - 4.99,POINT (45.5909 34.2731),
2020-07-07 13:10:22.775000+00:00,34.3568,45.5724,4.3,5.63,"29 km WSW of Sarpol-e Z?ah?b, Iran",us,us,Foreshock,4.0 - 4.99,POINT (45.5724 34.3568),
2020-07-07 08:52:26.357000+00:00,34.3428,45.617,4.2,10.0,"26 km WSW of Sarpol-e Z?ah?b, Iran",us,us,Foreshock,4.0 - 4.99,POINT (45.617 34.3428),
2020-07-07 01:10:33.504000+00:00,25.8185,58.3536,4.9,10.0,"153 km WSW of Fann?j, Iran",us,us,Mainshock,4.0 - 4.99,POINT (58.3536 25.8185),
2020-07-04 17:30:07.556000+00:00,37.7202,53.5784,4.3,10.0,"114 km N of Behshahr, Iran",us,us,Mainshock,4.0 - 4.99,POINT (53.5784 37.7202),
2020-07-04 09:04:28.416000+00:00,27.6694,53.3322,4.0,10.0,"46 km ENE of Mohr, Iran",us,us,Mainshock,4.0 - 4.99,POINT (53.3322 27.6694),
2020-07-03 19:44:28.504000+00:00,35.0986,45.3313,4.0,10.0,"52 km S of As Sulaym?n?yah, Iraq",us,us,Mainshock,4.0 - 4.99,POINT (45.3313 35.0986),
2020-07-03 03:46:43.576000+00:00,27.7045,53.5196,4.0,10.0,"60 km W of Ger?sh, Iran",us,us,Mainshock,4.0 - 4.99,POINT (53.5196 27.7045),
2020-07-02 00:29:18.148000+00:00,27.8854,52.9353,4.3,10.0,"36 km N of Mohr, Iran",us,us,Mainshock,4.0 - 4.99,POINT (52.9353 27.8854),
2020-07-01 04:26:18.244000+00:00,37.7485,57.1141,4.0,10.0,"35 km NNW of Bojn?rd, Iran",us,us,Mainshock,4.0 - 4.99,POINT (57.1141 37.7485),
2020-06-28 13:49:00.686000+00:00,37.1093,54.6302,4.2,10.0,"32 km N of Qarn?b?d, Iran",us,us,Mainshock,4.0 - 4.99,POINT (54.6302 37.1093),
2020-06-27 05:58:37.546000+00:00,26.752,55.8163,4.1,10.0,"50 km WSW of Qeshm, Iran",us,us,Mainshock,4.0 - 4.99,POINT (55.8163 26.752),
2020-06-27 04:10:19.539000+00:00,39.7728,54.7569,4.5,10.0,"44 km NE of Balkanabat, Turkmenistan",us,us,Mainshock,4.0 - 4.99,POINT (54.7569 39.7728),
2020-06-26 01:14:32.589000+00:00,35.3108,46.2284,4.1,10.0,"23 km S of Mar?v?n, Iran",us,us,Mainshock,4.0 - 4.99,POINT (46.2284 35.3108),
2020-06-25 10:03:30.648000+00:00,38.5329,43.9407,5.4,10.0,"14 km SSW of Özalp, Turkey",us,us,Mainshock,5.0 - 5.99,POINT (43.9407 38.5329),
2020-06-25 00:13:28.335000+00:00,27.6427,55.871,4.0,10.0,"64 km NW of Bandar Abbas, Iran",us,us,Aftershock,4.0 - 4.99,POINT (55.871 27.6427),
2020-06-24 17:29:33.124000+00:00,27.5685,55.7828,4.0,10.0,"64 km NW of Bandar Abbas, Iran",us,us,Aftershock,4.0 - 4.99,POINT (55.7828 27.5685),
2020-06-23 11:11:04.650000+00:00,27.5595,55.8104,4.1,10.0,"62 km NW of Bandar Abbas, Iran",us,us,Mainshock,4.0 - 4.99,POINT (55.8104 27.5595),
2020-06-21 08:05:42.145000+00:00,27.7565,53.2438,4.1,10.0,"41 km ENE of Mohr, Iran",us,us,Mainshock,4.0 - 4.99,POINT (53.2438 27.7565),
2020-06-17 11:50:31.505000+00:00,30.6486,50.4321,4.1,10.0,"19 km ENE of Behbah?n, Iran",us,us,Mainshock,4.0 - 4.99,POINT (50.4321 30.6486),
2020-06-17 06:58:17.560000+00:00,25.0244,63.2549,4.6,10.0,"34 km SW of Pasni, Pakistan",us,us,Mainshock,4.0 - 4.99,POINT (63.2549 25.0244),
2020-06-16 00:04:12.515000+00:00,32.3558,48.9947,4.4,10.0,"36 km NNE of Sh?shtar, Iran",us,us,Mainshock,4.0 - 4.99,POINT (48.9947 32.3558),
2020-06-14 18:06:01.738000+00:00,27.7759,53.3785,5.2,10.0,"54 km ENE of Mohr, Iran",us,us,Aftershock,5.0 - 5.99,POINT (53.3785 27.7759),
2020-06-13 23:15:05.096000+00:00,27.743,53.2836,4.9,10.0,"44 km ENE of Mohr, Iran",us,us,Aftershock,4.0 - 4.99,POINT (53.2836 27.743),
2020-06-13 22:04:16.539000+00:00,27.7921,53.3816,4.8,10.0,"55 km ENE of Mohr, Iran",us,us,Aftershock,4.0 - 4.99,POINT (53.3816 27.7921),
2020-06-12 04:04:58.098000+00:00,27.6472,53.3452,4.0,10.0,"46 km ENE of Mohr, Iran",us,us,Aftershock,4.0 - 4.99,POINT (53.3452 27.6472),
2020-06-10 05:52:14.272000+00:00,27.8133,53.129,4.4,10.0,"37 km NE of Mohr, Iran",us,us,Aftershock,4.0 - 4.99,POINT (53.129 27.8133),
2020-06-10 04:02:28.017000+00:00,27.6792,53.3939,4.4,10.0,"52 km ENE of Mohr, Iran",us,us,Aftershock,4.0 - 4.99,POINT (53.3939 27.6792),
2020-06-09 22:27:00.711000+00:00,27.6362,53.2165,4.3,10.0,"34 km ENE of Mohr, Iran",us,us,Aftershock,4.0 - 4.99,POINT (53.2165 27.6362),
2020-06-09 19:44:53.892000+00:00,27.6323,53.4934,4.2,10.0,"60 km E of Mohr, Iran",us,us,Aftershock,4.0 - 4.99,POINT (53.4934 27.6323),
2020-06-09 17:43:18.284000+00:00,27.6638,53.4338,4.1,10.0,"55 km ENE of Mohr, Iran",us,us,Aftershock,4.0 - 4.99,POINT (53.4338 27.6638),
2020-06-09 17:18:14.071000+00:00,27.7199,53.4201,5.7,10.0,"56 km ENE of Mohr, Iran",us,us,Mainshock,5.0 - 5.99,POINT (53.4201 27.7199),
2020-06-09 16:08:50.970000+00:00,27.7645,53.3446,5.5,10.0,"51 km ENE of Mohr, Iran",us,us,Foreshock,5.0 - 5.99,POINT (53.3446 27.7645),
2020-06-08 03:44:20.641000+00:00,33.6298,45.951,4.3,10.0,"38 km ESE of Mandal?, Iraq",us,us,Aftershock,4.0 - 4.99,POINT (45.951 33.6298),
2020-06-04 01:27:30.387000+00:00,33.3953,46.0707,4.4,10.0,"31 km NNW of Mehr?n, Iran",us,us,Aftershock,4.0 - 4.99,POINT (46.0707 33.3953),
2020-06-03 08:16:53.519000+00:00,33.4162,46.1104,5.0,10.0,"32 km N of Mehr?n, Iran",us,us,Mainshock,5.0 - 5.99,POINT (46.1104 33.4162),
2020-05-31 23:59:02.351000+00:00,27.7516,53.3194,4.9,10.0,"48 km ENE of Mohr, Iran",us,us,Mainshock,4.0 - 4.99,POINT (53.3194 27.7516),
2020-05-29 08:03:32.921000+00:00,30.5227,50.3681,4.5,10.0,"14 km SE of Behbah?n, Iran",us,us,Mainshock,4.0 - 4.99,POINT (50.3681 30.5227),
2020-05-27 09:11:38.572000+00:00,35.9278,52.0228,3.8,10.0,"23 km N of Dam?vand, Iran",us,us,Mainshock,3.0 - 3.99,POINT (52.0228 35.9278),
2020-05-25 16:00:55.400000+00:00,36.6234,51.4801,4.2,10.0,"3 km SSW of Nowshahr, Iran",us,us,Mainshock,4.0 - 4.99,POINT (51.4801 36.6234),
2020-05-24 09:11:28.687000+00:00,30.384,50.7656,4.9,10.0,"4 km NW of Dogonbadan, Iran",us,us,Mainshock,4.0 - 4.99,POINT (50.7656 30.384),
2020-05-18 17:24:23.871000+00:00,34.2596,45.5205,4.3,10.0,"38 km SW of Sarpol-e Z?ah?b, Iran",us,us,Mainshock,4.0 - 4.99,POINT (45.5205 34.2596),
2020-05-15 12:52:45.818000+00:00,25.9932,62.2797,4.7,10.0,"76 km W of Turbat, Pakistan",us,us,Mainshock,4.0 - 4.99,POINT (62.2797 25.9932),
2020-05-12 13:50:52.103000+00:00,27.739,53.5393,4.1,10.0,"59 km W of Ger?sh, Iran",us,us,Mainshock,4.0 - 4.99,POINT (53.5393 27.739),
2020-05-07 20:18:22.477000+00:00,35.7416,52.0512,4.6,10.0,"3 km NNW of Dam?vand, Iran",us,us,Mainshock,4.0 - 4.99,POINT (52.0512 35.7416),
2020-05-06 08:07:59.634000+00:00,33.9024,48.1622,4.8,10.0,"10 km WNW of Aleshtar, Iran",us,us,Mainshock,4.0 - 4.99,POINT (48.1622 33.9024),
2020-05-02 08:41:24.116000+00:00,38.5436,44.3032,4.1,10.0,"30 km ESE of Özalp, Turkey",us,us,Mainshock,4.0 - 4.99,POINT (44.3032 38.5436),
2020-05-01 20:28:08.978000+00:00,28.4004,56.9245,5.0,10.0,"97 km S of K?h Sef?d, Iran",us,us,Mainshock,5.0 - 5.99,POINT (56.9245 28.4004),
2020-04-29 17:01:35.721000+00:00,35.5681,45.0817,4.8,11.95,"22 km E of Jamjam?l, Iraq",us,us,Mainshock,4.0 - 4.99,POINT (45.0817 35.5681),
2020-04-26 16:12:54.069000+00:00,27.9469,54.3757,4.3,10.0,"38 km NE of Ger?sh, Iran",us,us,Mainshock,4.0 - 4.99,POINT (54.3757 27.9469),
2020-04-15 08:10:22.368000+00:00,28.3006,56.7667,4.2,10.0,"108 km S of K?h Sef?d, Iran",us,us,Mainshock,4.0 - 4.99,POINT (56.7667 28.3006),
2020-04-12 02:23:13.223000+00:00,38.4642,44.3085,4.6,10.0,"34 km SE of Özalp, Turkey",us,us,Mainshock,4.0 - 4.99,POINT (44.3085 38.4642),
2020-04-09 05:36:23.316000+00:00,35.4534,44.7837,4.1,10.0,"10 km SSW of Jamjam?l, Iraq",us,us,Mainshock,4.0 - 4.99,POINT (44.7837 35.4534),
2020-04-03 09:42:47.900000+00:00,38.4659,44.3235,4.3,10.0,"35 km SE of Özalp, Turkey",us,us,Mainshock,4.0 - 4.99,POINT (44.3235 38.4659),
2020-04-03 05:44:26.600000+00:00,38.8489,43.523,4.7,10.0,"24 km SE of Erci?, Turkey",us,us,Mainshock,4.0 - 4.99,POINT (43.523 38.8489),
2020-03-27 10:43:43.673000+00:00,31.8288,48.667,4.5,10.0,"29 km SW of Sh?shtar, Iran",us,us,Mainshock,4.0 - 4.99,POINT (48.667 31.8288),
2020-03-27 07:21:53.122000+00:00,30.6432,50.532,4.2,10.0,"17 km S of Dehdasht, Iran",us,us,Mainshock,4.0 - 4.99,POINT (50.532 30.6432),
2020-03-27 06:40:42.525000+00:00,28.2443,57.1201,5.3,10.0,"118 km SSE of K?h Sef?d, Iran",us,us,Mainshock,5.0 - 5.99,POINT (57.1201 28.2443),
2020-03-26 05:39:20.897000+00:00,38.4547,44.4071,4.4,10.0,"42 km NW of Salm?s, Iran",us,us,Mainshock,4.0 - 4.99,POINT (44.4071 38.4547),
2020-03-22 01:11:34.443000+00:00,30.2374,50.8871,4.3,10.0,"15 km SSE of Dogonbadan, Iran",us,us,Mainshock,4.0 - 4.99,POINT (50.8871 30.2374),
2020-03-19 07:13:57.573000+00:00,38.4929,44.318,4.2,10.0,"33 km ESE of Özalp, Turkey",us,us,Aftershock,4.0 - 4.99,POINT (44.318 38.4929),
2020-03-18 23:07:22.192000+00:00,38.5413,44.3006,4.4,10.0,"29 km ESE of Özalp, Turkey",us,us,Mainshock,4.0 - 4.99,POINT (44.3006 38.5413),
2020-03-16 07:13:58.206000+00:00,35.8099,44.4904,4.4,10.0,"32 km SSW of Koysinceq, Iraq",us,us,Mainshock,4.0 - 4.99,POINT (44.4904 35.8099),
2020-03-15 22:04:25.371000+00:00,27.4047,55.3537,5.4,10.0,"94 km WNW of Bandar Abbas, Iran",us,us,Mainshock,5.0 - 5.99,POINT (55.3537 27.4047),
2020-03-13 07:02:04.649000+00:00,32.6796,47.3566,4.9,10.0,"8 km E of Dehlor?n, Iran",us,us,Mainshock,4.0 - 4.99,POINT (47.3566 32.6796),
2020-03-11 10:24:06.748000+00:00,29.5088,52.1873,4.3,10.0,"35 km WSW of Shiraz, Iran",us,us,Mainshock,4.0 - 4.99,POINT (52.1873 29.5088),
2020-03-10 02:53:50.830000+00:00,38.4392,44.3856,4.1,10.0,"42 km SE of Özalp, Turkey",us,us,Mainshock,4.0 - 4.99,POINT (44.3856 38.4392),
2020-03-09 04:45:24.055000+00:00,32.2196,48.9324,4.4,10.0,"20 km NNE of Sh?shtar, Iran",us,us,Aftershock,4.0 - 4.99,POINT (48.9324 32.2196),
2020-03-08 09:47:07.732000+00:00,32.4093,48.9037,4.7,10.0,"40 km N of Sh?shtar, Iran",us,us,Mainshock,4.0 - 4.99,POINT (48.9037 32.4093),
2020-03-06 14:19:49.885000+00:00,38.5454,44.1255,4.4,10.0,"16 km SE of Özalp, Turkey",us,us,Mainshock,4.0 - 4.99,POINT (44.1255 38.5454),
2020-03-04 15:36:18.398000+00:00,26.5534,55.4804,4.2,10.0,"59 km E of Bandar-e Lengeh, Iran",us,us,Mainshock,4.0 - 4.99,POINT (55.4804 26.5534),
2020-03-04 11:33:47.644000+00:00,38.4206,44.2756,4.0,10.0,"36 km SE of Özalp, Turkey",us,us,Mainshock,4.0 - 4.99,POINT (44.2756 38.4206),
2020-03-03 11:31:26.946000+00:00,27.1688,54.6973,4.3,10.0,"70 km NNW of Bandar-e Lengeh, Iran",us,us,Mainshock,4.0 - 4.99,POINT (54.6973 27.1688),
2020-02-27 10:17:36.821000+00:00,39.9214,51.3825,4.6,41.84,"105 km ESE of Zyrya, Azerbaijan",us,us,Mainshock,4.0 - 4.99,POINT (51.3825 39.9214),
2020-02-25 22:28:15.678000+00:00,38.5072,44.2492,4.3,10.0,"27 km SE of Özalp, Turkey",us,us,Aftershock,4.0 - 4.99,POINT (44.2492 38.5072),
2020-02-25 14:14:05.050000+00:00,38.4132,44.344,4.5,10.0,"40 km SE of Özalp, Turkey",us,us,Mainshock,4.0 - 4.99,POINT (44.344 38.4132),
2020-02-25 13:42:32.291000+00:00,38.2894,44.2135,4.1,10.0,"32 km NNE of Ba?kale, Turkey",us,us,Foreshock,4.0 - 4.99,POINT (44.2135 38.2894),
2020-02-25 11:42:09.007000+00:00,26.8878,55.6637,4.4,10.0,"60 km W of Qeshm, Iran",us,us,Mainshock,4.0 - 4.99,POINT (55.6637 26.8878),
2020-02-24 23:44:38.315000+00:00,38.5195,44.429,4.2,10.0,"41 km ESE of Özalp, Turkey",us,us,Mainshock,4.0 - 4.99,POINT (44.429 38.5195),
2020-02-24 15:05:40.749000+00:00,38.4557,44.3095,4.2,10.0,"35 km SE of Özalp, Turkey",us,us,Foreshock,4.0 - 4.99,POINT (44.3095 38.4557),
2020-02-24 00:33:48.004000+00:00,31.2025,56.6379,4.6,10.0,"17 km WSW of R?var, Iran",us,us,Mainshock,4.0 - 4.99,POINT (56.6379 31.2025),
2020-02-23 16:56:24.324000+00:00,38.5093,44.3147,4.3,10.0,"32 km ESE of Özalp, Turkey",us,us,Aftershock,4.0 - 4.99,POINT (44.3147 38.5093),
2020-02-23 16:54:39.971000+00:00,38.4483,44.3389,4.4,10.0,"38 km SE of Özalp, Turkey",us,us,Aftershock,4.0 - 4.99,POINT (44.3389 38.4483),
2020-02-23 16:40:00.541000+00:00,38.4983,44.372,4.1,10.0,"37 km ESE of Özalp, Turkey",us,us,Aftershock,4.0 - 4.99,POINT (44.372 38.4983),
2020-02-23 16:37:53.377000+00:00,38.474,44.3565,4.1,10.0,"37 km ESE of Özalp, Turkey",us,us,Aftershock,4.0 - 4.99,POINT (44.3565 38.474),
2020-02-23 16:20:20.668000+00:00,38.4136,44.3265,4.0,10.0,"39 km SE of Özalp, Turkey",us,us,Aftershock,4.0 - 4.99,POINT (44.3265 38.4136),
2020-02-23 16:00:31.626000+00:00,38.4958,44.3732,6.0,10.0,"37 km ESE of Özalp, Turkey",us,us,Mainshock,6.0 - 6.99,POINT (44.3732 38.4958),
2020-02-23 14:28:40.826000+00:00,38.3641,44.2394,4.3,10.0,"38 km SE of Özalp, Turkey",us,us,Foreshock,4.0 - 4.99,POINT (44.2394 38.3641),
2020-02-23 10:25:41.766000+00:00,38.4382,44.3121,4.1,10.0,"37 km SE of Özalp, Turkey",us,us,Foreshock,4.0 - 4.99,POINT (44.3121 38.4382),
2020-02-23 09:48:24.655000+00:00,38.4214,44.3766,4.4,10.0,"42 km NW of Salm?s, Iran",us,us,Foreshock,4.0 - 4.99,POINT (44.3766 38.4214),
2020-02-23 07:50:50.355000+00:00,38.4213,44.3183,4.0,10.0,"38 km SE of Özalp, Turkey",us,us,Foreshock,4.0 - 4.99,POINT (44.3183 38.4213),
2020-02-23 05:53:01.055000+00:00,38.4465,44.4168,5.8,10.0,"41 km NW of Salm?s, Iran",us,us,Foreshock,5.0 - 5.99,POINT (44.4168 38.4465),
2020-02-18 19:41:50.930000+00:00,38.3251,44.3914,4.2,10.0,"35 km WNW of Salm?s, Iran",us,us,Background Event,4.0 - 4.99,POINT (44.3914 38.3251),
2020-02-17 00:29:20.484000+00:00,27.1711,54.747,4.0,10.0,"69 km N of Bandar-e Lengeh, Iran",us,us,Mainshock,4.0 - 4.99,POINT (54.747 27.1711),
2020-02-16 18:02:15.429000+00:00,38.5223,44.3881,4.7,10.0,"37 km ESE of Özalp, Turkey",us,us,Mainshock,4.0 - 4.99,POINT (44.3881 38.5223),
2020-02-16 12:30:47.136000+00:00,27.1286,55.7659,5.1,8.52,"51 km W of Bandar Abbas, Iran",us,us,Mainshock,5.0 - 5.99,POINT (55.7659 27.1286),
2020-02-16 12:24:53.242000+00:00,27.1527,55.8212,4.6,10.0,"45 km W of Bandar Abbas, Iran",us,us,Foreshock,4.0 - 4.99,POINT (55.8212 27.1527),
2020-02-16 12:21:52.947000+00:00,27.0926,55.7736,4.1,10.0,"51 km WSW of Bandar Abbas, Iran",us,us,Foreshock,4.0 - 4.99,POINT (55.7736 27.0926),
2020-02-15 21:45:43.131000+00:00,38.1412,48.3463,4.3,10.0,"12 km SSE of Ardab?l, Iran",us,us,Mainshock,4.0 - 4.99,POINT (48.3463 38.1412),
2020-02-14 07:53:20.063000+00:00,31.4811,49.8846,4.3,10.0,"34 km NE of R?mhormoz, Iran",us,us,Mainshock,4.0 - 4.99,POINT (49.8846 31.4811),
2020-02-12 23:46:21.656000+00:00,33.205,57.2308,4.1,10.0,"51 km SSE of Tabas, Iran",us,us,Mainshock,4.0 - 4.99,POINT (57.2308 33.205),
2020-02-12 23:39:07.864000+00:00,27.0715,55.7293,4.2,10.0,"55 km WNW of Qeshm, Iran",us,us,Mainshock,4.0 - 4.99,POINT (55.7293 27.0715),
2020-02-12 19:41:13.641000+00:00,27.0691,55.9277,4.1,10.0,"36 km WNW of Qeshm, Iran",us,us,Foreshock,4.0 - 4.99,POINT (55.9277 27.0691),
2020-02-12 10:53:45.916000+00:00,37.0794,49.6178,4.3,10.0,"21 km S of Rasht, Iran",us,us,Mainshock,4.0 - 4.99,POINT (49.6178 37.0794),
2020-02-11 05:46:40.088000+00:00,33.577,48.0157,4.1,10.0,"10 km NNW of Vas??n, Iran",us,us,Mainshock,4.0 - 4.99,POINT (48.0157 33.577),
2020-02-04 21:38:05.401000+00:00,39.8405,54.6226,4.2,17.7,"42 km NNE of Balkanabat, Turkmenistan",us,us,Mainshock,4.0 - 4.99,POINT (54.6226 39.8405),
2020-02-02 16:52:59.387000+00:00,34.5751,46.2195,4.2,10.0,"35 km ENE of Sarpol-e Z?ah?b, Iran",us,us,Mainshock,4.0 - 4.99,POINT (46.2195 34.5751),
2020-01-29 18:07:31.086000+00:00,37.1334,44.9028,4.9,10.0,"20 km WNW of Oshnav?yeh, Iran",us,us,Mainshock,4.0 - 4.99,POINT (44.9028 37.1334),
2020-01-29 05:02:46.888000+00:00,33.6467,45.7389,4.4,10.0,"20 km ESE of Mandal?, Iraq",us,us,Aftershock,4.0 - 4.99,POINT (45.7389 33.6467),
2020-01-28 20:37:20.625000+00:00,33.8191,45.7813,4.9,10.0,"22 km ENE of Mandal?, Iraq",us,us,Mainshock,4.0 - 4.99,POINT (45.7813 33.8191),
2020-01-28 15:24:34.670000+00:00,29.5876,52.1306,5.0,10.0,"38 km W of Shiraz, Iran",us,us,Mainshock,5.0 - 5.99,POINT (52.1306 29.5876),
2020-01-28 06:52:03.674000+00:00,33.6866,45.7193,4.8,10.0,"16 km ESE of Mandal?, Iraq",us,us,Mainshock,4.0 - 4.99,POINT (45.7193 33.6866),
2020-01-27 13:28:27.840000+00:00,29.5899,52.0467,5.3,10.0,"38 km E of K?zer?n, Iran",us,us,Mainshock,5.0 - 5.99,POINT (52.0467 29.5899),
2020-01-24 18:31:25.773000+00:00,26.6604,55.3366,4.2,10.0,"46 km ENE of Bandar-e Lengeh, Iran",us,us,Mainshock,4.0 - 4.99,POINT (55.3366 26.6604),
2020-01-22 19:23:13.391000+00:00,28.0371,56.7661,5.0,10.0,"105 km NNW of M?n?b, Iran",us,us,Mainshock,5.0 - 5.99,POINT (56.7661 28.0371),
2020-01-20 14:49:36.083000+00:00,27.4738,56.3552,4.4,10.0,"32 km NNE of Bandar Abbas, Iran",us,us,Mainshock,4.0 - 4.99,POINT (56.3552 27.4738),
2020-01-20 02:50:42.881000+00:00,29.0686,49.6725,4.2,10.0,"67 km WSW of Kh?rk, Iran",us,us,Mainshock,4.0 - 4.99,POINT (49.6725 29.0686),
2020-01-17 03:53:52.561000+00:00,34.0601,60.3145,4.1,10.0,"86 km SSW of T?yb?d, Iran",us,us,Mainshock,4.0 - 4.99,POINT (60.3145 34.0601),
2020-01-13 14:32:32.277000+00:00,32.0844,48.8383,4.1,10.0,"3 km NNW of Sh?shtar, Iran",us,us,Mainshock,4.0 - 4.99,POINT (48.8383 32.0844),
2020-01-12 03:01:46.783000+00:00,28.8655,51.2723,4.2,10.0,"44 km ESE of Bushehr, Iran",us,us,Mainshock,4.0 - 4.99,POINT (51.2723 28.8655),
2020-01-12 02:50:34.913000+00:00,31.5693,49.5237,4.1,10.0,"32 km NNW of R?mhormoz, Iran",us,us,Mainshock,4.0 - 4.99,POINT (49.5237 31.5693),
2020-01-09 10:51:58.348000+00:00,34.5736,45.5067,4.9,4.49,"34 km WNW of Sarpol-e Z?ah?b, Iran",us,us,Mainshock,4.0 - 4.99,POINT (45.5067 34.5736),
2020-01-08 03:19:13.757000+00:00,29.1304,51.2412,4.4,10.0,"15 km S of Bor?zj?n, Iran",us,us,Aftershock,4.0 - 4.99,POINT (51.2412 29.1304),
2020-01-08 02:20:02.005000+00:00,29.1744,51.3041,4.9,10.0,"13 km SE of Bor?zj?n, Iran",us,us,Mainshock,4.0 - 4.99,POINT (51.3041 29.1744),
2020-01-04 08:29:18.262000+00:00,31.7534,49.9008,4.1,10.0,"59 km NNE of R?mhormoz, Iran",us,us,Mainshock,4.0 - 4.99,POINT (49.9008 31.7534),
2020-01-04 08:24:38.167000+00:00,25.499,63.1389,4.9,10.0,southwestern Pakistan,us,us,Mainshock,4.0 - 4.99,POINT (63.1389 25.499),
2020-01-02 10:03:06.225000+00:00,34.1629,60.408,4.3,10.0,"72 km SSW of T?yb?d, Iran",us,us,Aftershock,4.0 - 4.99,POINT (60.408 34.1629),
2020-01-02 04:29:06.582000+00:00,34.1326,60.2681,5.5,10.0,"81 km SW of T?yb?d, Iran",us,us,Mainshock,5.0 - 5.99,POINT (60.2681 34.1326),
2020-01-01 12:59:03.756000+00:00,30.6259,51.6449,4.2,10.0,"7 km SE of Yasuj, Iran",us,us,Mainshock,4.0 - 4.99,POINT (51.6449 30.6259),
