Time,Latitude,Longitude,Magnitude,Depth,event_type,magnitude_range,geometry,Grid_ID
2025-03-18 21:04:25,36.56367,-121.07066,3.4,8.177,Mainshock,3.0 - 3.99,POINT (-121.07066 36.56367),38.0
2025-03-18 17:43:18,37.42283,-118.32967,3.19,5.86,Mainshock,3.0 - 3.99,POINT (-118.32967 37.42283),72.0
2025-03-18 10:46:02,39.78083,-123.56667,3.31,8.306,Mainshock,3.0 - 3.99,POINT (-123.56667 39.78083),19.0
2025-03-18 15:14:30,36.56333,-121.07467,3.52,7.967,Mainshock,3.0 - 3.99,POINT (-121.07467 36.56333),38.0
2025-03-18 15:18:14,36.56317,-121.07417,3.07,7.147,Aftershock,3.0 - 3.99,POINT (-121.07417 36.56317),38.0
2025-03-18 11:25:40,35.48867,-118.27817,3.54,5.704,Mainshock,3.0 - 3.99,POINT (-118.27817 35.48867),70.0
2025-03-18 21:15:10,38.211,-117.984,3.04,17.941,Mainshock,3.0 - 3.99,POINT (-117.984 38.211),84.0
2025-03-18 01:25:57,34.78483,-119.4755,3.29,10.716,Mainshock,3.0 - 3.99,POINT (-119.4755 34.78483),58.0
2025-03-18 06:26:39,35.02017,-123.84267,3.06,2.17,Mainshock,3.0 - 3.99,POINT (-123.84267 35.02017),15.0
2025-03-18 08:21:48,38.559,-119.62033,3.67,4.055,Mainshock,3.0 - 3.99,POINT (-119.62033 38.559),62.0
2025-03-18 23:25:51,38.55983,-119.6155,4.0,4.838,Mainshock,4.0 - 4.99,POINT (-119.6155 38.55983),62.0
2025-03-18 13:10:38,39.81783,-123.62534,3.45,5.366,Mainshock,3.0 - 3.99,POINT (-123.62534 39.81783),19.0
2025-03-18 17:49:43,36.26817,-120.84167,3.44,7.121,Mainshock,3.0 - 3.99,POINT (-120.84167 36.26817),49.0
2025-03-18 13:28:15,35.6665,-121.073,3.06,6.407,Mainshock,3.0 - 3.99,POINT (-121.073 35.6665),37.0
2025-03-18 00:02:32,38.81267,-122.81917,3.03,1.79,Mainshock,3.0 - 3.99,POINT (-122.81917 38.81267),29.0
2025-03-18 00:10:13,38.05217,-118.04617,5.3,11.772,Mainshock,5.0 - 5.99,POINT (-118.04617 38.05217),73.0
2025-03-18 00:13:45,38.046,-118.064,3.06,5.102,Aftershock,3.0 - 3.99,POINT (-118.064 38.046),73.0
2025-03-18 00:17:39,38.04667,-118.09866,3.19,6.612,Aftershock,3.0 - 3.99,POINT (-118.09866 38.04667),73.0
2025-03-18 00:39:19,38.03567,-118.04533,3.09,2.632,Mainshock,3.0 - 3.99,POINT (-118.04533 38.03567),73.0
2025-03-18 00:44:34,38.04283,-118.0455,3.01,3.89,Foreshock,3.0 - 3.99,POINT (-118.0455 38.04283),73.0
2025-03-18 00:49:06,38.045,-118.08683,3.49,3.562,Mainshock,3.0 - 3.99,POINT (-118.08683 38.045),73.0
2025-03-18 02:59:09,38.03267,-118.05483,3.68,7.112,Mainshock,3.0 - 3.99,POINT (-118.05483 38.03267),73.0
2025-03-18 03:07:32,38.03667,-118.04684,3.56,3.224,Mainshock,3.0 - 3.99,POINT (-118.04684 38.03667),73.0
2025-03-18 03:16:45,38.03483,-118.05183,3.15,2.554,Mainshock,3.0 - 3.99,POINT (-118.05183 38.03483),73.0
2025-03-18 05:38:01,38.03217,-118.07584,3.6,5.874,Mainshock,3.0 - 3.99,POINT (-118.07584 38.03217),73.0
2025-03-18 09:53:35,38.04033,-118.04433,3.93,5.314,Mainshock,3.0 - 3.99,POINT (-118.04433 38.04033),73.0
2025-03-18 17:05:15,38.038,-118.05434,3.54,3.51,Mainshock,3.0 - 3.99,POINT (-118.05434 38.038),73.0
2025-03-18 22:20:16,38.06116,-118.049,3.8,13.56,Mainshock,3.0 - 3.99,POINT (-118.049 38.06116),73.0
2025-03-18 21:18:20,39.67467,-123.54483,3.36,5.364,Mainshock,3.0 - 3.99,POINT (-123.54483 39.67467),19.0
2025-03-18 00:55:50,37.14783,-121.54134,3.15,6.377,Mainshock,3.0 - 3.99,POINT (-121.54134 37.14783),39.0
2025-03-18 14:13:21,38.03483,-118.078,3.27,3.155,Mainshock,3.0 - 3.99,POINT (-118.078 38.03483),73.0
2025-03-18 15:29:25,38.04283,-118.07166,4.18,10.714,Mainshock,4.0 - 4.99,POINT (-118.07166 38.04283),73.0
2025-03-18 20:48:23,38.13334,-118.26383,3.75,7.498,Mainshock,3.0 - 3.99,POINT (-118.26383 38.13334),73.0
2025-03-18 17:46:51,40.31233,-124.6685,4.18,14.071,Mainshock,4.0 - 4.99,POINT (-124.6685 40.31233),9.0
2025-03-18 07:59:45,38.7545,-122.73116,3.29,1.012,Mainshock,3.0 - 3.99,POINT (-122.73116 38.7545),29.0
2025-03-18 10:13:09,37.69167,-123.00267,3.31,6.826,Mainshock,3.0 - 3.99,POINT (-123.00267 37.69167),17.0
2025-03-18 04:14:17,38.0295,-118.06934,3.22,3.754,Mainshock,3.0 - 3.99,POINT (-118.06934 38.0295),73.0
2025-03-18 09:09:23,38.81233,-122.78616,4.44,1.343,Mainshock,4.0 - 4.99,POINT (-122.78616 38.81233),29.0
2025-03-18 09:10:09,38.827,-122.79733,3.95,2.63,Aftershock,3.0 - 3.99,POINT (-122.79733 38.827),29.0
2025-03-18 09:10:41,38.825,-122.79784,3.4,3.17,Aftershock,3.0 - 3.99,POINT (-122.79784 38.825),29.0
2025-03-18 03:05:02,38.64567,-119.553,3.14,-1.757,Mainshock,3.0 - 3.99,POINT (-119.553 38.64567),62.0
2025-03-18 04:00:39,39.56983,-123.06966,3.07,6.457,Mainshock,3.0 - 3.99,POINT (-123.06966 39.56983),19.0
2025-03-18 08:29:07,37.642,-118.9275,3.08,5.868,Mainshock,3.0 - 3.99,POINT (-118.9275 37.642),72.0
2025-03-18 17:25:40,40.61383,-124.96883,4.29,13.539,Mainshock,4.0 - 4.99,POINT (-124.96883 40.61383),9.0
2025-03-18 01:22:39,35.72467,-121.11234,3.62,6.409,Mainshock,3.0 - 3.99,POINT (-121.11234 35.72467),37.0
2025-03-18 03:19:30,37.59217,-118.79716,3.37,7.249,Mainshock,3.0 - 3.99,POINT (-118.79716 37.59217),72.0
2025-03-18 15:40:42,40.503,-124.52333,3.01,23.869,Mainshock,3.0 - 3.99,POINT (-124.52333 40.503),9.0
2025-03-18 12:02:29,37.47517,-118.3645,3.39,7.028,Mainshock,3.0 - 3.99,POINT (-118.3645 37.47517),72.0
2025-03-18 13:21:17,35.4955,-118.39367,3.15,11.431,Mainshock,3.0 - 3.99,POINT (-118.39367 35.4955),70.0
2025-03-18 00:09:10,38.7895,-122.74834,3.47,3.293,Mainshock,3.0 - 3.99,POINT (-122.74834 38.7895),29.0
2025-03-18 15:07:45,38.555,-119.6205,3.15,4.895,Mainshock,3.0 - 3.99,POINT (-119.6205 38.555),62.0
2025-03-18 00:30:39,37.46017,-121.77267,3.12,7.788,Mainshock,3.0 - 3.99,POINT (-121.77267 37.46017),39.0
2025-03-18 12:38:12,39.53117,-123.04,3.12,9.637,Mainshock,3.0 - 3.99,POINT (-123.04 39.53117),19.0
2025-03-18 01:56:01,36.17484,-117.85467,3.23,4.475,Mainshock,3.0 - 3.99,POINT (-117.85467 36.17484),82.0
2025-03-18 13:58:25,38.73433,-119.67433,3.12,-1.416,Mainshock,3.0 - 3.99,POINT (-119.67433 38.73433),62.0
2025-03-18 21:03:23,40.297,-124.38383,3.86,8.559,Mainshock,3.0 - 3.99,POINT (-124.38383 40.297),9.0
2025-03-18 05:12:24,37.3735,-121.7235,3.5,8.19,Mainshock,3.0 - 3.99,POINT (-121.7235 37.3735),39.0
2025-03-18 06:11:00,40.3305,-124.59133,3.57,19.901,Mainshock,3.0 - 3.99,POINT (-124.59133 40.3305),9.0
2025-03-18 10:04:57,34.8285,-119.2105,3.16,15.517,Mainshock,3.0 - 3.99,POINT (-119.2105 34.8285),58.0
2025-03-18 18:53:20,37.37783,-119.038,3.02,8.133,Mainshock,3.0 - 3.99,POINT (-119.038 37.37783),61.0
2025-03-18 13:46:08,40.28583,-124.46033,4.28,23.339,Mainshock,4.0 - 4.99,POINT (-124.46033 40.28583),9.0
2025-03-18 15:54:04,40.42317,-124.4905,3.78,24.619,Mainshock,3.0 - 3.99,POINT (-124.4905 40.42317),9.0
2025-03-18 03:47:08,40.19183,-121.0595,5.69,7.968,Mainshock,5.0 - 5.99,POINT (-121.0595 40.19183),42.0
2025-03-18 03:48:56,40.1835,-121.06783,4.2,-0.24,Aftershock,4.0 - 4.99,POINT (-121.06783 40.1835),42.0
2025-03-18 03:50:27,40.186,-121.06316,4.21,1.312,Aftershock,4.0 - 4.99,POINT (-121.06316 40.186),42.0
2025-03-18 03:51:20,40.19633,-121.06216,3.34,9.107,Aftershock,3.0 - 3.99,POINT (-121.06216 40.19633),42.0
2025-03-18 03:55:31,40.17916,-121.06216,3.44,4.235,Aftershock,3.0 - 3.99,POINT (-121.06216 40.17916),42.0
2025-03-18 03:55:56,40.1625,-121.0555,3.43,8.227,Aftershock,3.0 - 3.99,POINT (-121.0555 40.1625),42.0
2025-03-18 04:08:21,40.19333,-121.1115,3.12,5.669,Mainshock,3.0 - 3.99,POINT (-121.1115 40.19333),42.0
2025-03-18 04:58:09,40.17133,-121.06834,3.24,6.025,Foreshock,3.0 - 3.99,POINT (-121.06834 40.17133),42.0
2025-03-18 04:58:58,40.18833,-121.03933,3.42,3.025,Mainshock,3.0 - 3.99,POINT (-121.03933 40.18833),42.0
2025-03-18 05:01:56,40.17484,-121.047,3.36,4.878,Aftershock,3.0 - 3.99,POINT (-121.047 40.17484),42.0
2025-03-18 05:24:42,40.19717,-121.09067,3.0,6.695,Mainshock,3.0 - 3.99,POINT (-121.09067 40.19717),42.0
2025-03-18 06:44:58,40.20667,-121.09583,3.05,3.929,Mainshock,3.0 - 3.99,POINT (-121.09583 40.20667),42.0
2025-03-18 07:46:08,40.20133,-121.10717,3.72,5.428,Mainshock,3.0 - 3.99,POINT (-121.10717 40.20133),42.0
2025-03-18 08:02:19,40.1795,-121.07816,4.86,3.65,Mainshock,4.0 - 4.99,POINT (-121.07816 40.1795),42.0
2025-03-18 09:42:52,40.17433,-121.0695,3.99,4.148,Mainshock,3.0 - 3.99,POINT (-121.0695 40.17433),42.0
2025-03-18 09:52:19,40.18567,-121.07917,3.56,4.198,Mainshock,3.0 - 3.99,POINT (-121.07917 40.18567),42.0
2025-03-18 11:40:04,40.18083,-121.0575,3.6,3.748,Foreshock,3.0 - 3.99,POINT (-121.0575 40.18083),42.0
2025-03-18 11:40:15,40.17833,-121.04833,3.75,1.418,Mainshock,3.0 - 3.99,POINT (-121.04833 40.17833),42.0
2025-03-18 11:59:09,40.17533,-121.0515,3.04,2.699,Mainshock,3.0 - 3.99,POINT (-121.0515 40.17533),42.0
2025-03-18 15:26:21,40.17833,-121.04816,3.94,7.869,Mainshock,3.0 - 3.99,POINT (-121.04816 40.17833),42.0
2025-03-18 18:48:32,40.19533,-121.0915,3.15,7.558,Mainshock,3.0 - 3.99,POINT (-121.0915 40.19533),42.0
2025-03-18 18:58:14,40.19733,-121.06817,3.11,5.279,Aftershock,3.0 - 3.99,POINT (-121.06817 40.19733),42.0
2025-03-18 02:27:04,40.17583,-121.07233,3.27,5.675,Mainshock,3.0 - 3.99,POINT (-121.07233 40.17583),42.0
2025-03-18 18:43:03,40.17933,-121.051,3.47,6.257,Mainshock,3.0 - 3.99,POINT (-121.051 40.17933),42.0
2025-03-18 22:27:39,40.19217,-121.0495,3.37,9.982,Mainshock,3.0 - 3.99,POINT (-121.0495 40.19217),42.0
2025-03-18 08:03:24,40.14717,-121.08234,3.23,5.382,Foreshock,3.0 - 3.99,POINT (-121.08234 40.14717),42.0
2025-03-18 08:03:30,40.157,-121.06633,3.3,3.836,Foreshock,3.0 - 3.99,POINT (-121.06633 40.157),42.0
2025-03-18 14:01:08,36.06333,-120.20417,3.27,9.576,Mainshock,3.0 - 3.99,POINT (-120.20417 36.06333),49.0
2025-03-18 00:44:46,40.19217,-121.05083,3.01,4.742,Mainshock,3.0 - 3.99,POINT (-121.05083 40.19217),42.0
2025-03-18 21:08:34,40.18367,-121.09517,3.54,3.252,Mainshock,3.0 - 3.99,POINT (-121.09517 40.18367),42.0
2025-03-18 04:48:56,40.2045,-121.09717,3.08,4.565,Foreshock,3.0 - 3.99,POINT (-121.09717 40.2045),42.0
2025-03-18 15:06:01,36.19316,-117.9125,3.55,-1.221,Mainshock,3.0 - 3.99,POINT (-117.9125 36.19316),82.0
2025-03-18 20:35:28,38.78883,-122.762,3.25,1.023,Mainshock,3.0 - 3.99,POINT (-122.762 38.78883),29.0
2025-03-18 23:00:46,38.794,-122.7465,3.3,0.409,Mainshock,3.0 - 3.99,POINT (-122.7465 38.794),29.0
2025-03-18 03:56:34,40.2115,-121.11166,3.73,7.972,Mainshock,3.0 - 3.99,POINT (-121.11166 40.2115),42.0
2025-03-18 07:44:18,40.21467,-121.111,3.02,8.125,Mainshock,3.0 - 3.99,POINT (-121.111 40.21467),42.0
2025-03-18 22:16:58,41.3455,-123.37617,3.78,33.536,Mainshock,3.0 - 3.99,POINT (-123.37617 41.3455),21.0
2025-03-18 03:52:39,36.75367,-121.47017,3.87,6.396,Mainshock,3.0 - 3.99,POINT (-121.47017 36.75367),38.0
2025-03-18 21:05:00,36.63917,-121.2555,3.35,5.562,Mainshock,3.0 - 3.99,POINT (-121.2555 36.63917),38.0
2025-03-18 09:39:14,38.81183,-122.81483,3.22,2.64,Mainshock,3.0 - 3.99,POINT (-122.81483 38.81183),29.0
2025-03-18 07:41:16,34.88417,-119.18383,3.13,18.089,Mainshock,3.0 - 3.99,POINT (-119.18383 34.88417),58.0
2025-03-18 05:52:39,40.92617,-124.439,3.26,19.553,Mainshock,3.0 - 3.99,POINT (-124.439 40.92617),9.0
2025-03-18 06:31:31,40.20767,-121.02383,3.35,1.181,Mainshock,3.0 - 3.99,POINT (-121.02383 40.20767),42.0
2025-03-18 17:09:16,40.87217,-124.72234,3.13,24.185,Mainshock,3.0 - 3.99,POINT (-124.72234 40.87217),9.0
2025-03-18 22:40:37,38.80817,-122.79467,3.7,2.716,Mainshock,3.0 - 3.99,POINT (-122.79467 38.80817),29.0
2025-03-18 19:02:44,37.43233,-121.77167,3.28,9.52,Mainshock,3.0 - 3.99,POINT (-121.77167 37.43233),39.0
2025-03-18 01:16:10,38.80883,-122.8185,3.5,1.12,Mainshock,3.0 - 3.99,POINT (-122.8185 38.80883),29.0
2025-03-18 04:07:01,36.569,-121.1625,3.19,3.262,Mainshock,3.0 - 3.99,POINT (-121.1625 36.569),38.0
2025-03-18 00:54:03,40.18133,-121.05,3.02,6.811,Mainshock,3.0 - 3.99,POINT (-121.05 40.18133),42.0
2025-03-18 16:46:02,35.492,-118.29,3.84,11.611,Mainshock,3.0 - 3.99,POINT (-118.29 35.492),70.0
2025-03-18 22:36:37,38.81017,-122.81133,3.25,0.57,Mainshock,3.0 - 3.99,POINT (-122.81133 38.81017),29.0
2025-03-18 17:31:43,35.48767,-118.284,3.15,7.281,Mainshock,3.0 - 3.99,POINT (-118.284 35.48767),70.0
2025-03-18 03:29:17,39.98917,-120.8745,3.13,3.966,Mainshock,3.0 - 3.99,POINT (-120.8745 39.98917),52.0
2025-03-18 11:46:41,38.75283,-122.71183,3.23,0.514,Mainshock,3.0 - 3.99,POINT (-122.71183 38.75283),29.0
2025-03-18 02:25:49,40.80817,-124.40183,4.47,20.433,Mainshock,4.0 - 4.99,POINT (-124.40183 40.80817),9.0
2025-03-18 05:30:54,36.141,-118.074,3.89,4.42,Mainshock,3.0 - 3.99,POINT (-118.074 36.141),71.0
2025-03-18 05:43:48,36.12533,-118.06834,3.23,3.729,Mainshock,3.0 - 3.99,POINT (-118.06834 36.12533),71.0
2025-03-18 15:02:33,36.07617,-120.63917,3.35,5.034,Mainshock,3.0 - 3.99,POINT (-120.63917 36.07617),49.0
2025-03-18 07:32:34,36.025,-117.77617,3.74,3.339,Mainshock,3.0 - 3.99,POINT (-117.77617 36.025),82.0
2025-03-18 05:28:30,38.02983,-118.07833,3.36,2.835,Mainshock,3.0 - 3.99,POINT (-118.07833 38.02983),73.0
2025-03-18 14:40:25,35.4865,-118.27966,3.65,8.401,Mainshock,3.0 - 3.99,POINT (-118.27966 35.4865),70.0
2025-03-18 08:05:05,40.35767,-124.09216,3.17,28.876,Mainshock,3.0 - 3.99,POINT (-124.09216 40.35767),9.0
2025-03-18 08:12:50,40.35917,-124.08984,3.02,28.661,Mainshock,3.0 - 3.99,POINT (-124.08984 40.35917),9.0
2025-03-18 11:08:19,40.14533,-121.03017,3.43,-1.074,Foreshock,3.0 - 3.99,POINT (-121.03017 40.14533),42.0
2025-03-18 11:08:47,40.17017,-121.0345,3.13,-0.804,Foreshock,3.0 - 3.99,POINT (-121.0345 40.17017),42.0
2025-03-18 11:09:55,40.16,-121.028,3.63,-0.034,Mainshock,3.0 - 3.99,POINT (-121.028 40.16),42.0
2025-03-18 07:11:54,35.4865,-118.2855,3.37,7.141,Mainshock,3.0 - 3.99,POINT (-118.2855 35.4865),70.0
2025-03-18 01:16:30,34.58633,-120.96233,4.1,2.727,Mainshock,4.0 - 4.99,POINT (-120.96233 34.58633),47.0
2025-03-18 18:59:18,35.49017,-118.267,3.6,7.571,Mainshock,3.0 - 3.99,POINT (-118.267 35.49017),70.0
2025-03-18 00:51:43,39.67567,-119.68034,4.23,11.599,Mainshock,4.0 - 4.99,POINT (-119.68034 39.67567),63.0
2025-03-18 04:43:05,38.762,-122.7125,3.76,1.072,Mainshock,3.0 - 3.99,POINT (-122.7125 38.762),29.0
2025-03-18 20:08:56,37.63883,-118.939,3.08,5.849,Mainshock,3.0 - 3.99,POINT (-118.939 37.63883),72.0
2025-03-18 10:38:16,40.39067,-124.6515,3.0,20.231,Mainshock,3.0 - 3.99,POINT (-124.6515 40.39067),9.0
2025-03-18 21:08:53,37.36433,-118.57616,3.34,11.568,Mainshock,3.0 - 3.99,POINT (-118.57616 37.36433),72.0
2025-03-18 00:40:54,40.262,-124.29117,3.17,20.61,Mainshock,3.0 - 3.99,POINT (-124.29117 40.262),9.0
2025-03-18 19:02:43,39.22867,-122.70184,3.11,11.837,Mainshock,3.0 - 3.99,POINT (-122.70184 39.22867),30.0
2025-03-18 14:13:30,38.65183,-119.44,3.24,6.467,Mainshock,3.0 - 3.99,POINT (-119.44 38.65183),62.0
2025-03-18 21:36:34,40.455,-123.40717,3.84,33.027,Mainshock,3.0 - 3.99,POINT (-123.40717 40.455),20.0
2025-03-18 20:38:31,38.8345,-122.801,3.12,1.45,Mainshock,3.0 - 3.99,POINT (-122.801 38.8345),29.0
2025-03-18 14:42:06,40.44733,-124.16517,3.9,27.96,Mainshock,3.0 - 3.99,POINT (-124.16517 40.44733),9.0
2025-03-18 01:34:22,35.66817,-118.47933,3.34,12.093,Mainshock,3.0 - 3.99,POINT (-118.47933 35.66817),70.0
2025-03-18 07:20:23,37.52617,-118.85217,3.07,6.489,Mainshock,3.0 - 3.99,POINT (-118.85217 37.52617),72.0
2025-03-18 09:37:21,37.52733,-118.85367,3.35,6.669,Mainshock,3.0 - 3.99,POINT (-118.85367 37.52733),72.0
2025-03-18 18:29:39,38.02683,-118.11983,3.11,5.304,Mainshock,3.0 - 3.99,POINT (-118.11983 38.02683),73.0
2025-03-18 23:05:37,40.9835,-124.74983,4.94,8.635,Mainshock,4.0 - 4.99,POINT (-124.74983 40.9835),9.0
2025-03-18 04:27:01,37.3795,-118.40183,3.09,5.653,Mainshock,3.0 - 3.99,POINT (-118.40183 37.3795),72.0
2025-03-18 07:07:05,36.1525,-118.0695,3.13,4.399,Mainshock,3.0 - 3.99,POINT (-118.0695 36.1525),71.0
2025-03-18 08:07:26,37.88267,-122.2305,3.15,6.915,Mainshock,3.0 - 3.99,POINT (-122.2305 37.88267),28.0
2025-03-18 04:02:24,36.59983,-121.21133,3.38,8.412,Mainshock,3.0 - 3.99,POINT (-121.21133 36.59983),38.0
2025-03-18 20:17:19,39.39783,-123.27033,3.1,4.543,Mainshock,3.0 - 3.99,POINT (-123.27033 39.39783),19.0
2025-03-18 17:04:10,37.531,-118.82516,3.75,5.858,Mainshock,3.0 - 3.99,POINT (-118.82516 37.531),72.0
2025-03-18 17:05:11,37.51283,-118.834,3.14,2.514,Aftershock,3.0 - 3.99,POINT (-118.834 37.51283),72.0
2025-03-18 17:19:32,37.47133,-118.84333,3.2,5.247,Mainshock,3.0 - 3.99,POINT (-118.84333 37.47133),72.0
2025-03-18 17:40:03,37.47033,-118.84383,3.15,5.147,Mainshock,3.0 - 3.99,POINT (-118.84383 37.47033),72.0
2025-03-18 04:59:21,38.74483,-122.72234,3.25,1.354,Mainshock,3.0 - 3.99,POINT (-122.72234 38.74483),29.0
2025-03-18 18:54:26,39.89317,-120.84084,3.06,1.562,Mainshock,3.0 - 3.99,POINT (-120.84084 39.89317),52.0
2025-03-18 18:24:17,40.6805,-123.472,3.19,31.442,Mainshock,3.0 - 3.99,POINT (-123.472 40.6805),20.0
2025-03-18 06:19:41,36.24883,-120.81567,3.2,6.698,Mainshock,3.0 - 3.99,POINT (-120.81567 36.24883),49.0
2025-03-18 17:30:30,37.78633,-121.96584,3.32,10.066,Mainshock,3.0 - 3.99,POINT (-121.96584 37.78633),39.0
2025-03-18 08:47:18,38.78767,-122.761,3.43,1.563,Mainshock,3.0 - 3.99,POINT (-122.761 38.78767),29.0
2025-03-18 22:45:09,40.30583,-124.56084,3.65,16.791,Mainshock,3.0 - 3.99,POINT (-124.56084 40.30583),9.0
2025-03-18 00:48:54,40.36967,-123.71533,3.41,28.709,Mainshock,3.0 - 3.99,POINT (-123.71533 40.36967),20.0
2025-03-18 02:35:46,37.50333,-118.83733,3.02,2.297,Mainshock,3.0 - 3.99,POINT (-118.83733 37.50333),72.0
2025-03-18 10:05:21,36.9395,-121.53567,3.65,7.83,Mainshock,3.0 - 3.99,POINT (-121.53567 36.9395),38.0
2025-03-18 02:15:04,36.13267,-118.07267,3.54,-0.903,Mainshock,3.0 - 3.99,POINT (-118.07267 36.13267),71.0
2025-03-18 04:25:57,36.135,-118.13216,3.01,-1.163,Mainshock,3.0 - 3.99,POINT (-118.13216 36.135),71.0
2025-03-18 10:57:29,38.79016,-122.778,3.41,2.176,Aftershock,3.0 - 3.99,POINT (-122.778 38.79016),29.0
2025-03-18 06:44:55,38.67617,-122.38966,3.65,9.628,Mainshock,3.0 - 3.99,POINT (-122.38966 38.67617),29.0
2025-03-18 07:49:57,35.81133,-119.80083,4.08,21.746,Mainshock,4.0 - 4.99,POINT (-119.80083 35.81133),59.0
2025-03-18 13:28:01,40.6915,-124.50633,4.11,17.673,Mainshock,4.0 - 4.99,POINT (-124.50633 40.6915),9.0
2025-03-18 13:39:26,36.1405,-118.058,4.27,8.943,Mainshock,4.0 - 4.99,POINT (-118.058 36.1405),71.0
2025-03-18 14:01:30,36.13617,-118.0735,3.47,2.775,Mainshock,3.0 - 3.99,POINT (-118.0735 36.13617),71.0
2025-03-18 18:03:49,36.13517,-118.07183,3.42,0.47,Mainshock,3.0 - 3.99,POINT (-118.07183 36.13517),71.0
2025-03-18 18:24:48,36.1165,-118.05983,3.18,3.55,Mainshock,3.0 - 3.99,POINT (-118.05983 36.1165),71.0
2025-03-18 18:36:32,36.11633,-118.056,3.28,3.53,Mainshock,3.0 - 3.99,POINT (-118.056 36.11633),71.0
2025-03-18 18:56:02,36.11234,-118.07516,3.49,3.552,Mainshock,3.0 - 3.99,POINT (-118.07516 36.11234),71.0
2025-03-18 10:28:49,40.5145,-124.82267,4.3,9.819,Mainshock,4.0 - 4.99,POINT (-124.82267 40.5145),9.0
2025-03-18 05:00:51,36.232,-118.33033,3.53,-1.363,Mainshock,3.0 - 3.99,POINT (-118.33033 36.232),71.0
2025-03-18 15:47:16,35.66833,-118.464,3.25,10.787,Mainshock,3.0 - 3.99,POINT (-118.464 35.66833),70.0
2025-03-18 06:23:09,40.29,-124.45267,4.02,20.031,Mainshock,4.0 - 4.99,POINT (-124.45267 40.29),9.0
2025-03-18 09:32:27,38.78667,-122.74084,3.25,1.333,Mainshock,3.0 - 3.99,POINT (-122.74084 38.78667),29.0
2025-03-18 12:04:50,39.07117,-118.1715,3.43,-0.825,Mainshock,3.0 - 3.99,POINT (-118.1715 39.07117),74.0
2025-03-18 20:24:46,38.8135,-122.81617,4.53,1.9,Mainshock,4.0 - 4.99,POINT (-122.81617 38.8135),29.0
2025-03-18 06:10:22,38.57267,-118.423,3.65,2.66,Mainshock,3.0 - 3.99,POINT (-118.423 38.57267),73.0
2025-03-18 04:52:35,36.85683,-121.42883,3.2,9.973,Mainshock,3.0 - 3.99,POINT (-121.42883 36.85683),38.0
2025-03-18 08:18:14,36.5725,-121.035,3.03,7.622,Mainshock,3.0 - 3.99,POINT (-121.035 36.5725),38.0
2025-03-18 16:35:21,36.7655,-121.3595,3.01,8.564,Mainshock,3.0 - 3.99,POINT (-121.3595 36.7655),38.0
2025-03-18 22:47:48,36.98317,-121.46584,3.06,3.773,Mainshock,3.0 - 3.99,POINT (-121.46584 36.98317),38.0
2025-03-18 09:32:58,36.81717,-121.54166,3.06,4.762,Foreshock,3.0 - 3.99,POINT (-121.54166 36.81717),38.0
2025-03-18 11:11:11,38.83933,-122.8385,3.87,1.733,Mainshock,3.0 - 3.99,POINT (-122.8385 38.83933),29.0
2025-03-18 23:35:33,35.314,-118.49267,3.39,7.563,Mainshock,3.0 - 3.99,POINT (-118.49267 35.314),70.0
2025-03-18 16:27:30,39.42283,-119.595,3.03,-2.04,Mainshock,3.0 - 3.99,POINT (-119.595 39.42283),63.0
2025-03-18 09:22:52,35.30717,-118.4795,3.06,5.594,Mainshock,3.0 - 3.99,POINT (-118.4795 35.30717),70.0
2025-03-18 07:00:00,39.42383,-119.597,3.03,-2.114,Mainshock,3.0 - 3.99,POINT (-119.597 39.42383),63.0
2025-03-18 10:32:02,39.42783,-119.58217,3.1,2.254,Mainshock,3.0 - 3.99,POINT (-119.58217 39.42783),63.0
2025-03-18 11:22:58,39.4255,-119.59116,3.05,-1.801,Mainshock,3.0 - 3.99,POINT (-119.59116 39.4255),63.0
2025-03-18 05:31:18,34.99967,-119.0885,3.68,20.297,Mainshock,3.0 - 3.99,POINT (-119.0885 34.99967),58.0
2025-03-18 09:08:06,37.62883,-119.027,3.06,2.501,Mainshock,3.0 - 3.99,POINT (-119.027 37.62883),61.0
2025-03-18 02:55:42,40.29183,-124.50983,3.56,13.627,Mainshock,3.0 - 3.99,POINT (-124.50983 40.29183),9.0
2025-03-18 19:42:21,35.526,-121.271,4.13,2.927,Mainshock,4.0 - 4.99,POINT (-121.271 35.526),37.0
2025-03-18 08:30:23,35.486,-118.28633,3.12,5.4,Mainshock,3.0 - 3.99,POINT (-118.28633 35.486),70.0
2025-03-18 21:58:22,35.53467,-121.2565,3.05,3.536,Mainshock,3.0 - 3.99,POINT (-121.2565 35.53467),37.0
2025-03-18 15:07:23,35.9385,-120.48867,3.2,9.661,Mainshock,3.0 - 3.99,POINT (-120.48867 35.9385),48.0
2025-03-18 16:31:04,35.87233,-121.49433,3.16,8.977,Mainshock,3.0 - 3.99,POINT (-121.49433 35.87233),37.0
2025-03-18 00:34:41,35.30367,-118.468,3.6,5.155,Mainshock,3.0 - 3.99,POINT (-118.468 35.30367),70.0
2025-03-18 09:03:02,40.34433,-124.3455,3.08,30.124,Mainshock,3.0 - 3.99,POINT (-124.3455 40.34433),9.0
2025-03-18 18:52:30,35.86517,-121.49934,4.06,9.324,Mainshock,4.0 - 4.99,POINT (-121.49934 35.86517),37.0
2025-03-18 00:55:55,35.70917,-121.063,3.13,9.286,Foreshock,3.0 - 3.99,POINT (-121.063 35.70917),37.0
2025-03-18 12:53:20,36.3975,-121.92117,3.43,8.712,Mainshock,3.0 - 3.99,POINT (-121.92117 36.3975),38.0
2025-03-18 18:59:48,36.09867,-117.85233,3.15,4.669,Mainshock,3.0 - 3.99,POINT (-117.85233 36.09867),82.0
2025-03-18 06:22:45,40.71883,-124.93716,3.33,3.154,Mainshock,3.0 - 3.99,POINT (-124.93716 40.71883),9.0
2025-03-18 15:16:29,40.44833,-124.87534,3.65,7.434,Mainshock,3.0 - 3.99,POINT (-124.87534 40.44833),9.0
2025-03-18 02:11:03,36.11033,-118.05117,4.41,5.32,Mainshock,4.0 - 4.99,POINT (-118.05117 36.11033),71.0
2025-03-18 02:26:29,36.09533,-118.05517,3.18,4.136,Mainshock,3.0 - 3.99,POINT (-118.05517 36.09533),71.0
2025-03-18 16:32:35,40.34817,-124.61034,4.0,19.005,Mainshock,4.0 - 4.99,POINT (-124.61034 40.34817),9.0
2025-03-18 15:12:19,34.61917,-118.6565,3.67,4.644,Mainshock,3.0 - 3.99,POINT (-118.6565 34.61917),69.0
2025-03-18 00:54:20,40.30583,-124.50383,3.04,6.295,Mainshock,3.0 - 3.99,POINT (-124.50383 40.30583),9.0
2025-03-18 02:32:46,40.30717,-124.52783,3.3,6.665,Mainshock,3.0 - 3.99,POINT (-124.52783 40.30717),9.0
2025-03-18 09:44:03,40.307,-124.47884,3.32,7.561,Mainshock,3.0 - 3.99,POINT (-124.47884 40.307),9.0
2025-03-18 09:57:08,40.30684,-124.51266,3.95,6.939,Mainshock,3.0 - 3.99,POINT (-124.51266 40.30684),9.0
2025-03-18 17:07:20,40.29783,-124.49983,3.22,3.813,Mainshock,3.0 - 3.99,POINT (-124.49983 40.29783),9.0
2025-03-18 18:17:00,36.16917,-120.73367,3.14,8.718,Mainshock,3.0 - 3.99,POINT (-120.73367 36.16917),49.0
2025-03-18 20:35:39,36.0755,-118.05233,3.03,5.34,Mainshock,3.0 - 3.99,POINT (-118.05233 36.0755),71.0
2025-03-18 06:41:34,36.58867,-121.19334,3.27,6.181,Mainshock,3.0 - 3.99,POINT (-121.19334 36.58867),38.0
2025-03-18 16:27:05,39.27883,-122.78967,3.34,6.981,Mainshock,3.0 - 3.99,POINT (-122.78967 39.27883),30.0
2025-03-18 04:04:54,38.44933,-122.254,3.63,7.831,Mainshock,3.0 - 3.99,POINT (-122.254 38.44933),29.0
2025-03-18 19:06:18,35.676,-118.46967,3.23,12.673,Aftershock,3.0 - 3.99,POINT (-118.46967 35.676),70.0
2025-03-18 12:15:12,35.475,-118.53033,4.0,7.494,Mainshock,4.0 - 4.99,POINT (-118.53033 35.475),70.0
2025-03-18 05:12:17,35.46967,-118.52467,3.39,7.274,Foreshock,3.0 - 3.99,POINT (-118.52467 35.46967),70.0
2025-03-18 15:35:40,38.58583,-118.42917,3.08,0.642,Aftershock,3.0 - 3.99,POINT (-118.42917 38.58583),73.0
2025-03-18 00:12:08,38.585,-118.41766,3.88,-1.6,Mainshock,3.0 - 3.99,POINT (-118.41766 38.585),73.0
2025-03-18 10:48:19,35.452,-118.34367,3.59,5.353,Mainshock,3.0 - 3.99,POINT (-118.34367 35.452),70.0
2025-03-18 21:39:50,38.81483,-122.80434,3.29,1.932,Mainshock,3.0 - 3.99,POINT (-122.80434 38.81483),29.0
2025-03-18 07:25:15,37.48717,-118.84666,3.24,4.957,Mainshock,3.0 - 3.99,POINT (-118.84666 37.48717),72.0
2025-03-18 01:14:43,40.23667,-121.16084,3.67,5.505,Mainshock,3.0 - 3.99,POINT (-121.16084 40.23667),42.0
2025-03-18 01:33:15,40.39233,-124.99017,3.02,0.981,Mainshock,3.0 - 3.99,POINT (-124.99017 40.39233),9.0
2025-03-18 07:48:33,38.4065,-119.36417,4.02,9.1,Mainshock,4.0 - 4.99,POINT (-119.36417 38.4065),62.0
2025-03-18 23:54:19,40.3455,-124.42017,4.14,18.121,Mainshock,4.0 - 4.99,POINT (-124.42017 40.3455),9.0
2025-03-18 08:53:42,35.7345,-121.11217,3.5,3.917,Mainshock,3.0 - 3.99,POINT (-121.11217 35.7345),37.0
2025-03-18 13:19:40,35.337,-118.551,3.06,9.426,Mainshock,3.0 - 3.99,POINT (-118.551 35.337),70.0
2025-03-18 17:51:10,34.96717,-119.28533,3.02,2.066,Mainshock,3.0 - 3.99,POINT (-119.28533 34.96717),58.0
2025-03-18 00:38:35,37.40217,-118.59817,3.38,11.59,Mainshock,3.0 - 3.99,POINT (-118.59817 37.40217),72.0
2025-03-18 23:57:46,35.01067,-119.3205,3.46,0.936,Mainshock,3.0 - 3.99,POINT (-119.3205 35.01067),59.0
2025-03-18 00:31:53,36.28217,-120.37,3.04,9.779,Mainshock,3.0 - 3.99,POINT (-120.37 36.28217),49.0
2025-03-18 03:56:51,35.854,-119.80534,3.13,8.326,Mainshock,3.0 - 3.99,POINT (-119.80534 35.854),59.0
2025-03-18 10:12:22,35.84367,-119.7975,3.06,9.063,Mainshock,3.0 - 3.99,POINT (-119.7975 35.84367),59.0
2025-03-18 14:34:56,35.84633,-119.79417,3.32,7.336,Mainshock,3.0 - 3.99,POINT (-119.79417 35.84633),59.0
2025-03-18 17:00:26,40.5565,-124.254,3.2,23.822,Mainshock,3.0 - 3.99,POINT (-124.254 40.5565),9.0
2025-03-18 17:02:52,35.82483,-119.847,3.01,10.038,Mainshock,3.0 - 3.99,POINT (-119.847 35.82483),59.0
2025-03-18 22:01:36,35.81617,-119.8805,3.37,8.832,Mainshock,3.0 - 3.99,POINT (-119.8805 35.81617),59.0
2025-03-18 15:17:23,35.40167,-118.47134,3.98,6.489,Mainshock,3.0 - 3.99,POINT (-118.47134 35.40167),70.0
2025-03-18 01:51:34,37.81233,-122.95284,3.1,8.189,Mainshock,3.0 - 3.99,POINT (-122.95284 37.81233),28.0
2025-03-18 04:30:54,36.18567,-118.3295,3.35,-1.265,Mainshock,3.0 - 3.99,POINT (-118.3295 36.18567),71.0
2025-03-18 09:04:44,36.18067,-118.06983,3.15,-0.709,Mainshock,3.0 - 3.99,POINT (-118.06983 36.18067),71.0
2025-03-18 09:04:58,35.8715,-119.1,3.15,8.265,Mainshock,3.0 - 3.99,POINT (-119.1 35.8715),59.0
2025-03-18 18:32:17,36.12867,-117.97984,3.2,-1.361,Mainshock,3.0 - 3.99,POINT (-117.97984 36.12867),82.0
2025-03-18 19:05:46,36.12917,-118.0195,3.17,-1.169,Aftershock,3.0 - 3.99,POINT (-118.0195 36.12917),71.0
2025-03-18 00:54:57,36.138,-118.00367,3.67,-1.149,Mainshock,3.0 - 3.99,POINT (-118.00367 36.138),71.0
2025-03-18 10:29:56,37.65383,-118.85133,3.04,5.556,Mainshock,3.0 - 3.99,POINT (-118.85133 37.65383),72.0
2025-03-18 00:16:48,39.20083,-119.72417,3.33,3.871,Mainshock,3.0 - 3.99,POINT (-119.72417 39.20083),63.0
2025-03-18 05:31:15,36.76767,-121.47816,3.07,6.382,Mainshock,3.0 - 3.99,POINT (-121.47816 36.76767),38.0
2025-03-18 06:08:04,41.89767,-119.65117,3.03,17.527,Mainshock,3.0 - 3.99,POINT (-119.65117 41.89767),65.0
2025-03-18 17:23:56,36.97717,-121.4635,3.31,5.054,Mainshock,3.0 - 3.99,POINT (-121.4635 36.97717),38.0
2025-03-18 21:09:34,36.97467,-121.462,3.17,4.574,Foreshock,3.0 - 3.99,POINT (-121.462 36.97467),38.0
2025-03-18 21:10:09,36.97033,-121.46017,3.26,3.788,Mainshock,3.0 - 3.99,POINT (-121.46017 36.97033),38.0
2025-03-18 02:40:49,41.898,-119.691,3.03,20.567,Mainshock,3.0 - 3.99,POINT (-119.691 41.898),65.0
2025-03-18 21:34:21,36.04716,-117.855,3.12,-1.361,Mainshock,3.0 - 3.99,POINT (-117.855 36.04716),82.0
2025-03-18 20:01:14,40.59283,-124.09666,3.22,18.841,Mainshock,3.0 - 3.99,POINT (-124.09666 40.59283),9.0
2025-03-18 12:40:01,38.25566,-122.32317,3.03,8.107,Mainshock,3.0 - 3.99,POINT (-122.32317 38.25566),29.0
2025-03-18 09:24:02,37.36267,-118.53983,3.09,7.369,Mainshock,3.0 - 3.99,POINT (-118.53983 37.36267),72.0
2025-03-18 16:48:23,35.9405,-120.49216,3.44,10.334,Mainshock,3.0 - 3.99,POINT (-120.49216 35.9405),48.0
2025-03-18 16:46:29,35.1985,-118.73666,3.39,7.633,Mainshock,3.0 - 3.99,POINT (-118.73666 35.1985),70.0
2025-03-18 05:06:29,36.1175,-118.04183,3.07,-0.77,Mainshock,3.0 - 3.99,POINT (-118.04183 36.1175),71.0
2025-03-18 00:36:56,41.87967,-119.67083,3.04,21.597,Mainshock,3.0 - 3.99,POINT (-119.67083 41.87967),65.0
2025-03-18 04:00:35,41.91133,-119.66866,3.4,19.107,Mainshock,3.0 - 3.99,POINT (-119.66866 41.91133),65.0
2025-03-18 09:13:16,41.89783,-119.66483,3.36,18.427,Mainshock,3.0 - 3.99,POINT (-119.66483 41.89783),65.0
2025-03-18 08:34:19,36.78133,-121.38934,3.0,3.006,Aftershock,3.0 - 3.99,POINT (-121.38934 36.78133),38.0
2025-03-18 04:33:49,36.68683,-121.01317,3.84,7.822,Mainshock,3.0 - 3.99,POINT (-121.01317 36.68683),38.0
2025-03-18 10:20:44,38.21517,-122.31233,6.02,11.12,Mainshock,6.0 - 6.99,POINT (-122.31233 38.21517),29.0
2025-03-18 10:21:10,38.76017,-122.72567,3.8,0.18,Mainshock,3.0 - 3.99,POINT (-122.72567 38.76017),29.0
2025-03-18 10:21:45,38.235,-122.31983,3.81,9.001,Mainshock,3.0 - 3.99,POINT (-122.31983 38.235),29.0
2025-03-18 10:24:44,38.25983,-122.33733,3.51,10.343,Aftershock,3.0 - 3.99,POINT (-122.33733 38.25983),29.0
2025-03-18 12:47:12,38.23833,-122.3425,3.6,8.439,Aftershock,3.0 - 3.99,POINT (-122.3425 38.23833),29.0
2025-03-18 12:33:16,38.1785,-122.30083,3.9,12.577,Mainshock,3.0 - 3.99,POINT (-122.30083 38.1785),29.0
2025-03-18 12:33:22,38.16617,-122.29984,3.73,10.405,Aftershock,3.0 - 3.99,POINT (-122.29984 38.16617),29.0
2025-03-18 17:04:19,41.89067,-119.66217,3.04,15.387,Aftershock,3.0 - 3.99,POINT (-119.66217 41.89067),65.0
2025-03-18 08:46:58,41.88217,-119.653,3.55,15.247,Mainshock,3.0 - 3.99,POINT (-119.653 41.88217),65.0
2025-03-18 23:32:05,36.687,-121.31934,3.41,5.858,Mainshock,3.0 - 3.99,POINT (-121.31934 36.687),38.0
2025-03-18 08:56:20,38.23583,-122.3285,3.24,9.55,Mainshock,3.0 - 3.99,POINT (-122.3285 38.23583),29.0
2025-03-18 16:10:37,36.979,-121.46416,3.36,5.272,Mainshock,3.0 - 3.99,POINT (-121.46416 36.979),38.0
2025-03-18 04:18:56,34.52883,-118.79266,3.63,11.291,Mainshock,3.0 - 3.99,POINT (-118.79266 34.52883),69.0
2025-03-18 06:10:57,35.64133,-121.07883,3.09,3.739,Mainshock,3.0 - 3.99,POINT (-121.07883 35.64133),37.0
2025-03-18 18:17:57,36.68133,-121.31116,3.58,5.848,Mainshock,3.0 - 3.99,POINT (-121.31116 36.68133),38.0
2025-03-18 00:08:42,39.23533,-120.10117,3.41,4.037,Mainshock,3.0 - 3.99,POINT (-120.10117 39.23533),52.0
2025-03-18 12:20:04,35.407,-117.80917,3.13,10.919,Mainshock,3.0 - 3.99,POINT (-117.80917 35.407),81.0
2025-03-18 20:17:46,39.75217,-123.13316,3.55,7.079,Mainshock,3.0 - 3.99,POINT (-123.13316 39.75217),19.0
2025-03-18 00:56:56,35.84783,-118.03183,3.23,5.256,Mainshock,3.0 - 3.99,POINT (-118.03183 35.84783),70.0
2025-03-18 04:20:35,41.89183,-119.675,3.38,17.747,Mainshock,3.0 - 3.99,POINT (-119.675 41.89183),65.0
2025-03-18 00:33:21,36.02533,-117.86,3.48,6.277,Mainshock,3.0 - 3.99,POINT (-117.86 36.02533),82.0
2025-03-18 00:30:09,37.64533,-118.84766,3.16,4.409,Mainshock,3.0 - 3.99,POINT (-118.84766 37.64533),72.0
2025-03-18 03:32:45,37.65333,-118.85167,3.54,3.959,Mainshock,3.0 - 3.99,POINT (-118.85167 37.65333),72.0
2025-03-18 04:21:19,37.65167,-118.85133,3.52,3.509,Foreshock,3.0 - 3.99,POINT (-118.85133 37.65167),72.0
2025-03-18 04:21:28,37.65183,-118.86083,3.53,4.166,Mainshock,3.0 - 3.99,POINT (-118.86083 37.65183),72.0
2025-03-18 05:46:24,37.65883,-118.84967,3.03,4.149,Mainshock,3.0 - 3.99,POINT (-118.84967 37.65883),72.0
2025-03-18 20:45:13,36.6255,-120.83366,4.43,6.99,Mainshock,4.0 - 4.99,POINT (-120.83366 36.6255),49.0
2025-03-18 12:46:08,41.88733,-119.68533,3.91,19.297,Mainshock,3.0 - 3.99,POINT (-119.68533 41.88733),65.0
2025-03-18 13:24:26,41.903,-119.702,3.1,20.067,Mainshock,3.0 - 3.99,POINT (-119.702 41.903),65.0
2025-03-18 15:45:08,39.31717,-123.48634,3.93,3.403,Mainshock,3.0 - 3.99,POINT (-123.48634 39.31717),19.0
2025-03-18 11:01:47,40.325,-119.811,3.13,0.45,Mainshock,3.0 - 3.99,POINT (-119.811 40.325),64.0
2025-03-18 04:03:24,40.16,-123.20783,3.06,36.705,Mainshock,3.0 - 3.99,POINT (-123.20783 40.16),20.0
2025-03-18 04:49:57,37.47817,-118.78467,3.05,4.895,Mainshock,3.0 - 3.99,POINT (-118.78467 37.47817),72.0
2025-03-18 12:37:51,35.31417,-118.55766,3.17,-0.226,Mainshock,3.0 - 3.99,POINT (-118.55766 35.31417),70.0
2025-03-18 12:38:10,37.47817,-118.786,3.02,3.905,Mainshock,3.0 - 3.99,POINT (-118.786 37.47817),72.0
2025-03-18 09:34:14,41.898,-119.75567,3.26,20.157,Mainshock,3.0 - 3.99,POINT (-119.75567 41.898),65.0
2025-03-18 00:13:50,37.47667,-118.78217,3.6,5.608,Mainshock,3.0 - 3.99,POINT (-118.78217 37.47667),72.0
2025-03-18 00:15:50,37.47733,-118.783,3.08,4.713,Aftershock,3.0 - 3.99,POINT (-118.783 37.47733),72.0
2025-03-18 00:20:54,37.47883,-118.7855,3.54,4.725,Mainshock,3.0 - 3.99,POINT (-118.7855 37.47883),72.0
2025-03-18 19:20:09,37.47983,-118.78967,3.06,4.245,Mainshock,3.0 - 3.99,POINT (-118.78967 37.47983),72.0
2025-03-18 20:31:47,37.48117,-118.7865,3.42,4.435,Mainshock,3.0 - 3.99,POINT (-118.7865 37.48117),72.0
2025-03-18 20:45:05,37.48017,-118.78833,3.06,4.685,Aftershock,3.0 - 3.99,POINT (-118.78833 37.48017),72.0
2025-03-18 06:22:27,37.47217,-118.78584,3.21,4.715,Mainshock,3.0 - 3.99,POINT (-118.78584 37.47217),72.0
2025-03-18 14:24:04,40.26733,-124.37267,4.24,22.329,Mainshock,4.0 - 4.99,POINT (-124.37267 40.26733),9.0
2025-03-18 14:31:15,36.11367,-118.06184,4.03,-0.962,Mainshock,4.0 - 4.99,POINT (-118.06184 36.11367),71.0
2025-03-18 04:36:35,38.80167,-122.76833,3.59,1.236,Mainshock,3.0 - 3.99,POINT (-122.76833 38.80167),29.0
2025-03-18 15:16:33,41.902,-119.67683,3.87,19.237,Mainshock,3.0 - 3.99,POINT (-119.67683 41.902),65.0
2025-03-18 02:44:31,40.40783,-124.89267,3.39,10.993,Mainshock,3.0 - 3.99,POINT (-124.89267 40.40783),9.0
2025-03-18 10:47:58,41.89317,-119.70883,3.68,-1.473,Mainshock,3.0 - 3.99,POINT (-119.70883 41.89317),65.0
2025-03-18 04:45:30,41.88766,-119.61367,3.31,16.697,Foreshock,3.0 - 3.99,POINT (-119.61367 41.88766),65.0
2025-03-18 07:14:46,41.90583,-119.687,3.09,19.617,Mainshock,3.0 - 3.99,POINT (-119.687 41.90583),65.0
2025-03-18 07:23:05,41.89467,-119.6785,4.51,18.937,Mainshock,4.0 - 4.99,POINT (-119.6785 41.89467),65.0
2025-03-18 07:26:45,41.90467,-119.68017,3.07,17.797,Aftershock,3.0 - 3.99,POINT (-119.68017 41.90467),65.0
2025-03-18 08:54:56,41.89167,-119.64733,3.13,15.337,Mainshock,3.0 - 3.99,POINT (-119.64733 41.89167),65.0
2025-03-18 09:05:38,41.89617,-119.69583,3.05,19.327,Mainshock,3.0 - 3.99,POINT (-119.69583 41.89617),65.0
2025-03-18 09:51:52,41.92283,-119.74117,3.18,21.487,Mainshock,3.0 - 3.99,POINT (-119.74117 41.92283),65.0
2025-03-18 10:23:01,41.9105,-119.471,3.27,-1.473,Mainshock,3.0 - 3.99,POINT (-119.471 41.9105),65.0
2025-03-18 12:12:51,41.89817,-119.68533,3.24,18.587,Mainshock,3.0 - 3.99,POINT (-119.68533 41.89817),65.0
2025-03-18 12:29:57,41.90133,-119.68083,3.0,17.097,Mainshock,3.0 - 3.99,POINT (-119.68083 41.90133),65.0
2025-03-18 15:18:27,41.92833,-119.64533,3.87,19.336,Mainshock,3.0 - 3.99,POINT (-119.64533 41.92833),65.0
2025-03-18 17:18:40,41.92017,-119.6695,3.02,16.626,Mainshock,3.0 - 3.99,POINT (-119.6695 41.92017),65.0
2025-03-18 20:06:13,41.93133,-119.65483,3.46,17.456,Mainshock,3.0 - 3.99,POINT (-119.65483 41.93133),65.0
2025-03-18 23:01:12,41.91317,-119.68733,3.09,16.836,Aftershock,3.0 - 3.99,POINT (-119.68733 41.91317),65.0
2025-03-18 01:17:12,41.88633,-119.72283,3.81,18.496,Mainshock,3.0 - 3.99,POINT (-119.72283 41.88633),65.0
2025-03-18 01:21:12,41.886,-119.6865,3.53,17.966,Aftershock,3.0 - 3.99,POINT (-119.6865 41.886),65.0
2025-03-18 02:12:45,41.95267,-119.56966,3.29,7.366,Mainshock,3.0 - 3.99,POINT (-119.56966 41.95267),65.0
2025-03-18 07:12:01,41.92817,-119.6575,3.39,17.386,Mainshock,3.0 - 3.99,POINT (-119.6575 41.92817),65.0
2025-03-18 08:00:00,41.82516,-119.629,3.48,3.446,Mainshock,3.0 - 3.99,POINT (-119.629 41.82516),65.0
2025-03-18 08:34:46,41.9175,-119.66167,4.38,16.106,Mainshock,4.0 - 4.99,POINT (-119.66167 41.9175),65.0
2025-03-18 12:15:34,41.93417,-119.69334,3.42,18.506,Mainshock,3.0 - 3.99,POINT (-119.69334 41.93417),65.0
2025-03-18 15:41:29,41.91783,-119.69083,3.57,20.626,Mainshock,3.0 - 3.99,POINT (-119.69083 41.91783),65.0
2025-03-18 15:58:01,41.88783,-119.66883,4.18,13.656,Mainshock,4.0 - 4.99,POINT (-119.66883 41.88783),65.0
2025-03-18 23:53:20,41.93433,-119.67416,3.1,16.057,Aftershock,3.0 - 3.99,POINT (-119.67416 41.93433),65.0
2025-03-18 01:51:11,41.94117,-119.68066,3.33,17.037,Mainshock,3.0 - 3.99,POINT (-119.68066 41.94117),65.0
2025-03-18 06:06:06,41.87217,-119.53867,3.12,9.307,Mainshock,3.0 - 3.99,POINT (-119.53867 41.87217),65.0
2025-03-18 06:40:02,41.93317,-119.64616,3.0,14.667,Mainshock,3.0 - 3.99,POINT (-119.64616 41.93317),65.0
2025-03-18 06:58:41,41.91167,-119.683,3.97,18.527,Mainshock,3.0 - 3.99,POINT (-119.683 41.91167),65.0
2025-03-18 08:05:55,41.88117,-119.69833,4.51,17.817,Mainshock,4.0 - 4.99,POINT (-119.69833 41.88117),65.0
2025-03-18 10:49:50,41.90083,-119.68884,3.04,17.89,Mainshock,3.0 - 3.99,POINT (-119.68884 41.90083),65.0
2025-03-18 18:24:09,41.90434,-119.688,3.0,18.817,Mainshock,3.0 - 3.99,POINT (-119.688 41.90434),65.0
2025-03-18 18:39:20,41.8875,-119.64584,3.22,16.677,Mainshock,3.0 - 3.99,POINT (-119.64584 41.8875),65.0
2025-03-18 19:19:55,41.87433,-119.62067,3.25,15.907,Mainshock,3.0 - 3.99,POINT (-119.62067 41.87433),65.0
2025-03-18 05:27:42,41.90883,-119.66167,3.21,16.197,Foreshock,3.0 - 3.99,POINT (-119.66167 41.90883),65.0
2025-03-18 05:29:34,41.9085,-119.74633,3.08,-1.283,Foreshock,3.0 - 3.99,POINT (-119.74633 41.9085),65.0
2025-03-18 06:21:27,38.78683,-122.76234,3.21,1.533,Mainshock,3.0 - 3.99,POINT (-122.76234 38.78683),29.0
2025-03-18 13:40:48,41.8965,-119.675,3.36,18.627,Mainshock,3.0 - 3.99,POINT (-119.675 41.8965),65.0
2025-03-18 19:32:27,41.93417,-119.693,3.11,16.517,Aftershock,3.0 - 3.99,POINT (-119.693 41.93417),65.0
2025-03-18 02:43:14,41.931,-119.715,3.4,18.847,Mainshock,3.0 - 3.99,POINT (-119.715 41.931),65.0
2025-03-18 08:35:32,40.40067,-121.47916,3.85,4.22,Mainshock,3.0 - 3.99,POINT (-121.47916 40.40067),42.0
2025-03-18 14:42:55,41.87767,-119.673,3.99,17.157,Mainshock,3.0 - 3.99,POINT (-119.673 41.87767),65.0
2025-03-18 15:17:51,41.89383,-119.63017,3.35,16.567,Mainshock,3.0 - 3.99,POINT (-119.63017 41.89383),65.0
2025-03-18 15:40:48,41.88717,-119.66817,3.05,16.137,Aftershock,3.0 - 3.99,POINT (-119.66817 41.88717),65.0
2025-03-18 03:25:42,41.89467,-119.66233,3.07,16.817,Mainshock,3.0 - 3.99,POINT (-119.66233 41.89467),65.0
2025-03-18 05:41:49,41.89367,-119.68633,3.2,17.847,Mainshock,3.0 - 3.99,POINT (-119.68633 41.89367),65.0
2025-03-18 06:02:34,41.8665,-119.72366,3.02,-1.513,Mainshock,3.0 - 3.99,POINT (-119.72366 41.8665),65.0
2025-03-18 06:36:07,41.89967,-119.64317,4.42,17.307,Mainshock,4.0 - 4.99,POINT (-119.64317 41.89967),65.0
2025-03-18 09:42:45,37.46733,-118.84167,3.18,5.217,Mainshock,3.0 - 3.99,POINT (-118.84167 37.46733),72.0
2025-03-18 12:16:15,41.89317,-119.65517,3.34,15.867,Mainshock,3.0 - 3.99,POINT (-119.65517 41.89317),65.0
2025-03-18 07:18:48,41.92283,-119.67416,3.25,19.337,Foreshock,3.0 - 3.99,POINT (-119.67416 41.92283),65.0
2025-03-18 13:58:39,41.93467,-119.697,3.47,18.477,Mainshock,3.0 - 3.99,POINT (-119.697 41.93467),65.0
2025-03-18 23:40:03,41.88167,-119.684,3.13,17.477,Aftershock,3.0 - 3.99,POINT (-119.684 41.88167),65.0
2025-03-18 10:09:52,41.90733,-119.65633,3.08,19.347,Aftershock,3.0 - 3.99,POINT (-119.65633 41.90733),65.0
2025-03-18 08:16:13,41.9095,-119.643,3.81,17.077,Mainshock,3.0 - 3.99,POINT (-119.643 41.9095),65.0
2025-03-18 23:04:59,41.93333,-119.72583,3.24,21.077,Mainshock,3.0 - 3.99,POINT (-119.72583 41.93333),65.0
2025-03-18 06:21:27,36.80767,-121.53033,3.64,5.608,Mainshock,3.0 - 3.99,POINT (-121.53033 36.80767),38.0
2025-03-18 06:26:49,36.806,-121.53584,4.23,6.23,Mainshock,4.0 - 4.99,POINT (-121.53584 36.806),38.0
2025-03-18 10:12:29,41.91483,-119.65884,3.12,16.997,Mainshock,3.0 - 3.99,POINT (-119.65884 41.91483),65.0
2025-03-18 15:49:41,39.97117,-120.73534,3.16,12.194,Mainshock,3.0 - 3.99,POINT (-120.73534 39.97117),52.0
2025-03-18 17:20:28,41.90367,-119.64034,3.84,16.757,Mainshock,3.0 - 3.99,POINT (-119.64034 41.90367),65.0
2025-03-18 02:40:23,41.92067,-119.657,3.01,17.837,Foreshock,3.0 - 3.99,POINT (-119.657 41.92067),65.0
2025-03-18 06:41:12,41.884,-119.62117,3.51,15.567,Mainshock,3.0 - 3.99,POINT (-119.62117 41.884),65.0
2025-03-18 06:09:24,41.93283,-119.66933,3.0,19.517,Foreshock,3.0 - 3.99,POINT (-119.66933 41.93283),65.0
2025-03-18 21:59:41,41.89267,-119.66817,3.0,17.097,Aftershock,3.0 - 3.99,POINT (-119.66817 41.89267),65.0
2025-03-18 04:32:44,41.91733,-119.64034,3.14,18.627,Mainshock,3.0 - 3.99,POINT (-119.64034 41.91733),65.0
2025-03-18 04:34:35,41.89867,-119.6215,3.0,19.617,Aftershock,3.0 - 3.99,POINT (-119.6215 41.89867),65.0
2025-03-18 11:30:08,41.89633,-119.6535,3.24,15.767,Aftershock,3.0 - 3.99,POINT (-119.6535 41.89633),65.0
2025-03-18 05:24:52,41.89633,-119.64317,4.09,10.747,Mainshock,4.0 - 4.99,POINT (-119.64317 41.89633),65.0
2025-03-18 07:37:33,37.9735,-118.66866,3.13,6.004,Mainshock,3.0 - 3.99,POINT (-118.66866 37.9735),72.0
2025-03-18 19:28:37,37.1075,-121.81284,3.19,3.598,Aftershock,3.0 - 3.99,POINT (-121.81284 37.1075),39.0
2025-03-18 02:16:07,36.79417,-121.51683,3.92,6.43,Mainshock,3.0 - 3.99,POINT (-121.51683 36.79417),38.0
2025-03-18 15:06:02,37.379,-118.52084,3.32,9.737,Mainshock,3.0 - 3.99,POINT (-118.52084 37.379),72.0
2025-03-18 12:59:05,35.9735,-117.907,3.31,-0.954,Mainshock,3.0 - 3.99,POINT (-117.907 35.9735),81.0
2025-03-18 13:50:58,41.89817,-119.64833,3.86,16.966,Mainshock,3.0 - 3.99,POINT (-119.64833 41.89817),65.0
2025-03-18 13:53:43,41.839,-119.641,3.21,6.926,Aftershock,3.0 - 3.99,POINT (-119.641 41.839),65.0
2025-03-18 14:07:30,41.8945,-119.636,3.03,4.196,Mainshock,3.0 - 3.99,POINT (-119.636 41.8945),65.0
2025-03-18 22:46:20,41.9175,-119.65567,3.37,17.987,Aftershock,3.0 - 3.99,POINT (-119.65567 41.9175),65.0
2025-03-18 00:06:30,41.91217,-119.664,3.69,18.267,Mainshock,3.0 - 3.99,POINT (-119.664 41.91217),65.0
2025-03-18 11:41:39,41.91283,-119.65067,3.05,16.617,Mainshock,3.0 - 3.99,POINT (-119.65067 41.91283),65.0
2025-03-18 17:26:51,41.9235,-119.66967,3.69,18.337,Mainshock,3.0 - 3.99,POINT (-119.66967 41.9235),65.0
2025-03-18 22:58:02,41.9125,-119.64533,3.06,16.837,Mainshock,3.0 - 3.99,POINT (-119.64533 41.9125),65.0
2025-03-18 06:10:43,36.42817,-120.40617,3.41,11.098,Mainshock,3.0 - 3.99,POINT (-120.40617 36.42817),49.0
2025-03-18 14:46:04,41.92067,-119.6545,3.4,18.257,Mainshock,3.0 - 3.99,POINT (-119.6545 41.92067),65.0
2025-03-18 19:01:42,41.89133,-119.65633,3.05,16.947,Mainshock,3.0 - 3.99,POINT (-119.65633 41.89133),65.0
2025-03-18 04:14:31,38.43433,-119.26733,3.2,8.96,Mainshock,3.0 - 3.99,POINT (-119.26733 38.43433),62.0
2025-03-18 13:33:14,41.896,-119.66766,3.25,17.367,Aftershock,3.0 - 3.99,POINT (-119.66766 41.896),65.0
2025-03-18 13:37:13,41.92033,-119.66133,3.24,17.347,Aftershock,3.0 - 3.99,POINT (-119.66133 41.92033),65.0
2025-03-18 01:42:01,41.9015,-119.69,3.47,20.417,Mainshock,3.0 - 3.99,POINT (-119.69 41.9015),65.0
2025-03-18 07:58:32,41.93333,-119.7085,3.55,-1.373,Mainshock,3.0 - 3.99,POINT (-119.7085 41.93333),65.0
2025-03-18 14:59:14,37.47483,-118.783,3.04,5.266,Mainshock,3.0 - 3.99,POINT (-118.783 37.47483),72.0
2025-03-18 13:42:20,40.29617,-124.517,3.63,18.931,Mainshock,3.0 - 3.99,POINT (-124.517 40.29617),9.0
2025-03-18 13:44:21,41.88483,-119.69117,3.06,19.257,Mainshock,3.0 - 3.99,POINT (-119.69117 41.88483),65.0
2025-03-18 21:18:15,38.36467,-122.60683,3.0,7.067,Mainshock,3.0 - 3.99,POINT (-122.60683 38.36467),29.0
2025-03-18 14:44:52,39.8105,-123.48133,3.27,8.156,Mainshock,3.0 - 3.99,POINT (-123.48133 39.8105),19.0
2025-03-18 16:01:25,35.3435,-118.563,3.02,10.474,Mainshock,3.0 - 3.99,POINT (-118.563 35.3435),70.0
2025-03-18 03:18:08,34.61234,-118.61183,4.25,2.43,Mainshock,4.0 - 4.99,POINT (-118.61183 34.61234),69.0
2025-03-18 06:03:44,41.90917,-119.65884,3.36,18.517,Mainshock,3.0 - 3.99,POINT (-119.65884 41.90917),65.0
2025-03-18 07:03:21,41.94483,-119.669,3.15,16.767,Mainshock,3.0 - 3.99,POINT (-119.669 41.94483),65.0
2025-03-18 07:41:15,41.9095,-119.6665,3.03,18.917,Mainshock,3.0 - 3.99,POINT (-119.6665 41.9095),65.0
2025-03-18 09:28:37,41.91583,-119.65234,3.12,20.217,Mainshock,3.0 - 3.99,POINT (-119.65234 41.91583),65.0
2025-03-18 09:56:43,41.90533,-119.65317,3.99,18.767,Mainshock,3.0 - 3.99,POINT (-119.65317 41.90533),65.0
2025-03-18 20:08:14,41.9495,-119.7255,3.55,-1.373,Aftershock,3.0 - 3.99,POINT (-119.7255 41.9495),65.0
2025-03-18 01:47:22,41.8905,-119.65434,3.64,16.817,Mainshock,3.0 - 3.99,POINT (-119.65434 41.8905),65.0
2025-03-18 06:23:01,41.899,-119.66133,3.01,16.547,Mainshock,3.0 - 3.99,POINT (-119.66133 41.899),65.0
2025-03-18 15:35:50,41.90583,-119.69534,3.55,3.387,Mainshock,3.0 - 3.99,POINT (-119.69534 41.90583),65.0
2025-03-18 15:39:57,41.925,-119.663,3.15,20.727,Aftershock,3.0 - 3.99,POINT (-119.663 41.925),65.0
2025-03-18 23:26:09,41.914,-119.63567,3.14,18.547,Mainshock,3.0 - 3.99,POINT (-119.63567 41.914),65.0
2025-03-18 01:52:36,41.92517,-119.664,3.0,20.147,Foreshock,3.0 - 3.99,POINT (-119.664 41.92517),65.0
2025-03-18 09:56:56,38.4395,-119.25883,3.19,8.88,Mainshock,3.0 - 3.99,POINT (-119.25883 38.4395),62.0
2025-03-18 11:03:50,41.87733,-119.73033,3.46,-0.903,Mainshock,3.0 - 3.99,POINT (-119.73033 41.87733),65.0
2025-03-18 02:42:15,41.90333,-119.64584,3.11,17.377,Foreshock,3.0 - 3.99,POINT (-119.64584 41.90333),65.0
2025-03-18 07:59:30,41.93683,-119.72166,3.33,20.397,Mainshock,3.0 - 3.99,POINT (-119.72166 41.93683),65.0
2025-03-18 13:18:09,41.89283,-119.67017,3.09,18.487,Aftershock,3.0 - 3.99,POINT (-119.67017 41.89283),65.0
2025-03-18 10:30:38,41.89583,-119.63633,3.11,16.527,Mainshock,3.0 - 3.99,POINT (-119.63633 41.89583),65.0
2025-03-18 04:13:03,41.91417,-119.66333,3.02,20.297,Foreshock,3.0 - 3.99,POINT (-119.66333 41.91417),65.0
2025-03-18 04:29:43,41.93417,-119.655,3.67,14.807,Foreshock,3.0 - 3.99,POINT (-119.655 41.93417),65.0
2025-03-18 04:31:08,41.902,-119.66217,3.79,17.007,Mainshock,3.0 - 3.99,POINT (-119.66217 41.902),65.0
2025-03-18 07:22:26,41.91783,-119.64183,3.14,17.587,Mainshock,3.0 - 3.99,POINT (-119.64183 41.91783),65.0
2025-03-18 09:54:03,41.90283,-119.64283,3.03,18.317,Mainshock,3.0 - 3.99,POINT (-119.64283 41.90283),65.0
2025-03-18 10:44:35,40.3195,-124.61217,4.28,16.159,Mainshock,4.0 - 4.99,POINT (-124.61217 40.3195),9.0
2025-03-18 13:21:36,36.43333,-120.971,4.43,9.39,Mainshock,4.0 - 4.99,POINT (-120.971 36.43333),49.0
2025-03-18 21:42:33,41.92017,-119.64516,3.37,18.827,Aftershock,3.0 - 3.99,POINT (-119.64516 41.92017),65.0
2025-03-18 02:05:15,41.94283,-119.68816,3.68,20.187,Mainshock,3.0 - 3.99,POINT (-119.68816 41.94283),65.0
2025-03-18 09:09:16,41.8755,-119.63517,4.68,17.557,Mainshock,4.0 - 4.99,POINT (-119.63517 41.8755),65.0
2025-03-18 09:49:06,41.88167,-119.7095,3.36,18.017,Mainshock,3.0 - 3.99,POINT (-119.7095 41.88167),65.0
2025-03-18 10:18:44,41.92216,-119.68467,3.0,21.207,Mainshock,3.0 - 3.99,POINT (-119.68467 41.92216),65.0
2025-03-18 10:39:41,41.90667,-119.6785,3.3,17.927,Mainshock,3.0 - 3.99,POINT (-119.6785 41.90667),65.0
2025-03-18 03:34:38,40.32867,-124.63667,3.16,17.721,Mainshock,3.0 - 3.99,POINT (-124.63667 40.32867),9.0
2025-03-18 08:16:38,34.75233,-118.44583,3.6,2.9,Mainshock,3.0 - 3.99,POINT (-118.44583 34.75233),69.0
2025-03-18 14:54:00,35.471,-118.27433,3.03,-1.241,Mainshock,3.0 - 3.99,POINT (-118.27433 35.471),70.0
2025-03-18 21:08:53,40.31783,-124.60667,5.72,16.881,Mainshock,5.0 - 5.99,POINT (-124.60667 40.31783),9.0
2025-03-18 21:11:14,40.28467,-124.37366,3.1,21.56,Aftershock,3.0 - 3.99,POINT (-124.37366 40.28467),9.0
2025-03-18 11:03:19,41.901,-119.62517,4.31,19.527,Mainshock,4.0 - 4.99,POINT (-119.62517 41.901),65.0
2025-03-18 17:39:34,41.91933,-119.64034,3.37,16.937,Mainshock,3.0 - 3.99,POINT (-119.64034 41.91933),65.0
2025-03-18 19:13:55,40.31133,-124.58916,4.25,17.699,Mainshock,4.0 - 4.99,POINT (-124.58916 40.31133),9.0
2025-03-18 17:26:27,41.89583,-119.623,3.01,15.217,Mainshock,3.0 - 3.99,POINT (-119.623 41.89583),65.0
2025-03-18 22:02:41,38.4365,-119.27233,3.06,9.38,Mainshock,3.0 - 3.99,POINT (-119.27233 38.4365),62.0
2025-03-18 13:42:48,41.90617,-119.63866,3.34,17.187,Mainshock,3.0 - 3.99,POINT (-119.63866 41.90617),65.0
2025-03-18 15:43:51,41.92683,-119.6405,3.21,17.827,Mainshock,3.0 - 3.99,POINT (-119.6405 41.92683),65.0
2025-03-18 02:26:59,41.8925,-119.67384,3.11,14.597,Foreshock,3.0 - 3.99,POINT (-119.67384 41.8925),65.0
2025-03-18 08:15:54,37.27283,-118.41467,3.28,5.046,Mainshock,3.0 - 3.99,POINT (-118.41467 37.27283),72.0
2025-03-18 06:19:35,41.931,-119.64066,3.16,17.96,Mainshock,3.0 - 3.99,POINT (-119.64066 41.931),65.0
2025-03-18 06:27:27,41.932,-119.73233,3.61,-0.694,Mainshock,3.0 - 3.99,POINT (-119.73233 41.932),65.0
2025-03-18 23:43:40,41.93583,-119.5935,3.04,2.48,Aftershock,3.0 - 3.99,POINT (-119.5935 41.93583),65.0
2025-03-18 14:21:49,41.8925,-119.652,3.33,17.437,Aftershock,3.0 - 3.99,POINT (-119.652 41.8925),65.0
2025-03-18 13:01:28,41.9605,-119.58283,3.37,16.011,Mainshock,3.0 - 3.99,POINT (-119.58283 41.9605),65.0
2025-03-18 23:28:02,40.84317,-124.83,3.04,21.27,Mainshock,3.0 - 3.99,POINT (-124.83 40.84317),9.0
2025-03-18 19:17:49,41.95133,-119.57667,3.45,15.47,Mainshock,3.0 - 3.99,POINT (-119.57667 41.95133),65.0
2025-03-18 00:13:04,41.89533,-119.69083,3.04,19.177,Foreshock,3.0 - 3.99,POINT (-119.69083 41.89533),65.0
2025-03-18 07:57:57,41.88467,-119.67033,3.15,16.887,Foreshock,3.0 - 3.99,POINT (-119.67033 41.88467),65.0
2025-03-18 07:58:32,41.8935,-119.66783,3.14,3.647,Foreshock,3.0 - 3.99,POINT (-119.66783 41.8935),65.0
2025-03-18 08:01:57,41.88267,-119.63883,3.17,17.237,Mainshock,3.0 - 3.99,POINT (-119.63883 41.88267),65.0
2025-03-18 20:35:28,41.87917,-119.679,3.08,17.007,Mainshock,3.0 - 3.99,POINT (-119.679 41.87917),65.0
2025-03-18 00:40:09,38.81617,-122.81,3.43,3.119,Mainshock,3.0 - 3.99,POINT (-122.81 38.81617),29.0
2025-03-18 07:06:34,40.32933,-124.65717,3.79,13.631,Mainshock,3.0 - 3.99,POINT (-124.65717 40.32933),9.0
2025-03-18 17:07:23,37.74667,-122.14417,3.04,4.677,Mainshock,3.0 - 3.99,POINT (-122.14417 37.74667),28.0
2025-03-18 05:36:47,40.1705,-121.06216,3.78,5.102,Mainshock,3.0 - 3.99,POINT (-121.06216 40.1705),42.0
2025-03-18 04:46:19,35.26867,-118.57784,3.54,11.534,Mainshock,3.0 - 3.99,POINT (-118.57784 35.26867),70.0
2025-03-18 07:32:32,36.22733,-120.35467,3.35,10.373,Mainshock,3.0 - 3.99,POINT (-120.35467 36.22733),49.0
2025-03-18 13:30:14,36.22717,-120.35284,4.11,10.44,Mainshock,4.0 - 4.99,POINT (-120.35284 36.22717),49.0
2025-03-18 11:29:57,35.66983,-118.24316,3.21,7.335,Mainshock,3.0 - 3.99,POINT (-118.24316 35.66983),70.0
2025-03-18 07:06:03,37.792,-121.98683,3.61,9.89,Mainshock,3.0 - 3.99,POINT (-121.98683 37.792),39.0
2025-03-18 05:06:43,39.36067,-120.02084,3.41,-0.681,Mainshock,3.0 - 3.99,POINT (-120.02084 39.36067),52.0
2025-03-18 21:28:27,35.57467,-120.85833,3.19,4.764,Mainshock,3.0 - 3.99,POINT (-120.85833 35.57467),48.0
2025-03-18 16:05:17,38.78617,-122.72,3.28,1.764,Mainshock,3.0 - 3.99,POINT (-122.72 38.78617),29.0
2025-03-18 08:48:06,35.70333,-121.05483,3.05,9.356,Mainshock,3.0 - 3.99,POINT (-121.05483 35.70333),37.0
2025-03-18 00:53:03,39.27033,-122.75567,3.23,11.836,Mainshock,3.0 - 3.99,POINT (-122.75567 39.27033),30.0
2025-03-18 15:19:08,39.50117,-122.94867,3.1,11.239,Mainshock,3.0 - 3.99,POINT (-122.94867 39.50117),30.0
2025-03-18 09:36:56,37.05783,-118.269,3.49,5.137,Mainshock,3.0 - 3.99,POINT (-118.269 37.05783),72.0
2025-03-18 22:13:19,37.9665,-122.04366,3.64,13.14,Mainshock,3.0 - 3.99,POINT (-122.04366 37.9665),28.0
2025-03-18 14:01:47,37.958,-122.0505,3.03,13.91,Foreshock,3.0 - 3.99,POINT (-122.0505 37.958),28.0
2025-03-18 14:32:04,37.96617,-122.04333,3.51,12.12,Mainshock,3.0 - 3.99,POINT (-122.04333 37.96617),28.0
2025-03-18 18:30:46,40.6105,-122.4275,3.23,22.181,Mainshock,3.0 - 3.99,POINT (-122.4275 40.6105),31.0
2025-03-18 22:49:58,41.91516,-119.65683,3.14,17.637,Mainshock,3.0 - 3.99,POINT (-119.65683 41.91516),65.0
2025-03-18 15:42:58,35.06217,-119.09283,3.86,14.728,Mainshock,3.0 - 3.99,POINT (-119.09283 35.06217),59.0
2025-03-18 23:57:56,37.47617,-118.78817,3.05,3.993,Aftershock,3.0 - 3.99,POINT (-118.78817 37.47617),72.0
2025-03-18 02:46:34,37.47367,-118.79,3.34,3.995,Mainshock,3.0 - 3.99,POINT (-118.79 37.47367),72.0
2025-03-18 10:47:24,41.86867,-119.696,3.09,16.567,Mainshock,3.0 - 3.99,POINT (-119.696 41.86867),65.0
2025-03-18 18:36:01,36.66283,-120.87016,3.82,-0.12,Mainshock,3.0 - 3.99,POINT (-120.87016 36.66283),49.0
2025-03-18 02:53:00,38.43167,-122.25034,4.09,12.83,Mainshock,4.0 - 4.99,POINT (-122.25034 38.43167),29.0
2025-03-18 08:41:09,35.68717,-121.11633,3.16,4.295,Mainshock,3.0 - 3.99,POINT (-121.11633 35.68717),37.0
2025-03-18 10:17:35,40.65083,-124.712,4.34,19.72,Mainshock,4.0 - 4.99,POINT (-124.712 40.65083),9.0
2025-03-18 01:31:25,36.49533,-118.17783,3.42,3.208,Mainshock,3.0 - 3.99,POINT (-118.17783 36.49533),71.0
2025-03-18 13:20:33,35.89933,-118.03717,3.13,-0.779,Mainshock,3.0 - 3.99,POINT (-118.03717 35.89933),70.0
2025-03-18 15:12:49,35.495,-118.42817,3.61,9.117,Mainshock,3.0 - 3.99,POINT (-118.42817 35.495),70.0
2025-03-18 14:19:38,36.66617,-121.29134,3.15,5.415,Mainshock,3.0 - 3.99,POINT (-121.29134 36.66617),38.0
2025-03-18 15:28:32,36.12267,-117.87517,3.07,2.07,Mainshock,3.0 - 3.99,POINT (-117.87517 36.12267),82.0
2025-03-18 18:35:11,36.64917,-118.22583,3.17,3.334,Mainshock,3.0 - 3.99,POINT (-118.22583 36.64917),71.0
2025-03-18 14:13:29,37.47883,-118.8225,3.15,4.235,Mainshock,3.0 - 3.99,POINT (-118.8225 37.47883),72.0
2025-03-18 21:22:45,38.3905,-119.38533,3.17,1.928,Mainshock,3.0 - 3.99,POINT (-119.38533 38.3905),62.0
2025-03-18 05:57:18,36.12767,-117.86517,3.06,3.23,Mainshock,3.0 - 3.99,POINT (-117.86517 36.12767),82.0
2025-03-18 03:29:49,38.80817,-122.79034,3.83,3.026,Mainshock,3.0 - 3.99,POINT (-122.79034 38.80817),29.0
2025-03-18 23:52:35,37.53333,-118.6685,3.01,8.905,Mainshock,3.0 - 3.99,POINT (-118.6685 37.53333),72.0
2025-03-18 01:45:51,41.91083,-119.64584,3.08,19.177,Foreshock,3.0 - 3.99,POINT (-119.64584 41.91083),65.0
2025-03-18 01:50:17,41.91567,-119.65366,3.28,17.977,Foreshock,3.0 - 3.99,POINT (-119.65366 41.91567),65.0
2025-03-18 01:52:12,41.91,-119.67233,4.38,19.087,Mainshock,4.0 - 4.99,POINT (-119.67233 41.91),65.0
2025-03-18 01:57:08,41.88683,-119.66666,3.08,18.007,Aftershock,3.0 - 3.99,POINT (-119.66666 41.88683),65.0
2025-03-18 01:57:26,41.91883,-119.63433,3.91,17.487,Aftershock,3.0 - 3.99,POINT (-119.63433 41.91883),65.0
2025-03-18 05:51:31,41.91217,-119.687,3.45,19.217,Mainshock,3.0 - 3.99,POINT (-119.687 41.91217),65.0
2025-03-18 09:45:34,41.90017,-119.65517,3.17,16.167,Mainshock,3.0 - 3.99,POINT (-119.65517 41.90017),65.0
2025-03-18 17:14:33,41.91817,-119.695,3.67,19.227,Mainshock,3.0 - 3.99,POINT (-119.695 41.91817),65.0
2025-03-18 11:28:21,41.90967,-119.64516,3.0,18.467,Foreshock,3.0 - 3.99,POINT (-119.64516 41.90967),65.0
2025-03-18 12:52:54,41.89883,-119.73517,3.0,19.507,Mainshock,3.0 - 3.99,POINT (-119.73517 41.89883),65.0
2025-03-18 20:11:25,34.624,-120.82533,3.24,1.742,Mainshock,3.0 - 3.99,POINT (-120.82533 34.624),47.0
2025-03-18 01:36:06,39.45267,-120.28,3.19,7.791,Mainshock,3.0 - 3.99,POINT (-120.28 39.45267),52.0
2025-03-18 10:54:59,41.89067,-119.68217,3.28,17.847,Mainshock,3.0 - 3.99,POINT (-119.68217 41.89067),65.0
2025-03-18 22:23:36,37.47383,-118.84467,3.05,2.675,Mainshock,3.0 - 3.99,POINT (-118.84467 37.47383),72.0
2025-03-18 05:00:05,41.88983,-119.679,3.08,18.997,Mainshock,3.0 - 3.99,POINT (-119.679 41.88983),65.0
2025-03-18 09:41:14,37.57767,-121.974,3.98,8.37,Mainshock,3.0 - 3.99,POINT (-121.974 37.57767),39.0
2025-03-18 02:55:53,38.8175,-122.76,3.05,1.703,Mainshock,3.0 - 3.99,POINT (-122.76 38.8175),29.0
2025-03-18 22:07:08,41.9105,-119.65867,3.53,16.177,Aftershock,3.0 - 3.99,POINT (-119.65867 41.9105),65.0
2025-03-18 01:05:34,41.91717,-119.65816,4.59,17.837,Mainshock,4.0 - 4.99,POINT (-119.65816 41.91717),65.0
2025-03-18 07:00:30,41.9075,-119.644,3.28,17.477,Mainshock,3.0 - 3.99,POINT (-119.644 41.9075),65.0
2025-03-18 09:15:41,41.87183,-119.68134,3.34,12.047,Mainshock,3.0 - 3.99,POINT (-119.68134 41.87183),65.0
2025-03-18 18:24:25,38.91117,-123.61684,3.45,5.88,Mainshock,3.0 - 3.99,POINT (-123.61684 38.91117),18.0
2025-03-18 16:52:58,41.92667,-119.6485,3.25,17.237,Mainshock,3.0 - 3.99,POINT (-119.6485 41.92667),65.0
2025-03-18 23:07:32,37.31367,-121.6735,3.22,10.13,Mainshock,3.0 - 3.99,POINT (-121.6735 37.31367),39.0
2025-03-18 12:20:03,41.89317,-119.63233,3.07,16.927,Mainshock,3.0 - 3.99,POINT (-119.63233 41.89317),65.0
2025-03-18 18:42:19,41.93583,-119.65466,3.38,17.377,Mainshock,3.0 - 3.99,POINT (-119.65466 41.93583),65.0
2025-03-18 13:01:07,41.87683,-119.67233,3.02,-1.373,Foreshock,3.0 - 3.99,POINT (-119.67233 41.87683),65.0
2025-03-18 16:30:41,36.55783,-120.6085,3.01,6.406,Mainshock,3.0 - 3.99,POINT (-120.6085 36.55783),49.0
2025-03-18 20:26:10,37.78617,-122.59133,3.12,10.36,Mainshock,3.0 - 3.99,POINT (-122.59133 37.78617),28.0
2025-03-18 22:02:37,40.105,-119.22467,3.35,5.893,Mainshock,3.0 - 3.99,POINT (-119.22467 40.105),64.0
2025-03-18 01:54:13,41.89217,-119.63233,3.04,15.568,Mainshock,3.0 - 3.99,POINT (-119.63233 41.89217),65.0
2025-03-18 11:31:08,41.90533,-119.641,3.9,17.437,Mainshock,3.0 - 3.99,POINT (-119.641 41.90533),65.0
2025-03-18 04:35:28,41.91717,-119.69633,3.18,22.847,Foreshock,3.0 - 3.99,POINT (-119.69633 41.91717),65.0
2025-03-18 06:32:18,41.908,-119.64983,3.21,18.787,Mainshock,3.0 - 3.99,POINT (-119.64983 41.908),65.0
2025-03-18 03:43:34,41.8985,-119.63267,3.2,13.177,Foreshock,3.0 - 3.99,POINT (-119.63267 41.8985),65.0
2025-03-18 13:49:17,37.83667,-122.23217,4.01,4.69,Mainshock,4.0 - 4.99,POINT (-122.23217 37.83667),28.0
2025-03-18 00:44:40,41.8895,-119.65334,3.2,10.627,Mainshock,3.0 - 3.99,POINT (-119.65334 41.8895),65.0
2025-03-18 13:34:48,37.5975,-118.78783,3.66,4.76,Mainshock,3.0 - 3.99,POINT (-118.78783 37.5975),72.0
2025-03-18 17:41:18,38.78433,-122.74367,3.83,3.51,Mainshock,3.0 - 3.99,POINT (-122.74367 38.78433),29.0
2025-03-18 08:13:14,39.481,-123.59683,3.56,5.046,Mainshock,3.0 - 3.99,POINT (-123.59683 39.481),19.0
2025-03-18 08:13:47,39.47917,-123.58833,3.04,5.386,Aftershock,3.0 - 3.99,POINT (-123.58833 39.47917),19.0
2025-03-18 09:59:44,41.8725,-119.65183,3.13,13.987,Mainshock,3.0 - 3.99,POINT (-119.65183 41.8725),65.0
2025-03-18 21:26:18,41.89833,-119.6275,3.25,11.678,Mainshock,3.0 - 3.99,POINT (-119.6275 41.89833),65.0
2025-03-18 22:52:28,41.9125,-119.65366,3.11,13.048,Mainshock,3.0 - 3.99,POINT (-119.65366 41.9125),65.0
2025-03-18 04:41:02,41.888,-119.60767,3.05,11.957,Foreshock,3.0 - 3.99,POINT (-119.60767 41.888),65.0
2025-03-18 09:36:33,41.85817,-119.72017,3.25,9.388,Mainshock,3.0 - 3.99,POINT (-119.72017 41.85817),65.0
2025-03-18 02:15:18,38.709,-118.73617,4.04,-2.087,Mainshock,4.0 - 4.99,POINT (-118.73617 38.709),73.0
2025-03-18 02:21:30,38.65517,-118.79283,3.02,-1.329,Mainshock,3.0 - 3.99,POINT (-118.79283 38.65517),73.0
2025-03-18 08:13:42,41.98683,-120.16233,3.52,7.097,Mainshock,3.0 - 3.99,POINT (-120.16233 41.98683),54.0
2025-03-18 13:41:32,39.80767,-122.7425,3.07,2.862,Mainshock,3.0 - 3.99,POINT (-122.7425 39.80767),30.0
2025-03-18 08:02:45,37.5975,-118.78783,3.22,4.776,Mainshock,3.0 - 3.99,POINT (-118.78783 37.5975),72.0
2025-03-18 13:55:48,41.89034,-119.63033,4.75,14.927,Mainshock,4.0 - 4.99,POINT (-119.63033 41.89034),65.0
2025-03-18 14:12:06,41.873,-119.65,3.12,15.037,Mainshock,3.0 - 3.99,POINT (-119.65 41.873),65.0
2025-03-18 09:00:49,41.89617,-119.61667,3.1,13.657,Foreshock,3.0 - 3.99,POINT (-119.61667 41.89617),65.0
2025-03-18 12:46:06,38.809,-122.81284,3.0,2.438,Mainshock,3.0 - 3.99,POINT (-122.81284 38.809),29.0
2025-03-18 13:37:32,41.92233,-119.654,3.12,21.108,Mainshock,3.0 - 3.99,POINT (-119.654 41.92233),65.0
2025-03-18 20:11:48,38.4755,-118.371,3.3,3.864,Mainshock,3.0 - 3.99,POINT (-118.371 38.4755),73.0
2025-03-18 16:55:22,41.8945,-119.65,3.27,12.828,Mainshock,3.0 - 3.99,POINT (-119.65 41.8945),65.0
2025-03-18 12:55:32,41.91533,-119.62217,3.0,14.93,Foreshock,3.0 - 3.99,POINT (-119.62217 41.91533),65.0
2025-03-18 19:08:30,41.91233,-119.63316,3.21,6.477,Aftershock,3.0 - 3.99,POINT (-119.63316 41.91233),65.0
2025-03-18 02:44:01,41.92117,-119.705,4.17,3.467,Mainshock,4.0 - 4.99,POINT (-119.705 41.92117),65.0
2025-03-18 21:36:40,39.4435,-122.9865,3.91,7.991,Mainshock,3.0 - 3.99,POINT (-122.9865 39.4435),30.0
2025-03-18 00:03:31,41.84317,-119.64484,3.8,13.937,Mainshock,3.0 - 3.99,POINT (-119.64484 41.84317),65.0
2025-03-18 13:28:20,41.9,-119.6075,3.26,11.09,Mainshock,3.0 - 3.99,POINT (-119.6075 41.9),65.0
2025-03-18 14:30:34,41.90467,-119.61234,3.04,5.87,Mainshock,3.0 - 3.99,POINT (-119.61234 41.90467),65.0
2025-03-18 10:58:41,37.78533,-121.96367,3.08,7.96,Mainshock,3.0 - 3.99,POINT (-121.96367 37.78533),39.0
2025-03-18 13:10:20,37.78617,-121.96433,3.36,8.52,Mainshock,3.0 - 3.99,POINT (-121.96433 37.78617),39.0
2025-03-18 13:16:34,38.80767,-122.81567,3.3,1.3,Mainshock,3.0 - 3.99,POINT (-122.81567 38.80767),29.0
2025-03-18 22:31:28,37.78983,-121.96433,3.26,8.62,Mainshock,3.0 - 3.99,POINT (-121.96433 37.78983),39.0
2025-03-18 23:21:17,37.79183,-121.9635,3.6,7.4,Mainshock,3.0 - 3.99,POINT (-121.9635 37.79183),39.0
2025-03-18 13:48:24,37.7825,-121.9655,3.23,8.7,Foreshock,3.0 - 3.99,POINT (-121.9655 37.7825),39.0
2025-03-18 07:43:46,37.781,-121.96684,3.21,9.24,Foreshock,3.0 - 3.99,POINT (-121.96684 37.781),39.0
2025-03-18 07:44:07,37.78316,-121.96917,3.02,9.6,Foreshock,3.0 - 3.99,POINT (-121.96917 37.78316),39.0
2025-03-18 00:07:33,37.7775,-121.9635,3.13,8.98,Foreshock,3.0 - 3.99,POINT (-121.9635 37.7775),39.0
2025-03-18 14:22:24,39.0855,-119.64117,3.21,-1.31,Mainshock,3.0 - 3.99,POINT (-119.64117 39.0855),63.0
2025-03-18 01:46:53,40.803,-123.97183,3.07,24.85,Mainshock,3.0 - 3.99,POINT (-123.97183 40.803),20.0
2025-03-18 15:45:32,35.83233,-120.60583,3.2,10.61,Mainshock,3.0 - 3.99,POINT (-120.60583 35.83233),48.0
2025-03-18 16:47:40,41.8945,-119.68283,3.98,3.48,Mainshock,3.0 - 3.99,POINT (-119.68283 41.8945),65.0
2025-03-18 06:10:47,39.60367,-121.935,3.53,21.05,Mainshock,3.0 - 3.99,POINT (-121.935 39.60367),41.0
2025-03-18 13:01:08,41.97817,-119.65733,3.39,3.87,Mainshock,3.0 - 3.99,POINT (-119.65733 41.97817),65.0
2025-03-18 13:57:26,41.91533,-119.6405,3.24,-1.37,Mainshock,3.0 - 3.99,POINT (-119.6405 41.91533),65.0
2025-03-18 22:54:54,37.77817,-121.96384,3.1,9.24,Mainshock,3.0 - 3.99,POINT (-121.96384 37.77817),39.0
2025-03-18 14:27:16,38.911,-118.19,3.11,-2.27,Mainshock,3.0 - 3.99,POINT (-118.19 38.911),73.0
2025-03-18 21:18:16,36.54683,-121.03267,3.04,7.55,Mainshock,3.0 - 3.99,POINT (-121.03267 36.54683),38.0
2025-03-18 16:21:22,41.91283,-119.63116,3.27,16.56,Mainshock,3.0 - 3.99,POINT (-119.63116 41.91283),65.0
2025-03-18 07:36:07,36.776,-121.29066,3.51,8.62,Mainshock,3.0 - 3.99,POINT (-121.29066 36.776),38.0
2025-03-18 09:47:14,41.33817,-124.52133,3.14,17.0,Mainshock,3.0 - 3.99,POINT (-124.52133 41.33817),10.0
2025-03-18 01:40:03,41.89433,-119.64066,3.95,9.14,Mainshock,3.0 - 3.99,POINT (-119.64066 41.89433),65.0
2025-03-18 01:50:18,41.95016,-119.67216,3.9,15.23,Mainshock,3.0 - 3.99,POINT (-119.67216 41.95016),65.0
2025-03-18 05:27:22,41.8465,-119.74416,3.35,-1.44,Mainshock,3.0 - 3.99,POINT (-119.74416 41.8465),65.0
2025-03-18 09:56:04,41.88633,-119.61517,3.25,11.46,Mainshock,3.0 - 3.99,POINT (-119.61517 41.88633),65.0
2025-03-18 02:11:36,38.61283,-119.406,3.22,3.08,Mainshock,3.0 - 3.99,POINT (-119.406 38.61283),62.0
2025-03-18 11:02:19,39.51617,-123.6185,3.04,6.05,Mainshock,3.0 - 3.99,POINT (-123.6185 39.51617),19.0
2025-03-18 23:59:35,41.91367,-119.6475,3.1,11.33,Aftershock,3.0 - 3.99,POINT (-119.6475 41.91367),65.0
2025-03-18 11:13:28,41.897,-119.642,3.8,14.16,Mainshock,3.0 - 3.99,POINT (-119.642 41.897),65.0
2025-03-18 22:58:46,41.8985,-119.46067,3.05,6.66,Mainshock,3.0 - 3.99,POINT (-119.46067 41.8985),65.0
2025-03-18 13:49:19,36.239,-120.80634,3.01,6.49,Mainshock,3.0 - 3.99,POINT (-120.80634 36.239),49.0
2025-03-18 17:45:14,37.3355,-118.74133,3.28,15.55,Mainshock,3.0 - 3.99,POINT (-118.74133 37.3355),72.0
2025-03-18 08:47:35,41.9185,-119.60717,3.5,5.9,Mainshock,3.0 - 3.99,POINT (-119.60717 41.9185),65.0
2025-03-18 06:22:36,39.4365,-119.77683,3.18,6.07,Mainshock,3.0 - 3.99,POINT (-119.77683 39.4365),63.0
2025-03-18 06:45:49,39.43517,-119.78516,3.14,5.53,Foreshock,3.0 - 3.99,POINT (-119.78516 39.43517),63.0
2025-03-18 06:46:07,39.43517,-119.788,4.35,5.1,Mainshock,4.0 - 4.99,POINT (-119.788 39.43517),63.0
2025-03-18 07:05:36,39.4405,-119.78316,3.13,6.0,Mainshock,3.0 - 3.99,POINT (-119.78316 39.4405),63.0
2025-03-18 19:14:46,37.411,-118.51234,3.72,6.97,Mainshock,3.0 - 3.99,POINT (-118.51234 37.411),72.0
2025-03-18 20:30:38,41.88433,-119.59367,4.67,8.94,Mainshock,4.0 - 4.99,POINT (-119.59367 41.88433),65.0
2025-03-18 22:00:19,41.90183,-119.60284,3.13,9.8,Mainshock,3.0 - 3.99,POINT (-119.60284 41.90183),65.0
2025-03-18 22:23:22,41.896,-119.6015,3.13,9.93,Aftershock,3.0 - 3.99,POINT (-119.6015 41.896),65.0
2025-03-18 02:36:51,41.921,-119.69417,3.58,3.48,Mainshock,3.0 - 3.99,POINT (-119.69417 41.921),65.0
2025-03-18 05:17:46,41.92467,-119.60484,3.23,5.17,Mainshock,3.0 - 3.99,POINT (-119.60484 41.92467),65.0
2025-03-18 21:02:25,41.93017,-119.60983,3.34,5.41,Mainshock,3.0 - 3.99,POINT (-119.60983 41.93017),65.0
2025-03-18 15:03:38,41.47283,-118.927,3.3,0.41,Mainshock,3.0 - 3.99,POINT (-118.927 41.47283),76.0
2025-03-18 15:10:31,41.5025,-118.9725,3.86,-0.61,Mainshock,3.0 - 3.99,POINT (-118.9725 41.5025),76.0
2025-03-18 00:15:58,40.42167,-124.446,3.06,20.65,Mainshock,3.0 - 3.99,POINT (-124.446 40.42167),9.0
2025-03-18 06:31:17,41.86433,-119.66016,3.22,-1.31,Mainshock,3.0 - 3.99,POINT (-119.66016 41.86433),65.0
2025-03-18 13:23:34,41.86717,-119.67017,3.36,3.48,Mainshock,3.0 - 3.99,POINT (-119.67017 41.86717),65.0
2025-03-18 13:33:00,41.89417,-119.59617,3.21,9.62,Mainshock,3.0 - 3.99,POINT (-119.59617 41.89417),65.0
2025-03-18 14:03:43,41.91717,-119.63617,3.45,17.35,Mainshock,3.0 - 3.99,POINT (-119.63617 41.91717),65.0
2025-03-18 19:51:55,36.13567,-117.99,3.05,-1.15,Mainshock,3.0 - 3.99,POINT (-117.99 36.13567),82.0
2025-03-18 21:21:55,40.60467,-124.4275,3.14,28.36,Aftershock,3.0 - 3.99,POINT (-124.4275 40.60467),9.0
2025-03-18 05:11:46,40.30833,-124.68716,4.44,14.67,Mainshock,4.0 - 4.99,POINT (-124.68716 40.30833),9.0
2025-03-18 15:35:25,41.9275,-119.70517,3.94,3.48,Mainshock,3.0 - 3.99,POINT (-119.70517 41.9275),65.0
2025-03-18 23:49:01,41.9025,-119.62883,3.29,11.93,Mainshock,3.0 - 3.99,POINT (-119.62883 41.9025),65.0
2025-03-18 01:04:59,41.89517,-119.60567,3.07,11.27,Foreshock,3.0 - 3.99,POINT (-119.60567 41.89517),65.0
2025-03-18 05:49:52,40.27317,-124.3395,4.31,16.95,Mainshock,4.0 - 4.99,POINT (-124.3395 40.27317),9.0
2025-03-18 08:29:28,40.278,-124.324,3.66,16.27,Mainshock,3.0 - 3.99,POINT (-124.324 40.278),9.0
2025-03-18 17:43:30,36.84967,-121.58266,3.12,5.7,Mainshock,3.0 - 3.99,POINT (-121.58266 36.84967),38.0
2025-03-18 05:58:19,38.66033,-118.79066,3.16,-2.11,Mainshock,3.0 - 3.99,POINT (-118.79066 38.66033),73.0
2025-03-18 09:53:02,36.34817,-121.84534,3.24,15.65,Mainshock,3.0 - 3.99,POINT (-121.84534 36.34817),38.0
2025-03-18 04:23:58,35.40183,-117.808,3.89,-0.54,Mainshock,3.0 - 3.99,POINT (-117.808 35.40183),81.0
2025-03-18 17:26:38,35.40633,-117.81,3.22,9.59,Mainshock,3.0 - 3.99,POINT (-117.81 35.40633),81.0
2025-03-18 13:05:24,38.82333,-122.854,3.42,2.32,Mainshock,3.0 - 3.99,POINT (-122.854 38.82333),29.0
2025-03-18 20:49:18,36.5365,-117.97366,3.62,13.29,Mainshock,3.0 - 3.99,POINT (-117.97366 36.5365),82.0
2025-03-18 08:28:11,35.70967,-121.05367,3.1,6.77,Mainshock,3.0 - 3.99,POINT (-121.05367 35.70967),37.0
2025-03-18 14:23:34,40.71967,-121.52267,3.43,6.07,Mainshock,3.0 - 3.99,POINT (-121.52267 40.71967),42.0
2025-03-18 14:28:34,40.72066,-121.52383,3.08,5.9,Aftershock,3.0 - 3.99,POINT (-121.52383 40.72066),42.0
2025-03-18 07:20:57,35.45767,-119.98634,3.34,10.55,Aftershock,3.0 - 3.99,POINT (-119.98634 35.45767),59.0
2025-03-18 06:20:42,35.45917,-120.00017,3.56,8.84,Mainshock,3.0 - 3.99,POINT (-120.00017 35.45917),48.0
2025-03-18 02:19:28,35.7275,-119.69267,3.07,22.5,Foreshock,3.0 - 3.99,POINT (-119.69267 35.7275),59.0
2025-03-18 05:26:15,41.9265,-119.60817,3.13,5.24,Mainshock,3.0 - 3.99,POINT (-119.60817 41.9265),65.0
2025-03-18 15:42:52,37.57133,-118.85733,3.74,5.0,Mainshock,3.0 - 3.99,POINT (-118.85733 37.57133),72.0
2025-03-18 18:47:52,37.57583,-118.85633,3.44,5.48,Mainshock,3.0 - 3.99,POINT (-118.85633 37.57583),72.0
2025-03-18 23:04:26,37.20233,-118.4035,4.74,15.06,Mainshock,4.0 - 4.99,POINT (-118.4035 37.20233),72.0
2025-03-18 23:27:31,37.20233,-118.39983,4.27,15.08,Mainshock,4.0 - 4.99,POINT (-118.39983 37.20233),72.0
2025-03-18 04:12:06,35.543,-120.791,3.28,3.25,Mainshock,3.0 - 3.99,POINT (-120.791 35.543),48.0
2025-03-18 18:24:41,41.943,-119.611,3.02,3.13,Aftershock,3.0 - 3.99,POINT (-119.611 41.943),65.0
2025-03-18 05:47:44,41.87317,-119.66233,3.1,19.07,Mainshock,3.0 - 3.99,POINT (-119.66233 41.87317),65.0
2025-03-18 01:03:13,36.26733,-118.02067,3.18,-1.76,Mainshock,3.0 - 3.99,POINT (-118.02067 36.26733),71.0
2025-03-18 00:02:23,35.547,-119.36784,4.84,21.74,Mainshock,4.0 - 4.99,POINT (-119.36784 35.547),59.0
2025-03-18 17:48:32,41.91283,-119.6055,3.32,9.63,Mainshock,3.0 - 3.99,POINT (-119.6055 41.91283),65.0
2025-03-18 07:28:43,37.162,-118.36584,3.44,13.92,Mainshock,3.0 - 3.99,POINT (-118.36584 37.162),72.0
2025-03-18 02:57:19,41.8975,-119.60783,3.54,17.17,Mainshock,3.0 - 3.99,POINT (-119.60783 41.8975),65.0
2025-03-18 07:27:33,34.5265,-119.06267,3.4,8.83,Mainshock,3.0 - 3.99,POINT (-119.06267 34.5265),58.0
2025-03-18 08:42:40,34.52267,-119.077,4.07,18.1,Mainshock,4.0 - 4.99,POINT (-119.077 34.52267),58.0
2025-03-18 09:00:46,40.46317,-124.48983,3.3,26.72,Mainshock,3.0 - 3.99,POINT (-124.48983 40.46317),9.0
2025-03-18 04:58:05,35.33733,-118.55133,3.24,11.75,Mainshock,3.0 - 3.99,POINT (-118.55133 35.33733),70.0
2025-03-18 21:20:32,38.8485,-122.758,3.73,1.53,Mainshock,3.0 - 3.99,POINT (-122.758 38.8485),29.0
2025-03-18 19:30:56,38.83833,-122.76483,3.05,0.84,Foreshock,3.0 - 3.99,POINT (-122.76483 38.83833),29.0
2025-03-18 07:37:10,38.4845,-118.36716,4.22,13.45,Mainshock,4.0 - 4.99,POINT (-118.36716 38.4845),73.0
2025-03-18 10:46:49,38.491,-118.36567,3.3,-2.19,Mainshock,3.0 - 3.99,POINT (-118.36567 38.491),73.0
2025-03-18 13:18:09,38.49467,-118.366,3.24,-0.78,Aftershock,3.0 - 3.99,POINT (-118.366 38.49467),73.0
2025-03-18 10:00:45,38.67117,-118.77383,3.96,-2.28,Mainshock,3.0 - 3.99,POINT (-118.77383 38.67117),73.0
2025-03-18 02:14:21,41.93,-119.5865,3.47,12.51,Mainshock,3.0 - 3.99,POINT (-119.5865 41.93),65.0
2025-03-18 03:51:10,37.346,-121.695,3.05,9.68,Mainshock,3.0 - 3.99,POINT (-121.695 37.346),39.0
2025-03-18 10:41:52,36.79283,-120.98483,3.47,5.34,Mainshock,3.0 - 3.99,POINT (-120.98483 36.79283),49.0
2025-03-18 00:47:28,35.566,-119.3925,3.15,-0.02,Mainshock,3.0 - 3.99,POINT (-119.3925 35.566),59.0
2025-03-18 12:58:31,38.82633,-122.8495,3.77,1.74,Mainshock,3.0 - 3.99,POINT (-122.8495 38.82633),29.0
2025-03-18 11:49:07,41.75333,-119.61916,3.35,-1.36,Mainshock,3.0 - 3.99,POINT (-119.61916 41.75333),65.0
2025-03-18 20:25:55,37.083,-117.88167,3.22,-0.69,Mainshock,3.0 - 3.99,POINT (-117.88167 37.083),83.0
2025-03-18 04:25:35,35.72883,-121.346,3.07,8.03,Mainshock,3.0 - 3.99,POINT (-121.346 35.72883),37.0
2025-03-18 17:41:44,40.85667,-124.82133,3.1,23.27,Mainshock,3.0 - 3.99,POINT (-124.82133 40.85667),9.0
2025-03-18 22:50:47,37.93283,-123.05334,3.01,9.2,Mainshock,3.0 - 3.99,POINT (-123.05334 37.93283),17.0
2025-03-18 20:31:23,40.643,-119.39183,3.16,-1.46,Mainshock,3.0 - 3.99,POINT (-119.39183 40.643),64.0
2025-03-18 12:29:52,40.99633,-124.0815,3.11,20.51,Mainshock,3.0 - 3.99,POINT (-124.0815 40.99633),9.0
2025-03-18 07:00:19,40.364,-124.45216,3.16,16.33,Mainshock,3.0 - 3.99,POINT (-124.45216 40.364),9.0
2025-03-18 03:03:17,36.83933,-121.57,3.03,6.16,Mainshock,3.0 - 3.99,POINT (-121.57 36.83933),38.0
2025-03-18 23:11:45,40.56683,-119.40683,3.62,-1.36,Aftershock,3.0 - 3.99,POINT (-119.40683 40.56683),64.0
2025-03-18 08:53:18,40.675,-119.17717,3.64,0.45,Mainshock,3.0 - 3.99,POINT (-119.17717 40.675),64.0
2025-03-18 05:29:55,38.81583,-122.82066,3.83,2.7,Mainshock,3.0 - 3.99,POINT (-122.82066 38.81583),29.0
2025-03-18 21:24:43,36.94383,-118.29433,3.05,-1.46,Mainshock,3.0 - 3.99,POINT (-118.29433 36.94383),71.0
2025-03-18 14:20:32,40.625,-119.59133,3.81,-2.03,Mainshock,3.0 - 3.99,POINT (-119.59133 40.625),64.0
2025-03-18 06:26:54,38.81733,-122.766,3.0,0.0,Mainshock,3.0 - 3.99,POINT (-122.766 38.81733),29.0
2025-03-18 07:27:42,41.91817,-119.717,3.48,15.23,Mainshock,3.0 - 3.99,POINT (-119.717 41.91817),65.0
2025-03-18 22:58:06,35.96867,-120.52617,3.5,7.83,Mainshock,3.0 - 3.99,POINT (-120.52617 35.96867),48.0
2025-03-18 19:15:31,35.436,-121.03616,3.08,4.82,Mainshock,3.0 - 3.99,POINT (-121.03616 35.436),37.0
2025-03-18 23:03:31,38.80684,-122.819,3.17,1.83,Mainshock,3.0 - 3.99,POINT (-122.819 38.80684),29.0
2025-03-18 20:57:02,41.885,-119.64267,3.44,14.63,Mainshock,3.0 - 3.99,POINT (-119.64267 41.885),65.0
2025-03-18 13:04:18,37.20767,-122.1655,3.35,12.99,Mainshock,3.0 - 3.99,POINT (-122.1655 37.20767),28.0
2025-03-18 23:57:55,38.82533,-122.79833,3.31,2.94,Mainshock,3.0 - 3.99,POINT (-122.79833 38.82533),29.0
2025-03-18 20:32:50,36.213,-120.777,3.04,8.73,Mainshock,3.0 - 3.99,POINT (-120.777 36.213),49.0
2025-03-18 20:37:20,38.81883,-122.75784,3.34,1.82,Mainshock,3.0 - 3.99,POINT (-122.75784 38.81883),29.0
2025-03-18 18:43:03,36.63433,-121.256,3.01,9.35,Mainshock,3.0 - 3.99,POINT (-121.256 36.63433),38.0
2025-03-18 23:14:39,38.68917,-118.7015,3.9,-2.17,Mainshock,3.0 - 3.99,POINT (-118.7015 38.68917),73.0
2025-03-18 23:40:44,38.695,-118.724,4.24,-1.55,Mainshock,4.0 - 4.99,POINT (-118.724 38.695),73.0
2025-03-18 22:32:07,35.21283,-119.32317,3.23,6.16,Mainshock,3.0 - 3.99,POINT (-119.32317 35.21283),59.0
2025-03-18 09:16:41,34.56633,-120.03484,3.31,10.57,Mainshock,3.0 - 3.99,POINT (-120.03484 34.56633),47.0
2025-03-18 13:29:49,37.4545,-118.83783,3.09,-0.8,Mainshock,3.0 - 3.99,POINT (-118.83783 37.4545),72.0
2025-03-18 05:26:12,36.69083,-121.32017,3.12,4.07,Mainshock,3.0 - 3.99,POINT (-121.32017 36.69083),38.0
2025-03-18 05:53:31,36.68983,-121.32516,3.84,4.91,Mainshock,3.0 - 3.99,POINT (-121.32516 36.68983),38.0
2025-03-18 06:01:27,36.69717,-121.331,3.34,4.45,Mainshock,3.0 - 3.99,POINT (-121.331 36.69717),38.0
2025-03-18 06:14:36,36.6855,-121.333,3.28,4.43,Mainshock,3.0 - 3.99,POINT (-121.333 36.6855),38.0
2025-03-18 09:27:25,37.0295,-121.19817,3.68,2.02,Mainshock,3.0 - 3.99,POINT (-121.19817 37.0295),39.0
2025-03-18 12:49:49,37.028,-121.202,3.07,0.2,Mainshock,3.0 - 3.99,POINT (-121.202 37.028),39.0
2025-03-18 21:38:38,36.6925,-121.32967,4.22,5.87,Mainshock,4.0 - 4.99,POINT (-121.32967 36.6925),38.0
2025-03-18 21:39:20,36.697,-121.34133,3.93,4.24,Aftershock,3.0 - 3.99,POINT (-121.34133 36.697),38.0
2025-03-18 23:09:05,40.72433,-123.89183,4.81,26.24,Mainshock,4.0 - 4.99,POINT (-123.89183 40.72433),20.0
2025-03-18 04:34:13,37.42233,-118.32816,3.21,5.66,Mainshock,3.0 - 3.99,POINT (-118.32816 37.42233),72.0
2025-03-18 20:13:20,35.68233,-121.1245,3.22,6.15,Mainshock,3.0 - 3.99,POINT (-121.1245 35.68233),37.0
2025-03-18 17:11:23,38.74517,-122.71584,3.37,1.57,Mainshock,3.0 - 3.99,POINT (-122.71584 38.74517),29.0
2025-03-18 19:00:07,39.43967,-119.73933,3.06,3.87,Mainshock,3.0 - 3.99,POINT (-119.73933 39.43967),63.0
2025-03-18 23:32:47,38.44083,-122.50567,3.16,10.91,Mainshock,3.0 - 3.99,POINT (-122.50567 38.44083),29.0
2025-03-18 11:31:04,40.14117,-120.2295,3.68,8.95,Aftershock,3.0 - 3.99,POINT (-120.2295 40.14117),53.0
2025-03-18 04:55:35,40.15383,-120.21317,4.45,6.87,Mainshock,4.0 - 4.99,POINT (-120.21317 40.15383),53.0
2025-03-18 04:58:32,40.15067,-120.21533,3.98,5.31,Aftershock,3.0 - 3.99,POINT (-120.21533 40.15067),53.0
2025-03-18 10:13:52,40.15167,-120.21267,3.31,5.15,Mainshock,3.0 - 3.99,POINT (-120.21267 40.15167),53.0
2025-03-18 15:45:52,34.53067,-119.957,3.11,4.57,Mainshock,3.0 - 3.99,POINT (-119.957 34.53067),58.0
2025-03-18 12:55:39,36.2965,-120.79517,3.34,4.96,Mainshock,3.0 - 3.99,POINT (-120.79517 36.2965),49.0
2025-03-18 02:57:17,39.32933,-122.80183,5.09,14.45,Mainshock,5.0 - 5.99,POINT (-122.80183 39.32933),30.0
2025-03-18 13:12:28,39.96033,-122.78467,3.84,8.04,Mainshock,3.0 - 3.99,POINT (-122.78467 39.96033),30.0
2025-03-18 09:08:05,36.5765,-121.1765,3.41,7.78,Mainshock,3.0 - 3.99,POINT (-121.1765 36.5765),38.0
2025-03-18 14:30:23,37.479,-118.78267,3.03,5.97,Mainshock,3.0 - 3.99,POINT (-118.78267 37.479),72.0
2025-03-18 15:37:55,37.48083,-118.78217,3.49,5.4,Mainshock,3.0 - 3.99,POINT (-118.78217 37.48083),72.0
2025-03-18 16:51:39,37.48233,-118.7795,3.31,5.68,Mainshock,3.0 - 3.99,POINT (-118.7795 37.48233),72.0
2025-03-18 19:24:05,37.48466,-118.77983,3.44,5.35,Mainshock,3.0 - 3.99,POINT (-118.77983 37.48466),72.0
2025-03-18 18:23:28,37.48367,-118.78217,3.07,5.4,Foreshock,3.0 - 3.99,POINT (-118.78217 37.48367),72.0
2025-03-18 16:17:21,36.7015,-121.338,3.62,4.4,Mainshock,3.0 - 3.99,POINT (-121.338 36.7015),38.0
2025-03-18 21:54:28,36.6945,-121.3365,3.07,4.45,Mainshock,3.0 - 3.99,POINT (-121.3365 36.6945),38.0
2025-03-18 22:05:28,36.69433,-121.32716,3.19,3.62,Mainshock,3.0 - 3.99,POINT (-121.32716 36.69433),38.0
2025-03-18 03:39:54,36.39883,-117.87483,3.82,8.26,Mainshock,3.0 - 3.99,POINT (-117.87483 36.39883),82.0
2025-03-18 23:44:37,35.99417,-117.93383,3.18,3.49,Mainshock,3.0 - 3.99,POINT (-117.93383 35.99417),81.0
2025-03-18 21:47:48,37.62317,-118.89283,3.53,1.96,Mainshock,3.0 - 3.99,POINT (-118.89283 37.62317),72.0
2025-03-18 21:20:52,40.4365,-123.40784,4.49,35.62,Mainshock,4.0 - 4.99,POINT (-123.40784 40.4365),20.0
2025-03-18 04:31:17,36.39734,-117.87534,3.62,8.05,Mainshock,3.0 - 3.99,POINT (-117.87534 36.39734),82.0
2025-03-18 01:52:09,37.62317,-118.895,3.29,1.22,Mainshock,3.0 - 3.99,POINT (-118.895 37.62317),72.0
2025-03-18 19:17:26,41.82683,-124.38367,3.25,17.53,Mainshock,3.0 - 3.99,POINT (-124.38367 41.82683),10.0
2025-03-18 07:50:22,37.80467,-122.1975,3.54,4.02,Mainshock,3.0 - 3.99,POINT (-122.1975 37.80467),28.0
2025-03-18 17:35:42,38.811,-122.81583,3.1,2.72,Mainshock,3.0 - 3.99,POINT (-122.81583 38.811),29.0
2025-03-18 01:48:48,40.37917,-124.9655,3.0,3.24,Mainshock,3.0 - 3.99,POINT (-124.9655 40.37917),9.0
2025-03-18 09:41:52,36.05367,-120.0905,3.19,17.65,Mainshock,3.0 - 3.99,POINT (-120.0905 36.05367),49.0
2025-03-18 14:35:09,37.63167,-119.4205,3.26,-1.86,Mainshock,3.0 - 3.99,POINT (-119.4205 37.63167),61.0
2025-03-18 14:35:26,37.59517,-119.363,3.12,2.62,Aftershock,3.0 - 3.99,POINT (-119.363 37.59517),61.0
2025-03-18 12:57:34,37.55333,-118.832,3.07,9.01,Foreshock,3.0 - 3.99,POINT (-118.832 37.55333),72.0
2025-03-18 15:26:51,37.33633,-121.69534,3.25,8.13,Mainshock,3.0 - 3.99,POINT (-121.69534 37.33633),39.0
2025-03-18 07:53:29,36.2435,-120.36,3.52,10.79,Mainshock,3.0 - 3.99,POINT (-120.36 36.2435),49.0
2025-03-18 22:37:15,35.9045,-120.45084,3.02,5.71,Mainshock,3.0 - 3.99,POINT (-120.45084 35.9045),48.0
2025-03-18 18:08:35,37.53983,-118.82917,3.16,5.88,Mainshock,3.0 - 3.99,POINT (-118.82917 37.53983),72.0
2025-03-18 03:25:27,34.68583,-120.27016,3.48,5.42,Mainshock,3.0 - 3.99,POINT (-120.27016 34.68583),47.0
2025-03-18 22:09:07,36.713,-121.31133,3.55,7.59,Mainshock,3.0 - 3.99,POINT (-121.31133 36.713),38.0
2025-03-18 10:45:02,38.825,-122.80217,3.29,2.85,Mainshock,3.0 - 3.99,POINT (-122.80217 38.825),29.0
2025-03-18 06:37:23,40.34617,-124.5465,4.11,23.97,Mainshock,4.0 - 4.99,POINT (-124.5465 40.34617),9.0
2025-03-18 23:57:08,35.09583,-119.12083,3.04,22.61,Mainshock,3.0 - 3.99,POINT (-119.12083 35.09583),59.0
2025-03-18 17:58:04,38.79167,-122.76133,3.23,2.04,Mainshock,3.0 - 3.99,POINT (-122.76133 38.79167),29.0
2025-03-18 11:35:05,36.24933,-120.8175,3.18,7.96,Mainshock,3.0 - 3.99,POINT (-120.8175 36.24933),49.0
2025-03-18 12:57:33,39.66217,-123.63116,3.82,-0.57,Foreshock,3.0 - 3.99,POINT (-123.63116 39.66217),19.0
2025-03-18 13:00:46,39.65983,-123.63734,4.06,-0.65,Mainshock,4.0 - 4.99,POINT (-123.63734 39.65983),19.0
2025-03-18 00:55:46,36.46317,-121.007,3.6,6.5,Mainshock,3.0 - 3.99,POINT (-121.007 36.46317),38.0
2025-03-18 13:49:36,38.75067,-122.69783,3.33,0.55,Mainshock,3.0 - 3.99,POINT (-122.69783 38.75067),29.0
2025-03-18 17:46:28,40.50817,-124.21217,3.11,20.82,Mainshock,3.0 - 3.99,POINT (-124.21217 40.50817),9.0
2025-03-18 07:40:17,39.04016,-118.85017,3.82,-1.91,Mainshock,3.0 - 3.99,POINT (-118.85017 39.04016),74.0
2025-03-18 08:59:35,39.33033,-122.79667,3.06,13.86,Mainshock,3.0 - 3.99,POINT (-122.79667 39.33033),30.0
2025-03-18 18:33:15,40.2785,-124.386,4.35,22.1,Mainshock,4.0 - 4.99,POINT (-124.386 40.2785),9.0
2025-03-18 19:12:37,38.662,-118.772,3.06,-2.11,Mainshock,3.0 - 3.99,POINT (-118.772 38.662),73.0
2025-03-18 07:44:24,37.63817,-118.92516,3.99,6.11,Mainshock,3.0 - 3.99,POINT (-118.92516 37.63817),72.0
2025-03-18 11:58:39,35.56067,-120.805,3.95,4.59,Mainshock,3.0 - 3.99,POINT (-120.805 35.56067),48.0
2025-03-18 16:41:05,38.82217,-122.84133,5.01,1.48,Mainshock,5.0 - 5.99,POINT (-122.84133 38.82217),29.0
2025-03-18 23:49:08,38.63867,-121.87183,3.03,15.63,Mainshock,3.0 - 3.99,POINT (-121.87183 38.63867),40.0
2025-03-18 08:18:00,38.37217,-118.8985,5.64,10.01,Foreshock,5.0 - 5.99,POINT (-118.8985 38.37217),73.0
2025-03-18 08:22:12,38.37567,-118.90334,5.79,7.01,Mainshock,5.0 - 5.99,POINT (-118.90334 38.37567),73.0
2025-03-18 08:26:07,38.37783,-118.89433,3.55,2.77,Aftershock,3.0 - 3.99,POINT (-118.89433 38.37783),73.0
2025-03-18 08:29:34,38.3705,-118.90183,3.84,10.01,Aftershock,3.0 - 3.99,POINT (-118.90183 38.3705),73.0
2025-03-18 08:29:39,38.36666,-118.9385,3.77,1.53,Aftershock,3.0 - 3.99,POINT (-118.9385 38.36666),73.0
2025-03-18 08:46:15,38.3715,-118.90334,3.25,2.55,Foreshock,3.0 - 3.99,POINT (-118.90334 38.3715),73.0
2025-03-18 08:48:59,38.389,-118.8955,3.28,6.13,Mainshock,3.0 - 3.99,POINT (-118.8955 38.389),73.0
2025-03-18 08:57:20,38.3455,-118.908,3.71,8.29,Mainshock,3.0 - 3.99,POINT (-118.908 38.3455),73.0
2025-03-18 09:13:47,38.3615,-118.89684,5.59,2.43,Mainshock,5.0 - 5.99,POINT (-118.89684 38.3615),73.0
2025-03-18 09:22:35,38.40367,-118.93233,3.09,2.76,Mainshock,3.0 - 3.99,POINT (-118.93233 38.40367),73.0
2025-03-18 09:33:22,38.38733,-118.8975,3.2,3.79,Mainshock,3.0 - 3.99,POINT (-118.8975 38.38733),73.0
2025-03-18 09:45:18,38.385,-118.89467,3.13,1.37,Mainshock,3.0 - 3.99,POINT (-118.89467 38.385),73.0
2025-03-18 09:56:33,38.4,-118.89533,3.09,-0.51,Mainshock,3.0 - 3.99,POINT (-118.89533 38.4),73.0
2025-03-18 11:45:47,38.37133,-118.897,3.03,-1.27,Mainshock,3.0 - 3.99,POINT (-118.897 38.37133),73.0
2025-03-18 12:18:13,38.406,-118.90967,4.03,11.08,Mainshock,4.0 - 4.99,POINT (-118.90967 38.406),73.0
2025-03-18 12:31:54,38.4155,-118.9085,3.64,0.86,Mainshock,3.0 - 3.99,POINT (-118.9085 38.4155),73.0
2025-03-18 14:40:12,38.29783,-118.81316,3.49,8.57,Mainshock,3.0 - 3.99,POINT (-118.81316 38.29783),73.0
2025-03-18 16:27:59,38.34233,-118.8875,3.57,2.66,Foreshock,3.0 - 3.99,POINT (-118.8875 38.34233),73.0
2025-03-18 16:28:22,38.34083,-118.8755,3.66,13.98,Mainshock,3.0 - 3.99,POINT (-118.8755 38.34083),73.0
2025-03-18 22:00:00,38.401,-118.91866,3.58,2.55,Mainshock,3.0 - 3.99,POINT (-118.91866 38.401),73.0
2025-03-18 22:26:40,38.349,-118.91167,3.6,-2.21,Mainshock,3.0 - 3.99,POINT (-118.91167 38.349),73.0
2025-03-18 02:11:09,38.70833,-118.467,3.91,-2.15,Mainshock,3.0 - 3.99,POINT (-118.467 38.70833),73.0
2025-03-18 13:05:08,38.3925,-118.92083,3.68,-2.19,Mainshock,3.0 - 3.99,POINT (-118.92083 38.3925),73.0
2025-03-18 18:01:16,38.39083,-118.90134,3.25,2.26,Mainshock,3.0 - 3.99,POINT (-118.90134 38.39083),73.0
2025-03-18 07:31:17,38.3785,-118.89283,3.04,2.88,Foreshock,3.0 - 3.99,POINT (-118.89283 38.3785),73.0
2025-03-18 19:18:55,38.42767,-118.88467,3.48,13.69,Mainshock,3.0 - 3.99,POINT (-118.88467 38.42767),73.0
2025-03-18 04:14:25,38.37717,-118.89917,3.31,3.57,Foreshock,3.0 - 3.99,POINT (-118.89917 38.37717),73.0
2025-03-18 16:36:15,38.42783,-118.883,3.06,15.09,Aftershock,3.0 - 3.99,POINT (-118.883 38.42783),73.0
2025-03-18 13:14:36,38.43067,-118.8885,3.34,2.75,Mainshock,3.0 - 3.99,POINT (-118.8885 38.43067),73.0
2025-03-18 15:58:17,38.4005,-118.88184,3.04,14.84,Mainshock,3.0 - 3.99,POINT (-118.88184 38.4005),73.0
2025-03-18 16:23:55,40.30617,-124.069,3.12,32.82,Mainshock,3.0 - 3.99,POINT (-124.069 40.30617),9.0
2025-03-18 03:17:52,38.43583,-118.89417,3.68,-1.5,Mainshock,3.0 - 3.99,POINT (-118.89417 38.43583),73.0
2025-03-18 14:55:29,35.728,-121.0905,3.09,7.27,Mainshock,3.0 - 3.99,POINT (-121.0905 35.728),37.0
2025-03-18 02:53:36,37.4795,-118.78416,3.44,5.22,Mainshock,3.0 - 3.99,POINT (-118.78416 37.4795),72.0
2025-03-18 08:04:31,38.4045,-118.92917,3.68,-2.23,Mainshock,3.0 - 3.99,POINT (-118.92917 38.4045),73.0
2025-03-18 00:41:26,40.3615,-124.54767,3.05,26.77,Mainshock,3.0 - 3.99,POINT (-124.54767 40.3615),9.0
2025-03-18 03:15:19,36.58867,-121.14484,3.5,8.17,Mainshock,3.0 - 3.99,POINT (-121.14484 36.58867),38.0
2025-03-18 19:08:29,38.7935,-122.75616,3.89,2.69,Mainshock,3.0 - 3.99,POINT (-122.75616 38.7935),29.0
2025-03-18 05:35:08,36.75933,-121.35316,3.28,11.02,Mainshock,3.0 - 3.99,POINT (-121.35316 36.75933),38.0
2025-03-18 16:13:42,40.2385,-123.64684,3.68,31.33,Mainshock,3.0 - 3.99,POINT (-123.64684 40.2385),20.0
2025-03-18 14:02:38,38.56217,-122.28533,3.01,9.17,Mainshock,3.0 - 3.99,POINT (-122.28533 38.56217),29.0
2025-03-18 14:08:50,38.56133,-122.28333,3.0,9.68,Mainshock,3.0 - 3.99,POINT (-122.28333 38.56133),29.0
2025-03-18 07:39:14,38.80367,-122.79117,3.24,1.42,Mainshock,3.0 - 3.99,POINT (-122.79117 38.80367),29.0
2025-03-18 09:00:55,38.55917,-122.28733,3.24,4.81,Aftershock,3.0 - 3.99,POINT (-122.28733 38.55917),29.0
2025-03-18 00:57:52,38.79583,-122.73534,4.16,1.32,Mainshock,4.0 - 4.99,POINT (-122.73534 38.79583),29.0
2025-03-18 22:46:23,36.62517,-120.99216,3.3,0.97,Mainshock,3.0 - 3.99,POINT (-120.99216 36.62517),49.0
2025-03-18 14:58:40,36.959,-121.57567,3.6,4.46,Mainshock,3.0 - 3.99,POINT (-121.57567 36.959),38.0
2025-03-18 19:55:49,36.812,-121.544,3.39,6.59,Mainshock,3.0 - 3.99,POINT (-121.544 36.812),38.0
2025-03-18 01:31:59,40.3295,-124.67717,3.12,18.86,Mainshock,3.0 - 3.99,POINT (-124.67717 40.3295),9.0
2025-03-18 20:23:45,40.2905,-124.39516,3.85,8.17,Aftershock,3.0 - 3.99,POINT (-124.39516 40.2905),9.0
2025-03-18 19:19:20,40.35233,-124.77483,4.04,25.15,Mainshock,4.0 - 4.99,POINT (-124.77483 40.35233),9.0
2025-03-18 12:59:40,38.77717,-123.158,3.13,4.52,Mainshock,3.0 - 3.99,POINT (-123.158 38.77717),18.0
2025-03-18 17:20:23,36.6355,-121.25584,3.72,7.16,Mainshock,3.0 - 3.99,POINT (-121.25584 36.6355),38.0
2025-03-18 14:39:04,35.8795,-120.06116,3.52,15.45,Mainshock,3.0 - 3.99,POINT (-120.06116 35.8795),48.0
2025-03-18 15:50:28,36.09933,-120.2145,3.38,8.83,Mainshock,3.0 - 3.99,POINT (-120.2145 36.09933),49.0
2025-03-18 16:09:57,40.61067,-121.8425,3.07,16.96,Mainshock,3.0 - 3.99,POINT (-121.8425 40.61067),42.0
2025-03-18 21:35:20,41.8685,-119.63216,3.37,14.98,Mainshock,3.0 - 3.99,POINT (-119.63216 41.8685),65.0
2025-03-18 08:52:51,36.8785,-121.33884,3.02,6.66,Aftershock,3.0 - 3.99,POINT (-121.33884 36.8785),38.0
2025-03-18 08:07:22,36.5555,-121.1545,3.06,7.68,Mainshock,3.0 - 3.99,POINT (-121.1545 36.5555),38.0
2025-03-18 01:45:55,36.1415,-118.73434,3.7,8.14,Mainshock,3.0 - 3.99,POINT (-118.73434 36.1415),71.0
2025-03-18 10:55:53,36.87767,-121.61417,4.0,6.2,Mainshock,4.0 - 4.99,POINT (-121.61417 36.87767),38.0
2025-03-18 10:56:11,36.86383,-121.59483,3.17,6.7,Aftershock,3.0 - 3.99,POINT (-121.59483 36.86383),38.0
2025-03-18 21:15:24,40.312,-124.4255,3.07,7.4,Mainshock,3.0 - 3.99,POINT (-124.4255 40.312),9.0
2025-03-18 04:40:14,41.86483,-119.64716,3.17,15.97,Mainshock,3.0 - 3.99,POINT (-119.64716 41.86483),65.0
2025-03-18 00:42:37,36.95284,-118.03717,3.01,-1.3,Mainshock,3.0 - 3.99,POINT (-118.03717 36.95284),71.0
2025-03-18 17:11:46,38.27033,-118.76033,3.02,4.22,Mainshock,3.0 - 3.99,POINT (-118.76033 38.27033),73.0
2025-03-18 22:21:02,36.4725,-120.9975,3.52,5.06,Mainshock,3.0 - 3.99,POINT (-120.9975 36.4725),49.0
2025-03-18 15:48:25,36.97017,-121.459,3.18,3.09,Mainshock,3.0 - 3.99,POINT (-121.459 36.97017),38.0
2025-03-18 20:31:45,38.774,-122.72234,3.73,1.35,Mainshock,3.0 - 3.99,POINT (-122.72234 38.774),29.0
2025-03-18 19:41:43,36.12333,-120.07,3.09,9.7,Mainshock,3.0 - 3.99,POINT (-120.07 36.12333),49.0
2025-03-18 17:41:24,35.589,-118.33017,3.19,8.16,Mainshock,3.0 - 3.99,POINT (-118.33017 35.589),70.0
2025-03-18 22:40:52,41.89633,-119.6515,3.31,20.75,Mainshock,3.0 - 3.99,POINT (-119.6515 41.89633),65.0
2025-03-18 01:29:19,37.82516,-121.806,3.78,15.2,Mainshock,3.0 - 3.99,POINT (-121.806 37.82516),39.0
2025-03-18 10:12:16,38.78833,-122.77717,3.98,2.76,Mainshock,3.0 - 3.99,POINT (-122.77717 38.78833),29.0
2025-03-18 10:40:33,38.42067,-118.90784,3.48,-0.08,Mainshock,3.0 - 3.99,POINT (-118.90784 38.42067),73.0
2025-03-18 10:43:57,38.42283,-118.90816,3.17,5.56,Aftershock,3.0 - 3.99,POINT (-118.90816 38.42283),73.0
2025-03-18 15:04:53,38.98383,-119.559,3.45,10.51,Mainshock,3.0 - 3.99,POINT (-119.559 38.98383),62.0
2025-03-18 15:05:03,38.40667,-118.91283,3.21,9.97,Mainshock,3.0 - 3.99,POINT (-118.91283 38.40667),73.0
2025-03-18 01:36:16,36.7045,-121.339,3.46,3.42,Mainshock,3.0 - 3.99,POINT (-121.339 36.7045),38.0
2025-03-18 15:22:53,36.16433,-117.84417,3.62,-1.0,Mainshock,3.0 - 3.99,POINT (-117.84417 36.16433),82.0
2025-03-18 15:42:51,36.17,-117.84383,3.95,-1.0,Mainshock,3.0 - 3.99,POINT (-117.84383 36.17),82.0
2025-03-18 18:21:25,38.90133,-123.00183,3.26,4.2,Mainshock,3.0 - 3.99,POINT (-123.00183 38.90133),18.0
2025-03-18 04:14:45,34.87634,-118.9665,3.4,9.33,Mainshock,3.0 - 3.99,POINT (-118.9665 34.87634),69.0
2025-03-18 01:49:38,38.8225,-122.8115,3.33,3.03,Mainshock,3.0 - 3.99,POINT (-122.8115 38.8225),29.0
2025-03-18 22:45:26,38.78867,-119.64967,3.9,-1.57,Mainshock,3.0 - 3.99,POINT (-119.64967 38.78867),62.0
2025-03-18 08:19:01,36.0075,-117.89034,3.05,-0.94,Mainshock,3.0 - 3.99,POINT (-117.89034 36.0075),82.0
2025-03-18 08:30:39,36.0055,-117.88917,3.25,-0.78,Mainshock,3.0 - 3.99,POINT (-117.88917 36.0055),82.0
2025-03-18 04:31:07,38.78717,-119.65033,3.56,-0.66,Mainshock,3.0 - 3.99,POINT (-119.65033 38.78717),62.0
2025-03-18 12:19:29,41.04183,-124.11166,3.53,22.86,Mainshock,3.0 - 3.99,POINT (-124.11166 41.04183),10.0
2025-03-18 05:00:22,40.437,-124.4685,3.14,25.05,Mainshock,3.0 - 3.99,POINT (-124.4685 40.437),9.0
2025-03-18 06:11:14,35.44333,-118.34583,3.17,7.93,Mainshock,3.0 - 3.99,POINT (-118.34583 35.44333),70.0
2025-03-18 19:00:20,37.9085,-122.29234,3.02,4.57,Mainshock,3.0 - 3.99,POINT (-122.29234 37.9085),28.0
2025-03-18 21:22:03,40.28783,-124.29884,4.03,9.14,Mainshock,4.0 - 4.99,POINT (-124.29884 40.28783),9.0
2025-03-18 09:02:02,39.4675,-120.33884,3.68,-1.58,Mainshock,3.0 - 3.99,POINT (-120.33884 39.4675),52.0
2025-03-18 09:09:21,39.46967,-120.33434,3.94,-1.43,Mainshock,3.0 - 3.99,POINT (-120.33434 39.46967),52.0
2025-03-18 12:14:11,39.47,-120.33783,3.15,-0.88,Mainshock,3.0 - 3.99,POINT (-120.33783 39.47),52.0
2025-03-18 19:34:38,37.5135,-118.9595,3.59,-0.19,Mainshock,3.0 - 3.99,POINT (-118.9595 37.5135),72.0
2025-03-18 13:42:10,34.878,-118.951,3.12,10.2,Mainshock,3.0 - 3.99,POINT (-118.951 34.878),69.0
2025-03-18 09:12:05,37.50834,-118.95433,3.83,0.87,Mainshock,3.0 - 3.99,POINT (-118.95433 37.50834),72.0
2025-03-18 01:44:12,40.62,-123.29134,3.74,34.83,Mainshock,3.0 - 3.99,POINT (-123.29134 40.62),20.0
2025-03-18 11:02:58,37.50583,-118.999,3.16,3.92,Mainshock,3.0 - 3.99,POINT (-118.999 37.50583),72.0
2025-03-18 22:32:07,36.93767,-121.6825,3.07,11.34,Mainshock,3.0 - 3.99,POINT (-121.6825 36.93767),38.0
2025-03-18 17:45:24,37.5435,-118.81533,3.13,2.7,Mainshock,3.0 - 3.99,POINT (-118.81533 37.5435),72.0
2025-03-18 15:31:02,37.46383,-118.82433,3.03,0.42,Foreshock,3.0 - 3.99,POINT (-118.82433 37.46383),72.0
2025-03-18 01:36:22,38.584,-122.41866,3.27,6.14,Mainshock,3.0 - 3.99,POINT (-122.41866 38.584),29.0
2025-03-18 00:48:48,35.62634,-118.147,3.7,11.29,Mainshock,3.0 - 3.99,POINT (-118.147 35.62634),70.0
2025-03-18 01:01:42,37.56967,-118.88866,3.26,1.88,Mainshock,3.0 - 3.99,POINT (-118.88866 37.56967),72.0
2025-03-18 21:25:01,40.39983,-120.004,3.56,10.48,Mainshock,3.0 - 3.99,POINT (-120.004 40.39983),53.0
2025-03-18 17:10:23,35.73067,-121.082,3.03,6.53,Mainshock,3.0 - 3.99,POINT (-121.082 35.73067),37.0
2025-03-18 22:08:23,37.5545,-118.88316,3.02,3.76,Mainshock,3.0 - 3.99,POINT (-118.88316 37.5545),72.0
2025-03-18 03:00:10,38.06017,-118.91734,3.92,9.18,Mainshock,3.0 - 3.99,POINT (-118.91734 38.06017),73.0
2025-03-18 08:40:00,36.29833,-120.32283,3.39,8.2,Mainshock,3.0 - 3.99,POINT (-120.32283 36.29833),49.0
2025-03-18 16:49:34,40.11317,-123.079,3.02,44.37,Mainshock,3.0 - 3.99,POINT (-123.079 40.11317),20.0
2025-03-18 08:08:21,37.46433,-118.82117,3.45,1.98,Mainshock,3.0 - 3.99,POINT (-118.82117 37.46433),72.0
2025-03-18 08:47:39,37.462,-118.82117,3.39,2.66,Mainshock,3.0 - 3.99,POINT (-118.82117 37.462),72.0
2025-03-18 11:37:45,37.478,-118.81783,3.11,1.19,Mainshock,3.0 - 3.99,POINT (-118.81783 37.478),72.0
2025-03-18 14:36:28,38.062,-118.92384,3.01,7.84,Mainshock,3.0 - 3.99,POINT (-118.92384 38.062),73.0
2025-03-18 19:52:14,35.84717,-118.04483,4.13,-0.54,Mainshock,4.0 - 4.99,POINT (-118.04483 35.84717),70.0
2025-03-18 19:52:23,36.84617,-118.02617,4.23,10.16,Mainshock,4.0 - 4.99,POINT (-118.02617 36.84617),71.0
2025-03-18 12:54:32,38.7975,-122.7795,3.5,1.11,Mainshock,3.0 - 3.99,POINT (-122.7795 38.7975),29.0
2025-03-18 19:46:55,34.52267,-118.65334,3.46,3.8,Mainshock,3.0 - 3.99,POINT (-118.65334 34.52267),69.0
2025-03-18 15:59:16,38.621,-122.70333,3.52,6.67,Mainshock,3.0 - 3.99,POINT (-122.70333 38.621),29.0
2025-03-18 19:30:48,36.01217,-117.83134,3.08,1.61,Mainshock,3.0 - 3.99,POINT (-117.83134 36.01217),82.0
2025-03-18 19:46:30,34.53817,-120.71183,3.01,6.63,Mainshock,3.0 - 3.99,POINT (-120.71183 34.53817),47.0
2025-03-18 17:32:17,37.41167,-121.8135,3.28,-0.21,Mainshock,3.0 - 3.99,POINT (-121.8135 37.41167),39.0
2025-03-18 01:17:47,37.414,-121.80566,3.28,-0.21,Foreshock,3.0 - 3.99,POINT (-121.80566 37.414),39.0
2025-03-18 11:12:56,35.01767,-119.31834,3.53,14.26,Mainshock,3.0 - 3.99,POINT (-119.31834 35.01767),59.0
2025-03-18 18:19:49,35.03583,-119.77533,4.13,8.02,Mainshock,4.0 - 4.99,POINT (-119.77533 35.03583),59.0
2025-03-18 18:20:21,39.71183,-119.39017,4.08,3.07,Mainshock,4.0 - 4.99,POINT (-119.39017 39.71183),63.0
2025-03-18 18:45:43,36.02017,-117.7715,3.79,1.19,Mainshock,3.0 - 3.99,POINT (-117.7715 36.02017),82.0
2025-03-18 16:54:39,36.82917,-121.54684,3.18,3.48,Mainshock,3.0 - 3.99,POINT (-121.54684 36.82917),38.0
2025-03-18 17:10:08,40.89133,-121.98367,3.65,16.86,Mainshock,3.0 - 3.99,POINT (-121.98367 40.89133),42.0
2025-03-18 00:37:40,34.72917,-120.16734,3.05,0.62,Mainshock,3.0 - 3.99,POINT (-120.16734 34.72917),47.0
2025-03-18 23:17:19,40.49533,-124.41734,3.91,26.88,Mainshock,3.0 - 3.99,POINT (-124.41734 40.49533),9.0
2025-03-18 08:40:06,38.356,-118.90583,3.36,-1.93,Mainshock,3.0 - 3.99,POINT (-118.90583 38.356),73.0
2025-03-18 21:53:20,38.79083,-119.63433,3.05,-2.06,Mainshock,3.0 - 3.99,POINT (-119.63433 38.79083),62.0
2025-03-18 06:05:30,37.5055,-118.8355,3.34,1.65,Mainshock,3.0 - 3.99,POINT (-118.8355 37.5055),72.0
2025-03-18 16:18:06,37.45367,-118.829,3.02,2.61,Mainshock,3.0 - 3.99,POINT (-118.829 37.45367),72.0
2025-03-18 01:10:46,41.8805,-119.65733,3.21,11.73,Mainshock,3.0 - 3.99,POINT (-119.65733 41.8805),65.0
2025-03-18 00:53:18,37.3135,-121.672,4.09,9.69,Mainshock,4.0 - 4.99,POINT (-121.672 37.3135),39.0
2025-03-18 23:10:32,39.28467,-123.23417,3.88,1.39,Mainshock,3.0 - 3.99,POINT (-123.23417 39.28467),19.0
2025-03-18 07:44:17,37.97933,-118.666,3.04,4.52,Mainshock,3.0 - 3.99,POINT (-118.666 37.97933),72.0
2025-03-18 11:45:32,36.47283,-121.05067,3.49,7.96,Mainshock,3.0 - 3.99,POINT (-121.05067 36.47283),38.0
2025-03-18 18:40:17,37.12033,-121.5235,3.43,7.46,Mainshock,3.0 - 3.99,POINT (-121.5235 37.12033),39.0
2025-03-18 20:11:19,36.58217,-121.17516,3.12,6.08,Mainshock,3.0 - 3.99,POINT (-121.17516 36.58217),38.0
2025-03-18 00:45:53,40.68633,-119.47334,3.4,1.0,Mainshock,3.0 - 3.99,POINT (-119.47334 40.68633),64.0
2025-03-18 10:03:00,37.60217,-118.82083,3.05,4.56,Mainshock,3.0 - 3.99,POINT (-118.82083 37.60217),72.0
2025-03-18 01:05:55,37.97066,-118.12883,3.05,3.59,Mainshock,3.0 - 3.99,POINT (-118.12883 37.97066),72.0
2025-03-18 23:12:40,37.48133,-118.48734,3.3,5.82,Mainshock,3.0 - 3.99,POINT (-118.48734 37.48133),72.0
2025-03-18 11:04:22,38.56167,-119.58217,3.11,1.08,Mainshock,3.0 - 3.99,POINT (-119.58217 38.56167),62.0
2025-03-18 19:31:29,36.6305,-121.24433,4.58,6.31,Mainshock,4.0 - 4.99,POINT (-121.24433 36.6305),38.0
2025-03-18 01:15:18,36.629,-121.23617,3.16,4.59,Foreshock,3.0 - 3.99,POINT (-121.23617 36.629),38.0
2025-03-18 01:23:53,36.62717,-121.23783,3.76,5.5,Mainshock,3.0 - 3.99,POINT (-121.23783 36.62717),38.0
2025-03-18 04:54:47,40.298,-124.52766,3.01,21.66,Mainshock,3.0 - 3.99,POINT (-124.52766 40.298),9.0
2025-03-18 01:15:38,34.94167,-119.426,4.29,7.57,Mainshock,4.0 - 4.99,POINT (-119.426 34.94167),58.0
2025-03-18 03:27:59,36.62033,-121.2265,3.04,6.26,Mainshock,3.0 - 3.99,POINT (-121.2265 36.62033),38.0
2025-03-18 10:40:56,35.70217,-118.38817,3.16,7.18,Mainshock,3.0 - 3.99,POINT (-118.38817 35.70217),70.0
2025-03-18 23:49:57,35.7005,-118.38734,3.14,7.33,Mainshock,3.0 - 3.99,POINT (-118.38734 35.7005),70.0
2025-03-18 10:42:57,39.80267,-123.4755,3.03,6.59,Mainshock,3.0 - 3.99,POINT (-123.4755 39.80267),19.0
2025-03-18 20:41:33,34.84717,-118.88067,3.19,7.28,Mainshock,3.0 - 3.99,POINT (-118.88067 34.84717),69.0
2025-03-18 07:15:18,36.67583,-121.29967,3.31,3.54,Mainshock,3.0 - 3.99,POINT (-121.29967 36.67583),38.0
2025-03-18 17:00:29,36.618,-121.22433,3.21,6.09,Mainshock,3.0 - 3.99,POINT (-121.22433 36.618),38.0
2025-03-18 17:06:26,37.55133,-118.8155,3.66,2.91,Mainshock,3.0 - 3.99,POINT (-118.8155 37.55133),72.0
2025-03-18 22:19:17,37.54733,-118.81033,3.78,2.84,Mainshock,3.0 - 3.99,POINT (-118.81033 37.54733),72.0
2025-03-18 22:52:53,37.54984,-118.80733,3.47,3.18,Aftershock,3.0 - 3.99,POINT (-118.80733 37.54984),72.0
2025-03-18 02:27:47,37.55017,-118.8065,3.52,3.53,Mainshock,3.0 - 3.99,POINT (-118.8065 37.55017),72.0
2025-03-18 06:43:06,40.10333,-122.058,3.18,18.94,Mainshock,3.0 - 3.99,POINT (-122.058 40.10333),31.0
2025-03-18 04:57:18,39.60767,-123.64584,4.26,7.04,Mainshock,4.0 - 4.99,POINT (-123.64584 39.60767),19.0
2025-03-18 06:47:38,40.42183,-124.592,3.87,17.92,Mainshock,3.0 - 3.99,POINT (-124.592 40.42183),9.0
2025-03-18 08:24:05,36.5635,-121.151,3.28,9.21,Mainshock,3.0 - 3.99,POINT (-121.151 36.5635),38.0
2025-03-18 00:00:03,39.04284,-118.87217,3.07,3.14,Mainshock,3.0 - 3.99,POINT (-118.87217 39.04284),74.0
2025-03-18 01:33:11,35.99267,-118.392,3.08,-0.76,Mainshock,3.0 - 3.99,POINT (-118.392 35.99267),70.0
2025-03-18 00:31:27,37.1125,-121.51833,3.27,7.25,Mainshock,3.0 - 3.99,POINT (-121.51833 37.1125),39.0
2025-03-18 06:42:57,36.00117,-118.3945,3.06,-0.66,Mainshock,3.0 - 3.99,POINT (-118.3945 36.00117),71.0
2025-03-18 03:19:36,37.1105,-121.51767,3.08,7.08,Mainshock,3.0 - 3.99,POINT (-121.51767 37.1105),39.0
2025-03-18 06:32:09,37.3965,-121.74683,3.9,10.55,Mainshock,3.0 - 3.99,POINT (-121.74683 37.3965),39.0
2025-03-18 00:22:45,36.6815,-121.3125,3.3,4.28,Mainshock,3.0 - 3.99,POINT (-121.3125 36.6815),38.0
2025-03-18 08:54:13,36.659,-121.28416,3.14,7.44,Mainshock,3.0 - 3.99,POINT (-121.28416 36.659),38.0
2025-03-18 11:39:50,36.65883,-121.28584,3.04,7.1,Mainshock,3.0 - 3.99,POINT (-121.28584 36.65883),38.0
2025-03-18 04:45:42,40.28517,-124.5095,3.82,19.29,Mainshock,3.0 - 3.99,POINT (-124.5095 40.28517),9.0
2025-03-18 19:49:06,40.48466,-123.39,3.76,30.44,Mainshock,3.0 - 3.99,POINT (-123.39 40.48466),20.0
2025-03-18 10:39:37,37.85517,-122.25684,4.38,12.31,Mainshock,4.0 - 4.99,POINT (-122.25684 37.85517),28.0
2025-03-18 00:15:13,36.15633,-120.22984,3.14,11.36,Mainshock,3.0 - 3.99,POINT (-120.22984 36.15633),49.0
2025-03-18 20:17:10,37.51,-118.85433,3.09,9.0,Mainshock,3.0 - 3.99,POINT (-118.85433 37.51),72.0
2025-03-18 05:55:11,38.785,-122.74333,4.28,1.81,Mainshock,4.0 - 4.99,POINT (-122.74333 38.785),29.0
2025-03-18 21:00:55,36.47533,-121.02783,3.41,7.36,Mainshock,3.0 - 3.99,POINT (-121.02783 36.47533),38.0
2025-03-18 06:02:33,36.93733,-121.661,3.6,7.1,Mainshock,3.0 - 3.99,POINT (-121.661 36.93733),38.0
2025-03-18 03:34:32,36.2355,-120.37334,3.14,13.95,Mainshock,3.0 - 3.99,POINT (-120.37334 36.2355),49.0
2025-03-18 06:43:15,36.041,-119.7465,3.48,22.46,Mainshock,3.0 - 3.99,POINT (-119.7465 36.041),60.0
2025-03-18 03:22:14,35.6895,-119.28516,3.05,-0.67,Mainshock,3.0 - 3.99,POINT (-119.28516 35.6895),59.0
2025-03-18 01:39:01,38.808,-122.8175,3.23,3.21,Mainshock,3.0 - 3.99,POINT (-122.8175 38.808),29.0
2025-03-18 08:28:29,40.2895,-121.19917,3.36,13.36,Mainshock,3.0 - 3.99,POINT (-121.19917 40.2895),42.0
2025-03-18 11:35:24,36.1625,-117.853,3.46,-1.3,Mainshock,3.0 - 3.99,POINT (-117.853 36.1625),82.0
2025-03-18 13:28:40,37.82567,-121.97933,3.31,6.93,Mainshock,3.0 - 3.99,POINT (-121.97933 37.82567),39.0
2025-03-18 20:19:24,37.8285,-121.98183,3.39,5.98,Foreshock,3.0 - 3.99,POINT (-121.98183 37.8285),39.0
2025-03-18 20:19:39,37.82633,-121.9845,3.51,6.16,Mainshock,3.0 - 3.99,POINT (-121.9845 37.82633),39.0
2025-03-18 21:02:19,37.338,-117.907,3.51,6.1,Mainshock,3.0 - 3.99,POINT (-117.907 37.338),83.0
2025-03-18 10:00:17,36.679,-121.27567,3.39,5.01,Mainshock,3.0 - 3.99,POINT (-121.27567 36.679),38.0
2025-03-18 15:25:23,36.582,-121.12833,3.06,9.09,Mainshock,3.0 - 3.99,POINT (-121.12833 36.582),38.0
2025-03-18 12:38:16,37.00167,-121.46133,3.31,8.23,Mainshock,3.0 - 3.99,POINT (-121.46133 37.00167),39.0
2025-03-18 18:04:59,35.486,-120.0275,3.72,10.88,Mainshock,3.0 - 3.99,POINT (-120.0275 35.486),48.0
2025-03-18 08:08:29,35.5585,-120.86884,3.22,7.38,Mainshock,3.0 - 3.99,POINT (-120.86884 35.5585),48.0
2025-03-18 06:01:28,40.29183,-124.54234,4.48,15.09,Mainshock,4.0 - 4.99,POINT (-124.54234 40.29183),9.0
2025-03-18 18:09:08,36.94367,-121.441,3.42,2.84,Mainshock,3.0 - 3.99,POINT (-121.441 36.94367),38.0
2025-03-18 16:24:49,40.75134,-124.38917,4.42,24.52,Aftershock,4.0 - 4.99,POINT (-124.38917 40.75134),9.0
2025-03-18 03:09:39,40.42783,-124.51083,4.66,25.19,Mainshock,4.0 - 4.99,POINT (-124.51083 40.42783),9.0
2025-03-18 14:33:39,36.85966,-121.5915,3.02,6.24,Mainshock,3.0 - 3.99,POINT (-121.5915 36.85966),38.0
2025-03-18 00:48:56,34.67817,-119.9955,3.08,1.02,Mainshock,3.0 - 3.99,POINT (-119.9955 34.67817),58.0
2025-03-18 07:37:15,38.8265,-122.76767,3.49,0.76,Mainshock,3.0 - 3.99,POINT (-122.76767 38.8265),29.0
2025-03-18 13:50:15,40.28383,-124.991,3.28,11.16,Mainshock,3.0 - 3.99,POINT (-124.991 40.28383),9.0
2025-03-18 03:52:40,36.56617,-121.15366,3.3,3.92,Mainshock,3.0 - 3.99,POINT (-121.15366 36.56617),38.0
2025-03-18 15:24:45,35.39617,-118.5415,3.91,10.05,Mainshock,3.0 - 3.99,POINT (-118.5415 35.39617),70.0
2025-03-18 16:36:49,35.05733,-119.03983,4.15,13.24,Mainshock,4.0 - 4.99,POINT (-119.03983 35.05733),59.0
2025-03-18 16:39:26,37.43467,-121.773,3.82,9.31,Mainshock,3.0 - 3.99,POINT (-121.773 37.43467),39.0
2025-03-18 05:23:27,36.19717,-120.779,3.11,5.25,Mainshock,3.0 - 3.99,POINT (-120.779 36.19717),49.0
2025-03-18 16:04:16,37.475,-118.5535,3.54,13.55,Mainshock,3.0 - 3.99,POINT (-118.5535 37.475),72.0
2025-03-18 11:55:02,37.87366,-121.988,3.3,6.05,Mainshock,3.0 - 3.99,POINT (-121.988 37.87366),39.0
2025-03-18 20:26:00,39.30317,-122.7735,3.04,12.26,Mainshock,3.0 - 3.99,POINT (-122.7735 39.30317),30.0
2025-03-18 02:58:30,38.81,-122.79716,4.19,1.89,Mainshock,4.0 - 4.99,POINT (-122.79716 38.81),29.0
2025-03-18 02:59:27,38.7995,-122.78316,3.1,-0.22,Aftershock,3.0 - 3.99,POINT (-122.78316 38.7995),29.0
2025-03-18 02:18:35,37.80533,-122.202,3.45,8.77,Mainshock,3.0 - 3.99,POINT (-122.202 37.80533),28.0
2025-03-18 21:32:11,37.257,-121.63416,3.15,5.28,Mainshock,3.0 - 3.99,POINT (-121.63416 37.257),39.0
2025-03-18 04:45:02,35.062,-119.02966,3.23,16.69,Mainshock,3.0 - 3.99,POINT (-119.02966 35.062),59.0
2025-03-18 22:56:54,36.66033,-121.27866,3.1,2.32,Mainshock,3.0 - 3.99,POINT (-121.27866 36.66033),38.0
2025-03-18 22:57:42,37.97567,-122.05783,3.0,15.63,Mainshock,3.0 - 3.99,POINT (-122.05783 37.97567),28.0
2025-03-18 10:04:55,40.62567,-123.21117,3.0,29.41,Mainshock,3.0 - 3.99,POINT (-123.21117 40.62567),20.0
2025-03-18 07:32:16,39.41267,-119.97083,3.21,-1.96,Mainshock,3.0 - 3.99,POINT (-119.97083 39.41267),63.0
2025-03-18 17:23:52,39.27583,-123.23333,3.72,5.45,Mainshock,3.0 - 3.99,POINT (-123.23333 39.27583),19.0
2025-03-18 07:41:42,37.99117,-121.7205,3.24,10.4,Mainshock,3.0 - 3.99,POINT (-121.7205 37.99117),39.0
2025-03-18 04:50:46,36.463,-121.00166,3.06,8.73,Mainshock,3.0 - 3.99,POINT (-121.00166 36.463),38.0
2025-03-18 23:49:11,38.83317,-122.80183,3.22,1.42,Mainshock,3.0 - 3.99,POINT (-122.80183 38.83317),29.0
2025-03-18 00:00:07,37.12517,-121.5265,3.06,7.26,Mainshock,3.0 - 3.99,POINT (-121.5265 37.12517),39.0
2025-03-18 01:38:22,38.82533,-122.8065,3.44,2.57,Mainshock,3.0 - 3.99,POINT (-122.8065 38.82533),29.0
2025-03-18 07:22:26,39.232,-120.11266,3.47,3.03,Mainshock,3.0 - 3.99,POINT (-120.11266 39.232),52.0
2025-03-18 07:57:11,36.77483,-121.41683,3.4,10.76,Mainshock,3.0 - 3.99,POINT (-121.41683 36.77483),38.0
2025-03-18 22:22:53,38.08283,-122.40967,3.66,11.95,Mainshock,3.0 - 3.99,POINT (-122.40967 38.08283),29.0
2025-03-18 05:36:49,38.459,-118.83217,3.41,-1.46,Mainshock,3.0 - 3.99,POINT (-118.83217 38.459),73.0
2025-03-18 21:52:11,35.89817,-120.44583,3.49,6.58,Mainshock,3.0 - 3.99,POINT (-120.44583 35.89817),48.0
2025-03-18 14:14:52,38.80217,-122.77834,3.27,2.39,Mainshock,3.0 - 3.99,POINT (-122.77834 38.80217),29.0
2025-03-18 19:25:33,40.67883,-124.8975,3.35,23.6,Mainshock,3.0 - 3.99,POINT (-124.8975 40.67883),9.0
2025-03-18 22:10:40,41.1455,-123.98383,3.19,23.4,Mainshock,3.0 - 3.99,POINT (-123.98383 41.1455),21.0
2025-03-18 09:13:37,36.7305,-118.4115,3.46,3.48,Mainshock,3.0 - 3.99,POINT (-118.4115 36.7305),71.0
2025-03-18 17:57:49,40.29133,-124.5805,3.03,18.01,Mainshock,3.0 - 3.99,POINT (-124.5805 40.29133),9.0
2025-03-18 22:08:09,39.23717,-120.10934,3.75,2.09,Mainshock,3.0 - 3.99,POINT (-120.10934 39.23717),52.0
2025-03-18 15:45:06,38.82633,-122.8115,3.76,1.59,Mainshock,3.0 - 3.99,POINT (-122.8115 38.82633),29.0
2025-03-18 00:27:54,38.07133,-122.22583,3.29,8.04,Mainshock,3.0 - 3.99,POINT (-122.22583 38.07133),29.0
2025-03-18 02:10:12,37.46733,-121.81966,3.4,7.79,Mainshock,3.0 - 3.99,POINT (-121.81966 37.46733),39.0
2025-03-18 15:13:56,35.76367,-118.26534,3.4,-0.22,Mainshock,3.0 - 3.99,POINT (-118.26534 35.76367),70.0
2025-03-18 13:29:37,36.75333,-121.35367,3.83,11.42,Mainshock,3.0 - 3.99,POINT (-121.35367 36.75333),38.0
2025-03-18 21:25:01,36.069,-118.00867,3.31,1.46,Mainshock,3.0 - 3.99,POINT (-118.00867 36.069),71.0
2025-03-18 08:48:25,38.838,-122.82083,3.35,1.53,Mainshock,3.0 - 3.99,POINT (-122.82083 38.838),29.0
2025-03-18 11:19:05,41.026,-122.214,3.28,3.75,Mainshock,3.0 - 3.99,POINT (-122.214 41.026),32.0
2025-03-18 13:46:06,36.58033,-121.177,3.17,6.22,Mainshock,3.0 - 3.99,POINT (-121.177 36.58033),38.0
2025-03-18 06:32:58,37.40983,-119.60533,3.06,43.4,Mainshock,3.0 - 3.99,POINT (-119.60533 37.40983),61.0
2025-03-18 21:28:02,36.5955,-117.99316,3.85,11.38,Mainshock,3.0 - 3.99,POINT (-117.99316 36.5955),82.0
2025-03-18 09:41:25,35.4935,-118.30167,3.17,7.27,Mainshock,3.0 - 3.99,POINT (-118.30167 35.4935),70.0
2025-03-18 13:58:17,35.39583,-118.54117,3.22,9.58,Mainshock,3.0 - 3.99,POINT (-118.54117 35.39583),70.0
2025-03-18 05:22:12,36.07383,-120.64333,3.31,4.91,Mainshock,3.0 - 3.99,POINT (-120.64333 36.07383),49.0
2025-03-18 12:58:54,36.68017,-121.31467,4.11,6.48,Mainshock,4.0 - 4.99,POINT (-121.31467 36.68017),38.0
2025-03-18 13:01:14,36.68283,-121.32133,3.09,5.52,Aftershock,3.0 - 3.99,POINT (-121.32133 36.68283),38.0
2025-03-18 13:22:45,36.67933,-121.3055,3.56,2.61,Mainshock,3.0 - 3.99,POINT (-121.3055 36.67933),38.0
2025-03-18 15:15:48,36.6775,-121.30383,3.12,5.08,Mainshock,3.0 - 3.99,POINT (-121.30383 36.6775),38.0
2025-03-18 15:27:03,36.67633,-121.303,3.55,5.27,Mainshock,3.0 - 3.99,POINT (-121.303 36.67633),38.0
2025-03-18 16:19:30,36.68616,-121.31783,3.31,6.54,Mainshock,3.0 - 3.99,POINT (-121.31783 36.68616),38.0
2025-03-18 06:35:51,36.13967,-118.06416,3.6,-1.15,Mainshock,3.0 - 3.99,POINT (-118.06416 36.13967),71.0
2025-03-18 04:12:23,35.21967,-118.847,3.19,17.31,Mainshock,3.0 - 3.99,POINT (-118.847 35.21967),70.0
2025-03-18 20:31:48,39.42517,-123.2875,3.79,5.55,Mainshock,3.0 - 3.99,POINT (-123.2875 39.42517),19.0
2025-03-18 14:11:54,36.66867,-121.29433,3.45,5.89,Mainshock,3.0 - 3.99,POINT (-121.29433 36.66867),38.0
2025-03-18 19:56:02,38.061,-122.2285,3.53,8.84,Mainshock,3.0 - 3.99,POINT (-122.2285 38.061),29.0
2025-03-18 13:07:12,36.0735,-120.18816,4.0,10.8,Mainshock,4.0 - 4.99,POINT (-120.18816 36.0735),49.0
2025-03-18 21:50:08,40.98183,-123.57883,3.4,27.47,Mainshock,3.0 - 3.99,POINT (-123.57883 40.98183),20.0
2025-03-18 09:01:36,37.40483,-118.604,3.19,10.1,Mainshock,3.0 - 3.99,POINT (-118.604 37.40483),72.0
2025-03-18 07:38:03,38.73567,-122.7235,3.09,1.53,Mainshock,3.0 - 3.99,POINT (-122.7235 38.73567),29.0
2025-03-18 13:24:03,39.11433,-119.7175,3.63,6.41,Mainshock,3.0 - 3.99,POINT (-119.7175 39.11433),63.0
2025-03-18 17:18:25,38.81933,-122.7975,3.22,3.42,Mainshock,3.0 - 3.99,POINT (-122.7975 38.81933),29.0
2025-03-18 09:02:07,36.56983,-121.163,3.13,3.45,Mainshock,3.0 - 3.99,POINT (-121.163 36.56983),38.0
2025-03-18 18:04:34,34.85767,-120.39333,3.31,-0.19,Mainshock,3.0 - 3.99,POINT (-120.39333 34.85767),47.0
2025-03-18 01:29:37,37.52017,-118.40117,3.09,10.89,Mainshock,3.0 - 3.99,POINT (-118.40117 37.52017),72.0
2025-03-18 22:59:54,40.887,-123.47767,3.26,22.66,Mainshock,3.0 - 3.99,POINT (-123.47767 40.887),20.0
2025-03-18 19:34:46,36.00383,-118.66566,3.5,5.61,Mainshock,3.0 - 3.99,POINT (-118.66566 36.00383),71.0
2025-03-18 04:14:42,37.47433,-118.81866,3.3,3.09,Mainshock,3.0 - 3.99,POINT (-118.81866 37.47433),72.0
2025-03-18 20:20:20,40.32167,-124.47234,4.08,7.09,Mainshock,4.0 - 4.99,POINT (-124.47234 40.32167),9.0
2025-03-18 20:21:36,40.322,-124.43383,3.81,1.85,Aftershock,3.0 - 3.99,POINT (-124.43383 40.322),9.0
2025-03-18 12:42:09,37.846,-122.248,3.43,10.18,Mainshock,3.0 - 3.99,POINT (-122.248 37.846),28.0
2025-03-18 14:11:07,37.8485,-122.23833,3.39,10.52,Mainshock,3.0 - 3.99,POINT (-122.23833 37.8485),28.0
2025-03-18 00:17:13,40.3555,-124.77367,3.05,21.02,Mainshock,3.0 - 3.99,POINT (-124.77367 40.3555),9.0
2025-03-18 04:11:01,40.292,-121.15033,3.37,8.07,Mainshock,3.0 - 3.99,POINT (-121.15033 40.292),42.0
2025-03-18 18:22:36,37.64017,-118.8135,3.19,2.16,Mainshock,3.0 - 3.99,POINT (-118.8135 37.64017),72.0
2025-03-18 03:13:35,35.377,-117.87917,3.28,-0.82,Mainshock,3.0 - 3.99,POINT (-117.87917 35.377),81.0
2025-03-18 10:52:21,40.30067,-124.49467,4.3,6.44,Mainshock,4.0 - 4.99,POINT (-124.49467 40.30067),9.0
2025-03-18 11:18:26,40.305,-124.469,3.05,7.38,Aftershock,3.0 - 3.99,POINT (-124.469 40.305),9.0
2025-03-18 00:36:50,40.30767,-124.4745,3.52,7.0,Mainshock,3.0 - 3.99,POINT (-124.4745 40.30767),9.0
2025-03-18 01:38:24,40.2955,-124.462,3.64,6.62,Mainshock,3.0 - 3.99,POINT (-124.462 40.2955),9.0
2025-03-18 22:18:12,40.28933,-124.47417,4.48,7.33,Mainshock,4.0 - 4.99,POINT (-124.47417 40.28933),9.0
2025-03-18 23:13:21,40.30317,-124.49567,3.11,7.36,Mainshock,3.0 - 3.99,POINT (-124.49567 40.30317),9.0
2025-03-18 23:43:21,40.307,-124.4965,4.19,7.66,Mainshock,4.0 - 4.99,POINT (-124.4965 40.307),9.0
2025-03-18 00:05:06,40.30317,-124.49683,3.27,7.64,Foreshock,3.0 - 3.99,POINT (-124.49683 40.30317),9.0
2025-03-18 02:01:28,37.63583,-118.8115,3.0,3.12,Mainshock,3.0 - 3.99,POINT (-118.8115 37.63583),72.0
2025-03-18 18:19:20,40.73117,-124.089,3.05,7.9,Foreshock,3.0 - 3.99,POINT (-124.089 40.73117),9.0
2025-03-18 18:23:01,40.8465,-123.8395,4.39,25.83,Mainshock,4.0 - 4.99,POINT (-123.8395 40.8465),20.0
2025-03-18 17:27:23,36.2935,-120.83817,3.16,11.06,Mainshock,3.0 - 3.99,POINT (-120.83817 36.2935),49.0
2025-03-18 09:55:24,38.3515,-122.39833,3.7,7.99,Mainshock,3.0 - 3.99,POINT (-122.39833 38.3515),29.0
2025-03-18 11:36:47,35.291,-118.53616,3.46,11.83,Mainshock,3.0 - 3.99,POINT (-118.53616 35.291),70.0
2025-03-18 18:31:35,36.23683,-120.8115,3.04,6.78,Mainshock,3.0 - 3.99,POINT (-120.8115 36.23683),49.0
2025-03-18 05:55:56,40.2985,-124.52866,3.79,19.5,Mainshock,3.0 - 3.99,POINT (-124.52866 40.2985),9.0
2025-03-18 15:04:08,38.89517,-122.68017,3.09,3.43,Mainshock,3.0 - 3.99,POINT (-122.68017 38.89517),29.0
2025-03-18 18:55:37,41.56783,-118.74133,3.34,0.92,Mainshock,3.0 - 3.99,POINT (-118.74133 41.56783),76.0
2025-03-18 18:20:07,40.34117,-124.43017,3.04,18.02,Aftershock,3.0 - 3.99,POINT (-124.43017 40.34117),9.0
2025-03-18 04:55:25,40.42883,-124.4655,4.19,27.8,Mainshock,4.0 - 4.99,POINT (-124.4655 40.42883),9.0
2025-03-18 14:43:27,39.06633,-118.89833,3.61,-1.94,Mainshock,3.0 - 3.99,POINT (-118.89833 39.06633),74.0
2025-03-18 17:52:32,35.861,-120.41267,3.5,8.41,Mainshock,3.0 - 3.99,POINT (-120.41267 35.861),48.0
2025-03-18 20:10:59,37.10433,-121.49167,3.12,-0.3,Mainshock,3.0 - 3.99,POINT (-121.49167 37.10433),39.0
2025-03-18 21:58:03,38.81116,-122.82017,3.08,1.71,Aftershock,3.0 - 3.99,POINT (-122.82017 38.81116),29.0
2025-03-18 11:54:03,38.81483,-122.79916,4.12,1.24,Mainshock,4.0 - 4.99,POINT (-122.79916 38.81483),29.0
2025-03-18 15:58:47,37.38233,-118.5385,3.29,9.04,Mainshock,3.0 - 3.99,POINT (-118.5385 37.38233),72.0
2025-03-18 17:55:57,37.38233,-118.53817,3.84,9.35,Mainshock,3.0 - 3.99,POINT (-118.53817 37.38233),72.0
2025-03-18 05:45:09,36.60183,-121.2125,3.59,8.62,Mainshock,3.0 - 3.99,POINT (-121.2125 36.60183),38.0
2025-03-18 08:12:49,35.39433,-118.53867,3.42,10.0,Mainshock,3.0 - 3.99,POINT (-118.53867 35.39433),70.0
2025-03-18 02:38:37,40.33033,-124.61367,3.07,20.68,Mainshock,3.0 - 3.99,POINT (-124.61367 40.33033),9.0
2025-03-18 09:36:35,37.99517,-122.0605,3.37,17.42,Mainshock,3.0 - 3.99,POINT (-122.0605 37.99517),28.0
2025-03-18 07:16:08,39.34566,-123.238,4.32,6.25,Mainshock,4.0 - 4.99,POINT (-123.238 39.34566),19.0
2025-03-18 17:37:01,37.41867,-118.3635,3.79,7.25,Mainshock,3.0 - 3.99,POINT (-118.3635 37.41867),72.0
2025-03-18 17:10:49,35.79733,-121.39733,3.44,7.46,Mainshock,3.0 - 3.99,POINT (-121.39733 35.79733),37.0
2025-03-18 19:30:20,37.996,-118.414,3.74,6.73,Mainshock,3.0 - 3.99,POINT (-118.414 37.996),72.0
2025-03-18 05:17:54,38.54317,-122.59517,3.2,10.86,Mainshock,3.0 - 3.99,POINT (-122.59517 38.54317),29.0
2025-03-18 05:22:38,35.54967,-120.808,3.32,4.55,Mainshock,3.0 - 3.99,POINT (-120.808 35.54967),48.0
2025-03-18 12:58:56,38.39683,-118.18283,3.75,9.51,Mainshock,3.0 - 3.99,POINT (-118.18283 38.39683),73.0
2025-03-18 10:49:11,36.538,-120.33517,3.1,7.15,Mainshock,3.0 - 3.99,POINT (-120.33517 36.538),49.0
2025-03-18 17:19:52,40.69483,-123.96367,3.78,21.45,Mainshock,3.0 - 3.99,POINT (-123.96367 40.69483),20.0
2025-03-18 06:51:21,38.808,-122.816,3.03,1.54,Mainshock,3.0 - 3.99,POINT (-122.816 38.808),29.0
2025-03-18 00:17:24,38.82217,-122.79433,3.03,3.01,Foreshock,3.0 - 3.99,POINT (-122.79433 38.82217),29.0
2025-03-18 01:44:21,38.83367,-122.79733,3.88,2.86,Mainshock,3.0 - 3.99,POINT (-122.79733 38.83367),29.0
2025-03-18 04:49:47,39.27033,-119.7345,3.63,-1.83,Mainshock,3.0 - 3.99,POINT (-119.7345 39.27033),63.0
2025-03-18 02:41:10,35.42283,-118.84617,3.68,15.79,Mainshock,3.0 - 3.99,POINT (-118.84617 35.42283),70.0
2025-03-18 07:31:36,36.89133,-121.2425,3.09,8.47,Mainshock,3.0 - 3.99,POINT (-121.2425 36.89133),38.0
2025-03-18 07:46:25,38.81367,-122.82333,4.07,1.97,Mainshock,4.0 - 4.99,POINT (-122.82333 38.81367),29.0
2025-03-18 18:16:20,37.55,-117.93183,3.36,0.37,Mainshock,3.0 - 3.99,POINT (-117.93183 37.55),83.0
2025-03-18 20:56:28,36.43833,-121.01483,3.26,9.24,Mainshock,3.0 - 3.99,POINT (-121.01483 36.43833),38.0
2025-03-18 14:36:17,39.03383,-123.06533,3.16,4.15,Mainshock,3.0 - 3.99,POINT (-123.06533 39.03383),19.0
2025-03-18 13:29:23,36.87733,-121.617,3.01,8.23,Mainshock,3.0 - 3.99,POINT (-121.617 36.87733),38.0
2025-03-18 03:53:02,40.2735,-124.30033,5.58,9.44,Mainshock,5.0 - 5.99,POINT (-124.30033 40.2735),9.0
2025-03-18 22:39:10,40.31983,-124.8655,3.87,12.3,Mainshock,3.0 - 3.99,POINT (-124.8655 40.31983),9.0
2025-03-18 22:03:21,35.03783,-118.91833,3.16,12.92,Mainshock,3.0 - 3.99,POINT (-118.91833 35.03783),70.0
2025-03-18 22:21:08,35.05083,-118.917,3.34,13.27,Mainshock,3.0 - 3.99,POINT (-118.917 35.05083),70.0
2025-03-18 22:40:56,35.0535,-118.92316,3.4,11.7,Mainshock,3.0 - 3.99,POINT (-118.92316 35.0535),70.0
2025-03-18 03:04:05,38.8395,-122.82283,3.18,2.22,Mainshock,3.0 - 3.99,POINT (-122.82283 38.8395),29.0
2025-03-18 22:05:27,35.54417,-117.84617,3.2,6.48,Mainshock,3.0 - 3.99,POINT (-117.84617 35.54417),81.0
2025-03-18 22:30:03,35.455,-117.91133,3.13,-0.45,Mainshock,3.0 - 3.99,POINT (-117.91133 35.455),81.0
2025-03-18 11:12:33,37.4035,-118.52367,3.28,9.29,Mainshock,3.0 - 3.99,POINT (-118.52367 37.4035),72.0
2025-03-18 03:41:39,35.8805,-117.77367,4.33,14.2,Mainshock,4.0 - 4.99,POINT (-117.77367 35.8805),81.0
2025-03-18 03:47:53,35.90583,-117.78867,5.32,7.35,Mainshock,5.0 - 5.99,POINT (-117.78867 35.90583),81.0
2025-03-18 04:27:11,35.9505,-117.7875,3.59,21.81,Mainshock,3.0 - 3.99,POINT (-117.7875 35.9505),81.0
2025-03-18 04:31:20,36.63283,-117.99533,4.4,15.78,Mainshock,4.0 - 4.99,POINT (-117.99533 36.63283),82.0
2025-03-18 04:35:22,35.97667,-118.11317,3.95,-0.08,Mainshock,3.0 - 3.99,POINT (-118.11317 35.97667),70.0
2025-03-18 04:37:21,35.3395,-119.826,4.93,7.92,Mainshock,4.0 - 4.99,POINT (-119.826 35.3395),59.0
2025-03-18 04:49:58,36.686,-118.22317,4.1,2.1,Mainshock,4.0 - 4.99,POINT (-118.22317 36.686),71.0
2025-03-18 04:58:16,35.3495,-117.92583,4.13,27.22,Mainshock,4.0 - 4.99,POINT (-117.92583 35.3495),81.0
2025-03-18 05:03:19,36.56033,-117.9025,3.14,-0.84,Mainshock,3.0 - 3.99,POINT (-117.9025 36.56033),82.0
2025-03-18 05:13:16,35.91667,-117.80383,4.06,6.61,Mainshock,4.0 - 4.99,POINT (-117.80383 35.91667),81.0
2025-03-18 05:13:29,36.59033,-118.21667,4.11,-1.55,Mainshock,4.0 - 4.99,POINT (-118.21667 36.59033),71.0
2025-03-18 05:37:30,35.79167,-117.83833,3.32,-1.52,Mainshock,3.0 - 3.99,POINT (-117.83833 35.79167),81.0
2025-03-18 05:58:18,35.94917,-117.8015,4.58,-0.23,Mainshock,4.0 - 4.99,POINT (-117.8015 35.94917),81.0
2025-03-18 05:58:39,35.78567,-119.306,4.28,4.5,Mainshock,4.0 - 4.99,POINT (-119.306 35.78567),59.0
2025-03-18 06:04:34,35.86883,-117.76167,3.58,-1.57,Mainshock,3.0 - 3.99,POINT (-117.76167 35.86883),81.0
2025-03-18 06:40:02,35.89083,-117.77417,3.0,6.9,Mainshock,3.0 - 3.99,POINT (-117.77417 35.89083),81.0
2025-03-18 06:57:47,35.85133,-117.77817,3.15,1.21,Mainshock,3.0 - 3.99,POINT (-117.77817 35.85133),81.0
2025-03-18 07:04:51,36.275,-118.23367,4.0,-1.38,Mainshock,4.0 - 4.99,POINT (-118.23367 36.275),71.0
2025-03-18 07:20:14,35.93533,-117.8365,3.08,4.38,Mainshock,3.0 - 3.99,POINT (-117.8365 35.93533),81.0
2025-03-18 07:50:18,36.232,-118.52216,3.17,7.54,Foreshock,3.0 - 3.99,POINT (-118.52216 36.232),71.0
2025-03-18 07:52:30,36.02267,-118.16817,3.86,-0.09,Mainshock,3.0 - 3.99,POINT (-118.16817 36.02267),71.0
2025-03-18 08:31:10,35.85567,-117.82833,3.12,-1.1,Mainshock,3.0 - 3.99,POINT (-117.82833 35.85567),81.0
2025-03-18 09:00:18,36.51433,-118.28767,4.24,-1.16,Mainshock,4.0 - 4.99,POINT (-118.28767 36.51433),71.0
2025-03-18 09:23:42,36.03783,-117.92316,3.28,-1.56,Mainshock,3.0 - 3.99,POINT (-117.92316 36.03783),82.0
2025-03-18 09:34:02,35.63583,-118.1635,3.8,19.87,Mainshock,3.0 - 3.99,POINT (-118.1635 35.63583),70.0
2025-03-18 10:31:36,36.08467,-117.789,3.66,-0.83,Mainshock,3.0 - 3.99,POINT (-117.789 36.08467),82.0
2025-03-18 10:32:04,36.52633,-118.264,3.46,10.85,Mainshock,3.0 - 3.99,POINT (-118.264 36.52633),71.0
2025-03-18 10:43:27,35.873,-118.20184,3.24,24.79,Mainshock,3.0 - 3.99,POINT (-118.20184 35.873),70.0
2025-03-18 12:35:47,36.10233,-117.954,3.29,22.56,Mainshock,3.0 - 3.99,POINT (-117.954 36.10233),82.0
2025-03-18 12:40:57,36.353,-118.463,3.0,-1.64,Mainshock,3.0 - 3.99,POINT (-118.463 36.353),71.0
2025-03-18 13:25:45,35.924,-117.77766,3.25,1.63,Mainshock,3.0 - 3.99,POINT (-117.77766 35.924),81.0
2025-03-18 15:32:44,35.82283,-117.76017,3.21,3.95,Mainshock,3.0 - 3.99,POINT (-117.76017 35.82283),81.0
2025-03-18 15:45:10,36.11183,-117.89883,3.24,-1.33,Foreshock,3.0 - 3.99,POINT (-117.89883 36.11183),82.0
2025-03-18 15:45:46,36.07333,-117.85934,3.69,-1.02,Mainshock,3.0 - 3.99,POINT (-117.85934 36.07333),82.0
2025-03-18 16:10:10,36.0715,-117.843,3.28,3.82,Mainshock,3.0 - 3.99,POINT (-117.843 36.0715),82.0
2025-03-18 16:40:47,36.12417,-117.99117,3.07,-1.41,Mainshock,3.0 - 3.99,POINT (-117.99117 36.12417),82.0
2025-03-18 16:42:21,36.59783,-118.384,3.53,9.33,Mainshock,3.0 - 3.99,POINT (-118.384 36.59783),71.0
2025-03-18 19:46:24,35.8355,-117.76466,3.38,3.91,Mainshock,3.0 - 3.99,POINT (-117.76466 35.8355),81.0
2025-03-18 19:54:30,35.818,-117.77367,3.26,-0.94,Mainshock,3.0 - 3.99,POINT (-117.77367 35.818),81.0
2025-03-18 22:22:43,36.02283,-117.87783,3.07,-1.3,Mainshock,3.0 - 3.99,POINT (-117.87783 36.02283),82.0
2025-03-18 23:38:33,35.965,-117.871,3.49,-0.91,Mainshock,3.0 - 3.99,POINT (-117.871 35.965),81.0
2025-03-18 03:50:52,35.951,-117.87634,3.05,-0.77,Foreshock,3.0 - 3.99,POINT (-117.87634 35.951),81.0
2025-03-18 04:47:58,36.08,-117.866,3.0,3.42,Mainshock,3.0 - 3.99,POINT (-117.866 36.08),82.0
2025-03-18 08:03:26,36.07033,-117.86733,3.75,-1.33,Mainshock,3.0 - 3.99,POINT (-117.86733 36.07033),82.0
2025-03-18 12:48:03,36.16917,-118.00567,3.09,3.64,Mainshock,3.0 - 3.99,POINT (-118.00567 36.16917),71.0
2025-03-18 18:08:17,37.484,-118.75,3.3,10.59,Mainshock,3.0 - 3.99,POINT (-118.75 37.484),72.0
2025-03-18 01:36:58,36.09983,-117.88067,3.98,-1.33,Mainshock,3.0 - 3.99,POINT (-117.88067 36.09983),82.0
2025-03-18 04:39:49,36.11617,-117.86533,3.03,-1.37,Mainshock,3.0 - 3.99,POINT (-117.86533 36.11617),82.0
2025-03-18 05:24:17,35.92667,-117.76234,3.18,-1.14,Mainshock,3.0 - 3.99,POINT (-117.76234 35.92667),81.0
2025-03-18 07:31:58,36.14067,-117.8815,3.71,-1.09,Mainshock,3.0 - 3.99,POINT (-117.8815 36.14067),82.0
2025-03-18 08:07:40,36.10817,-117.86617,3.11,-1.33,Mainshock,3.0 - 3.99,POINT (-117.86617 36.10817),82.0
2025-03-18 08:20:02,36.1095,-117.86483,4.07,-1.52,Mainshock,4.0 - 4.99,POINT (-117.86483 36.1095),82.0
2025-03-18 13:25:42,36.0415,-117.87016,3.04,-1.0,Mainshock,3.0 - 3.99,POINT (-117.87016 36.0415),82.0
2025-03-18 22:57:40,36.06116,-117.86367,3.69,-1.32,Mainshock,3.0 - 3.99,POINT (-117.86367 36.06116),82.0
2025-03-18 08:17:50,36.87867,-117.98417,3.58,-1.55,Mainshock,3.0 - 3.99,POINT (-117.98417 36.87867),82.0
2025-03-18 08:23:46,36.033,-117.88433,3.38,-1.28,Aftershock,3.0 - 3.99,POINT (-117.88433 36.033),82.0
2025-03-18 00:47:59,36.1115,-117.813,4.1,1.27,Foreshock,4.0 - 4.99,POINT (-117.813 36.1115),82.0
2025-03-18 00:48:17,36.056,-117.86433,4.17,-1.04,Mainshock,4.0 - 4.99,POINT (-117.86433 36.056),82.0
2025-03-18 01:58:59,35.33883,-117.9545,3.26,-0.51,Mainshock,3.0 - 3.99,POINT (-117.9545 35.33883),81.0
2025-03-18 07:05:25,36.0645,-117.866,3.93,-1.4,Mainshock,3.0 - 3.99,POINT (-117.866 36.0645),82.0
2025-03-18 10:04:20,36.03383,-117.79034,3.3,3.43,Mainshock,3.0 - 3.99,POINT (-117.79034 36.03383),82.0
2025-03-18 12:28:56,36.05183,-117.87317,4.2,0.03,Mainshock,4.0 - 4.99,POINT (-117.87317 36.05183),82.0
2025-03-18 14:53:06,36.0365,-117.853,3.69,-0.84,Mainshock,3.0 - 3.99,POINT (-117.853 36.0365),82.0
2025-03-18 18:49:01,36.147,-117.88817,4.09,-1.38,Mainshock,4.0 - 4.99,POINT (-117.88817 36.147),82.0
2025-03-18 18:51:35,36.14617,-117.88683,4.03,-1.3,Aftershock,4.0 - 4.99,POINT (-117.88683 36.14617),82.0
2025-03-18 19:15:02,36.11666,-117.857,3.43,-1.34,Mainshock,3.0 - 3.99,POINT (-117.857 36.11666),82.0
2025-03-18 22:15:48,36.15083,-117.87984,3.89,-1.3,Mainshock,3.0 - 3.99,POINT (-117.87984 36.15083),82.0
2025-03-18 23:33:43,35.3665,-117.88934,3.29,-0.71,Mainshock,3.0 - 3.99,POINT (-117.88934 35.3665),81.0
2025-03-18 00:08:54,36.15683,-117.87617,3.11,-1.39,Mainshock,3.0 - 3.99,POINT (-117.87617 36.15683),82.0
2025-03-18 00:14:37,36.1565,-117.873,4.46,-1.26,Mainshock,4.0 - 4.99,POINT (-117.873 36.1565),82.0
2025-03-18 00:15:49,36.678,-118.18417,4.71,-1.41,Mainshock,4.0 - 4.99,POINT (-118.18417 36.678),71.0
2025-03-18 00:20:20,36.15767,-117.89983,3.5,-1.15,Mainshock,3.0 - 3.99,POINT (-117.89983 36.15767),82.0
2025-03-18 01:21:50,36.03983,-117.87,3.28,-1.43,Mainshock,3.0 - 3.99,POINT (-117.87 36.03983),82.0
2025-03-18 04:10:01,36.0385,-117.84084,4.36,-1.42,Mainshock,4.0 - 4.99,POINT (-117.84084 36.0385),82.0
2025-03-18 04:18:49,36.03117,-117.8675,3.49,-1.2,Mainshock,3.0 - 3.99,POINT (-117.8675 36.03117),82.0
2025-03-18 04:29:54,36.17383,-117.9155,3.15,-1.46,Mainshock,3.0 - 3.99,POINT (-117.9155 36.17383),82.0
2025-03-18 07:04:06,36.174,-117.87733,4.09,-1.15,Mainshock,4.0 - 4.99,POINT (-117.87733 36.174),82.0
2025-03-18 07:19:49,36.156,-117.852,3.66,-1.31,Mainshock,3.0 - 3.99,POINT (-117.852 36.156),82.0
2025-03-18 11:17:28,36.12483,-117.923,3.23,-1.33,Mainshock,3.0 - 3.99,POINT (-117.923 36.12483),82.0
2025-03-18 12:20:05,36.05583,-117.90933,3.35,-1.28,Mainshock,3.0 - 3.99,POINT (-117.90933 36.05583),82.0
2025-03-18 15:32:52,36.13267,-117.884,3.88,-1.33,Mainshock,3.0 - 3.99,POINT (-117.884 36.13267),82.0
2025-03-18 15:51:06,36.176,-117.9035,3.55,-1.47,Mainshock,3.0 - 3.99,POINT (-117.9035 36.176),82.0
2025-03-18 16:19:09,36.16467,-117.8885,3.81,-1.28,Mainshock,3.0 - 3.99,POINT (-117.8885 36.16467),82.0
2025-03-18 23:37:27,35.95016,-117.765,3.08,5.02,Aftershock,3.0 - 3.99,POINT (-117.765 35.95016),81.0
2025-03-18 02:18:30,36.16817,-117.88416,3.77,-1.15,Mainshock,3.0 - 3.99,POINT (-117.88416 36.16817),82.0
2025-03-18 04:12:00,36.16784,-117.89034,3.49,-1.28,Mainshock,3.0 - 3.99,POINT (-117.89034 36.16784),82.0
2025-03-18 18:14:35,36.1825,-117.9005,3.03,-0.86,Aftershock,3.0 - 3.99,POINT (-117.9005 36.1825),82.0
2025-03-18 11:00:09,36.18433,-117.903,3.48,-1.28,Mainshock,3.0 - 3.99,POINT (-117.903 36.18433),82.0
2025-03-18 12:29:33,35.34333,-117.92516,3.23,-0.32,Mainshock,3.0 - 3.99,POINT (-117.92516 35.34333),81.0
2025-03-18 20:40:15,36.106,-117.89117,3.57,1.62,Mainshock,3.0 - 3.99,POINT (-117.89117 36.106),82.0
2025-03-18 23:15:54,36.0915,-117.872,3.22,4.94,Mainshock,3.0 - 3.99,POINT (-117.872 36.0915),82.0
2025-03-18 06:39:55,35.36617,-117.86083,3.33,1.3,Mainshock,3.0 - 3.99,POINT (-117.86083 35.36617),81.0
2025-03-18 08:38:45,36.02883,-117.84783,4.08,-1.46,Mainshock,4.0 - 4.99,POINT (-117.84783 36.02883),82.0
2025-03-18 20:46:50,37.27234,-121.6455,3.3,6.83,Mainshock,3.0 - 3.99,POINT (-121.6455 37.27234),39.0
2025-03-18 03:12:10,36.181,-117.8985,3.05,-1.67,Mainshock,3.0 - 3.99,POINT (-117.8985 36.181),82.0
2025-03-18 15:57:04,36.11617,-117.83134,3.24,4.16,Mainshock,3.0 - 3.99,POINT (-117.83134 36.11617),82.0
2025-03-18 17:05:45,36.17883,-117.88567,3.12,-1.2,Mainshock,3.0 - 3.99,POINT (-117.88567 36.17883),82.0
2025-03-18 20:11:01,37.81867,-121.75684,4.31,12.38,Mainshock,4.0 - 4.99,POINT (-121.75684 37.81867),39.0
2025-03-18 20:24:16,37.81867,-121.76033,3.2,11.71,Mainshock,3.0 - 3.99,POINT (-121.76033 37.81867),39.0
2025-03-18 02:29:07,36.115,-117.895,4.29,4.99,Mainshock,4.0 - 4.99,POINT (-117.895 36.115),82.0
2025-03-18 02:35:27,36.11567,-117.90234,3.25,4.32,Foreshock,3.0 - 3.99,POINT (-117.90234 36.11567),82.0
2025-03-18 02:36:29,36.10617,-117.889,3.39,-1.21,Mainshock,3.0 - 3.99,POINT (-117.889 36.10617),82.0
2025-03-18 03:22:49,36.10417,-117.88617,3.3,-1.26,Foreshock,3.0 - 3.99,POINT (-117.88617 36.10417),82.0
2025-03-18 03:23:27,36.11567,-117.899,3.72,4.47,Mainshock,3.0 - 3.99,POINT (-117.899 36.11567),82.0
2025-03-18 03:45:58,36.13066,-117.90067,3.02,-1.03,Mainshock,3.0 - 3.99,POINT (-117.90067 36.13066),82.0
2025-03-18 21:49:19,36.12,-117.8435,4.17,3.67,Mainshock,4.0 - 4.99,POINT (-117.8435 36.12),82.0
2025-03-18 22:01:20,36.20483,-117.87767,3.58,-1.11,Mainshock,3.0 - 3.99,POINT (-117.87767 36.20483),82.0
2025-03-18 22:41:15,35.37283,-117.852,3.36,5.76,Mainshock,3.0 - 3.99,POINT (-117.852 35.37283),81.0
2025-03-18 03:59:14,36.112,-117.89716,4.64,4.33,Mainshock,4.0 - 4.99,POINT (-117.89716 36.112),82.0
2025-03-18 04:01:31,36.113,-117.89317,3.44,-1.56,Aftershock,3.0 - 3.99,POINT (-117.89317 36.113),82.0
2025-03-18 04:02:07,36.10933,-117.89117,3.23,4.16,Aftershock,3.0 - 3.99,POINT (-117.89117 36.10933),82.0
2025-03-18 05:18:11,36.113,-117.89066,3.55,5.32,Mainshock,3.0 - 3.99,POINT (-117.89066 36.113),82.0
2025-03-18 06:14:29,36.10933,-117.91666,3.4,-0.49,Mainshock,3.0 - 3.99,POINT (-117.91666 36.10933),82.0
2025-03-18 08:22:02,36.1075,-117.91367,3.15,3.06,Mainshock,3.0 - 3.99,POINT (-117.91367 36.1075),82.0
2025-03-18 20:16:54,36.10233,-117.88267,3.07,7.02,Aftershock,3.0 - 3.99,POINT (-117.88267 36.10233),82.0
2025-03-18 02:52:13,36.1205,-117.83633,3.57,3.64,Mainshock,3.0 - 3.99,POINT (-117.83633 36.1205),82.0
2025-03-18 09:26:43,36.082,-117.86034,3.12,3.7,Mainshock,3.0 - 3.99,POINT (-117.86034 36.082),82.0
2025-03-18 13:52:21,36.1115,-117.85167,3.47,3.25,Mainshock,3.0 - 3.99,POINT (-117.85167 36.1115),82.0
2025-03-18 16:50:51,36.18017,-117.907,3.11,-1.44,Mainshock,3.0 - 3.99,POINT (-117.907 36.18017),82.0
2025-03-18 15:57:53,38.79083,-122.7705,3.19,3.21,Mainshock,3.0 - 3.99,POINT (-122.7705 38.79083),29.0
2025-03-18 05:48:47,35.79333,-120.34467,3.14,9.48,Mainshock,3.0 - 3.99,POINT (-120.34467 35.79333),48.0
2025-03-18 22:24:18,36.181,-117.885,3.58,-1.36,Mainshock,3.0 - 3.99,POINT (-117.885 36.181),82.0
2025-03-18 09:37:41,36.69383,-121.32317,3.7,4.13,Mainshock,3.0 - 3.99,POINT (-121.32317 36.69383),38.0
2025-03-18 21:41:40,36.21317,-118.08167,3.33,4.85,Mainshock,3.0 - 3.99,POINT (-118.08167 36.21317),71.0
2025-03-18 23:51:06,35.997,-120.19683,3.06,20.07,Mainshock,3.0 - 3.99,POINT (-120.19683 35.997),48.0
2025-03-18 12:26:16,40.34067,-124.42567,3.35,27.39,Mainshock,3.0 - 3.99,POINT (-124.42567 40.34067),9.0
2025-03-18 22:59:47,36.32117,-118.34433,3.31,-1.23,Aftershock,3.0 - 3.99,POINT (-118.34433 36.32117),71.0
2025-03-18 21:11:37,36.17033,-117.88333,3.4,-1.2,Aftershock,3.0 - 3.99,POINT (-117.88333 36.17033),82.0
2025-03-18 04:39:07,36.1925,-118.16333,3.41,-1.3,Mainshock,3.0 - 3.99,POINT (-118.16333 36.1925),71.0
2025-03-18 22:53:38,36.10733,-117.92533,3.0,0.1,Mainshock,3.0 - 3.99,POINT (-117.92533 36.10733),82.0
2025-03-18 23:30:01,36.1365,-117.872,3.02,3.48,Aftershock,3.0 - 3.99,POINT (-117.872 36.1365),82.0
2025-03-18 22:52:26,36.08583,-117.87317,3.73,3.66,Aftershock,3.0 - 3.99,POINT (-117.87317 36.08583),82.0
2025-03-18 11:50:24,36.07883,-117.8705,3.91,3.38,Mainshock,3.0 - 3.99,POINT (-117.8705 36.07883),82.0
2025-03-18 04:01:27,36.09617,-117.8685,3.29,3.81,Foreshock,3.0 - 3.99,POINT (-117.8685 36.09617),82.0
2025-03-18 07:42:25,36.09083,-117.87466,3.39,2.78,Mainshock,3.0 - 3.99,POINT (-117.87466 36.09083),82.0
2025-03-18 07:42:27,36.11367,-118.07133,3.31,-0.15,Aftershock,3.0 - 3.99,POINT (-118.07133 36.11367),71.0
2025-03-18 18:27:41,36.08267,-117.874,3.3,4.54,Mainshock,3.0 - 3.99,POINT (-117.874 36.08267),82.0
2025-03-18 14:16:52,38.77183,-122.45184,3.6,10.16,Mainshock,3.0 - 3.99,POINT (-122.45184 38.77183),29.0
2025-03-18 08:15:12,36.123,-117.85467,3.21,2.28,Aftershock,3.0 - 3.99,POINT (-117.85467 36.123),82.0
2025-03-18 03:53:46,36.13,-118.07066,3.19,-1.26,Aftershock,3.0 - 3.99,POINT (-118.07066 36.13),71.0
2025-03-18 02:23:14,36.13783,-117.98016,3.57,3.22,Mainshock,3.0 - 3.99,POINT (-117.98016 36.13783),82.0
2025-03-18 15:05:01,39.13283,-123.58,3.24,5.46,Mainshock,3.0 - 3.99,POINT (-123.58 39.13283),19.0
2025-03-18 02:05:02,36.1155,-117.86617,3.65,4.31,Mainshock,3.0 - 3.99,POINT (-117.86617 36.1155),82.0
2025-03-18 03:59:52,36.59983,-121.19867,3.28,6.04,Mainshock,3.0 - 3.99,POINT (-121.19867 36.59983),38.0
2025-03-18 06:50:21,36.60317,-121.202,3.82,6.03,Mainshock,3.0 - 3.99,POINT (-121.202 36.60317),38.0
2025-03-18 21:45:05,35.92867,-120.47383,3.07,9.13,Mainshock,3.0 - 3.99,POINT (-120.47383 35.92867),48.0
2025-03-18 05:02:35,36.0915,-117.8645,3.47,6.98,Mainshock,3.0 - 3.99,POINT (-117.8645 36.0915),82.0
2025-03-18 16:08:13,36.08983,-117.86667,3.64,6.51,Mainshock,3.0 - 3.99,POINT (-117.86667 36.08983),82.0
2025-03-18 05:49:34,36.59217,-121.19267,3.23,7.05,Mainshock,3.0 - 3.99,POINT (-121.19267 36.59217),38.0
2025-03-18 14:08:08,36.08,-120.1955,3.14,9.43,Mainshock,3.0 - 3.99,POINT (-120.1955 36.08),49.0
2025-03-18 00:09:05,39.539,-123.998,3.49,10.39,Mainshock,3.0 - 3.99,POINT (-123.998 39.539),19.0
2025-03-18 06:26:49,35.949,-119.74384,3.02,20.28,Mainshock,3.0 - 3.99,POINT (-119.74384 35.949),59.0
2025-03-18 15:41:06,37.65983,-122.5145,3.54,7.45,Mainshock,3.0 - 3.99,POINT (-122.5145 37.65983),28.0
2025-03-18 23:17:33,40.30367,-124.58,3.09,18.6,Mainshock,3.0 - 3.99,POINT (-124.58 40.30367),9.0
2025-03-18 09:15:16,37.38183,-121.73283,3.25,9.27,Mainshock,3.0 - 3.99,POINT (-121.73283 37.38183),39.0
2025-03-18 05:33:42,37.938,-122.057,4.46,13.97,Mainshock,4.0 - 4.99,POINT (-122.057 37.938),28.0
2025-03-18 19:42:30,36.6455,-121.274,4.71,10.1,Mainshock,4.0 - 4.99,POINT (-121.274 36.6455),38.0
2025-03-18 02:11:58,37.94817,-122.06184,3.24,14.3,Mainshock,3.0 - 3.99,POINT (-122.06184 37.94817),28.0
2025-03-18 13:09:13,36.64267,-121.2665,3.31,10.5,Mainshock,3.0 - 3.99,POINT (-121.2665 36.64267),38.0
2025-03-18 22:10:49,41.506,-124.07733,3.23,30.75,Mainshock,3.0 - 3.99,POINT (-124.07733 41.506),10.0
2025-03-18 14:54:55,36.639,-121.25784,3.56,9.58,Mainshock,3.0 - 3.99,POINT (-121.25784 36.639),38.0
2025-03-18 07:30:35,40.63117,-123.48783,3.01,29.41,Mainshock,3.0 - 3.99,POINT (-123.48783 40.63117),20.0
2025-03-18 13:54:29,39.248,-120.102,3.07,3.04,Mainshock,3.0 - 3.99,POINT (-120.102 39.248),52.0
2025-03-18 10:55:44,35.34933,-117.8695,3.14,6.4,Mainshock,3.0 - 3.99,POINT (-117.8695 35.34933),81.0
2025-03-18 19:39:06,37.40267,-118.4545,3.31,8.22,Mainshock,3.0 - 3.99,POINT (-118.4545 37.40267),72.0
2025-03-18 07:55:49,36.87617,-120.9695,3.33,3.05,Mainshock,3.0 - 3.99,POINT (-120.9695 36.87617),49.0
2025-03-18 08:10:43,38.807,-122.77883,3.12,0.97,Mainshock,3.0 - 3.99,POINT (-122.77883 38.807),29.0
2025-03-18 01:00:38,40.8485,-123.83884,3.18,27.26,Mainshock,3.0 - 3.99,POINT (-123.83884 40.8485),20.0
2025-03-18 09:34:12,36.66317,-121.28933,3.35,7.41,Mainshock,3.0 - 3.99,POINT (-121.28933 36.66317),38.0
2025-03-18 09:42:51,36.65767,-121.28767,3.14,5.93,Mainshock,3.0 - 3.99,POINT (-121.28767 36.65767),38.0
2025-03-18 15:21:16,36.6665,-121.2925,3.75,6.63,Mainshock,3.0 - 3.99,POINT (-121.2925 36.6665),38.0
2025-03-18 12:46:54,40.31433,-124.2505,3.21,32.13,Mainshock,3.0 - 3.99,POINT (-124.2505 40.31433),9.0
2025-03-18 07:00:03,39.1515,-119.61784,3.03,-1.94,Mainshock,3.0 - 3.99,POINT (-119.61784 39.1515),63.0
2025-03-18 09:33:17,36.5595,-117.98483,3.82,14.12,Mainshock,3.0 - 3.99,POINT (-117.98483 36.5595),82.0
2025-03-18 14:05:50,38.82017,-122.79166,3.73,4.09,Mainshock,3.0 - 3.99,POINT (-122.79166 38.82017),29.0
2025-03-18 20:34:57,38.775,-122.767,4.15,3.12,Mainshock,4.0 - 4.99,POINT (-122.767 38.775),29.0
2025-03-18 01:02:48,35.75717,-121.42117,3.15,6.83,Mainshock,3.0 - 3.99,POINT (-121.42117 35.75717),37.0
2025-03-18 02:40:02,36.44567,-120.642,3.12,18.65,Mainshock,3.0 - 3.99,POINT (-120.642 36.44567),49.0
2025-03-18 10:44:01,39.15667,-123.59634,3.11,6.04,Mainshock,3.0 - 3.99,POINT (-123.59634 39.15667),19.0
2025-03-18 22:29:48,38.81283,-122.79134,3.32,3.56,Mainshock,3.0 - 3.99,POINT (-122.79134 38.81283),29.0
2025-03-18 22:11:16,36.18667,-117.86567,3.57,4.48,Mainshock,3.0 - 3.99,POINT (-117.86567 36.18667),82.0
2025-03-18 22:11:21,36.179,-117.86816,3.57,-1.26,Aftershock,3.0 - 3.99,POINT (-117.86816 36.179),82.0
2025-03-18 22:29:26,36.18333,-117.86867,3.52,5.69,Aftershock,3.0 - 3.99,POINT (-117.86867 36.18333),82.0
2025-03-18 08:02:35,36.17283,-117.8555,3.59,-1.36,Mainshock,3.0 - 3.99,POINT (-117.8555 36.17283),82.0
2025-03-18 07:11:55,35.95467,-119.9395,3.17,7.22,Mainshock,3.0 - 3.99,POINT (-119.9395 35.95467),59.0
2025-03-18 14:39:33,38.354,-119.29333,3.48,3.87,Mainshock,3.0 - 3.99,POINT (-119.29333 38.354),62.0
2025-03-18 14:42:55,38.355,-119.2915,3.2,2.44,Aftershock,3.0 - 3.99,POINT (-119.2915 38.355),62.0
2025-03-18 09:59:00,39.75,-121.84367,3.02,22.25,Mainshock,3.0 - 3.99,POINT (-121.84367 39.75),41.0
2025-03-18 06:00:17,36.09967,-117.8715,3.12,3.48,Mainshock,3.0 - 3.99,POINT (-117.8715 36.09967),82.0
2025-03-18 22:31:46,36.11167,-117.8585,3.02,4.8,Mainshock,3.0 - 3.99,POINT (-117.8585 36.11167),82.0
2025-03-18 19:40:14,40.144,-123.844,3.23,22.38,Mainshock,3.0 - 3.99,POINT (-123.844 40.144),20.0
2025-03-18 05:33:20,36.1045,-117.87,3.38,3.14,Mainshock,3.0 - 3.99,POINT (-117.87 36.1045),82.0
2025-03-18 04:27:59,40.28083,-124.30917,3.07,19.73,Mainshock,3.0 - 3.99,POINT (-124.30917 40.28083),9.0
2025-03-18 23:14:55,37.36967,-119.97733,3.04,18.36,Mainshock,3.0 - 3.99,POINT (-119.97733 37.36967),61.0
2025-03-18 18:29:21,35.80583,-120.356,4.29,6.25,Mainshock,4.0 - 4.99,POINT (-120.356 35.80583),48.0
2025-03-18 15:30:12,40.27583,-124.36333,4.06,21.4,Mainshock,4.0 - 4.99,POINT (-124.36333 40.27583),9.0
2025-03-18 06:33:59,38.817,-122.76283,3.16,2.47,Mainshock,3.0 - 3.99,POINT (-122.76283 38.817),29.0
2025-03-18 19:48:23,37.58217,-118.82183,3.62,9.9,Mainshock,3.0 - 3.99,POINT (-118.82183 37.58217),72.0
2025-03-18 07:16:31,37.176,-121.56384,3.86,5.29,Mainshock,3.0 - 3.99,POINT (-121.56384 37.176),39.0
2025-03-18 16:40:15,36.24866,-120.82066,3.31,7.22,Mainshock,3.0 - 3.99,POINT (-120.82066 36.24866),49.0
2025-03-18 09:37:46,36.96167,-121.59084,3.02,3.13,Mainshock,3.0 - 3.99,POINT (-121.59084 36.96167),38.0
2025-03-18 10:28:23,36.842,-121.5775,3.04,6.3,Mainshock,3.0 - 3.99,POINT (-121.5775 36.842),38.0
2025-03-18 16:48:47,35.04733,-119.04034,3.08,10.85,Mainshock,3.0 - 3.99,POINT (-119.04034 35.04733),59.0
2025-03-18 10:58:20,36.87617,-121.61,3.21,6.72,Mainshock,3.0 - 3.99,POINT (-121.61 36.87617),38.0
2025-03-18 13:47:46,40.14117,-123.8435,3.1,22.98,Mainshock,3.0 - 3.99,POINT (-123.8435 40.14117),20.0
2025-03-18 12:30:50,39.26767,-123.222,3.47,6.4,Mainshock,3.0 - 3.99,POINT (-123.222 39.26767),19.0
2025-03-18 12:56:21,35.45083,-119.02866,3.4,17.15,Mainshock,3.0 - 3.99,POINT (-119.02866 35.45083),59.0
2025-03-18 02:13:24,37.4565,-118.6135,3.35,12.73,Mainshock,3.0 - 3.99,POINT (-118.6135 37.4565),72.0
2025-03-18 18:36:54,37.58917,-118.82166,4.41,9.78,Mainshock,4.0 - 4.99,POINT (-118.82166 37.58917),72.0
2025-03-18 10:39:57,40.43417,-124.65017,3.16,23.8,Aftershock,3.0 - 3.99,POINT (-124.65017 40.43417),9.0
2025-03-18 08:20:24,40.3025,-124.3835,3.76,8.8,Mainshock,3.0 - 3.99,POINT (-124.3835 40.3025),9.0
2025-03-18 11:05:29,40.2875,-124.3615,3.06,7.48,Mainshock,3.0 - 3.99,POINT (-124.3615 40.2875),9.0
2025-03-18 03:33:42,36.68884,-121.28267,3.6,8.55,Mainshock,3.0 - 3.99,POINT (-121.28267 36.68884),38.0
2025-03-18 19:04:19,36.2055,-118.13633,3.18,-1.33,Mainshock,3.0 - 3.99,POINT (-118.13633 36.2055),71.0
2025-03-18 00:29:50,36.81267,-118.16717,3.5,-1.63,Mainshock,3.0 - 3.99,POINT (-118.16717 36.81267),71.0
2025-03-18 19:14:27,40.2895,-124.67367,4.33,7.07,Mainshock,4.0 - 4.99,POINT (-124.67367 40.2895),9.0
2025-03-18 22:35:19,35.35883,-117.8335,3.45,6.01,Mainshock,3.0 - 3.99,POINT (-117.8335 35.35883),81.0
2025-03-18 18:34:13,38.8345,-122.78733,3.68,2.29,Mainshock,3.0 - 3.99,POINT (-122.78733 38.8345),29.0
2025-03-18 23:27:29,38.83383,-122.80666,3.68,2.73,Mainshock,3.0 - 3.99,POINT (-122.80666 38.83383),29.0
2025-03-18 15:01:01,36.49967,-120.61667,3.99,10.93,Mainshock,3.0 - 3.99,POINT (-120.61667 36.49967),49.0
2025-03-18 18:21:32,39.258,-123.21616,3.61,6.34,Mainshock,3.0 - 3.99,POINT (-123.21616 39.258),19.0
2025-03-18 08:49:13,36.10783,-117.88483,3.65,0.95,Mainshock,3.0 - 3.99,POINT (-117.88483 36.10783),82.0
2025-03-18 12:51:16,36.11167,-117.882,3.81,0.28,Aftershock,3.0 - 3.99,POINT (-117.882 36.11167),82.0
2025-03-18 00:33:31,36.10933,-117.87317,4.06,1.61,Mainshock,4.0 - 4.99,POINT (-117.87317 36.10933),82.0
2025-03-18 01:17:16,39.47517,-120.2455,3.71,7.87,Mainshock,3.0 - 3.99,POINT (-120.2455 39.47517),52.0
2025-03-18 22:28:58,39.64034,-123.441,3.06,7.69,Mainshock,3.0 - 3.99,POINT (-123.441 39.64034),19.0
2025-03-18 22:08:20,40.3475,-124.45617,5.21,28.61,Mainshock,5.0 - 5.99,POINT (-124.45617 40.3475),9.0
2025-03-18 01:33:36,39.10883,-119.718,4.71,9.02,Mainshock,4.0 - 4.99,POINT (-119.718 39.10883),63.0
2025-03-18 02:53:14,39.11683,-119.74284,3.27,2.44,Mainshock,3.0 - 3.99,POINT (-119.74284 39.11683),63.0
2025-03-18 16:27:38,40.42517,-124.827,4.78,12.4,Mainshock,4.0 - 4.99,POINT (-124.827 40.42517),9.0
2025-03-18 10:07:55,40.30917,-124.672,3.49,16.11,Foreshock,3.0 - 3.99,POINT (-124.672 40.30917),9.0
2025-03-18 13:38:32,36.43967,-117.97633,3.08,7.26,Mainshock,3.0 - 3.99,POINT (-117.97633 36.43967),82.0
2025-03-18 17:01:09,36.09633,-117.866,3.39,1.67,Mainshock,3.0 - 3.99,POINT (-117.866 36.09633),82.0
2025-03-18 11:57:38,38.79033,-122.765,4.06,2.15,Mainshock,4.0 - 4.99,POINT (-122.765 38.79033),29.0
2025-03-18 06:14:35,40.47333,-124.7245,3.02,21.03,Mainshock,3.0 - 3.99,POINT (-124.7245 40.47333),9.0
2025-03-18 03:17:46,35.00733,-118.50267,3.71,8.52,Mainshock,3.0 - 3.99,POINT (-118.50267 35.00733),70.0
2025-03-18 19:20:46,37.52717,-118.85267,4.05,7.82,Mainshock,4.0 - 4.99,POINT (-118.85267 37.52717),72.0
2025-03-18 08:59:14,36.4055,-120.62817,3.43,10.7,Mainshock,3.0 - 3.99,POINT (-120.62817 36.4055),49.0
2025-03-18 14:36:37,38.0525,-118.73333,5.24,8.45,Mainshock,5.0 - 5.99,POINT (-118.73333 38.0525),73.0
2025-03-18 14:40:17,38.0505,-118.7555,3.05,8.5,Aftershock,3.0 - 3.99,POINT (-118.7555 38.0505),73.0
2025-03-18 14:51:14,38.06167,-118.72117,3.49,6.35,Mainshock,3.0 - 3.99,POINT (-118.72117 38.06167),73.0
2025-03-18 15:24:33,38.04767,-118.756,3.0,9.69,Mainshock,3.0 - 3.99,POINT (-118.756 38.04767),73.0
2025-03-18 15:46:52,38.05817,-118.71484,3.25,2.63,Mainshock,3.0 - 3.99,POINT (-118.71484 38.05817),73.0
2025-03-18 16:22:50,38.04217,-118.758,4.55,8.94,Mainshock,4.0 - 4.99,POINT (-118.758 38.04217),73.0
2025-03-18 16:29:50,38.04716,-118.74717,3.56,1.97,Mainshock,3.0 - 3.99,POINT (-118.74717 38.04716),73.0
2025-03-18 16:57:11,38.0455,-118.74834,3.95,7.96,Mainshock,3.0 - 3.99,POINT (-118.74834 38.0455),73.0
2025-03-18 16:57:46,38.04467,-118.74783,3.71,7.47,Aftershock,3.0 - 3.99,POINT (-118.74783 38.04467),73.0
2025-03-18 17:53:45,38.05817,-118.72183,3.03,8.21,Mainshock,3.0 - 3.99,POINT (-118.72183 38.05817),73.0
2025-03-18 18:02:23,38.05433,-118.73766,3.23,9.68,Mainshock,3.0 - 3.99,POINT (-118.73766 38.05433),73.0
2025-03-18 19:20:08,38.0565,-118.72933,3.36,8.89,Mainshock,3.0 - 3.99,POINT (-118.72933 38.0565),73.0
2025-03-18 21:36:45,38.04683,-118.75134,3.95,6.34,Mainshock,3.0 - 3.99,POINT (-118.75134 38.04683),73.0
2025-03-18 15:20:01,38.05684,-118.7285,3.1,8.27,Foreshock,3.0 - 3.99,POINT (-118.7285 38.05684),73.0
2025-03-18 02:10:34,38.05883,-118.72884,3.04,6.27,Foreshock,3.0 - 3.99,POINT (-118.72884 38.05883),73.0
2025-03-18 14:27:45,38.05783,-118.7325,3.23,4.1,Mainshock,3.0 - 3.99,POINT (-118.7325 38.05783),73.0
2025-03-18 19:04:07,38.0555,-118.7305,3.25,8.96,Mainshock,3.0 - 3.99,POINT (-118.7305 38.0555),73.0
2025-03-18 06:14:28,36.11333,-117.86066,3.43,4.79,Mainshock,3.0 - 3.99,POINT (-117.86066 36.11333),82.0
2025-03-18 20:13:05,38.046,-118.753,3.88,8.2,Mainshock,3.0 - 3.99,POINT (-118.753 38.046),73.0
2025-03-18 11:56:19,38.04667,-118.74667,3.3,4.42,Foreshock,3.0 - 3.99,POINT (-118.74667 38.04667),73.0
2025-03-18 13:28:35,38.04783,-118.7495,3.34,4.73,Mainshock,3.0 - 3.99,POINT (-118.7495 38.04783),73.0
2025-03-18 13:49:06,38.05183,-118.75083,3.98,4.32,Mainshock,3.0 - 3.99,POINT (-118.75083 38.05183),73.0
2025-03-18 05:44:04,38.05933,-118.73083,3.67,8.4,Foreshock,3.0 - 3.99,POINT (-118.73083 38.05933),73.0
2025-03-18 06:52:49,38.04933,-118.7575,3.2,6.34,Mainshock,3.0 - 3.99,POINT (-118.7575 38.04933),73.0
2025-03-18 10:13:39,38.03817,-118.79833,3.26,10.85,Aftershock,3.0 - 3.99,POINT (-118.79833 38.03817),73.0
2025-03-18 05:13:31,38.04433,-118.75533,4.01,6.84,Mainshock,4.0 - 4.99,POINT (-118.75533 38.04433),73.0
2025-03-18 07:51:37,38.04167,-118.7565,3.27,3.11,Mainshock,3.0 - 3.99,POINT (-118.7565 38.04167),73.0
2025-03-18 12:10:38,37.32567,-118.3685,3.73,8.42,Mainshock,3.0 - 3.99,POINT (-118.3685 37.32567),72.0
2025-03-18 13:12:55,40.3165,-124.54333,3.16,10.04,Mainshock,3.0 - 3.99,POINT (-124.54333 40.3165),9.0
2025-03-18 15:12:25,36.454,-117.98067,3.05,8.17,Mainshock,3.0 - 3.99,POINT (-117.98067 36.454),82.0
2025-03-18 14:55:08,38.05483,-118.7355,3.65,5.52,Mainshock,3.0 - 3.99,POINT (-118.7355 38.05483),73.0
2025-03-18 20:26:07,38.0055,-118.7035,3.49,-1.0,Mainshock,3.0 - 3.99,POINT (-118.7035 38.0055),73.0
2025-03-18 20:43:36,38.00667,-118.69933,3.1,-0.66,Mainshock,3.0 - 3.99,POINT (-118.69933 38.00667),73.0
2025-03-18 18:15:13,37.45033,-118.025,3.45,13.02,Mainshock,3.0 - 3.99,POINT (-118.025 37.45033),72.0
2025-03-18 11:03:26,38.21617,-117.84433,6.44,13.05,Mainshock,6.0 - 6.99,POINT (-117.84433 38.21617),84.0
2025-03-18 11:12:38,38.09067,-118.0095,3.33,2.65,Foreshock,3.0 - 3.99,POINT (-118.0095 38.09067),73.0
2025-03-18 11:17:24,38.077,-118.14367,3.55,2.76,Foreshock,3.0 - 3.99,POINT (-118.14367 38.077),73.0
2025-03-18 11:18:14,38.1275,-118.10533,4.54,-1.06,Mainshock,4.0 - 4.99,POINT (-118.10533 38.1275),73.0
2025-03-18 11:25:43,38.152,-118.02,4.78,-0.59,Foreshock,4.0 - 4.99,POINT (-118.02 38.152),73.0
2025-03-18 11:26:02,38.1935,-117.88783,5.0,5.12,Mainshock,5.0 - 5.99,POINT (-117.88783 38.1935),84.0
2025-03-18 11:30:16,38.145,-118.05167,3.81,-1.71,Aftershock,3.0 - 3.99,POINT (-118.05167 38.145),73.0
2025-03-18 11:32:39,38.1875,-117.83017,3.06,4.55,Aftershock,3.0 - 3.99,POINT (-117.83017 38.1875),84.0
2025-03-18 11:36:11,38.13117,-117.91233,3.24,4.88,Aftershock,3.0 - 3.99,POINT (-117.91233 38.13117),84.0
2025-03-18 11:40:16,38.09184,-118.11066,3.89,-2.15,Aftershock,3.0 - 3.99,POINT (-118.11066 38.09184),73.0
2025-03-18 11:45:28,38.15583,-118.035,3.26,-2.28,Mainshock,3.0 - 3.99,POINT (-118.035 38.15583),73.0
2025-03-18 11:52:06,38.1675,-118.02883,4.5,-1.96,Mainshock,4.0 - 4.99,POINT (-118.02883 38.1675),73.0
2025-03-18 11:55:15,38.08633,-118.00417,3.02,-1.72,Aftershock,3.0 - 3.99,POINT (-118.00417 38.08633),73.0
2025-03-18 11:58:29,38.16133,-117.87817,3.32,-2.11,Aftershock,3.0 - 3.99,POINT (-117.87817 38.16133),84.0
2025-03-18 12:00:42,38.19,-117.932,4.26,-2.08,Aftershock,4.0 - 4.99,POINT (-117.932 38.19),84.0
2025-03-18 12:10:24,38.212,-117.844,3.08,-1.92,Mainshock,3.0 - 3.99,POINT (-117.844 38.212),84.0
2025-03-18 12:17:05,38.14617,-118.0095,3.13,4.13,Mainshock,3.0 - 3.99,POINT (-118.0095 38.14617),73.0
2025-03-18 13:02:13,38.20367,-117.941,3.91,-1.83,Mainshock,3.0 - 3.99,POINT (-117.941 38.20367),84.0
2025-03-18 13:11:15,38.14083,-118.02267,3.22,3.27,Mainshock,3.0 - 3.99,POINT (-118.02267 38.14083),73.0
2025-03-18 13:35:25,38.23833,-117.912,3.63,-1.82,Mainshock,3.0 - 3.99,POINT (-117.912 38.23833),84.0
2025-03-18 13:39:03,38.18,-117.9425,3.56,-1.86,Aftershock,3.0 - 3.99,POINT (-117.9425 38.18),84.0
2025-03-18 13:49:18,38.1638,-117.9687,3.0,0.0,Foreshock,3.0 - 3.99,POINT (-117.9687 38.1638),84.0
2025-03-18 13:51:23,38.17233,-117.98534,3.92,-1.87,Mainshock,3.0 - 3.99,POINT (-117.98534 38.17233),84.0
2025-03-18 13:51:37,38.1895,-118.0665,3.88,-1.95,Aftershock,3.0 - 3.99,POINT (-118.0665 38.1895),73.0
2025-03-18 14:00:32,38.01467,-118.22017,3.35,-0.15,Mainshock,3.0 - 3.99,POINT (-118.22017 38.01467),73.0
2025-03-18 14:58:49,38.17367,-117.95033,3.09,-1.99,Mainshock,3.0 - 3.99,POINT (-117.95033 38.17367),84.0
2025-03-18 15:07:24,38.197,-117.889,3.5,-1.81,Mainshock,3.0 - 3.99,POINT (-117.889 38.197),84.0
2025-03-18 15:23:25,38.20917,-117.85817,4.35,3.07,Mainshock,4.0 - 4.99,POINT (-117.85817 38.20917),84.0
2025-03-18 15:31:55,38.1638,-117.9687,3.0,0.0,Mainshock,3.0 - 3.99,POINT (-117.9687 38.1638),84.0
2025-03-18 16:35:44,38.199,-117.846,3.45,-1.77,Mainshock,3.0 - 3.99,POINT (-117.846 38.199),84.0
2025-03-18 16:52:53,38.1885,-117.88934,3.05,-1.47,Mainshock,3.0 - 3.99,POINT (-117.88934 38.1885),84.0
2025-03-18 17:08:07,38.18917,-117.87817,3.41,-1.53,Mainshock,3.0 - 3.99,POINT (-117.87817 38.18917),84.0
2025-03-18 17:25:25,37.972,-118.31917,3.02,26.49,Mainshock,3.0 - 3.99,POINT (-118.31917 37.972),72.0
2025-03-18 17:38:17,38.15067,-118.07767,3.32,-0.43,Mainshock,3.0 - 3.99,POINT (-118.07767 38.15067),73.0
2025-03-18 17:50:16,38.192,-117.88683,4.46,-1.16,Mainshock,4.0 - 4.99,POINT (-117.88683 38.192),84.0
2025-03-18 18:10:32,38.191,-117.85683,3.95,-1.74,Mainshock,3.0 - 3.99,POINT (-117.85683 38.191),84.0
2025-03-18 18:51:51,38.15067,-118.011,3.05,-1.84,Foreshock,3.0 - 3.99,POINT (-118.011 38.15067),73.0
2025-03-18 18:52:41,38.1755,-117.8985,3.5,-1.22,Mainshock,3.0 - 3.99,POINT (-117.8985 38.1755),84.0
2025-03-18 19:05:10,38.26783,-117.824,3.52,-1.91,Mainshock,3.0 - 3.99,POINT (-117.824 38.26783),84.0
2025-03-18 19:13:23,38.1945,-117.88333,3.11,0.36,Mainshock,3.0 - 3.99,POINT (-117.88333 38.1945),84.0
2025-03-18 20:03:46,38.20267,-117.87417,3.49,-1.91,Mainshock,3.0 - 3.99,POINT (-117.87417 38.20267),84.0
2025-03-18 20:54:11,38.15333,-118.03433,3.07,-1.83,Mainshock,3.0 - 3.99,POINT (-118.03433 38.15333),73.0
2025-03-18 21:47:23,39.96217,-120.851,3.07,11.71,Mainshock,3.0 - 3.99,POINT (-120.851 39.96217),52.0
2025-03-18 21:59:43,38.212,-117.84634,4.04,-1.43,Mainshock,4.0 - 4.99,POINT (-117.84634 38.212),84.0
2025-03-18 22:15:49,38.19433,-118.0545,4.25,-1.82,Mainshock,4.0 - 4.99,POINT (-118.0545 38.19433),73.0
2025-03-18 22:25:08,38.20483,-117.78484,3.19,-1.85,Mainshock,3.0 - 3.99,POINT (-117.78484 38.20483),84.0
2025-03-18 22:46:30,38.22967,-117.93467,4.0,-1.22,Mainshock,4.0 - 4.99,POINT (-117.93467 38.22967),84.0
2025-03-18 22:50:23,38.208,-117.944,3.49,-1.82,Aftershock,3.0 - 3.99,POINT (-117.944 38.208),84.0
2025-03-18 01:46:56,36.15283,-117.93266,3.56,3.06,Mainshock,3.0 - 3.99,POINT (-117.93266 36.15283),82.0
2025-03-18 04:12:20,38.18433,-118.0545,4.16,-1.83,Mainshock,4.0 - 4.99,POINT (-118.0545 38.18433),73.0
2025-03-18 04:32:17,38.21867,-117.97183,3.27,-1.22,Mainshock,3.0 - 3.99,POINT (-117.97183 38.21867),84.0
2025-03-18 04:45:36,38.14533,-118.012,3.3,1.31,Mainshock,3.0 - 3.99,POINT (-118.012 38.14533),73.0
2025-03-18 04:56:43,38.14567,-117.84167,3.04,1.96,Foreshock,3.0 - 3.99,POINT (-117.84167 38.14567),84.0
2025-03-18 05:01:08,38.19283,-117.9685,3.15,-1.81,Mainshock,3.0 - 3.99,POINT (-117.9685 38.19283),84.0
2025-03-18 06:06:17,38.05617,-118.2655,3.06,-0.89,Mainshock,3.0 - 3.99,POINT (-118.2655 38.05617),73.0
2025-03-18 06:35:09,38.16784,-117.96367,3.23,-1.81,Mainshock,3.0 - 3.99,POINT (-117.96367 38.16784),84.0
2025-03-18 10:28:40,38.24833,-117.93667,3.99,-1.35,Mainshock,3.0 - 3.99,POINT (-117.93667 38.24833),84.0
2025-03-18 16:38:34,36.68417,-121.3125,3.17,4.47,Mainshock,3.0 - 3.99,POINT (-121.3125 36.68417),38.0
2025-03-18 20:17:45,38.2405,-117.815,3.26,-1.89,Mainshock,3.0 - 3.99,POINT (-117.815 38.2405),84.0
2025-03-18 20:58:18,38.19733,-117.96867,3.07,-1.99,Mainshock,3.0 - 3.99,POINT (-117.96867 38.19733),84.0
2025-03-18 22:21:57,38.1965,-117.88383,3.74,3.12,Mainshock,3.0 - 3.99,POINT (-117.88383 38.1965),84.0
2025-03-18 23:27:14,38.18733,-118.07133,4.31,7.33,Mainshock,4.0 - 4.99,POINT (-118.07133 38.18733),73.0
2025-03-18 03:25:31,38.206,-117.85883,3.03,-1.78,Foreshock,3.0 - 3.99,POINT (-117.85883 38.206),84.0
2025-03-18 06:42:02,38.20016,-117.79034,3.54,-1.9,Mainshock,3.0 - 3.99,POINT (-117.79034 38.20016),84.0
2025-03-18 08:28:47,38.206,-117.852,3.91,-1.9,Mainshock,3.0 - 3.99,POINT (-117.852 38.206),84.0
2025-03-18 09:42:20,38.16533,-118.008,3.17,-1.93,Mainshock,3.0 - 3.99,POINT (-118.008 38.16533),73.0
2025-03-18 11:22:50,38.195,-117.77866,3.45,14.47,Mainshock,3.0 - 3.99,POINT (-117.77866 38.195),84.0
2025-03-18 11:53:53,38.16267,-117.99866,4.35,3.15,Mainshock,4.0 - 4.99,POINT (-117.99866 38.16267),84.0
2025-03-18 13:17:54,38.19167,-117.9615,3.45,-1.78,Mainshock,3.0 - 3.99,POINT (-117.9615 38.19167),84.0
2025-03-18 15:13:01,38.0905,-118.528,3.13,3.26,Mainshock,3.0 - 3.99,POINT (-118.528 38.0905),73.0
2025-03-18 17:36:39,35.99417,-120.561,3.17,3.79,Mainshock,3.0 - 3.99,POINT (-120.561 35.99417),48.0
2025-03-18 18:16:51,38.18833,-118.0145,3.27,-1.93,Mainshock,3.0 - 3.99,POINT (-118.0145 38.18833),73.0
2025-03-18 19:08:22,38.1865,-117.9465,3.58,-1.78,Mainshock,3.0 - 3.99,POINT (-117.9465 38.1865),84.0
2025-03-18 21:17:02,38.18233,-117.81567,4.23,19.61,Mainshock,4.0 - 4.99,POINT (-117.81567 38.18233),84.0
2025-03-18 21:47:43,38.195,-118.0565,4.32,-0.74,Mainshock,4.0 - 4.99,POINT (-118.0565 38.195),73.0
2025-03-18 23:19:53,38.177,-118.00867,3.75,-1.93,Mainshock,3.0 - 3.99,POINT (-118.00867 38.177),73.0
2025-03-18 00:26:21,38.16733,-117.965,3.22,3.32,Foreshock,3.0 - 3.99,POINT (-117.965 38.16733),84.0
2025-03-18 02:19:07,38.19883,-118.12683,4.07,-1.8,Mainshock,4.0 - 4.99,POINT (-118.12683 38.19883),73.0
2025-03-18 09:45:54,38.17216,-117.968,3.51,-1.78,Mainshock,3.0 - 3.99,POINT (-117.968 38.17216),84.0
2025-03-18 02:13:32,38.1855,-117.95383,3.29,0.19,Foreshock,3.0 - 3.99,POINT (-117.95383 38.1855),84.0
2025-03-18 03:43:21,38.17916,-117.8825,3.31,-1.79,Mainshock,3.0 - 3.99,POINT (-117.8825 38.17916),84.0
2025-03-18 07:02:01,38.05416,-118.72733,3.28,6.99,Mainshock,3.0 - 3.99,POINT (-118.72733 38.05416),73.0
2025-03-18 09:08:33,38.1845,-117.8045,4.07,5.46,Mainshock,4.0 - 4.99,POINT (-117.8045 38.1845),84.0
2025-03-18 09:48:49,38.172,-118.04533,3.69,-1.95,Mainshock,3.0 - 3.99,POINT (-118.04533 38.172),73.0
2025-03-18 10:36:37,38.19233,-117.88966,3.44,-1.93,Mainshock,3.0 - 3.99,POINT (-117.88966 38.19233),84.0
2025-03-18 10:58:42,38.19283,-117.7985,3.65,-1.84,Mainshock,3.0 - 3.99,POINT (-117.7985 38.19283),84.0
2025-03-18 13:21:34,38.184,-117.95883,3.2,3.52,Mainshock,3.0 - 3.99,POINT (-117.95883 38.184),84.0
2025-03-18 13:23:13,38.13233,-117.97383,3.19,13.58,Aftershock,3.0 - 3.99,POINT (-117.97383 38.13233),84.0
2025-03-18 15:58:31,40.45383,-124.562,4.17,23.64,Mainshock,4.0 - 4.99,POINT (-124.562 40.45383),9.0
2025-03-18 21:48:54,38.16733,-117.87434,3.12,12.23,Mainshock,3.0 - 3.99,POINT (-117.87434 38.16733),84.0
2025-03-18 22:12:45,38.20533,-117.82383,4.52,-1.73,Mainshock,4.0 - 4.99,POINT (-117.82383 38.20533),84.0
2025-03-18 03:13:48,38.16817,-118.0815,3.85,-1.76,Foreshock,3.0 - 3.99,POINT (-118.0815 38.16817),73.0
2025-03-18 03:49:57,38.16383,-118.09717,4.05,-2.08,Mainshock,4.0 - 4.99,POINT (-118.09717 38.16383),73.0
2025-03-18 09:46:16,38.1535,-118.07716,4.0,-1.78,Mainshock,4.0 - 4.99,POINT (-118.07716 38.1535),73.0
2025-03-18 15:49:49,38.19383,-117.98583,3.09,8.04,Mainshock,3.0 - 3.99,POINT (-117.98583 38.19383),84.0
2025-03-18 18:38:08,38.19117,-117.84116,3.07,0.82,Aftershock,3.0 - 3.99,POINT (-117.84116 38.19117),84.0
2025-03-18 00:22:00,38.26117,-117.77966,4.75,15.78,Mainshock,4.0 - 4.99,POINT (-117.77966 38.26117),84.0
2025-03-18 13:01:06,38.1465,-118.07484,4.01,2.89,Mainshock,4.0 - 4.99,POINT (-118.07484 38.1465),73.0
2025-03-18 13:58:05,37.08317,-119.26884,3.16,44.62,Mainshock,3.0 - 3.99,POINT (-119.26884 37.08317),61.0
2025-03-18 03:29:30,37.51534,-118.9915,3.14,2.93,Mainshock,3.0 - 3.99,POINT (-118.9915 37.51534),72.0
2025-03-18 03:46:58,38.15467,-117.95016,3.1,1.38,Mainshock,3.0 - 3.99,POINT (-117.95016 38.15467),84.0
2025-03-18 09:19:17,38.168,-118.01083,3.32,-1.93,Mainshock,3.0 - 3.99,POINT (-118.01083 38.168),73.0
2025-03-18 13:07:08,38.175,-117.98434,3.73,2.31,Mainshock,3.0 - 3.99,POINT (-117.98434 38.175),84.0
2025-03-18 09:57:52,38.14983,-117.97383,3.6,-1.91,Foreshock,3.0 - 3.99,POINT (-117.97383 38.14983),84.0
2025-03-18 15:02:53,38.20567,-117.87383,3.31,-1.05,Mainshock,3.0 - 3.99,POINT (-117.87383 38.20567),84.0
2025-03-18 22:32:00,38.20517,-117.91417,3.36,-1.56,Mainshock,3.0 - 3.99,POINT (-117.91417 38.20517),84.0
2025-03-18 02:28:09,38.022,-117.79066,3.0,2.81,Foreshock,3.0 - 3.99,POINT (-117.79066 38.022),84.0
2025-03-18 02:55:49,38.17433,-117.9615,3.63,-1.78,Mainshock,3.0 - 3.99,POINT (-117.9615 38.17433),84.0
2025-03-18 04:03:16,38.17717,-117.97567,3.06,9.09,Mainshock,3.0 - 3.99,POINT (-117.97567 38.17717),84.0
2025-03-18 15:27:23,36.82433,-121.28833,3.06,8.91,Mainshock,3.0 - 3.99,POINT (-121.28833 36.82433),38.0
2025-03-18 21:40:51,38.19833,-117.837,3.12,-1.89,Mainshock,3.0 - 3.99,POINT (-117.837 38.19833),84.0
2025-03-18 22:14:29,38.19683,-117.81333,3.22,-1.9,Mainshock,3.0 - 3.99,POINT (-117.81333 38.19683),84.0
2025-03-18 00:57:02,38.16433,-118.0535,3.21,-1.93,Foreshock,3.0 - 3.99,POINT (-118.0535 38.16433),73.0
2025-03-18 04:52:30,35.40283,-118.97767,3.95,18.97,Mainshock,3.0 - 3.99,POINT (-118.97767 35.40283),70.0
2025-03-18 16:03:24,38.19433,-117.79967,3.84,3.06,Mainshock,3.0 - 3.99,POINT (-117.79967 38.19433),84.0
2025-03-18 17:02:01,36.88766,-121.62133,3.23,6.8,Mainshock,3.0 - 3.99,POINT (-121.62133 36.88766),38.0
2025-03-18 04:18:09,38.0435,-118.75816,3.01,7.55,Foreshock,3.0 - 3.99,POINT (-118.75816 38.0435),73.0
2025-03-18 04:19:09,38.04467,-118.76283,3.27,6.26,Mainshock,3.0 - 3.99,POINT (-118.76283 38.04467),73.0
2025-03-18 08:29:46,38.149,-118.03067,3.57,-1.91,Mainshock,3.0 - 3.99,POINT (-118.03067 38.149),73.0
2025-03-18 19:19:13,36.64034,-121.26317,3.47,9.19,Mainshock,3.0 - 3.99,POINT (-121.26317 36.64034),38.0
2025-03-18 12:27:46,38.42767,-118.315,3.0,2.74,Mainshock,3.0 - 3.99,POINT (-118.315 38.42767),73.0
2025-03-18 13:25:33,38.29283,-117.8395,3.0,13.92,Mainshock,3.0 - 3.99,POINT (-117.8395 38.29283),84.0
2025-03-18 23:43:42,38.17833,-117.98917,3.8,1.05,Mainshock,3.0 - 3.99,POINT (-117.98917 38.17833),84.0
2025-03-18 09:07:32,38.04467,-118.75,3.49,6.99,Mainshock,3.0 - 3.99,POINT (-118.75 38.04467),73.0
2025-03-18 09:22:57,38.04817,-118.74966,3.61,8.83,Mainshock,3.0 - 3.99,POINT (-118.74966 38.04817),73.0
2025-03-18 15:55:02,38.193,-117.84467,3.38,-1.76,Mainshock,3.0 - 3.99,POINT (-117.84467 38.193),84.0
2025-03-18 01:07:15,38.04483,-118.76183,4.34,8.11,Mainshock,4.0 - 4.99,POINT (-118.76183 38.04483),73.0
2025-03-18 19:25:29,38.202,-117.78933,3.06,-1.88,Aftershock,3.0 - 3.99,POINT (-117.78933 38.202),84.0
2025-03-18 00:54:24,38.20167,-117.84634,3.5,-1.78,Mainshock,3.0 - 3.99,POINT (-117.84634 38.20167),84.0
2025-03-18 15:33:36,36.14283,-117.99467,3.26,1.83,Mainshock,3.0 - 3.99,POINT (-117.99467 36.14283),82.0
2025-03-18 23:13:45,36.14617,-117.992,3.66,2.69,Mainshock,3.0 - 3.99,POINT (-117.992 36.14617),82.0
2025-03-18 00:49:05,38.17017,-118.01133,3.29,-1.93,Mainshock,3.0 - 3.99,POINT (-118.01133 38.17017),73.0
2025-03-18 02:27:54,36.14717,-117.98666,4.36,2.8,Mainshock,4.0 - 4.99,POINT (-117.98666 36.14717),82.0
2025-03-18 23:09:19,36.94383,-121.671,3.16,6.53,Mainshock,3.0 - 3.99,POINT (-121.671 36.94383),38.0
2025-03-18 02:28:14,38.19667,-117.78817,3.87,-1.9,Mainshock,3.0 - 3.99,POINT (-117.78817 38.19667),84.0
2025-03-18 05:41:18,38.17216,-117.965,3.41,-1.92,Mainshock,3.0 - 3.99,POINT (-117.965 38.17216),84.0
2025-03-18 10:13:03,38.18333,-117.79667,3.46,-1.87,Mainshock,3.0 - 3.99,POINT (-117.79667 38.18333),84.0
2025-03-18 01:47:07,38.1705,-117.95184,3.4,2.0,Foreshock,3.0 - 3.99,POINT (-117.95184 38.1705),84.0
2025-03-18 03:42:03,36.135,-117.98183,3.82,-1.2,Mainshock,3.0 - 3.99,POINT (-117.98183 36.135),82.0
2025-03-18 09:23:24,38.154,-118.00633,3.26,-1.96,Mainshock,3.0 - 3.99,POINT (-118.00633 38.154),73.0
2025-03-18 13:13:24,38.03817,-118.77084,3.4,6.77,Mainshock,3.0 - 3.99,POINT (-118.77084 38.03817),73.0
2025-03-18 03:24:05,38.24667,-117.78233,4.86,13.06,Mainshock,4.0 - 4.99,POINT (-117.78233 38.24667),84.0
2025-03-18 08:22:49,38.17667,-117.96484,3.36,-1.78,Mainshock,3.0 - 3.99,POINT (-117.96484 38.17667),84.0
2025-03-18 22:40:13,38.21383,-117.87217,3.28,-1.65,Mainshock,3.0 - 3.99,POINT (-117.87217 38.21383),84.0
2025-03-18 13:25:46,36.728,-121.37583,3.27,2.26,Mainshock,3.0 - 3.99,POINT (-121.37583 36.728),38.0
2025-03-18 23:03:17,38.19217,-117.877,3.2,-1.69,Mainshock,3.0 - 3.99,POINT (-117.877 38.19217),84.0
2025-03-18 11:33:19,38.08317,-118.22366,3.2,4.77,Foreshock,3.0 - 3.99,POINT (-118.22366 38.08317),73.0
2025-03-18 00:27:56,38.1885,-117.95316,3.07,-1.83,Foreshock,3.0 - 3.99,POINT (-117.95316 38.1885),84.0
2025-03-18 09:12:36,38.137,-118.05583,3.2,-1.93,Mainshock,3.0 - 3.99,POINT (-118.05583 38.137),73.0
2025-03-18 05:58:22,36.04217,-117.812,4.02,1.03,Mainshock,4.0 - 4.99,POINT (-117.812 36.04217),82.0
2025-03-18 17:35:02,37.414,-121.7625,3.36,8.23,Mainshock,3.0 - 3.99,POINT (-121.7625 37.414),39.0
2025-03-18 00:35:12,34.59184,-119.38284,3.22,4.22,Mainshock,3.0 - 3.99,POINT (-119.38284 34.59184),58.0
2025-03-18 10:26:43,38.2025,-117.80666,4.12,-1.12,Mainshock,4.0 - 4.99,POINT (-117.80666 38.2025),84.0
2025-03-18 20:42:20,38.2335,-117.81133,4.54,-1.53,Mainshock,4.0 - 4.99,POINT (-117.81133 38.2335),84.0
2025-03-18 23:25:06,38.18033,-117.797,3.65,-1.88,Aftershock,3.0 - 3.99,POINT (-117.797 38.18033),84.0
2025-03-18 03:49:55,38.17467,-117.79784,3.82,-1.9,Mainshock,3.0 - 3.99,POINT (-117.79784 38.17467),84.0
2025-03-18 11:24:27,38.18184,-117.80367,3.73,-1.9,Mainshock,3.0 - 3.99,POINT (-117.80367 38.18184),84.0
2025-03-18 02:01:21,38.20483,-117.88617,3.56,-1.41,Foreshock,3.0 - 3.99,POINT (-117.88617 38.20483),84.0
2025-03-18 09:18:57,38.23,-117.8825,3.24,-1.86,Mainshock,3.0 - 3.99,POINT (-117.8825 38.23),84.0
2025-03-18 00:25:46,36.44383,-117.99084,4.64,7.05,Mainshock,4.0 - 4.99,POINT (-117.99084 36.44383),82.0
2025-03-18 00:30:52,36.44617,-117.99567,3.93,3.6,Mainshock,3.0 - 3.99,POINT (-117.99567 36.44617),82.0
2025-03-18 00:33:57,36.43933,-117.97867,3.17,7.89,Aftershock,3.0 - 3.99,POINT (-117.97867 36.43933),82.0
2025-03-18 01:46:08,36.44233,-117.992,3.17,4.61,Mainshock,3.0 - 3.99,POINT (-117.992 36.44233),82.0
2025-03-18 02:51:58,36.43933,-117.9895,3.81,7.14,Mainshock,3.0 - 3.99,POINT (-117.9895 36.43933),82.0
2025-03-18 04:46:33,38.0665,-118.74133,3.31,6.88,Mainshock,3.0 - 3.99,POINT (-118.74133 38.0665),73.0
2025-03-18 06:48:10,36.4525,-117.98683,3.21,7.59,Mainshock,3.0 - 3.99,POINT (-117.98683 36.4525),82.0
2025-03-18 16:56:14,36.4435,-117.98217,3.09,7.58,Mainshock,3.0 - 3.99,POINT (-117.98217 36.4435),82.0
2025-03-18 17:40:48,36.447,-117.9835,5.81,7.31,Mainshock,5.0 - 5.99,POINT (-117.9835 36.447),82.0
2025-03-18 17:56:58,36.3725,-117.95367,3.1,26.72,Foreshock,3.0 - 3.99,POINT (-117.95367 36.3725),82.0
2025-03-18 17:59:19,36.453,-117.9405,4.63,3.13,Mainshock,4.0 - 4.99,POINT (-117.9405 36.453),82.0
2025-03-18 18:04:59,35.905,-117.838,3.34,13.6,Mainshock,3.0 - 3.99,POINT (-117.838 35.905),81.0
2025-03-18 18:14:17,36.4305,-117.95167,3.04,8.99,Mainshock,3.0 - 3.99,POINT (-117.95167 36.4305),82.0
2025-03-18 18:20:38,36.47467,-117.97433,3.9,11.69,Mainshock,3.0 - 3.99,POINT (-117.97433 36.47467),82.0
2025-03-18 18:25:39,36.4775,-117.98183,3.48,9.97,Mainshock,3.0 - 3.99,POINT (-117.98183 36.4775),82.0
2025-03-18 19:02:17,36.43433,-117.94234,3.54,11.02,Mainshock,3.0 - 3.99,POINT (-117.94234 36.43433),82.0
2025-03-18 20:49:40,35.29284,-119.18567,3.07,-0.6,Mainshock,3.0 - 3.99,POINT (-119.18567 35.29284),59.0
2025-03-18 21:12:48,36.47083,-117.97283,3.82,8.99,Mainshock,3.0 - 3.99,POINT (-117.97283 36.47083),82.0
2025-03-18 00:09:30,36.474,-117.98167,3.54,9.05,Foreshock,3.0 - 3.99,POINT (-117.98167 36.474),82.0
2025-03-18 04:09:07,38.77517,-122.743,3.23,0.52,Mainshock,3.0 - 3.99,POINT (-122.743 38.77517),29.0
2025-03-18 10:17:10,36.44483,-117.98383,3.25,9.13,Mainshock,3.0 - 3.99,POINT (-117.98383 36.44483),82.0
2025-03-18 10:34:27,36.484,-117.98717,3.6,-1.01,Mainshock,3.0 - 3.99,POINT (-117.98717 36.484),82.0
2025-03-18 13:58:38,36.42267,-117.95033,3.04,3.86,Mainshock,3.0 - 3.99,POINT (-117.95033 36.42267),82.0
2025-03-18 18:12:00,36.444,-117.97816,3.27,7.69,Mainshock,3.0 - 3.99,POINT (-117.97816 36.444),82.0
2025-03-18 18:16:58,36.4475,-118.00417,3.07,-1.1,Aftershock,3.0 - 3.99,POINT (-118.00417 36.4475),71.0
2025-03-18 19:06:44,36.43733,-117.999,3.29,6.12,Mainshock,3.0 - 3.99,POINT (-117.999 36.43733),82.0
2025-03-18 22:17:08,36.4405,-117.99117,3.16,2.37,Foreshock,3.0 - 3.99,POINT (-117.99117 36.4405),82.0
2025-03-18 22:21:43,36.44883,-117.99683,3.3,-0.94,Mainshock,3.0 - 3.99,POINT (-117.99683 36.44883),82.0
2025-03-18 02:23:25,36.44183,-118.00183,3.28,7.2,Foreshock,3.0 - 3.99,POINT (-118.00183 36.44183),71.0
2025-03-18 16:57:05,36.42967,-117.98167,3.09,5.63,Mainshock,3.0 - 3.99,POINT (-117.98167 36.42967),82.0
2025-03-18 17:14:13,36.43483,-117.97283,3.2,7.67,Mainshock,3.0 - 3.99,POINT (-117.97283 36.43483),82.0
2025-03-18 18:55:07,36.43633,-118.00083,3.37,6.04,Aftershock,3.0 - 3.99,POINT (-118.00083 36.43633),71.0
2025-03-18 01:55:48,36.46967,-117.98167,3.66,8.57,Mainshock,3.0 - 3.99,POINT (-117.98167 36.46967),82.0
2025-03-18 09:24:23,38.162,-117.958,4.49,3.05,Mainshock,4.0 - 4.99,POINT (-117.958 38.162),84.0
2025-03-18 18:49:41,37.46467,-118.73133,3.42,5.11,Mainshock,3.0 - 3.99,POINT (-118.73133 37.46467),72.0
2025-03-18 13:12:53,40.22117,-121.14384,3.09,4.98,Mainshock,3.0 - 3.99,POINT (-121.14384 40.22117),42.0
2025-03-18 20:09:37,38.054,-118.73417,3.18,6.99,Mainshock,3.0 - 3.99,POINT (-118.73417 38.054),73.0
2025-03-18 16:14:07,38.788,-122.76633,3.97,0.92,Mainshock,3.0 - 3.99,POINT (-122.76633 38.788),29.0
2025-03-18 06:12:53,38.22367,-117.866,4.28,-1.83,Mainshock,4.0 - 4.99,POINT (-117.866 38.22367),84.0
2025-03-18 05:59:28,38.045,-118.73933,3.62,8.2,Mainshock,3.0 - 3.99,POINT (-118.73933 38.045),73.0
2025-03-18 12:15:18,36.44633,-117.99367,3.6,6.72,Mainshock,3.0 - 3.99,POINT (-117.99367 36.44633),82.0
2025-03-18 16:05:53,38.20716,-117.87334,3.15,-1.77,Mainshock,3.0 - 3.99,POINT (-117.87334 38.20716),84.0
2025-03-18 10:07:44,38.04633,-118.73417,3.54,6.2,Mainshock,3.0 - 3.99,POINT (-118.73417 38.04633),73.0
2025-03-18 22:01:53,34.94817,-119.042,3.64,12.42,Mainshock,3.0 - 3.99,POINT (-119.042 34.94817),58.0
2025-03-18 04:57:09,36.67916,-121.31184,3.3,4.83,Mainshock,3.0 - 3.99,POINT (-121.31184 36.67916),38.0
2025-03-18 00:29:26,36.4355,-117.99316,3.77,5.41,Mainshock,3.0 - 3.99,POINT (-117.99316 36.4355),82.0
2025-03-18 17:10:35,38.14233,-117.92834,3.89,2.84,Mainshock,3.0 - 3.99,POINT (-117.92834 38.14233),84.0
2025-03-18 07:05:13,36.4485,-117.97767,3.78,-1.62,Mainshock,3.0 - 3.99,POINT (-117.97767 36.4485),82.0
2025-03-18 02:36:46,36.877,-121.6225,3.03,7.4,Mainshock,3.0 - 3.99,POINT (-121.6225 36.877),38.0
2025-03-18 03:23:01,36.18733,-120.76534,3.87,8.7,Mainshock,3.0 - 3.99,POINT (-120.76534 36.18733),49.0
2025-03-18 19:32:30,38.048,-118.74,3.33,5.7,Mainshock,3.0 - 3.99,POINT (-118.74 38.048),73.0
2025-03-18 13:01:57,38.144,-118.03367,3.56,9.08,Mainshock,3.0 - 3.99,POINT (-118.03367 38.144),73.0
2025-03-18 16:00:27,37.0745,-122.38917,3.01,8.75,Mainshock,3.0 - 3.99,POINT (-122.38917 37.0745),28.0
2025-03-18 00:00:36,40.30617,-124.60333,3.8,20.03,Mainshock,3.0 - 3.99,POINT (-124.60333 40.30617),9.0
2025-03-18 03:23:55,40.30733,-124.57883,3.69,19.76,Mainshock,3.0 - 3.99,POINT (-124.57883 40.30733),9.0
2025-03-18 11:45:43,38.78667,-122.74917,3.9,4.11,Mainshock,3.0 - 3.99,POINT (-122.74917 38.78667),29.0
2025-03-18 10:32:36,38.17683,-117.94833,3.07,6.86,Aftershock,3.0 - 3.99,POINT (-117.94833 38.17683),84.0
2025-03-18 01:38:17,38.1755,-117.94933,3.5,5.05,Mainshock,3.0 - 3.99,POINT (-117.94933 38.1755),84.0
2025-03-18 15:13:27,36.221,-117.88084,3.07,5.58,Mainshock,3.0 - 3.99,POINT (-117.88084 36.221),82.0
2025-03-18 20:27:49,37.491,-121.829,3.45,4.88,Mainshock,3.0 - 3.99,POINT (-121.829 37.491),39.0
2025-03-18 00:55:23,39.3605,-123.24583,4.22,8.19,Mainshock,4.0 - 4.99,POINT (-123.24583 39.3605),19.0
2025-03-18 01:43:42,39.35733,-123.24717,3.25,8.43,Mainshock,3.0 - 3.99,POINT (-123.24717 39.35733),19.0
2025-03-18 01:59:33,39.36317,-123.24783,3.9,7.63,Mainshock,3.0 - 3.99,POINT (-123.24783 39.36317),19.0
2025-03-18 04:31:04,38.2015,-117.79916,3.36,-1.9,Mainshock,3.0 - 3.99,POINT (-117.79916 38.2015),84.0
2025-03-18 04:33:05,36.168,-120.7375,3.12,8.51,Mainshock,3.0 - 3.99,POINT (-120.7375 36.168),49.0
2025-03-18 06:35:11,38.62917,-123.74717,3.05,9.23,Mainshock,3.0 - 3.99,POINT (-123.74717 38.62917),18.0
2025-03-18 08:48:31,39.35333,-123.24333,3.52,8.26,Mainshock,3.0 - 3.99,POINT (-123.24333 39.35333),19.0
2025-03-18 16:18:31,36.04117,-117.77783,3.62,2.31,Mainshock,3.0 - 3.99,POINT (-117.77783 36.04117),82.0
2025-03-18 01:48:36,34.57367,-120.0415,3.94,11.09,Mainshock,3.0 - 3.99,POINT (-120.0415 34.57367),47.0
2025-03-18 18:43:57,37.7155,-122.12717,3.21,8.92,Mainshock,3.0 - 3.99,POINT (-122.12717 37.7155),28.0
2025-03-18 00:47:06,38.17683,-117.94817,3.32,3.73,Mainshock,3.0 - 3.99,POINT (-117.94817 38.17683),84.0
2025-03-18 12:35:17,38.16017,-118.031,3.03,4.82,Aftershock,3.0 - 3.99,POINT (-118.031 38.16017),73.0
2025-03-18 10:07:27,38.20633,-117.87033,3.2,-1.45,Mainshock,3.0 - 3.99,POINT (-117.87033 38.20633),84.0
2025-03-18 07:55:45,36.43283,-117.99767,4.76,5.83,Mainshock,4.0 - 4.99,POINT (-117.99767 36.43283),82.0
2025-03-18 08:11:05,36.42967,-117.997,3.44,5.77,Foreshock,3.0 - 3.99,POINT (-117.997 36.42967),82.0
2025-03-18 08:14:10,36.42817,-117.99384,3.72,5.31,Mainshock,3.0 - 3.99,POINT (-117.99384 36.42817),82.0
2025-03-18 14:15:16,39.86167,-123.368,3.0,6.19,Mainshock,3.0 - 3.99,POINT (-123.368 39.86167),19.0
2025-03-18 15:36:59,39.85833,-123.36633,3.06,6.51,Mainshock,3.0 - 3.99,POINT (-123.36633 39.85833),19.0
2025-03-18 16:33:35,38.22333,-117.9545,3.96,-1.84,Mainshock,3.0 - 3.99,POINT (-117.9545 38.22333),84.0
2025-03-18 15:20:07,36.4305,-117.99,3.25,5.73,Mainshock,3.0 - 3.99,POINT (-117.99 36.4305),82.0
2025-03-18 22:54:06,37.49166,-121.82467,3.42,5.25,Aftershock,3.0 - 3.99,POINT (-121.82467 37.49166),39.0
2025-03-18 05:16:36,37.49217,-121.8295,3.48,4.8,Mainshock,3.0 - 3.99,POINT (-121.8295 37.49217),39.0
2025-03-18 02:22:20,36.7005,-121.3375,3.23,4.93,Mainshock,3.0 - 3.99,POINT (-121.3375 36.7005),38.0
2025-03-18 11:36:11,38.172,-117.76717,3.78,-0.84,Mainshock,3.0 - 3.99,POINT (-117.76717 38.172),84.0
2025-03-18 16:02:30,37.49434,-121.82967,3.26,4.63,Mainshock,3.0 - 3.99,POINT (-121.82967 37.49434),39.0
2025-03-18 04:49:17,39.35733,-123.25217,3.47,6.62,Mainshock,3.0 - 3.99,POINT (-123.25217 39.35733),19.0
2025-03-18 04:06:36,37.48383,-118.81567,3.46,3.96,Mainshock,3.0 - 3.99,POINT (-118.81567 37.48383),72.0
2025-03-18 05:24:14,41.437,-123.91133,3.07,31.85,Mainshock,3.0 - 3.99,POINT (-123.91133 41.437),21.0
2025-03-18 01:24:11,40.37617,-123.73267,3.73,28.6,Mainshock,3.0 - 3.99,POINT (-123.73267 40.37617),20.0
2025-03-18 18:37:55,36.43,-117.95167,3.0,9.56,Mainshock,3.0 - 3.99,POINT (-117.95167 36.43),82.0
2025-03-18 21:42:41,36.02633,-121.54433,3.47,8.71,Mainshock,3.0 - 3.99,POINT (-121.54433 36.02633),38.0
2025-03-18 07:01:57,40.35367,-124.2145,3.25,28.38,Mainshock,3.0 - 3.99,POINT (-124.2145 40.35367),9.0
2025-03-18 10:14:38,38.6335,-121.9875,3.0,7.42,Mainshock,3.0 - 3.99,POINT (-121.9875 38.6335),40.0
2025-03-18 01:58:50,39.36583,-123.24433,3.79,7.5,Mainshock,3.0 - 3.99,POINT (-123.24433 39.36583),19.0
2025-03-18 01:59:46,39.36383,-123.25183,3.43,7.02,Aftershock,3.0 - 3.99,POINT (-123.25183 39.36383),19.0
2025-03-18 06:10:14,35.49983,-118.39883,3.36,6.51,Mainshock,3.0 - 3.99,POINT (-118.39883 35.49983),70.0
2025-03-18 13:38:36,38.5575,-122.306,3.46,9.35,Mainshock,3.0 - 3.99,POINT (-122.306 38.5575),29.0
2025-03-18 19:22:43,36.6015,-121.05766,3.29,12.69,Mainshock,3.0 - 3.99,POINT (-121.05766 36.6015),38.0
2025-03-18 08:02:03,37.63367,-119.396,3.1,8.39,Mainshock,3.0 - 3.99,POINT (-119.396 37.63367),61.0
2025-03-18 17:41:19,39.367,-123.24483,3.34,7.0,Mainshock,3.0 - 3.99,POINT (-123.24483 39.367),19.0
2025-03-18 00:20:24,37.63917,-119.38983,3.4,11.81,Mainshock,3.0 - 3.99,POINT (-119.38983 37.63917),61.0
2025-03-18 01:32:34,40.52817,-124.87466,3.02,10.88,Mainshock,3.0 - 3.99,POINT (-124.87466 40.52817),9.0
2025-03-18 20:26:59,36.8055,-121.536,3.3,6.9,Mainshock,3.0 - 3.99,POINT (-121.536 36.8055),38.0
2025-03-18 09:13:51,38.20967,-117.821,5.35,17.93,Mainshock,5.0 - 5.99,POINT (-117.821 38.20967),84.0
2025-03-18 09:29:23,38.19217,-117.77866,4.08,-1.82,Mainshock,4.0 - 4.99,POINT (-117.77866 38.19217),84.0
2025-03-18 21:01:44,38.18717,-117.858,3.21,-1.83,Mainshock,3.0 - 3.99,POINT (-117.858 38.18717),84.0
2025-03-18 05:50:13,40.43616,-124.66817,3.32,23.46,Mainshock,3.0 - 3.99,POINT (-124.66817 40.43616),9.0
2025-03-18 12:42:37,38.17117,-117.8635,3.03,2.78,Aftershock,3.0 - 3.99,POINT (-117.8635 38.17117),84.0
2025-03-18 04:43:08,38.201,-117.7615,3.3,-2.01,Mainshock,3.0 - 3.99,POINT (-117.7615 38.201),84.0
2025-03-18 10:10:05,38.1915,-117.79183,3.78,-1.9,Mainshock,3.0 - 3.99,POINT (-117.79183 38.1915),84.0
2025-03-18 01:35:01,38.19783,-117.89217,3.53,-1.78,Foreshock,3.0 - 3.99,POINT (-117.89217 38.19783),84.0
2025-03-18 09:50:30,38.05117,-118.741,3.37,-0.74,Mainshock,3.0 - 3.99,POINT (-118.741 38.05117),73.0
2025-03-18 15:46:52,40.279,-124.41367,3.53,20.23,Mainshock,3.0 - 3.99,POINT (-124.41367 40.279),9.0
2025-03-18 04:15:12,38.05083,-118.75233,3.06,8.11,Mainshock,3.0 - 3.99,POINT (-118.75233 38.05083),73.0
2025-03-18 23:10:47,39.47,-119.44833,3.5,-1.95,Mainshock,3.0 - 3.99,POINT (-119.44833 39.47),63.0
2025-03-18 23:32:56,38.196,-118.06017,4.96,12.21,Mainshock,4.0 - 4.99,POINT (-118.06017 38.196),73.0
2025-03-18 23:43:08,38.198,-118.06216,4.21,1.9,Mainshock,4.0 - 4.99,POINT (-118.06216 38.198),73.0
2025-03-18 23:47:05,38.189,-118.072,3.71,14.55,Aftershock,3.0 - 3.99,POINT (-118.072 38.189),73.0
2025-03-18 02:23:45,38.1915,-118.0625,4.18,6.28,Foreshock,4.0 - 4.99,POINT (-118.0625 38.1915),73.0
2025-03-18 03:24:28,38.18833,-118.088,3.08,3.08,Mainshock,3.0 - 3.99,POINT (-118.088 38.18833),73.0
2025-03-18 03:49:15,38.19383,-118.076,3.12,10.45,Mainshock,3.0 - 3.99,POINT (-118.076 38.19383),73.0
2025-03-18 04:49:28,38.19267,-118.06533,4.03,12.84,Mainshock,4.0 - 4.99,POINT (-118.06533 38.19267),73.0
2025-03-18 10:41:01,38.18533,-118.07516,3.37,4.43,Mainshock,3.0 - 3.99,POINT (-118.07516 38.18533),73.0
2025-03-18 16:08:28,38.1985,-118.07816,3.85,11.11,Aftershock,3.0 - 3.99,POINT (-118.07816 38.1985),73.0
2025-03-18 03:18:09,38.21433,-117.84883,4.03,-1.94,Mainshock,4.0 - 4.99,POINT (-117.84883 38.21433),84.0
2025-03-18 05:15:29,38.1985,-118.05683,4.78,17.02,Mainshock,4.0 - 4.99,POINT (-118.05683 38.1985),73.0
2025-03-18 03:18:25,36.74166,-121.45116,3.17,7.58,Mainshock,3.0 - 3.99,POINT (-121.45116 36.74166),38.0
2025-03-18 10:45:06,38.82,-122.80883,3.71,2.59,Mainshock,3.0 - 3.99,POINT (-122.80883 38.82),29.0
2025-03-18 15:03:33,39.03767,-123.06717,4.39,4.95,Mainshock,4.0 - 4.99,POINT (-123.06717 39.03767),19.0
2025-03-18 08:31:16,38.19467,-117.876,3.18,-1.83,Aftershock,3.0 - 3.99,POINT (-117.876 38.19467),84.0
2025-03-18 07:50:52,38.1785,-118.0775,4.77,11.12,Mainshock,4.0 - 4.99,POINT (-118.0775 38.1785),73.0
2025-03-18 08:25:02,38.1535,-118.09233,3.34,10.29,Mainshock,3.0 - 3.99,POINT (-118.09233 38.1535),73.0
2025-03-18 19:20:12,39.91017,-123.75517,3.02,5.74,Mainshock,3.0 - 3.99,POINT (-123.75517 39.91017),19.0
2025-03-18 05:32:39,40.38066,-124.8995,3.06,14.74,Mainshock,3.0 - 3.99,POINT (-124.8995 40.38066),9.0
2025-03-18 21:20:10,38.16516,-118.116,4.81,9.8,Mainshock,4.0 - 4.99,POINT (-118.116 38.16516),73.0
2025-03-18 00:35:21,38.17484,-117.94167,3.86,-1.76,Foreshock,3.0 - 3.99,POINT (-117.94167 38.17484),84.0
2025-03-18 05:41:36,38.15917,-118.0645,3.44,9.55,Mainshock,3.0 - 3.99,POINT (-118.0645 38.15917),73.0
2025-03-18 14:58:40,37.1605,-121.54933,3.68,4.34,Mainshock,3.0 - 3.99,POINT (-121.54933 37.1605),39.0
2025-03-18 14:59:41,37.16083,-121.54833,3.54,3.85,Aftershock,3.0 - 3.99,POINT (-121.54833 37.16083),39.0
2025-03-18 05:41:02,36.20633,-117.90117,3.03,2.95,Mainshock,3.0 - 3.99,POINT (-117.90117 36.20633),82.0
2025-03-18 16:13:42,40.43117,-124.22916,3.97,25.76,Mainshock,3.0 - 3.99,POINT (-124.22916 40.43117),9.0
2025-03-18 18:57:12,36.204,-117.899,3.14,3.37,Mainshock,3.0 - 3.99,POINT (-117.899 36.204),82.0
2025-03-18 05:54:55,39.25134,-120.17533,3.0,-2.3,Mainshock,3.0 - 3.99,POINT (-120.17533 39.25134),52.0
2025-03-18 04:05:37,35.491,-118.29034,3.6,7.84,Mainshock,3.0 - 3.99,POINT (-118.29034 35.491),70.0
2025-03-18 05:50:31,38.04083,-118.73634,3.45,4.62,Mainshock,3.0 - 3.99,POINT (-118.73634 38.04083),73.0
2025-03-18 14:44:40,39.50583,-122.01767,3.86,26.35,Mainshock,3.0 - 3.99,POINT (-122.01767 39.50583),30.0
2025-03-18 19:05:47,36.84417,-121.57484,3.19,3.98,Mainshock,3.0 - 3.99,POINT (-121.57484 36.84417),38.0
2025-03-18 08:30:22,36.605,-121.20883,3.1,5.98,Foreshock,3.0 - 3.99,POINT (-121.20883 36.605),38.0
2025-03-18 04:22:03,38.83883,-122.82317,3.63,2.27,Mainshock,3.0 - 3.99,POINT (-122.82317 38.83883),29.0
2025-03-18 13:41:59,37.7995,-122.59367,3.33,12.99,Mainshock,3.0 - 3.99,POINT (-122.59367 37.7995),28.0
2025-03-18 12:10:04,36.48734,-117.8965,3.45,9.01,Mainshock,3.0 - 3.99,POINT (-117.8965 36.48734),82.0
2025-03-18 14:36:36,36.60833,-121.21567,3.09,6.16,Mainshock,3.0 - 3.99,POINT (-121.21567 36.60833),38.0
2025-03-18 14:42:23,36.6085,-121.2125,4.32,6.32,Mainshock,4.0 - 4.99,POINT (-121.2125 36.6085),38.0
2025-03-18 18:56:55,36.49117,-117.8945,3.18,10.41,Mainshock,3.0 - 3.99,POINT (-117.8945 36.49117),82.0
2025-03-18 03:51:09,36.6215,-121.23083,3.02,6.3,Mainshock,3.0 - 3.99,POINT (-121.23083 36.6215),38.0
2025-03-18 05:21:59,36.6005,-121.20766,3.36,5.98,Mainshock,3.0 - 3.99,POINT (-121.20766 36.6005),38.0
2025-03-18 17:47:52,38.16867,-117.90317,3.5,-1.84,Mainshock,3.0 - 3.99,POINT (-117.90317 38.16867),84.0
2025-03-18 03:25:08,40.272,-124.40383,3.23,20.64,Mainshock,3.0 - 3.99,POINT (-124.40383 40.272),9.0
2025-03-18 19:18:10,37.97083,-122.04066,3.63,15.24,Mainshock,3.0 - 3.99,POINT (-122.04066 37.97083),28.0
2025-03-18 22:11:07,37.91067,-118.5385,3.9,7.68,Mainshock,3.0 - 3.99,POINT (-118.5385 37.91067),72.0
2025-03-18 06:52:00,37.9085,-118.5475,3.0,6.11,Foreshock,3.0 - 3.99,POINT (-118.5475 37.9085),72.0
2025-03-18 07:16:02,37.90917,-118.549,3.3,4.72,Mainshock,3.0 - 3.99,POINT (-118.549 37.90917),72.0
2025-03-18 02:49:08,36.18133,-118.09084,4.02,-1.45,Mainshock,4.0 - 4.99,POINT (-118.09084 36.18133),71.0
2025-03-18 03:14:49,36.1835,-118.0975,3.77,-1.58,Mainshock,3.0 - 3.99,POINT (-118.0975 36.1835),71.0
2025-03-18 03:30:32,36.18867,-118.09617,3.46,-1.59,Mainshock,3.0 - 3.99,POINT (-118.09617 36.18867),71.0
2025-03-18 04:01:27,36.86733,-121.6105,4.2,8.32,Mainshock,4.0 - 4.99,POINT (-121.6105 36.86733),38.0
2025-03-18 01:22:24,35.97183,-117.91367,3.6,6.11,Mainshock,3.0 - 3.99,POINT (-117.91367 35.97183),81.0
2025-03-18 01:23:54,35.97133,-117.9135,3.43,6.57,Aftershock,3.0 - 3.99,POINT (-117.9135 35.97133),81.0
2025-03-18 00:48:11,37.96867,-122.027,3.01,15.44,Mainshock,3.0 - 3.99,POINT (-122.027 37.96867),28.0
2025-03-18 23:10:16,38.1985,-118.05367,3.76,-1.37,Mainshock,3.0 - 3.99,POINT (-118.05367 38.1985),73.0
2025-03-18 00:45:33,37.49783,-121.82667,3.22,5.13,Mainshock,3.0 - 3.99,POINT (-121.82667 37.49783),39.0
2025-03-18 15:15:42,38.14333,-118.03733,3.47,5.2,Mainshock,3.0 - 3.99,POINT (-118.03733 38.14333),73.0
2025-03-18 23:57:13,36.2145,-117.93667,4.04,4.78,Mainshock,4.0 - 4.99,POINT (-117.93667 36.2145),82.0
2025-03-18 00:11:51,36.21783,-117.93017,3.12,6.58,Foreshock,3.0 - 3.99,POINT (-117.93017 36.21783),82.0
2025-03-18 11:57:50,37.26317,-118.32017,3.69,12.19,Mainshock,3.0 - 3.99,POINT (-118.32017 37.26317),72.0
2025-03-18 00:13:20,37.2335,-118.16116,3.37,8.75,Foreshock,3.0 - 3.99,POINT (-118.16116 37.2335),72.0
2025-03-18 01:19:59,36.142,-118.084,3.66,-1.17,Mainshock,3.0 - 3.99,POINT (-118.084 36.142),71.0
2025-03-18 01:38:13,37.04567,-121.47816,3.76,6.22,Mainshock,3.0 - 3.99,POINT (-121.47816 37.04567),39.0
2025-03-18 12:00:03,36.54833,-117.9975,3.1,10.05,Mainshock,3.0 - 3.99,POINT (-117.9975 36.54833),82.0
2025-03-18 01:28:46,36.16167,-118.0745,3.02,2.91,Foreshock,3.0 - 3.99,POINT (-118.0745 36.16167),71.0
2025-03-18 19:30:19,38.81783,-122.82066,3.81,2.63,Mainshock,3.0 - 3.99,POINT (-122.82066 38.81783),29.0
2025-03-18 19:27:15,38.17183,-117.96333,3.46,7.43,Mainshock,3.0 - 3.99,POINT (-117.96333 38.17183),84.0
2025-03-18 08:24:37,38.095,-118.89417,3.24,11.82,Mainshock,3.0 - 3.99,POINT (-118.89417 38.095),73.0
2025-03-18 08:45:39,35.84217,-121.45316,3.73,8.85,Mainshock,3.0 - 3.99,POINT (-121.45316 35.84217),37.0
2025-03-18 10:37:08,35.8385,-121.45583,3.16,8.2,Mainshock,3.0 - 3.99,POINT (-121.45583 35.8385),37.0
2025-03-18 13:46:45,36.547,-117.99667,3.83,10.92,Mainshock,3.0 - 3.99,POINT (-117.99667 36.547),82.0
2025-03-18 15:53:28,38.48017,-122.533,3.09,10.6,Mainshock,3.0 - 3.99,POINT (-122.533 38.48017),29.0
2025-03-18 05:32:46,36.1505,-118.072,3.17,-1.03,Mainshock,3.0 - 3.99,POINT (-118.072 36.1505),71.0
2025-03-18 05:31:40,37.51617,-118.5535,3.15,10.47,Mainshock,3.0 - 3.99,POINT (-118.5535 37.51617),72.0
2025-03-18 18:56:45,36.6045,-121.20866,3.37,6.74,Mainshock,3.0 - 3.99,POINT (-121.20866 36.6045),38.0
2025-03-18 22:33:08,37.89667,-118.55434,3.08,6.15,Mainshock,3.0 - 3.99,POINT (-118.55434 37.89667),72.0
2025-03-18 15:41:13,39.24483,-123.47433,3.98,8.2,Mainshock,3.0 - 3.99,POINT (-123.47433 39.24483),19.0
2025-03-18 23:07:08,37.0035,-121.4615,3.22,8.29,Mainshock,3.0 - 3.99,POINT (-121.4615 37.0035),39.0
2025-03-18 10:38:27,38.1585,-117.96416,3.44,-1.83,Mainshock,3.0 - 3.99,POINT (-117.96416 38.1585),84.0
2025-03-18 16:04:05,38.19584,-118.06617,4.28,7.0,Mainshock,4.0 - 4.99,POINT (-118.06617 38.19584),73.0
2025-03-18 17:05:34,38.82767,-122.77817,3.13,1.37,Mainshock,3.0 - 3.99,POINT (-122.77817 38.82767),29.0
2025-03-18 13:44:03,36.797,-121.52317,3.28,6.7,Mainshock,3.0 - 3.99,POINT (-121.52317 36.797),38.0
2025-03-18 20:24:25,38.21733,-117.8875,3.36,-1.68,Mainshock,3.0 - 3.99,POINT (-117.8875 38.21733),84.0
2025-03-18 06:03:39,40.47233,-122.04066,3.0,19.32,Mainshock,3.0 - 3.99,POINT (-122.04066 40.47233),31.0
2025-03-18 08:21:35,40.3035,-124.601,4.36,19.11,Mainshock,4.0 - 4.99,POINT (-124.601 40.3035),9.0
2025-03-18 17:10:08,38.2225,-117.88167,3.5,-1.34,Mainshock,3.0 - 3.99,POINT (-117.88167 38.2225),84.0
2025-03-18 19:08:01,38.21333,-117.8555,3.95,-1.84,Mainshock,3.0 - 3.99,POINT (-117.8555 38.21333),84.0
2025-03-18 20:18:17,36.76467,-120.701,3.31,3.53,Mainshock,3.0 - 3.99,POINT (-120.701 36.76467),49.0
2025-03-18 14:13:21,38.52267,-122.58483,3.26,9.14,Mainshock,3.0 - 3.99,POINT (-122.58483 38.52267),29.0
2025-03-18 04:09:45,40.4035,-124.4525,3.54,20.17,Mainshock,3.0 - 3.99,POINT (-124.4525 40.4035),9.0
2025-03-18 18:50:58,38.757,-122.72283,3.98,2.88,Mainshock,3.0 - 3.99,POINT (-122.72283 38.757),29.0
2025-03-18 02:39:04,39.5165,-122.017,3.82,23.07,Mainshock,3.0 - 3.99,POINT (-122.017 39.5165),30.0
2025-03-18 09:48:34,40.188,-123.59883,4.03,33.89,Mainshock,4.0 - 4.99,POINT (-123.59883 40.188),20.0
2025-03-18 07:00:10,37.54533,-118.78,3.09,8.23,Mainshock,3.0 - 3.99,POINT (-118.78 37.54533),72.0
2025-03-18 11:18:40,39.52567,-123.0365,3.91,7.42,Mainshock,3.0 - 3.99,POINT (-123.0365 39.52567),19.0
2025-03-18 04:59:28,37.267,-121.6395,3.61,7.66,Mainshock,3.0 - 3.99,POINT (-121.6395 37.267),39.0
2025-03-18 15:33:23,39.12833,-120.04333,3.7,7.51,Mainshock,3.0 - 3.99,POINT (-120.04333 39.12833),52.0
2025-03-18 04:05:56,38.75367,-122.7,3.1,0.33,Mainshock,3.0 - 3.99,POINT (-122.7 38.75367),29.0
2025-03-18 12:37:11,39.1235,-120.031,3.23,6.39,Mainshock,3.0 - 3.99,POINT (-120.031 39.1235),52.0
2025-03-18 12:36:14,36.735,-120.94417,3.18,7.28,Mainshock,3.0 - 3.99,POINT (-120.94417 36.735),49.0
2025-03-18 04:26:31,39.46483,-120.31683,3.14,9.41,Mainshock,3.0 - 3.99,POINT (-120.31683 39.46483),52.0
2025-03-18 04:35:14,39.461,-120.3145,4.63,10.12,Mainshock,4.0 - 4.99,POINT (-120.3145 39.461),52.0
2025-03-18 04:37:38,39.467,-120.3195,3.0,10.8,Aftershock,3.0 - 3.99,POINT (-120.3195 39.467),52.0
2025-03-18 08:13:51,38.22733,-117.84534,4.12,-1.96,Mainshock,4.0 - 4.99,POINT (-117.84534 38.22733),84.0
2025-03-18 19:26:11,38.20016,-117.96633,3.05,-1.74,Mainshock,3.0 - 3.99,POINT (-117.96633 38.20016),84.0
2025-03-18 19:24:39,39.127,-120.03167,3.35,7.17,Mainshock,3.0 - 3.99,POINT (-120.03167 39.127),52.0
2025-03-18 19:45:32,37.519,-118.77417,3.06,5.49,Mainshock,3.0 - 3.99,POINT (-118.77417 37.519),72.0
2025-03-18 14:44:25,36.16317,-120.21167,3.63,8.98,Mainshock,3.0 - 3.99,POINT (-120.21167 36.16317),49.0
2025-03-18 03:43:51,38.18983,-117.849,3.83,-1.83,Mainshock,3.0 - 3.99,POINT (-117.849 38.18983),84.0
2025-03-18 14:19:00,35.32516,-119.19967,3.26,15.79,Mainshock,3.0 - 3.99,POINT (-119.19967 35.32516),59.0
2025-03-18 15:25:21,39.12217,-120.02866,4.15,7.02,Mainshock,4.0 - 4.99,POINT (-120.02866 39.12217),52.0
2025-03-18 16:04:54,39.1245,-120.03384,3.11,5.41,Mainshock,3.0 - 3.99,POINT (-120.03384 39.1245),52.0
2025-03-18 09:06:14,37.52267,-118.82633,3.44,4.9,Mainshock,3.0 - 3.99,POINT (-118.82633 37.52267),72.0
2025-03-18 04:34:42,36.55017,-121.11417,3.62,9.14,Mainshock,3.0 - 3.99,POINT (-121.11417 36.55017),38.0
2025-03-18 12:15:32,37.37217,-121.726,3.59,7.07,Mainshock,3.0 - 3.99,POINT (-121.726 37.37217),39.0
2025-03-18 02:21:29,37.43067,-118.49834,3.19,5.81,Mainshock,3.0 - 3.99,POINT (-118.49834 37.43067),72.0
2025-03-18 16:07:29,37.43017,-118.50134,3.35,5.61,Mainshock,3.0 - 3.99,POINT (-118.50134 37.43017),72.0
2025-03-18 10:45:53,36.9255,-121.66317,3.25,7.04,Mainshock,3.0 - 3.99,POINT (-121.66317 36.9255),38.0
2025-03-18 06:54:47,38.80783,-122.82917,3.98,2.65,Mainshock,3.0 - 3.99,POINT (-122.82917 38.80783),29.0
2025-03-18 03:16:24,38.80517,-122.82784,3.98,3.56,Foreshock,3.0 - 3.99,POINT (-122.82784 38.80517),29.0
2025-03-18 17:44:55,36.4425,-117.89733,3.57,4.93,Mainshock,3.0 - 3.99,POINT (-117.89733 36.4425),82.0
2025-03-18 17:13:17,36.43833,-117.88934,3.31,4.93,Foreshock,3.0 - 3.99,POINT (-117.88934 36.43833),82.0
2025-03-18 18:16:41,36.13867,-117.9235,3.26,8.24,Mainshock,3.0 - 3.99,POINT (-117.9235 36.13867),82.0
2025-03-18 08:25:36,39.37267,-120.46267,3.3,10.01,Mainshock,3.0 - 3.99,POINT (-120.46267 39.37267),52.0
2025-03-18 01:29:48,37.70617,-122.12233,3.9,9.2,Mainshock,3.0 - 3.99,POINT (-122.12233 37.70617),28.0
2025-03-18 22:19:19,39.13533,-122.2215,3.17,-0.27,Mainshock,3.0 - 3.99,POINT (-122.2215 39.13533),30.0
2025-03-18 04:58:09,35.51883,-118.3805,3.57,9.93,Mainshock,3.0 - 3.99,POINT (-118.3805 35.51883),70.0
2025-03-18 06:36:18,35.952,-120.5,3.09,10.51,Mainshock,3.0 - 3.99,POINT (-120.5 35.952),48.0
2025-03-18 10:41:39,35.9495,-120.49934,3.15,10.43,Mainshock,3.0 - 3.99,POINT (-120.49934 35.9495),48.0
2025-03-18 23:23:51,37.05167,-120.87466,3.74,5.75,Mainshock,3.0 - 3.99,POINT (-120.87466 37.05167),50.0
2025-03-18 07:36:26,38.55317,-122.323,3.58,10.0,Mainshock,3.0 - 3.99,POINT (-122.323 38.55317),29.0
2025-03-18 22:49:48,38.5075,-119.49983,6.0,7.45,Mainshock,6.0 - 6.99,POINT (-119.49983 38.5075),62.0
2025-03-18 22:50:14,38.51266,-119.50217,5.03,7.4,Aftershock,5.0 - 5.99,POINT (-119.50217 38.51266),62.0
2025-03-18 22:59:45,38.51283,-119.51067,4.31,6.74,Mainshock,4.0 - 4.99,POINT (-119.51067 38.51283),62.0
2025-03-18 23:01:01,38.52417,-119.512,3.66,6.77,Aftershock,3.0 - 3.99,POINT (-119.512 38.52417),62.0
2025-03-18 23:03:23,38.48383,-119.5135,3.29,4.46,Aftershock,3.0 - 3.99,POINT (-119.5135 38.48383),62.0
2025-03-18 23:06:15,38.45417,-119.51033,3.08,6.04,Aftershock,3.0 - 3.99,POINT (-119.51033 38.45417),62.0
2025-03-18 23:11:03,38.47467,-119.54583,3.38,2.91,Aftershock,3.0 - 3.99,POINT (-119.54583 38.47467),62.0
2025-03-18 23:13:58,38.50566,-119.52283,3.35,5.15,Aftershock,3.0 - 3.99,POINT (-119.52283 38.50566),62.0
2025-03-18 23:21:45,38.49383,-119.518,3.03,8.65,Foreshock,3.0 - 3.99,POINT (-119.518 38.49383),62.0
2025-03-18 23:22:09,38.51817,-119.52883,3.04,4.27,Mainshock,3.0 - 3.99,POINT (-119.52883 38.51817),62.0
2025-03-18 23:33:40,38.47967,-119.54483,4.63,1.58,Mainshock,4.0 - 4.99,POINT (-119.54483 38.47967),62.0
2025-03-18 23:44:41,38.55283,-119.52184,3.52,4.36,Foreshock,3.0 - 3.99,POINT (-119.52184 38.55283),62.0
2025-03-18 23:47:43,38.536,-119.5335,3.76,4.55,Mainshock,3.0 - 3.99,POINT (-119.5335 38.536),62.0
2025-03-18 23:58:53,38.537,-119.524,4.24,5.83,Mainshock,4.0 - 4.99,POINT (-119.524 38.537),62.0
2025-03-18 00:03:18,38.5365,-119.53533,3.64,2.81,Foreshock,3.0 - 3.99,POINT (-119.53533 38.5365),62.0
2025-03-18 00:05:21,38.45633,-119.4825,3.92,4.79,Foreshock,3.0 - 3.99,POINT (-119.4825 38.45633),62.0
2025-03-18 00:27:46,38.47817,-119.51033,4.41,4.81,Mainshock,4.0 - 4.99,POINT (-119.51033 38.47817),62.0
2025-03-18 00:51:17,38.53633,-119.52583,3.1,4.11,Mainshock,3.0 - 3.99,POINT (-119.52583 38.53633),62.0
2025-03-18 00:59:07,38.472,-119.53133,3.31,1.66,Mainshock,3.0 - 3.99,POINT (-119.53133 38.472),62.0
2025-03-18 01:46:00,38.50867,-119.53433,4.55,3.71,Mainshock,4.0 - 4.99,POINT (-119.53433 38.50867),62.0
2025-03-18 01:58:49,38.5125,-119.539,3.19,2.45,Mainshock,3.0 - 3.99,POINT (-119.539 38.5125),62.0
2025-03-18 03:48:15,38.5385,-119.53316,3.0,3.34,Mainshock,3.0 - 3.99,POINT (-119.53316 38.5385),62.0
2025-03-18 04:03:02,38.51733,-119.53867,3.3,-2.09,Mainshock,3.0 - 3.99,POINT (-119.53867 38.51733),62.0
2025-03-18 04:03:58,38.514,-119.54867,3.19,0.85,Aftershock,3.0 - 3.99,POINT (-119.54867 38.514),62.0
2025-03-18 04:20:33,38.50967,-119.4825,3.01,6.79,Mainshock,3.0 - 3.99,POINT (-119.4825 38.50967),62.0
2025-03-18 05:04:18,38.52917,-119.512,4.06,5.7,Mainshock,4.0 - 4.99,POINT (-119.512 38.52917),62.0
2025-03-18 05:10:35,38.54267,-119.52934,4.34,3.92,Mainshock,4.0 - 4.99,POINT (-119.52934 38.54267),62.0
2025-03-18 05:43:55,38.53933,-119.53867,3.57,4.64,Mainshock,3.0 - 3.99,POINT (-119.53867 38.53933),62.0
2025-03-18 06:42:19,38.47917,-119.53967,3.12,1.73,Mainshock,3.0 - 3.99,POINT (-119.53967 38.47917),62.0
2025-03-18 09:13:49,38.54933,-119.466,3.55,0.67,Mainshock,3.0 - 3.99,POINT (-119.466 38.54933),62.0
2025-03-18 09:16:17,38.54567,-119.46667,3.41,0.99,Aftershock,3.0 - 3.99,POINT (-119.46667 38.54567),62.0
2025-03-18 09:38:17,38.52817,-119.52283,3.41,6.12,Mainshock,3.0 - 3.99,POINT (-119.52283 38.52817),62.0
2025-03-18 09:45:17,38.54867,-119.50716,3.39,6.09,Mainshock,3.0 - 3.99,POINT (-119.50716 38.54867),62.0
2025-03-18 11:49:18,38.54,-119.46783,3.32,1.34,Mainshock,3.0 - 3.99,POINT (-119.46783 38.54),62.0
2025-03-18 21:09:37,38.498,-119.54483,3.07,2.01,Mainshock,3.0 - 3.99,POINT (-119.54483 38.498),62.0
2025-03-18 22:59:50,38.536,-119.522,3.14,5.02,Mainshock,3.0 - 3.99,POINT (-119.522 38.536),62.0
2025-03-18 00:18:33,38.53917,-119.4775,3.06,0.22,Foreshock,3.0 - 3.99,POINT (-119.4775 38.53917),62.0
2025-03-18 01:21:01,38.53183,-119.5535,3.76,2.47,Mainshock,3.0 - 3.99,POINT (-119.5535 38.53183),62.0
2025-03-18 01:57:33,38.49933,-119.50567,3.02,5.61,Mainshock,3.0 - 3.99,POINT (-119.50567 38.49933),62.0
2025-03-18 02:48:45,38.4985,-119.54034,3.57,2.67,Mainshock,3.0 - 3.99,POINT (-119.54034 38.4985),62.0
2025-03-18 14:05:12,38.187,-117.7665,3.14,-2.05,Mainshock,3.0 - 3.99,POINT (-117.7665 38.187),84.0
2025-03-18 01:27:48,38.47517,-119.54317,3.11,1.96,Mainshock,3.0 - 3.99,POINT (-119.54317 38.47517),62.0
2025-03-18 06:09:04,38.51517,-119.5275,3.07,5.04,Mainshock,3.0 - 3.99,POINT (-119.5275 38.51517),62.0
2025-03-18 12:35:42,38.51983,-119.53933,3.26,0.67,Mainshock,3.0 - 3.99,POINT (-119.53933 38.51983),62.0
2025-03-18 03:43:34,40.37467,-124.95683,3.39,5.94,Mainshock,3.0 - 3.99,POINT (-124.95683 40.37467),9.0
2025-03-18 03:46:14,38.54867,-119.4605,3.89,2.03,Mainshock,3.0 - 3.99,POINT (-119.4605 38.54867),62.0
2025-03-18 08:43:31,38.54016,-119.53633,3.19,4.32,Mainshock,3.0 - 3.99,POINT (-119.53633 38.54016),62.0
2025-03-18 14:18:29,38.52183,-119.485,3.77,4.8,Mainshock,3.0 - 3.99,POINT (-119.485 38.52183),62.0
2025-03-18 00:32:54,38.4795,-119.51434,3.13,4.92,Foreshock,3.0 - 3.99,POINT (-119.51434 38.4795),62.0
2025-03-18 00:44:54,38.53633,-119.46017,3.41,2.04,Mainshock,3.0 - 3.99,POINT (-119.46017 38.53633),62.0
2025-03-18 09:49:10,38.5495,-119.469,3.52,3.15,Mainshock,3.0 - 3.99,POINT (-119.469 38.5495),62.0
2025-03-18 06:46:12,40.3235,-124.4255,5.12,30.91,Mainshock,5.0 - 5.99,POINT (-124.4255 40.3235),9.0
2025-03-18 13:24:10,38.42417,-119.47034,3.6,5.44,Mainshock,3.0 - 3.99,POINT (-119.47034 38.42417),62.0
2025-03-18 19:58:10,38.4625,-119.47617,3.03,5.47,Aftershock,3.0 - 3.99,POINT (-119.47617 38.4625),62.0
2025-03-18 03:50:11,38.51433,-119.51083,3.09,5.85,Mainshock,3.0 - 3.99,POINT (-119.51083 38.51433),62.0
2025-03-18 10:05:30,40.27733,-124.41317,4.35,35.38,Mainshock,4.0 - 4.99,POINT (-124.41317 40.27733),9.0
2025-03-18 12:04:18,38.14883,-118.24667,3.76,10.04,Mainshock,3.0 - 3.99,POINT (-118.24667 38.14883),73.0
2025-03-18 23:33:38,38.5145,-119.5325,3.24,4.99,Mainshock,3.0 - 3.99,POINT (-119.5325 38.5145),62.0
2025-03-18 19:47:49,38.47083,-119.49416,3.17,7.67,Foreshock,3.0 - 3.99,POINT (-119.49416 38.47083),62.0
2025-03-18 01:21:52,39.66833,-122.85017,3.16,4.67,Mainshock,3.0 - 3.99,POINT (-122.85017 39.66833),30.0
2025-03-18 08:21:18,35.20533,-118.51234,3.27,10.04,Mainshock,3.0 - 3.99,POINT (-118.51234 35.20533),70.0
2025-03-18 21:40:11,38.5215,-119.4985,3.28,4.67,Mainshock,3.0 - 3.99,POINT (-119.4985 38.5215),62.0
2025-03-18 10:51:09,38.5555,-123.01234,3.05,5.78,Mainshock,3.0 - 3.99,POINT (-123.01234 38.5555),18.0
2025-03-18 14:14:20,38.22983,-119.3795,3.18,10.7,Mainshock,3.0 - 3.99,POINT (-119.3795 38.22983),62.0
2025-03-18 15:07:31,35.78,-120.33234,3.4,8.53,Mainshock,3.0 - 3.99,POINT (-120.33234 35.78),48.0
2025-03-18 23:50:23,38.567,-119.46217,3.28,1.19,Mainshock,3.0 - 3.99,POINT (-119.46217 38.567),62.0
2025-03-18 14:23:28,38.038,-118.6105,3.35,8.58,Mainshock,3.0 - 3.99,POINT (-118.6105 38.038),73.0
2025-03-18 15:15:56,38.816,-122.7895,3.17,3.47,Mainshock,3.0 - 3.99,POINT (-122.7895 38.816),29.0
2025-03-18 18:28:54,39.67033,-122.86234,3.66,7.64,Mainshock,3.0 - 3.99,POINT (-122.86234 39.67033),30.0
2025-03-18 16:58:00,38.57,-119.45834,3.26,-0.3,Mainshock,3.0 - 3.99,POINT (-119.45834 38.57),62.0
2025-03-18 18:55:00,37.91767,-118.5555,3.26,6.69,Mainshock,3.0 - 3.99,POINT (-118.5555 37.91767),72.0
2025-03-18 14:37:45,35.06783,-119.09216,3.54,14.77,Mainshock,3.0 - 3.99,POINT (-119.09216 35.06783),59.0
2025-03-18 10:40:00,40.32267,-124.35783,3.1,27.93,Mainshock,3.0 - 3.99,POINT (-124.35783 40.32267),9.0
2025-03-18 02:33:41,38.51017,-119.554,3.16,3.07,Mainshock,3.0 - 3.99,POINT (-119.554 38.51017),62.0
2025-03-18 10:09:46,36.45867,-120.497,3.03,15.64,Mainshock,3.0 - 3.99,POINT (-120.497 36.45867),49.0
2025-03-18 05:23:54,39.13183,-119.66483,3.33,5.55,Mainshock,3.0 - 3.99,POINT (-119.66483 39.13183),63.0
2025-03-18 18:01:33,40.3195,-124.35017,3.08,28.0,Mainshock,3.0 - 3.99,POINT (-124.35017 40.3195),9.0
2025-03-18 19:54:46,36.772,-121.374,3.1,9.34,Mainshock,3.0 - 3.99,POINT (-121.374 36.772),38.0
2025-03-18 20:22:01,38.55333,-119.42934,3.07,-1.53,Mainshock,3.0 - 3.99,POINT (-119.42934 38.55333),62.0
2025-03-18 22:56:40,38.53017,-119.53,3.17,2.06,Mainshock,3.0 - 3.99,POINT (-119.53 38.53017),62.0
2025-03-18 03:50:51,38.54517,-119.45734,3.1,3.08,Foreshock,3.0 - 3.99,POINT (-119.45734 38.54517),62.0
2025-03-18 08:20:42,38.537,-119.48317,3.05,6.6,Aftershock,3.0 - 3.99,POINT (-119.48317 38.537),62.0
2025-03-18 01:47:25,38.55583,-119.4195,3.5,0.71,Mainshock,3.0 - 3.99,POINT (-119.4195 38.55583),62.0
2025-03-18 04:47:44,38.56633,-119.42117,4.37,-1.92,Mainshock,4.0 - 4.99,POINT (-119.42117 38.56633),62.0
2025-03-18 07:04:59,38.56384,-119.42783,3.06,-1.9,Mainshock,3.0 - 3.99,POINT (-119.42783 38.56384),62.0
2025-03-18 12:34:50,35.51667,-118.38216,3.99,10.64,Mainshock,3.0 - 3.99,POINT (-118.38216 35.51667),70.0
2025-03-18 02:31:15,38.54984,-119.4205,3.33,2.46,Mainshock,3.0 - 3.99,POINT (-119.4205 38.54984),62.0
2025-03-18 06:23:03,38.197,-117.8865,3.11,-1.83,Mainshock,3.0 - 3.99,POINT (-117.8865 38.197),84.0
2025-03-18 13:23:31,38.54617,-119.41534,3.41,2.57,Mainshock,3.0 - 3.99,POINT (-119.41534 38.54617),62.0
2025-03-18 01:59:50,35.05533,-119.085,3.22,-0.7,Mainshock,3.0 - 3.99,POINT (-119.085 35.05533),59.0
2025-03-18 08:01:11,40.2815,-124.40083,4.0,32.36,Mainshock,4.0 - 4.99,POINT (-124.40083 40.2815),9.0
2025-03-18 08:01:24,40.27133,-124.3945,3.55,28.15,Aftershock,3.0 - 3.99,POINT (-124.3945 40.27133),9.0
2025-03-18 09:50:07,35.52083,-118.3825,3.36,10.76,Mainshock,3.0 - 3.99,POINT (-118.3825 35.52083),70.0
2025-03-18 16:09:56,36.57817,-121.18283,4.05,8.54,Mainshock,4.0 - 4.99,POINT (-121.18283 36.57817),38.0
2025-03-18 05:44:20,39.1465,-123.118,3.78,9.21,Mainshock,3.0 - 3.99,POINT (-123.118 39.1465),19.0
2025-03-18 10:19:07,38.15517,-118.2515,3.07,7.43,Mainshock,3.0 - 3.99,POINT (-118.2515 38.15517),73.0
2025-03-18 05:27:45,39.143,-123.11916,3.69,9.8,Mainshock,3.0 - 3.99,POINT (-123.11916 39.143),19.0
2025-03-18 23:39:22,36.14533,-118.07383,3.49,-1.31,Mainshock,3.0 - 3.99,POINT (-118.07383 36.14533),71.0
2025-03-18 22:34:24,38.815,-122.81583,3.11,2.27,Mainshock,3.0 - 3.99,POINT (-122.81583 38.815),29.0
2025-03-18 14:27:54,38.55717,-119.4175,3.41,2.89,Mainshock,3.0 - 3.99,POINT (-119.4175 38.55717),62.0
2025-03-18 21:57:56,40.2705,-124.38133,4.47,32.83,Mainshock,4.0 - 4.99,POINT (-124.38133 40.2705),9.0
2025-03-18 23:03:14,38.1865,-117.837,3.04,-1.85,Mainshock,3.0 - 3.99,POINT (-117.837 38.1865),84.0
2025-03-18 07:38:52,36.2965,-120.59267,3.79,16.6,Mainshock,3.0 - 3.99,POINT (-120.59267 36.2965),49.0
2025-03-18 12:29:44,38.41883,-119.56067,3.55,6.26,Mainshock,3.0 - 3.99,POINT (-119.56067 38.41883),62.0
2025-03-18 19:20:31,38.54683,-119.49866,3.97,6.82,Mainshock,3.0 - 3.99,POINT (-119.49866 38.54683),62.0
2025-03-18 00:09:14,37.7285,-121.991,3.1,7.08,Mainshock,3.0 - 3.99,POINT (-121.991 37.7285),39.0
2025-03-18 09:57:45,36.7865,-121.919,3.17,8.74,Mainshock,3.0 - 3.99,POINT (-121.919 36.7865),38.0
2025-03-18 01:53:41,38.54333,-119.50066,3.61,7.32,Mainshock,3.0 - 3.99,POINT (-119.50066 38.54333),62.0
2025-03-18 08:51:30,40.24917,-124.16367,3.61,11.69,Mainshock,3.0 - 3.99,POINT (-124.16367 40.24917),9.0
2025-03-18 19:23:31,38.51517,-119.413,3.43,3.02,Aftershock,3.0 - 3.99,POINT (-119.413 38.51517),62.0
2025-03-18 15:12:12,38.542,-119.53484,3.8,5.04,Mainshock,3.0 - 3.99,POINT (-119.53484 38.542),62.0
2025-03-18 15:12:38,38.54183,-119.5315,3.79,5.16,Aftershock,3.0 - 3.99,POINT (-119.5315 38.54183),62.0
2025-03-18 19:41:18,35.75933,-120.31,3.24,3.76,Mainshock,3.0 - 3.99,POINT (-120.31 35.75933),48.0
2025-03-18 12:33:15,38.54167,-119.5385,3.29,5.31,Mainshock,3.0 - 3.99,POINT (-119.5385 38.54167),62.0
2025-03-18 12:45:03,38.44167,-122.67117,3.23,9.27,Mainshock,3.0 - 3.99,POINT (-122.67117 38.44167),29.0
2025-03-18 01:42:20,35.07317,-118.32667,3.69,7.16,Mainshock,3.0 - 3.99,POINT (-118.32667 35.07317),70.0
2025-03-18 19:22:26,37.75017,-122.1575,3.35,6.2,Mainshock,3.0 - 3.99,POINT (-122.1575 37.75017),28.0
2025-03-18 12:02:00,37.23267,-121.61467,3.29,3.89,Mainshock,3.0 - 3.99,POINT (-121.61467 37.23267),39.0
2025-03-18 23:07:48,36.58917,-121.28867,3.66,6.36,Mainshock,3.0 - 3.99,POINT (-121.28867 36.58917),38.0
2025-03-18 14:25:27,36.989,-118.32533,3.52,8.89,Mainshock,3.0 - 3.99,POINT (-118.32533 36.989),71.0
2025-03-18 00:13:49,38.10183,-118.95333,3.66,9.57,Mainshock,3.0 - 3.99,POINT (-118.95333 38.10183),73.0
2025-03-18 08:28:37,38.1815,-117.89933,3.28,3.42,Mainshock,3.0 - 3.99,POINT (-117.89933 38.1815),84.0
2025-03-18 11:29:05,40.28867,-124.49416,3.84,20.61,Mainshock,3.0 - 3.99,POINT (-124.49416 40.28867),9.0
2025-03-18 12:36:04,38.15883,-117.968,3.41,4.77,Mainshock,3.0 - 3.99,POINT (-117.968 38.15883),84.0
2025-03-18 13:19:00,36.21267,-117.86633,3.93,6.13,Mainshock,3.0 - 3.99,POINT (-117.86633 36.21267),82.0
2025-03-18 09:45:06,36.18583,-120.30917,3.44,10.36,Mainshock,3.0 - 3.99,POINT (-120.30917 36.18583),49.0
2025-03-18 04:05:04,38.78783,-122.76017,3.13,1.51,Mainshock,3.0 - 3.99,POINT (-122.76017 38.78783),29.0
2025-03-18 08:57:15,36.67083,-121.31734,3.73,6.52,Mainshock,3.0 - 3.99,POINT (-121.31734 36.67083),38.0
2025-03-18 02:30:17,37.58783,-118.73283,3.26,8.81,Mainshock,3.0 - 3.99,POINT (-118.73283 37.58783),72.0
2025-03-18 21:14:19,37.5855,-118.732,3.38,8.93,Mainshock,3.0 - 3.99,POINT (-118.732 37.5855),72.0
2025-03-18 21:46:28,39.56317,-120.31284,3.13,5.98,Mainshock,3.0 - 3.99,POINT (-120.31284 39.56317),52.0
2025-03-18 23:42:35,35.77583,-121.30434,4.65,7.79,Mainshock,4.0 - 4.99,POINT (-121.30434 35.77583),37.0
2025-03-18 23:49:36,35.76883,-121.30383,3.53,6.46,Mainshock,3.0 - 3.99,POINT (-121.30383 35.76883),37.0
2025-03-18 00:24:51,40.363,-124.25533,4.38,29.6,Mainshock,4.0 - 4.99,POINT (-124.25533 40.363),9.0
2025-03-18 01:33:16,40.37117,-124.25716,3.05,29.93,Mainshock,3.0 - 3.99,POINT (-124.25716 40.37117),9.0
2025-03-18 00:24:34,39.89383,-123.4245,4.08,7.43,Mainshock,4.0 - 4.99,POINT (-123.4245 39.89383),19.0
2025-03-18 15:05:05,38.84783,-122.74717,3.13,1.74,Mainshock,3.0 - 3.99,POINT (-122.74717 38.84783),29.0
2025-03-18 09:28:29,35.9445,-120.4905,3.17,9.79,Mainshock,3.0 - 3.99,POINT (-120.4905 35.9445),48.0
2025-03-18 17:22:40,37.506,-118.83583,3.13,7.53,Mainshock,3.0 - 3.99,POINT (-118.83583 37.506),72.0
2025-03-18 19:43:43,37.78917,-121.96883,3.86,10.3,Mainshock,3.0 - 3.99,POINT (-121.96883 37.78917),39.0
2025-03-18 19:44:46,37.78967,-121.96283,3.22,9.51,Aftershock,3.0 - 3.99,POINT (-121.96283 37.78967),39.0
2025-03-18 01:52:51,37.36883,-118.38133,3.12,4.69,Mainshock,3.0 - 3.99,POINT (-118.38133 37.36883),72.0
2025-03-18 04:32:23,36.52267,-117.97417,3.31,9.48,Mainshock,3.0 - 3.99,POINT (-117.97417 36.52267),82.0
2025-03-18 21:22:04,40.29667,-124.519,3.01,19.43,Mainshock,3.0 - 3.99,POINT (-124.519 40.29667),9.0
2025-03-18 07:44:44,36.11833,-117.86533,3.15,0.67,Mainshock,3.0 - 3.99,POINT (-117.86533 36.11833),82.0
2025-03-18 14:25:06,40.28817,-124.53767,3.98,20.28,Mainshock,3.0 - 3.99,POINT (-124.53767 40.28817),9.0
2025-03-18 20:10:20,40.29783,-124.626,5.65,16.51,Foreshock,5.0 - 5.99,POINT (-124.626 40.29783),9.0
2025-03-18 20:10:31,40.39017,-124.298,6.2,27.04,Mainshock,6.0 - 6.99,POINT (-124.298 40.39017),9.0
2025-03-18 20:13:40,40.34983,-124.89933,4.84,19.88,Mainshock,4.0 - 4.99,POINT (-124.89933 40.34983),9.0
2025-03-18 20:47:43,40.31967,-124.6,3.28,17.93,Mainshock,3.0 - 3.99,POINT (-124.6 40.31967),9.0
2025-03-18 20:55:43,40.425,-124.29317,3.07,25.23,Mainshock,3.0 - 3.99,POINT (-124.29317 40.425),9.0
2025-03-18 21:06:38,40.43167,-124.13483,3.02,26.96,Foreshock,3.0 - 3.99,POINT (-124.13483 40.43167),9.0
2025-03-18 21:10:08,40.44316,-124.24917,3.12,28.02,Mainshock,3.0 - 3.99,POINT (-124.24917 40.44316),9.0
2025-03-18 21:19:57,40.46367,-124.3005,3.28,24.23,Mainshock,3.0 - 3.99,POINT (-124.3005 40.46367),9.0
2025-03-18 21:31:39,40.41383,-124.2385,3.18,22.54,Mainshock,3.0 - 3.99,POINT (-124.2385 40.41383),9.0
2025-03-18 21:52:53,40.47467,-124.42484,3.25,25.08,Foreshock,3.0 - 3.99,POINT (-124.42484 40.47467),9.0
2025-03-18 21:53:46,40.3585,-124.22583,3.93,26.93,Mainshock,3.0 - 3.99,POINT (-124.22583 40.3585),9.0
2025-03-18 03:26:39,40.4115,-124.23833,3.84,26.83,Foreshock,3.0 - 3.99,POINT (-124.23833 40.4115),9.0
2025-03-18 04:34:19,40.4475,-124.28416,3.76,27.54,Mainshock,3.0 - 3.99,POINT (-124.28416 40.4475),9.0
2025-03-18 14:16:14,40.469,-124.30683,3.16,27.6,Mainshock,3.0 - 3.99,POINT (-124.30683 40.469),9.0
2025-03-18 17:24:54,40.30767,-124.63834,3.23,20.87,Mainshock,3.0 - 3.99,POINT (-124.63834 40.30767),9.0
2025-03-18 20:03:16,39.79817,-123.21283,3.08,-1.16,Mainshock,3.0 - 3.99,POINT (-123.21283 39.79817),19.0
2025-03-18 03:28:52,40.37517,-124.2925,3.87,21.02,Mainshock,3.0 - 3.99,POINT (-124.2925 40.37517),9.0
2025-03-18 11:24:36,40.317,-124.35817,3.24,30.9,Mainshock,3.0 - 3.99,POINT (-124.35817 40.317),9.0
2025-03-18 03:58:46,40.12233,-119.681,3.49,3.44,Mainshock,3.0 - 3.99,POINT (-119.681 40.12233),64.0
2025-03-18 12:58:09,40.3035,-124.38883,3.12,30.59,Mainshock,3.0 - 3.99,POINT (-124.38883 40.3035),9.0
2025-03-18 14:24:25,40.32084,-124.7,3.6,22.99,Mainshock,3.0 - 3.99,POINT (-124.7 40.32084),9.0
2025-03-18 15:51:29,40.32667,-124.8075,3.27,9.55,Mainshock,3.0 - 3.99,POINT (-124.8075 40.32667),9.0
2025-03-18 07:19:46,36.59417,-121.1905,3.22,5.64,Mainshock,3.0 - 3.99,POINT (-121.1905 36.59417),38.0
2025-03-18 20:57:46,40.47783,-124.32883,3.81,19.05,Mainshock,3.0 - 3.99,POINT (-124.32883 40.47783),9.0
2025-03-18 11:30:16,37.4133,-117.0986,4.09,6.1,Mainshock,4.0 - 4.99,POINT (-117.0986 37.4133),83.0
2025-03-18 13:42:53,40.3115,-124.5853,4.4,19.05,Mainshock,4.0 - 4.99,POINT (-124.5853 40.3115),9.0
2025-03-18 03:33:44,33.2113,-116.148,4.29,11.88,Mainshock,4.0 - 4.99,POINT (-116.148 33.2113),90.0
2025-03-18 12:19:55,40.6428,-124.8628,5.4,-0.53,Mainshock,5.0 - 5.99,POINT (-124.8628 40.6428),9.0
2025-03-18 04:40:01,37.8965,-122.1113,4.23,15.98,Mainshock,4.0 - 4.99,POINT (-122.1113 37.8965),28.0
2025-03-18 03:17:32,38.4269,-119.3695,4.76,10.12,Mainshock,4.0 - 4.99,POINT (-119.3695 38.4269),62.0
2025-03-18 09:09:36,36.0277,-117.7753,4.11,-0.66,Mainshock,4.0 - 4.99,POINT (-117.7753 36.0277),82.0
2025-03-18 22:54:30,40.3112,-124.584,4.1,17.92,Mainshock,4.0 - 4.99,POINT (-124.584 40.3112),9.0
2025-03-18 23:55:04,40.6032,-124.7713,4.2,20.48,Mainshock,4.0 - 4.99,POINT (-124.7713 40.6032),9.0
2025-03-18 22:57:27,32.6923,-116.0565,4.41,7.7,Mainshock,4.0 - 4.99,POINT (-116.0565 32.6923),89.0
2025-03-18 08:42:22,39.4645,-123.1073,4.79,4.72,Mainshock,4.0 - 4.99,POINT (-123.1073 39.4645),19.0
2025-03-18 11:16:58,34.66,-121.506,4.0,5.0,Mainshock,4.0 - 4.99,POINT (-121.506 34.66),36.0
2025-03-18 21:08:29,38.7947,-122.7965,4.46,1.65,Mainshock,4.0 - 4.99,POINT (-122.7965 38.7947),29.0
2025-03-18 00:01:43,32.0618,-115.8722,4.18,6.2,Mainshock,4.0 - 4.99,POINT (-115.8722 32.0618),100.0
2025-03-18 08:07:31,40.3842,-124.9553,4.5,-0.55,Mainshock,4.0 - 4.99,POINT (-124.9553 40.3842),9.0
2025-03-18 11:34:12,35.8613,-120.4122,4.01,8.63,Mainshock,4.0 - 4.99,POINT (-120.4122 35.8613),48.0
2025-03-18 02:08:38,32.6753,-116.1105,4.06,11.46,Mainshock,4.0 - 4.99,POINT (-116.1105 32.6753),89.0
2025-03-18 05:11:26,33.8718,-116.2118,4.26,4.23,Mainshock,4.0 - 4.99,POINT (-116.2118 33.8718),90.0
2025-03-18 07:23:43,37.5375,-118.864,4.6,8.23,Mainshock,4.0 - 4.99,POINT (-118.864 37.5375),72.0
2025-03-18 02:32:25,41.1155,-124.8245,5.0,2.56,Mainshock,5.0 - 5.99,POINT (-124.8245 41.1155),10.0
2025-03-18 19:58:53,36.8795,-121.6225,4.2,8.32,Mainshock,4.0 - 4.99,POINT (-121.6225 36.8795),38.0
2025-03-18 11:42:22,37.804,-122.193,4.2,5.26,Mainshock,4.0 - 4.99,POINT (-122.193 37.804),28.0
2025-03-18 07:58:50,34.2995,-118.6195,4.66,7.06,Mainshock,4.0 - 4.99,POINT (-118.6195 34.2995),69.0
2025-03-18 17:29:15,33.7322,-117.477,4.73,12.19,Mainshock,4.0 - 4.99,POINT (-117.477 33.7322),79.0
2025-03-18 14:48:00,32.767,-117.3407,4.06,10.79,Mainshock,4.0 - 4.99,POINT (-117.3407 32.767),78.0
2025-03-18 08:16:29,40.3193,-124.64,4.4,15.3,Mainshock,4.0 - 4.99,POINT (-124.64 40.3193),9.0
2025-03-18 08:53:44,34.3853,-117.6347,4.2,6.37,Mainshock,4.0 - 4.99,POINT (-117.6347 34.3853),80.0
2025-03-18 12:22:49,35.838,-117.6847,4.34,3.54,Mainshock,4.0 - 4.99,POINT (-117.6847 35.838),81.0
2025-03-18 03:04:55,37.4335,-121.7743,5.45,9.74,Mainshock,5.0 - 5.99,POINT (-121.7743 37.4335),39.0
2025-03-18 03:37:10,40.5767,-124.4723,4.1,26.22,Mainshock,4.0 - 4.99,POINT (-124.4723 40.5767),9.0
2025-03-18 12:14:10,34.1562,-116.9813,4.06,7.82,Mainshock,4.0 - 4.99,POINT (-116.9813 34.1562),91.0
2025-03-18 17:18:46,40.1672,-122.7593,4.5,10.17,Mainshock,4.0 - 4.99,POINT (-122.7593 40.1672),31.0
2025-03-18 23:13:05,40.1777,-122.7037,4.7,2.05,Mainshock,4.0 - 4.99,POINT (-122.7037 40.1777),31.0
2025-03-18 07:12:05,32.3595,-115.2773,5.1,6.0,Mainshock,5.0 - 5.99,POINT (-115.2773 32.3595),100.0
2025-03-18 18:29:31,32.3272,-115.2568,5.1,6.0,Mainshock,5.0 - 5.99,POINT (-115.2568 32.3272),100.0
2025-03-18 04:32:39,32.4475,-115.3175,4.97,6.02,Foreshock,4.0 - 4.99,POINT (-115.3175 32.4475),100.0
2025-03-18 04:40:47,32.4382,-115.2905,4.04,6.02,Mainshock,4.0 - 4.99,POINT (-115.2905 32.4382),100.0
2025-03-18 09:20:12,32.4425,-115.298,4.25,6.02,Mainshock,4.0 - 4.99,POINT (-115.298 32.4425),100.0
2025-03-18 09:27:20,32.4632,-115.3058,4.45,6.02,Mainshock,4.0 - 4.99,POINT (-115.3058 32.4632),100.0
2025-03-18 22:41:30,32.4325,-115.313,5.01,6.01,Mainshock,5.0 - 5.99,POINT (-115.313 32.4325),100.0
2025-03-18 01:28:55,32.4262,-115.3063,4.83,6.0,Foreshock,4.0 - 4.99,POINT (-115.3063 32.4262),100.0
2025-03-18 14:16:03,41.153,-114.867,6.0,6.7,Mainshock,6.0 - 6.99,POINT (-114.867 41.153),120.0
2025-03-18 14:20:52,41.114,-114.898,4.8,6.0,Aftershock,4.0 - 4.99,POINT (-114.898 41.114),120.0
2025-03-18 14:34:42,41.004,-114.791,4.1,5.0,Mainshock,4.0 - 4.99,POINT (-114.791 41.004),120.0
2025-03-18 23:57:51,41.151,-114.931,4.6,10.6,Mainshock,4.0 - 4.99,POINT (-114.931 41.151),120.0
2025-03-18 19:31:18,32.421,-115.2853,4.78,6.0,Mainshock,4.0 - 4.99,POINT (-115.2853 32.421),100.0
2025-03-18 19:33:52,32.3902,-115.2698,4.58,5.98,Aftershock,4.0 - 4.99,POINT (-115.2698 32.3902),100.0
2025-03-18 23:27:45,41.104,-114.917,4.3,15.6,Aftershock,4.0 - 4.99,POINT (-114.917 41.104),120.0
2025-03-18 23:32:41,41.1625,-114.8713,4.28,10.6,Aftershock,4.0 - 4.99,POINT (-114.8713 41.1625),120.0
2025-03-18 21:02:16,41.2237,-114.9033,4.41,30.2,Mainshock,4.0 - 4.99,POINT (-114.9033 41.2237),120.0
2025-03-18 13:23:13,41.0995,-114.8906,4.09,8.2,Foreshock,4.0 - 4.99,POINT (-114.8906 41.0995),120.0
2025-03-18 04:39:43,41.0931,-114.8877,4.14,8.93,Foreshock,4.0 - 4.99,POINT (-114.8877 41.0931),120.0
2025-03-18 07:59:38,41.185,-114.83,4.1,8.8,Mainshock,4.0 - 4.99,POINT (-114.83 41.185),120.0
2025-03-18 15:10:38,41.157,-114.929,4.0,5.3,Mainshock,4.0 - 4.99,POINT (-114.929 41.157),120.0
2025-03-18 22:01:43,32.3842,-115.2333,4.18,6.99,Mainshock,4.0 - 4.99,POINT (-115.2333 32.3842),100.0
2025-03-18 13:16:17,41.229,-114.84,4.1,11.0,Mainshock,4.0 - 4.99,POINT (-114.84 41.229),120.0
2025-03-18 14:16:25,32.127,-115.492,4.1,5.0,Mainshock,4.0 - 4.99,POINT (-115.492 32.127),100.0
2025-03-18 22:00:54,40.7802,-124.2082,4.2,20.61,Mainshock,4.0 - 4.99,POINT (-124.2082 40.7802),9.0
2025-03-18 01:55:29,34.866,-116.3403,4.14,4.62,Mainshock,4.0 - 4.99,POINT (-116.3403 34.866),91.0
2025-03-18 22:55:49,39.5299,-119.9329,4.11,2.85,Aftershock,4.0 - 4.99,POINT (-119.9329 39.5299),63.0
2025-03-18 06:40:10,39.5233,-119.9393,4.94,2.83,Mainshock,4.0 - 4.99,POINT (-119.9393 39.5233),63.0
2025-03-18 03:03:07,40.8358,-123.4968,5.4,27.75,Mainshock,5.0 - 5.99,POINT (-123.4968 40.8358),20.0
2025-03-18 03:55:36,33.443,-116.454,4.19,9.25,Mainshock,4.0 - 4.99,POINT (-116.454 33.443),90.0
2025-03-18 08:11:43,35.4733,-118.4253,4.43,4.8,Mainshock,4.0 - 4.99,POINT (-118.4253 35.4733),70.0
2025-03-18 22:38:08,33.4458,-116.4555,4.06,9.27,Mainshock,4.0 - 4.99,POINT (-116.4555 33.4458),90.0
2025-03-18 04:48:36,38.7758,-122.7642,4.14,1.02,Mainshock,4.0 - 4.99,POINT (-122.7642 38.7758),29.0
2025-03-18 22:49:59,37.337,-114.316,4.2,5.2,Mainshock,4.0 - 4.99,POINT (-114.316 37.337),116.0
2025-03-18 18:42:16,33.9485,-117.7663,5.44,15.5,Mainshock,5.0 - 5.99,POINT (-117.7663 33.9485),79.0
2025-03-18 05:56:59,41.1885,-124.216,4.6,15.66,Mainshock,4.0 - 4.99,POINT (-124.216 41.1885),10.0
2025-03-18 21:54:34,32.3468,-115.2295,4.63,14.99,Mainshock,4.0 - 4.99,POINT (-115.2295 32.3468),100.0
2025-03-18 04:00:15,37.862,-122.0075,4.1,16.33,Mainshock,4.0 - 4.99,POINT (-122.0075 37.862),28.0
2025-03-18 09:41:49,34.0838,-116.9678,4.14,11.35,Mainshock,4.0 - 4.99,POINT (-116.9678 34.0838),91.0
2025-03-18 09:27:22,40.3368,-124.6288,4.9,20.83,Mainshock,4.0 - 4.99,POINT (-124.6288 40.3368),9.0
2025-03-18 05:43:16,40.3138,-124.6027,4.6,18.89,Foreshock,4.0 - 4.99,POINT (-124.6027 40.3138),9.0
2025-03-18 12:35:42,33.4997,-116.8613,4.11,10.84,Mainshock,4.0 - 4.99,POINT (-116.8613 33.4997),90.0
2025-03-18 19:23:00,32.3288,-115.3318,4.98,6.01,Mainshock,4.0 - 4.99,POINT (-115.3318 32.3288),100.0
2025-03-18 21:14:09,35.9707,-117.3263,4.03,0.19,Aftershock,4.0 - 4.99,POINT (-117.3263 35.9707),81.0
2025-03-18 13:03:07,35.9713,-117.3198,4.04,2.46,Mainshock,4.0 - 4.99,POINT (-117.3198 35.9713),81.0
2025-03-18 16:53:09,35.9712,-117.3222,4.03,2.33,Mainshock,4.0 - 4.99,POINT (-117.3222 35.9712),81.0
2025-03-18 04:18:43,34.8133,-116.4188,5.06,6.37,Mainshock,5.0 - 5.99,POINT (-116.4188 34.8133),91.0
2025-03-18 17:16:46,35.972,-117.3173,4.01,-0.97,Mainshock,4.0 - 4.99,POINT (-117.3173 35.972),81.0
2025-03-18 08:41:26,32.5537,-115.5367,4.03,15.01,Mainshock,4.0 - 4.99,POINT (-115.5367 32.5537),100.0
2025-03-18 17:35:37,36.6748,-121.3002,4.0,6.76,Mainshock,4.0 - 4.99,POINT (-121.3002 36.6748),38.0
2025-03-18 12:19:40,39.96,-120.869,4.5,35.0,Mainshock,4.0 - 4.99,POINT (-120.869 39.96),52.0
2025-03-18 05:17:07,32.5682,-115.5428,4.52,10.01,Mainshock,4.0 - 4.99,POINT (-115.5428 32.5682),100.0
2025-03-18 17:27:10,38.7823,-122.7725,4.27,3.82,Mainshock,4.0 - 4.99,POINT (-122.7725 38.7823),29.0
2025-03-18 03:49:46,34.1073,-117.3042,4.45,13.82,Mainshock,4.0 - 4.99,POINT (-117.3042 34.1073),80.0
2025-03-18 08:41:59,32.6932,-118.2265,4.19,9.69,Mainshock,4.0 - 4.99,POINT (-118.2265 32.6932),67.0
2025-03-18 21:09:23,35.4135,-117.7858,4.39,7.42,Mainshock,4.0 - 4.99,POINT (-117.7858 35.4135),81.0
2025-03-18 11:55:44,33.3172,-115.7282,4.77,6.0,Mainshock,4.0 - 4.99,POINT (-115.7282 33.3172),101.0
2025-03-18 17:40:29,37.2848,-121.6157,4.3,7.14,Mainshock,4.0 - 4.99,POINT (-121.6157 37.2848),39.0
2025-03-18 03:19:24,32.3253,-115.2537,4.22,5.99,Mainshock,4.0 - 4.99,POINT (-115.2537 32.3253),100.0
2025-03-18 09:41:28,32.0735,-115.7583,4.3,5.79,Mainshock,4.0 - 4.99,POINT (-115.7583 32.0735),100.0
2025-03-18 01:11:14,34.0667,-118.8825,4.42,13.91,Mainshock,4.0 - 4.99,POINT (-118.8825 34.0667),69.0
2025-03-18 17:54:05,40.7492,-124.1638,4.17,20.26,Mainshock,4.0 - 4.99,POINT (-124.1638 40.7492),9.0
2025-03-18 20:27:14,34.4402,-119.1825,4.17,7.29,Mainshock,4.0 - 4.99,POINT (-119.1825 34.4402),58.0
2025-03-18 03:39:36,33.9377,-118.3357,4.7,13.82,Mainshock,4.0 - 4.99,POINT (-118.3357 33.9377),68.0
2025-03-18 22:49:12,33.9338,-118.329,4.04,12.71,Mainshock,4.0 - 4.99,POINT (-118.329 33.9338),68.0
2025-03-18 22:58:33,36.3962,-117.8377,4.73,-0.64,Mainshock,4.0 - 4.99,POINT (-117.8377 36.3962),82.0
2025-03-18 01:00:31,32.8997,-118.0067,4.11,14.0,Mainshock,4.0 - 4.99,POINT (-118.0067 32.8997),67.0
2025-03-18 12:32:48,35.6432,-120.9513,4.39,5.92,Mainshock,4.0 - 4.99,POINT (-120.9513 35.6432),48.0
2025-03-18 21:40:01,32.056,-115.474,4.2,5.1,Mainshock,4.0 - 4.99,POINT (-115.474 32.056),100.0
2025-03-18 10:49:35,40.3098,-124.637,4.92,16.26,Mainshock,4.0 - 4.99,POINT (-124.637 40.3098),9.0
2025-03-18 22:55:18,32.3707,-115.2612,5.08,9.99,Mainshock,5.0 - 5.99,POINT (-115.2612 32.3707),100.0
2025-03-18 00:36:18,32.3552,-115.2785,4.36,9.97,Foreshock,4.0 - 4.99,POINT (-115.2785 32.3552),100.0
2025-03-18 10:01:25,36.3878,-117.8587,5.0,3.98,Mainshock,5.0 - 5.99,POINT (-117.8587 36.3878),82.0
2025-03-18 01:09:19,36.391,-117.8638,4.74,0.7,Foreshock,4.0 - 4.99,POINT (-117.8638 36.391),82.0
2025-03-18 01:10:26,36.3863,-117.8682,4.85,1.69,Foreshock,4.0 - 4.99,POINT (-117.8682 36.3863),82.0
2025-03-18 01:16:00,36.391,-117.8608,5.19,-1.77,Mainshock,5.0 - 5.99,POINT (-117.8608 36.391),82.0
2025-03-18 01:30:32,36.4027,-117.8513,4.07,-0.06,Mainshock,4.0 - 4.99,POINT (-117.8513 36.4027),82.0
2025-03-18 01:47:55,36.3948,-117.8457,4.2,-0.04,Mainshock,4.0 - 4.99,POINT (-117.8457 36.3948),82.0
2025-03-18 05:31:58,36.39,-117.8635,4.66,0.08,Mainshock,4.0 - 4.99,POINT (-117.8635 36.39),82.0
2025-03-18 11:37:11,36.3893,-117.8673,4.41,0.44,Mainshock,4.0 - 4.99,POINT (-117.8673 36.3893),82.0
2025-03-18 04:25:05,36.3977,-117.8642,4.29,7.59,Foreshock,4.0 - 4.99,POINT (-117.8642 36.3977),82.0
2025-03-18 08:38:51,32.1498,-115.3137,4.32,5.98,Mainshock,4.0 - 4.99,POINT (-115.3137 32.1498),100.0
2025-03-18 19:27:32,32.6722,-115.6507,4.13,7.62,Mainshock,4.0 - 4.99,POINT (-115.6507 32.6722),100.0
2025-03-18 22:45:27,33.1655,-119.3018,4.35,5.67,Mainshock,4.0 - 4.99,POINT (-119.3018 33.1655),57.0
2025-03-18 21:21:31,35.5485,-117.2745,4.6,1.25,Mainshock,4.0 - 4.99,POINT (-117.2745 35.5485),81.0
2025-03-18 18:48:57,32.464,-115.1892,5.8,5.97,Mainshock,5.0 - 5.99,POINT (-115.1892 32.464),100.0
2025-03-18 18:53:24,32.5323,-115.2082,4.77,5.99,Aftershock,4.0 - 4.99,POINT (-115.2082 32.5323),100.0
2025-03-18 19:07:42,32.4945,-115.205,4.03,5.97,Mainshock,4.0 - 4.99,POINT (-115.205 32.4945),100.0
2025-03-18 14:24:54,40.2773,-123.8685,4.12,29.76,Mainshock,4.0 - 4.99,POINT (-123.8685 40.2773),20.0
2025-03-18 18:09:35,37.4812,-121.7987,4.05,10.75,Mainshock,4.0 - 4.99,POINT (-121.7987 37.4812),39.0
2025-03-18 00:27:39,40.652,-124.6925,6.5,28.74,Mainshock,6.0 - 6.99,POINT (-124.6925 40.652),9.0
2025-03-18 02:21:39,40.6087,-124.7828,4.41,20.38,Mainshock,4.0 - 4.99,POINT (-124.7828 40.6087),9.0
2025-03-18 06:32:17,40.3087,-124.632,4.12,16.52,Mainshock,4.0 - 4.99,POINT (-124.632 40.3087),9.0
2025-03-18 06:35:54,32.4033,-115.1755,4.08,5.99,Mainshock,4.0 - 4.99,POINT (-115.1755 32.4033),100.0
2025-03-18 06:44:38,40.4627,-124.8487,4.05,23.56,Mainshock,4.0 - 4.99,POINT (-124.8487 40.4627),9.0
2025-03-18 02:36:08,33.9663,-116.8763,4.27,8.78,Mainshock,4.0 - 4.99,POINT (-116.8763 33.9663),90.0
2025-03-18 08:23:27,36.031,-117.843,4.41,0.1,Mainshock,4.0 - 4.99,POINT (-117.843 36.031),82.0
2025-03-18 12:03:26,33.9322,-117.0232,4.28,13.14,Mainshock,4.0 - 4.99,POINT (-117.0232 33.9322),79.0
2025-03-18 14:19:48,32.0493,-117.5255,4.4,5.84,Mainshock,4.0 - 4.99,POINT (-117.5255 32.0493),78.0
2025-03-18 20:20:22,40.4123,-124.9613,5.88,23.05,Mainshock,5.0 - 5.99,POINT (-124.9613 40.4123),9.0
2025-03-18 21:39:07,34.0045,-117.1797,4.1,8.03,Mainshock,4.0 - 4.99,POINT (-117.1797 34.0045),80.0
2025-03-18 21:35:48,32.242,-116.5912,4.45,5.61,Mainshock,4.0 - 4.99,POINT (-116.5912 32.242),89.0
2025-03-18 00:07:09,36.0735,-117.8658,4.05,-1.15,Mainshock,4.0 - 4.99,POINT (-117.8658 36.0735),82.0
2025-03-18 08:46:24,40.3198,-124.7333,4.53,12.4,Mainshock,4.0 - 4.99,POINT (-124.7333 40.3198),9.0
2025-03-18 04:18:22,32.994,-116.359,4.02,4.81,Mainshock,4.0 - 4.99,POINT (-116.359 32.994),89.0
2025-03-18 16:32:32,32.9907,-116.358,4.23,4.98,Mainshock,4.0 - 4.99,POINT (-116.358 32.9907),89.0
2025-03-18 11:04:00,33.9923,-118.0817,4.44,18.72,Mainshock,4.0 - 4.99,POINT (-118.0817 33.9923),68.0
2025-03-18 09:20:26,32.354,-115.2288,4.16,5.99,Mainshock,4.0 - 4.99,POINT (-115.2288 32.354),100.0
2025-03-18 23:03:48,32.2658,-115.2933,4.34,9.97,Aftershock,4.0 - 4.99,POINT (-115.2933 32.2658),100.0
2025-03-18 22:40:42,32.2862,-115.2953,7.2,9.99,Mainshock,7.0 - 10.0,POINT (-115.2953 32.2862),100.0
2025-03-18 22:43:00,32.4533,-115.632,5.26,9.98,Aftershock,5.0 - 5.99,POINT (-115.632 32.4533),100.0
2025-03-18 22:50:17,32.0987,-115.0482,5.7,10.01,Mainshock,5.0 - 5.99,POINT (-115.0482 32.0987),100.0
2025-03-18 22:54:14,32.436,-115.4973,4.03,9.98,Mainshock,4.0 - 4.99,POINT (-115.4973 32.436),100.0
2025-03-18 23:09:40,32.204,-115.3328,4.79,9.98,Mainshock,4.0 - 4.99,POINT (-115.3328 32.204),100.0
2025-03-18 23:15:14,32.3,-115.2595,5.43,9.99,Mainshock,5.0 - 5.99,POINT (-115.2595 32.3),100.0
2025-03-18 23:17:13,32.2212,-115.2907,4.56,9.99,Aftershock,4.0 - 4.99,POINT (-115.2907 32.2212),100.0
2025-03-18 23:20:42,32.12,-115.219,4.39,10.0,Aftershock,4.0 - 4.99,POINT (-115.219 32.12),100.0
2025-03-18 23:25:07,32.2662,-115.2925,5.38,9.99,Aftershock,5.0 - 5.99,POINT (-115.2925 32.2662),100.0
2025-03-18 23:26:39,32.3935,-115.6555,4.43,5.57,Aftershock,4.0 - 4.99,POINT (-115.6555 32.3935),100.0
2025-03-18 23:33:12,32.2853,-115.3678,4.39,9.99,Mainshock,4.0 - 4.99,POINT (-115.3678 32.2853),100.0
2025-03-18 23:34:28,32.6025,-115.761,4.12,3.27,Foreshock,4.0 - 4.99,POINT (-115.761 32.6025),100.0
2025-03-18 23:37:33,32.4623,-115.5978,4.7,9.97,Mainshock,4.0 - 4.99,POINT (-115.5978 32.4623),100.0
2025-03-18 23:42:58,32.1295,-115.0258,4.13,9.97,Aftershock,4.0 - 4.99,POINT (-115.0258 32.1295),100.0
2025-03-18 23:44:43,32.3157,-115.3733,4.03,10.02,Aftershock,4.0 - 4.99,POINT (-115.3733 32.3157),100.0
2025-03-18 23:48:46,32.1078,-115.0635,4.04,9.96,Aftershock,4.0 - 4.99,POINT (-115.0635 32.1078),100.0
2025-03-18 00:15:33,32.252,-115.1692,4.17,9.96,Mainshock,4.0 - 4.99,POINT (-115.1692 32.252),100.0
2025-03-18 00:42:40,32.2807,-115.3578,4.15,9.96,Mainshock,4.0 - 4.99,POINT (-115.3578 32.2807),100.0
2025-03-18 00:44:22,32.3067,-115.4297,4.01,9.96,Aftershock,4.0 - 4.99,POINT (-115.4297 32.3067),100.0
2025-03-18 00:58:52,32.289,-115.3328,4.09,10.02,Mainshock,4.0 - 4.99,POINT (-115.3328 32.289),100.0
2025-03-18 01:06:40,32.2475,-115.4318,4.2,9.97,Mainshock,4.0 - 4.99,POINT (-115.4318 32.2475),100.0
2025-03-18 01:07:14,32.0268,-115.1737,4.01,9.96,Aftershock,4.0 - 4.99,POINT (-115.1737 32.0268),100.0
2025-03-18 01:25:35,32.1445,-115.1148,4.64,10.02,Mainshock,4.0 - 4.99,POINT (-115.1148 32.1445),100.0
2025-03-18 01:42:52,32.139,-115.2135,4.09,9.99,Mainshock,4.0 - 4.99,POINT (-115.2135 32.139),100.0
2025-03-18 01:52:25,32.5933,-115.7733,4.68,4.08,Mainshock,4.0 - 4.99,POINT (-115.7733 32.5933),100.0
2025-03-18 02:47:27,32.2852,-115.3025,4.51,10.0,Mainshock,4.0 - 4.99,POINT (-115.3025 32.2852),100.0
2025-03-18 02:54:34,32.4728,-115.6293,4.25,13.77,Mainshock,4.0 - 4.99,POINT (-115.6293 32.4728),100.0
2025-03-18 03:11:02,32.0863,-115.0347,4.41,9.97,Mainshock,4.0 - 4.99,POINT (-115.0347 32.0863),100.0
2025-03-18 03:15:25,32.6465,-115.8055,4.96,1.24,Mainshock,4.0 - 4.99,POINT (-115.8055 32.6465),100.0
2025-03-18 03:32:07,32.2095,-115.2652,4.4,9.99,Mainshock,4.0 - 4.99,POINT (-115.2652 32.2095),100.0
2025-03-18 04:10:14,32.39,-115.5833,4.29,14.97,Mainshock,4.0 - 4.99,POINT (-115.5833 32.39),100.0
2025-03-18 06:17:01,32.63,-115.8,4.19,7.1,Mainshock,4.0 - 4.99,POINT (-115.8 32.63),100.0
2025-03-18 07:15:35,32.279,-115.3505,4.13,9.98,Mainshock,4.0 - 4.99,POINT (-115.3505 32.279),100.0
2025-03-18 10:05:37,32.634,-115.8093,4.0,10.06,Mainshock,4.0 - 4.99,POINT (-115.8093 32.634),100.0
2025-03-18 10:09:25,32.2417,-115.1888,4.07,14.99,Mainshock,4.0 - 4.99,POINT (-115.1888 32.2417),100.0
2025-03-18 11:14:15,32.6638,-115.8088,4.93,13.65,Mainshock,4.0 - 4.99,POINT (-115.8088 32.6638),100.0
2025-03-18 13:33:05,32.6402,-115.8018,4.73,40.4,Mainshock,4.0 - 4.99,POINT (-115.8018 32.6402),100.0
2025-03-18 14:07:05,32.1953,-115.3335,4.08,9.98,Mainshock,4.0 - 4.99,POINT (-115.3335 32.1953),100.0
2025-03-18 14:11:46,32.6953,-115.781,4.04,4.47,Mainshock,4.0 - 4.99,POINT (-115.781 32.6953),100.0
2025-03-18 16:25:47,32.078,-115.2682,4.26,9.99,Mainshock,4.0 - 4.99,POINT (-115.2682 32.078),100.0
2025-03-18 00:56:41,32.0913,-115.2193,4.11,9.99,Foreshock,4.0 - 4.99,POINT (-115.2193 32.0913),100.0
2025-03-18 01:23:01,32.2152,-115.0715,4.51,9.99,Mainshock,4.0 - 4.99,POINT (-115.0715 32.2152),100.0
2025-03-18 01:58:15,32.2787,-115.3513,4.46,9.99,Mainshock,4.0 - 4.99,POINT (-115.3513 32.2787),100.0
2025-03-18 04:12:21,32.5937,-115.7738,4.56,3.98,Mainshock,4.0 - 4.99,POINT (-115.7738 32.5937),100.0
2025-03-18 10:06:38,32.6652,-115.8107,4.51,1.73,Mainshock,4.0 - 4.99,POINT (-115.8107 32.6652),100.0
2025-03-18 16:23:58,32.1443,-115.307,4.24,9.99,Mainshock,4.0 - 4.99,POINT (-115.307 32.1443),100.0
2025-03-18 17:31:17,32.055,-115.0818,4.28,9.97,Mainshock,4.0 - 4.99,POINT (-115.0818 32.055),100.0
2025-03-18 22:09:10,32.6332,-115.753,4.23,1.04,Aftershock,4.0 - 4.99,POINT (-115.753 32.6332),100.0
2025-03-18 05:21:26,32.7335,-115.9045,4.27,1.95,Foreshock,4.0 - 4.99,POINT (-115.9045 32.7335),100.0
2025-03-18 05:21:42,32.7117,-115.8923,4.28,7.26,Mainshock,4.0 - 4.99,POINT (-115.8923 32.7117),100.0
2025-03-18 06:36:28,32.03,-115.14,4.5,7.5,Mainshock,4.0 - 4.99,POINT (-115.14 32.03),100.0
2025-03-18 21:00:45,32.3157,-115.2588,4.3,14.99,Mainshock,4.0 - 4.99,POINT (-115.2588 32.3157),100.0
2025-03-18 00:25:38,32.2157,-115.2587,4.01,9.98,Foreshock,4.0 - 4.99,POINT (-115.2587 32.2157),100.0
2025-03-18 02:47:57,32.6855,-115.7635,4.24,3.99,Mainshock,4.0 - 4.99,POINT (-115.7635 32.6855),100.0
2025-03-18 15:44:59,32.61,-115.7612,4.42,7.75,Mainshock,4.0 - 4.99,POINT (-115.7612 32.61),100.0
2025-03-18 16:44:25,32.1647,-115.2683,5.29,9.98,Mainshock,5.0 - 5.99,POINT (-115.2683 32.1647),100.0
2025-03-18 00:19:01,32.2828,-115.3977,4.05,9.44,Foreshock,4.0 - 4.99,POINT (-115.3977 32.2828),100.0
2025-03-18 05:32:14,32.176,-115.3063,4.4,14.43,Mainshock,4.0 - 4.99,POINT (-115.3063 32.176),100.0
2025-03-18 06:22:05,32.127,-114.924,4.3,20.0,Mainshock,4.0 - 4.99,POINT (-114.924 32.127),111.0
2025-03-18 20:53:27,32.308,-115.3592,4.08,9.43,Mainshock,4.0 - 4.99,POINT (-115.3592 32.308),100.0
2025-03-18 23:05:42,32.1818,-115.245,4.7,12.27,Mainshock,4.0 - 4.99,POINT (-115.245 32.1818),100.0
2025-03-18 09:12:28,32.6753,-115.7582,4.5,9.71,Mainshock,4.0 - 4.99,POINT (-115.7582 32.6753),100.0
2025-03-18 16:42:04,32.3327,-115.318,4.36,17.55,Mainshock,4.0 - 4.99,POINT (-115.318 32.3327),100.0
2025-03-18 22:34:54,32.1902,-115.1923,4.37,13.98,Aftershock,4.0 - 4.99,POINT (-115.1923 32.1902),100.0
2025-03-18 09:20:37,32.0252,-115.0638,4.38,17.92,Mainshock,4.0 - 4.99,POINT (-115.0638 32.0252),100.0
2025-03-18 09:21:38,32.0338,-115.057,4.38,9.39,Aftershock,4.0 - 4.99,POINT (-115.057 32.0338),100.0
2025-03-18 10:20:47,32.096,-115.0112,4.73,16.6,Mainshock,4.0 - 4.99,POINT (-115.0112 32.096),100.0
2025-03-18 15:44:30,32.2963,-115.346,4.0,9.43,Mainshock,4.0 - 4.99,POINT (-115.346 32.2963),100.0
2025-03-18 16:09:54,32.3097,-115.3425,4.12,8.97,Mainshock,4.0 - 4.99,POINT (-115.3425 32.3097),100.0
2025-03-18 04:26:08,32.6953,-115.8427,4.21,9.05,Mainshock,4.0 - 4.99,POINT (-115.8427 32.6953),100.0
2025-03-18 10:37:15,32.5258,-115.6182,4.15,12.99,Mainshock,4.0 - 4.99,POINT (-115.6182 32.5258),100.0
2025-03-18 14:22:03,32.6703,-115.8073,4.6,4.95,Mainshock,4.0 - 4.99,POINT (-115.8073 32.6703),100.0
2025-03-18 17:12:13,32.6595,-115.8075,4.63,5.32,Aftershock,4.0 - 4.99,POINT (-115.8075 32.6595),100.0
2025-03-18 10:55:36,32.6922,-115.8465,4.83,3.28,Mainshock,4.0 - 4.99,POINT (-115.8465 32.6922),100.0
2025-03-18 17:51:16,32.6125,-115.7673,4.03,6.08,Mainshock,4.0 - 4.99,POINT (-115.7673 32.6125),100.0
2025-03-18 11:26:32,32.2637,-115.2867,4.68,14.06,Mainshock,4.0 - 4.99,POINT (-115.2867 32.2637),100.0
2025-03-18 13:05:34,32.02,-115.054,4.1,10.0,Mainshock,4.0 - 4.99,POINT (-115.054 32.02),100.0
2025-03-18 09:01:41,32.7092,-115.8763,4.23,2.92,Mainshock,4.0 - 4.99,POINT (-115.8763 32.7092),100.0
2025-03-18 18:33:11,32.6815,-115.7972,4.8,5.96,Mainshock,4.0 - 4.99,POINT (-115.7972 32.6815),100.0
2025-03-18 18:46:27,32.6755,-115.8102,4.68,2.38,Mainshock,4.0 - 4.99,POINT (-115.8102 32.6755),100.0
2025-03-18 19:23:06,35.0082,-119.2678,4.27,16.28,Mainshock,4.0 - 4.99,POINT (-119.2678 35.0082),59.0
2025-03-18 03:33:44,32.6727,-115.8122,4.05,6.36,Mainshock,4.0 - 4.99,POINT (-115.8122 32.6727),100.0
2025-03-18 08:38:55,32.2078,-115.2625,4.29,16.25,Mainshock,4.0 - 4.99,POINT (-115.2625 32.2078),100.0
2025-03-18 08:45:29,32.1913,-115.246,4.05,15.87,Mainshock,4.0 - 4.99,POINT (-115.246 32.1913),100.0
2025-03-18 00:39:00,32.6602,-115.8253,4.53,8.91,Mainshock,4.0 - 4.99,POINT (-115.8253 32.6602),100.0
2025-03-18 14:39:26,32.6453,-115.7415,4.04,5.2,Aftershock,4.0 - 4.99,POINT (-115.7415 32.6453),100.0
2025-03-18 09:26:26,32.6772,-115.8558,4.15,5.75,Mainshock,4.0 - 4.99,POINT (-115.8558 32.6772),100.0
2025-03-18 04:53:19,32.7157,-115.9477,4.03,9.02,Foreshock,4.0 - 4.99,POINT (-115.9477 32.7157),100.0
2025-03-18 17:30:58,32.6168,-115.7563,4.9,8.07,Mainshock,4.0 - 4.99,POINT (-115.7563 32.6168),100.0
2025-03-18 17:33:18,32.6243,-115.7683,4.6,7.49,Aftershock,4.0 - 4.99,POINT (-115.7683 32.6243),100.0
2025-03-18 05:21:07,32.669,-115.8223,4.15,10.54,Foreshock,4.0 - 4.99,POINT (-115.8223 32.669),100.0
2025-03-18 03:57:29,32.2035,-117.604,4.22,16.79,Mainshock,4.0 - 4.99,POINT (-117.604 32.2035),78.0
2025-03-18 20:28:28,32.2503,-115.2882,4.34,14.26,Mainshock,4.0 - 4.99,POINT (-115.2882 32.2503),100.0
2025-03-18 16:07:50,32.1805,-115.1955,4.02,14.94,Foreshock,4.0 - 4.99,POINT (-115.1955 32.1805),100.0
2025-03-18 18:10:04,32.7007,-115.907,4.09,7.63,Mainshock,4.0 - 4.99,POINT (-115.907 32.7007),100.0
2025-03-18 22:07:14,32.1147,-115.0905,4.14,14.94,Aftershock,4.0 - 4.99,POINT (-115.0905 32.1147),100.0
2025-03-18 20:51:12,32.405,-115.1897,4.27,14.98,Mainshock,4.0 - 4.99,POINT (-115.1897 32.405),100.0
2025-03-18 15:29:25,37.4531,-117.5215,4.39,5.3,Mainshock,4.0 - 4.99,POINT (-117.5215 37.4531),83.0
2025-03-18 03:08:57,33.3833,-116.4158,4.9,11.16,Mainshock,4.0 - 4.99,POINT (-116.4158 33.3833),90.0
2025-03-18 03:09:20,33.392,-116.3947,4.23,4.2,Aftershock,4.0 - 4.99,POINT (-116.3947 33.392),90.0
2025-03-18 07:02:27,32.2345,-115.3095,4.52,9.99,Mainshock,4.0 - 4.99,POINT (-115.3095 32.2345),100.0
2025-03-18 04:26:58,32.705,-115.9113,5.72,8.76,Mainshock,5.0 - 5.99,POINT (-115.9113 32.705),100.0
2025-03-18 04:36:08,32.6997,-115.9115,4.1,7.41,Mainshock,4.0 - 4.99,POINT (-115.9115 32.6997),100.0
2025-03-18 04:59:46,32.6995,-115.95,4.61,10.52,Mainshock,4.0 - 4.99,POINT (-115.95 32.6995),100.0
2025-03-18 05:34:17,32.7088,-115.9563,4.35,5.33,Mainshock,4.0 - 4.99,POINT (-115.9563 32.7088),100.0
2025-03-18 08:14:47,32.688,-115.9108,4.15,3.54,Mainshock,4.0 - 4.99,POINT (-115.9108 32.688),100.0
2025-03-18 09:05:38,32.0748,-115.004,4.13,9.93,Mainshock,4.0 - 4.99,POINT (-115.004 32.0748),100.0
2025-03-18 06:37:53,32.6188,-115.7947,4.17,6.41,Mainshock,4.0 - 4.99,POINT (-115.7947 32.6188),100.0
2025-03-18 16:38:05,32.218,-115.3462,4.27,1.46,Mainshock,4.0 - 4.99,POINT (-115.3462 32.218),100.0
2025-03-18 23:53:33,33.4173,-116.4747,5.43,12.32,Mainshock,5.0 - 5.99,POINT (-116.4747 33.4173),90.0
2025-03-18 21:48:30,40.0581,-119.636,4.22,12.72,Mainshock,4.0 - 4.99,POINT (-119.636 40.0581),64.0
2025-03-18 11:13:47,38.622,-118.2112,4.14,11.06,Mainshock,4.0 - 4.99,POINT (-118.2112 38.622),73.0
2025-03-18 17:39:32,33.979,-116.4432,4.05,7.18,Mainshock,4.0 - 4.99,POINT (-116.4432 33.979),90.0
2025-03-18 21:43:40,32.3633,-115.411,4.22,9.97,Aftershock,4.0 - 4.99,POINT (-115.411 32.3633),100.0
2025-03-18 15:53:43,32.1803,-115.293,4.28,9.96,Aftershock,4.0 - 4.99,POINT (-115.293 32.1803),100.0
2025-03-18 10:52:18,32.0485,-115.1982,4.96,9.94,Mainshock,4.0 - 4.99,POINT (-115.1982 32.0485),100.0
2025-03-18 06:09:53,32.1647,-115.2467,4.79,13.74,Foreshock,4.0 - 4.99,POINT (-115.2467 32.1647),100.0
2025-03-18 00:30:02,32.0262,-115.1083,4.75,9.94,Foreshock,4.0 - 4.99,POINT (-115.1083 32.0262),100.0
2025-03-18 08:37:36,37.1398,-117.3805,4.35,6.52,Mainshock,4.0 - 4.99,POINT (-117.3805 37.1398),83.0
2025-03-18 15:15:28,40.9512,-124.8037,4.39,23.55,Mainshock,4.0 - 4.99,POINT (-124.8037 40.9512),9.0
2025-03-18 21:22:46,37.1392,-117.3779,4.13,6.55,Mainshock,4.0 - 4.99,POINT (-117.3779 37.1392),83.0
2025-03-18 03:00:34,32.1582,-115.2898,4.27,5.54,Mainshock,4.0 - 4.99,POINT (-115.2898 32.1582),100.0
2025-03-18 01:02:05,38.6338,-119.5441,4.36,11.36,Mainshock,4.0 - 4.99,POINT (-119.5441 38.6338),62.0
2025-03-18 19:40:00,32.8645,-115.9973,4.57,13.15,Mainshock,4.0 - 4.99,POINT (-115.9973 32.8645),100.0
2025-03-18 09:02:28,32.6173,-115.7707,4.01,4.08,Foreshock,4.0 - 4.99,POINT (-115.7707 32.6173),100.0
2025-03-18 12:52:26,32.1633,-115.2638,4.87,13.01,Mainshock,4.0 - 4.99,POINT (-115.2638 32.1633),100.0
2025-03-18 19:16:48,33.0327,-115.5432,4.37,13.3,Mainshock,4.0 - 4.99,POINT (-115.5432 33.0327),101.0
2025-03-18 07:04:43,32.6697,-115.8303,4.15,9.92,Foreshock,4.0 - 4.99,POINT (-115.8303 32.6697),100.0
2025-03-18 12:37:35,32.4533,-115.5637,4.31,14.94,Mainshock,4.0 - 4.99,POINT (-115.5637 32.4533),100.0
2025-03-18 00:10:17,37.2872,-121.6582,4.1,9.59,Mainshock,4.0 - 4.99,POINT (-121.6582 37.2872),39.0
2025-03-18 08:51:04,36.7712,-121.4963,4.5,7.66,Mainshock,4.0 - 4.99,POINT (-121.4963 36.7712),38.0
2025-03-18 17:29:26,38.5374,-118.3814,4.21,8.83,Mainshock,4.0 - 4.99,POINT (-118.3814 38.5374),73.0
2025-03-18 06:47:25,32.2165,-115.3213,4.15,1.82,Mainshock,4.0 - 4.99,POINT (-115.3213 32.2165),100.0
2025-03-18 23:25:10,32.1707,-115.2835,4.08,13.41,Aftershock,4.0 - 4.99,POINT (-115.2835 32.1707),100.0
2025-03-18 17:47:36,32.047,-115.0622,5.07,14.93,Mainshock,5.0 - 5.99,POINT (-115.0622 32.047),100.0
2025-03-18 19:34:40,32.0468,-115.2518,4.5,9.91,Mainshock,4.0 - 4.99,POINT (-115.2518 32.0468),100.0
2025-03-18 04:49:42,39.4993,-122.9488,4.29,11.43,Mainshock,4.0 - 4.99,POINT (-122.9488 39.4993),30.0
2025-03-18 04:50:14,39.4938,-122.9565,4.21,9.94,Aftershock,4.0 - 4.99,POINT (-122.9565 39.4938),30.0
2025-03-18 02:19:47,38.8153,-122.82,4.43,2.27,Mainshock,4.0 - 4.99,POINT (-122.82 38.8153),29.0
2025-03-18 20:22:56,32.3392,-115.2282,4.35,10.63,Mainshock,4.0 - 4.99,POINT (-115.2282 32.3392),100.0
2025-03-18 08:58:49,32.6055,-115.7237,4.13,9.33,Mainshock,4.0 - 4.99,POINT (-115.7237 32.6055),100.0
2025-03-18 00:22:21,38.376,-118.7411,4.23,11.5,Mainshock,4.0 - 4.99,POINT (-118.7411 38.376),73.0
2025-03-18 22:10:08,38.3731,-118.7439,4.24,11.82,Mainshock,4.0 - 4.99,POINT (-118.7439 38.3731),73.0
2025-03-18 22:16:09,38.384,-118.7421,4.27,16.46,Aftershock,4.0 - 4.99,POINT (-118.7421 38.384),73.0
2025-03-18 09:46:32,38.2835,-118.2052,4.05,14.77,Aftershock,4.0 - 4.99,POINT (-118.2052 38.2835),73.0
2025-03-18 00:45:37,38.3925,-118.7398,4.38,10.18,Mainshock,4.0 - 4.99,POINT (-118.7398 38.3925),73.0
2025-03-18 00:55:46,38.3677,-118.7308,4.01,14.24,Mainshock,4.0 - 4.99,POINT (-118.7308 38.3677),73.0
2025-03-18 19:19:21,38.4165,-118.7148,4.2,10.0,Mainshock,4.0 - 4.99,POINT (-118.7148 38.4165),73.0
2025-03-18 21:41:50,36.3953,-117.8703,4.45,0.46,Mainshock,4.0 - 4.99,POINT (-117.8703 36.3953),82.0
2025-03-18 16:23:49,38.4122,-118.7392,4.3,3.57,Mainshock,4.0 - 4.99,POINT (-118.7392 38.4122),73.0
2025-03-18 19:45:48,38.437,-118.73,4.12,2.64,Mainshock,4.0 - 4.99,POINT (-118.73 38.437),73.0
2025-03-18 15:22:12,32.663,-115.7365,4.42,15.05,Mainshock,4.0 - 4.99,POINT (-115.7365 32.663),100.0
2025-03-18 01:58:54,32.8012,-116.1498,4.11,8.59,Foreshock,4.0 - 4.99,POINT (-116.1498 32.8012),89.0
2025-03-18 10:38:00,32.108,-115.126,4.1,12.8,Mainshock,4.0 - 4.99,POINT (-115.126 32.108),100.0
2025-03-18 23:30:39,32.0912,-116.3697,4.11,10.72,Mainshock,4.0 - 4.99,POINT (-116.3697 32.0912),89.0
2025-03-18 11:59:51,37.5457,-118.8722,4.23,7.64,Mainshock,4.0 - 4.99,POINT (-118.8722 37.5457),72.0
2025-03-18 07:18:21,36.5843,-121.1808,4.64,7.5,Mainshock,4.0 - 4.99,POINT (-121.1808 36.5843),38.0
2025-03-18 20:47:08,34.3392,-118.4748,4.24,6.86,Mainshock,4.0 - 4.99,POINT (-118.4748 34.3392),69.0
2025-03-18 20:18:09,32.081,-115.1752,4.03,14.94,Mainshock,4.0 - 4.99,POINT (-115.1752 32.081),100.0
2025-03-18 14:44:51,33.953,-117.0758,4.14,16.28,Mainshock,4.0 - 4.99,POINT (-117.0758 33.953),79.0
2025-03-18 11:54:04,39.9857,-117.8821,4.06,23.0,Mainshock,4.0 - 4.99,POINT (-117.8821 39.9857),85.0
2025-03-18 07:07:01,38.8965,-118.7674,4.82,10.12,Mainshock,4.0 - 4.99,POINT (-118.7674 38.8965),73.0
2025-03-18 22:10:10,36.9438,-117.5422,4.04,7.43,Mainshock,4.0 - 4.99,POINT (-117.5422 36.9438),82.0
2025-03-18 11:42:30,37.8985,-118.5738,4.3,8.2,Mainshock,4.0 - 4.99,POINT (-118.5738 37.8985),72.0
2025-03-18 20:05:58,34.6938,-116.2935,4.01,0.13,Mainshock,4.0 - 4.99,POINT (-116.2935 34.6938),91.0
2025-03-18 06:37:09,39.6086,-120.473,5.06,15.64,Mainshock,5.0 - 5.99,POINT (-120.473 39.6086),52.0
2025-03-18 13:25:19,39.6154,-120.4715,4.05,15.13,Mainshock,4.0 - 4.99,POINT (-120.4715 39.6154),52.0
2025-03-18 15:38:23,35.6807,-117.6197,4.1,6.12,Mainshock,4.0 - 4.99,POINT (-117.6197 35.6807),81.0
2025-03-18 15:34:29,32.1413,-115.2975,4.31,9.97,Mainshock,4.0 - 4.99,POINT (-115.2975 32.1413),100.0
2025-03-18 14:18:56,33.1947,-119.4492,4.14,18.02,Mainshock,4.0 - 4.99,POINT (-119.4492 33.1947),57.0
2025-03-18 09:55:01,40.528,-124.7825,4.28,23.58,Mainshock,4.0 - 4.99,POINT (-124.7825 40.528),9.0
2025-03-18 13:31:42,32.4612,-115.26,4.19,1.53,Mainshock,4.0 - 4.99,POINT (-115.26 32.4612),100.0
2025-03-18 04:47:13,38.7927,-122.7432,4.16,0.48,Mainshock,4.0 - 4.99,POINT (-122.7432 38.7927),29.0
2025-03-18 21:07:03,41.1432,-123.7903,5.6,27.36,Mainshock,5.0 - 5.99,POINT (-123.7903 41.1432),21.0
2025-03-18 10:09:28,32.1992,-115.2085,4.87,9.96,Mainshock,4.0 - 4.99,POINT (-115.2085 32.1992),100.0
2025-03-18 05:17:16,40.2795,-124.3138,4.28,19.4,Mainshock,4.0 - 4.99,POINT (-124.3138 40.2795),9.0
2025-03-18 01:27:29,32.2033,-115.2825,4.23,9.96,Mainshock,4.0 - 4.99,POINT (-115.2825 32.2033),100.0
2025-03-18 20:31:35,40.9737,-124.4222,4.15,19.02,Mainshock,4.0 - 4.99,POINT (-124.4222 40.9737),9.0
2025-03-18 21:25:08,32.1745,-115.2803,4.15,9.65,Mainshock,4.0 - 4.99,POINT (-115.2803 32.1745),100.0
2025-03-18 09:23:23,38.7957,-122.7608,4.25,1.83,Mainshock,4.0 - 4.99,POINT (-122.7608 38.7957),29.0
2025-03-18 15:06:25,32.6768,-115.7032,4.03,8.83,Mainshock,4.0 - 4.99,POINT (-115.7032 32.6768),100.0
2025-03-18 22:45:43,32.105,-115.735,4.02,10.61,Mainshock,4.0 - 4.99,POINT (-115.735 32.105),100.0
2025-03-18 03:51:57,39.3178,-119.9904,4.21,6.4,Mainshock,4.0 - 4.99,POINT (-119.9904 39.3178),63.0
2025-03-18 03:25:20,32.2072,-115.3432,4.64,2.82,Mainshock,4.0 - 4.99,POINT (-115.3432 32.2072),100.0
2025-03-18 06:36:06,32.2132,-115.2887,4.65,9.64,Mainshock,4.0 - 4.99,POINT (-115.2887 32.2132),100.0
2025-03-18 07:54:20,32.1863,-115.267,4.08,9.64,Mainshock,4.0 - 4.99,POINT (-115.267 32.1863),100.0
2025-03-18 12:05:49,39.4795,-123.8042,4.42,7.47,Mainshock,4.0 - 4.99,POINT (-123.8042 39.4795),19.0
2025-03-18 07:35:49,35.9498,-120.5028,4.45,11.0,Mainshock,4.0 - 4.99,POINT (-120.5028 35.9498),48.0
2025-03-18 06:23:34,33.9048,-117.7917,4.46,9.99,Mainshock,4.0 - 4.99,POINT (-117.7917 33.9048),79.0
2025-03-18 16:33:22,33.9035,-117.7907,4.45,10.23,Mainshock,4.0 - 4.99,POINT (-117.7907 33.9035),79.0
2025-03-18 19:20:05,33.0158,-115.5363,4.59,4.79,Mainshock,4.0 - 4.99,POINT (-115.5363 33.0158),101.0
2025-03-18 19:31:23,33.0172,-115.5537,5.32,8.32,Mainshock,5.0 - 5.99,POINT (-115.5537 33.0172),101.0
2025-03-18 19:33:01,33.0135,-115.5592,4.89,4.39,Aftershock,4.0 - 4.99,POINT (-115.5592 33.0135),101.0
2025-03-18 19:40:13,32.9867,-115.5967,4.33,9.78,Mainshock,4.0 - 4.99,POINT (-115.5967 32.9867),100.0
2025-03-18 20:57:58,33.0185,-115.5403,5.44,8.28,Mainshock,5.0 - 5.99,POINT (-115.5403 33.0185),101.0
2025-03-18 21:15:29,33.0373,-115.5347,4.25,4.71,Mainshock,4.0 - 4.99,POINT (-115.5347 33.0373),101.0
2025-03-18 22:58:42,32.9877,-115.5885,4.31,4.8,Mainshock,4.0 - 4.99,POINT (-115.5885 32.9877),100.0
2025-03-18 23:33:25,33.028,-115.5305,4.61,7.47,Aftershock,4.0 - 4.99,POINT (-115.5305 33.028),101.0
2025-03-18 04:41:37,33.0212,-115.5195,4.9,4.17,Mainshock,4.0 - 4.99,POINT (-115.5195 33.0212),101.0
2025-03-18 02:01:20,33.0043,-115.5688,4.22,4.42,Foreshock,4.0 - 4.99,POINT (-115.5688 33.0043),101.0
2025-03-18 20:31:00,33.906,-117.7877,4.13,9.05,Mainshock,4.0 - 4.99,POINT (-117.7877 33.906),79.0
2025-03-18 13:23:48,36.1207,-119.9987,4.06,10.01,Mainshock,4.0 - 4.99,POINT (-119.9987 36.1207),60.0
2025-03-18 11:53:18,40.4427,-124.1857,4.43,26.94,Mainshock,4.0 - 4.99,POINT (-124.1857 40.4427),9.0
2025-03-18 15:15:10,39.1678,-123.1658,4.51,10.84,Mainshock,4.0 - 4.99,POINT (-123.1658 39.1678),19.0
2025-03-18 15:15:46,40.8367,-121.3498,4.5,10.84,Mainshock,4.0 - 4.99,POINT (-121.3498 40.8367),42.0
2025-03-18 08:28:15,32.8047,-116.1438,4.13,9.91,Aftershock,4.0 - 4.99,POINT (-116.1438 32.8047),89.0
2025-03-18 00:39:08,33.0123,-116.3115,4.16,10.8,Mainshock,4.0 - 4.99,POINT (-116.3115 33.0123),90.0
2025-03-18 02:51:56,32.18,-115.2095,4.01,9.62,Mainshock,4.0 - 4.99,POINT (-115.2095 32.18),100.0
2025-03-18 06:55:10,36.3097,-120.856,5.29,8.62,Mainshock,5.0 - 5.99,POINT (-120.856 36.3097),49.0
2025-03-18 21:37:45,32.9967,-116.2388,4.02,7.07,Mainshock,4.0 - 4.99,POINT (-116.2388 32.9967),89.0
2025-03-18 21:41:27,38.7572,-122.9153,4.33,6.11,Aftershock,4.0 - 4.99,POINT (-122.9153 38.7572),29.0
2025-03-18 14:19:52,38.7693,-122.9138,4.59,5.77,Mainshock,4.0 - 4.99,POINT (-122.9138 38.7693),29.0
2025-03-18 23:26:01,38.7515,-122.9135,4.2,6.85,Mainshock,4.0 - 4.99,POINT (-122.9135 38.7515),29.0
2025-03-18 11:11:03,38.0475,-118.7286,4.41,9.22,Mainshock,4.0 - 4.99,POINT (-118.7286 38.0475),73.0
2025-03-18 10:04:56,38.0494,-118.7298,4.21,9.17,Foreshock,4.0 - 4.99,POINT (-118.7298 38.0494),73.0
2025-03-18 09:57:42,34.803,-116.372,4.36,1.26,Mainshock,4.0 - 4.99,POINT (-116.372 34.803),91.0
2025-03-18 13:49:43,34.05,-117.2525,4.37,15.05,Mainshock,4.0 - 4.99,POINT (-117.2525 34.05),80.0
2025-03-18 23:08:42,36.072,-117.601,4.21,-1.47,Mainshock,4.0 - 4.99,POINT (-117.601 36.072),82.0
2025-03-18 22:08:06,36.085,-117.6008,4.05,-1.29,Foreshock,4.0 - 4.99,POINT (-117.6008 36.085),82.0
2025-03-18 16:13:24,37.8311,-118.2155,4.86,7.17,Mainshock,4.0 - 4.99,POINT (-118.2155 37.8311),72.0
2025-03-18 15:16:16,36.019,-117.8817,4.24,-0.49,Mainshock,4.0 - 4.99,POINT (-117.8817 36.019),82.0
2025-03-18 10:48:10,32.704,-115.393,4.28,10.0,Mainshock,4.0 - 4.99,POINT (-115.393 32.704),100.0
2025-03-18 14:06:26,32.1307,-115.0958,4.5,5.96,Aftershock,4.0 - 4.99,POINT (-115.0958 32.1307),100.0
2025-03-18 06:45:45,32.111,-115.119,4.73,5.97,Mainshock,4.0 - 4.99,POINT (-115.119 32.111),100.0
2025-03-18 07:16:10,32.16,-115.149,4.18,5.97,Mainshock,4.0 - 4.99,POINT (-115.149 32.16),100.0
2025-03-18 09:12:35,40.3283,-124.6922,4.5,3.62,Mainshock,4.0 - 4.99,POINT (-124.6922 40.3283),9.0
2025-03-18 22:32:08,39.392,-123.0678,4.39,6.7,Mainshock,4.0 - 4.99,POINT (-123.0678 39.392),19.0
2025-03-18 03:35:34,35.78,-117.651,4.05,33.0,Mainshock,4.0 - 4.99,POINT (-117.651 35.78),81.0
2025-03-18 19:00:20,32.896,-115.502,4.11,5.24,Mainshock,4.0 - 4.99,POINT (-115.502 32.896),100.0
2025-03-18 21:49:19,32.8897,-115.5092,4.51,10.05,Mainshock,4.0 - 4.99,POINT (-115.5092 32.8897),100.0
2025-03-18 15:43:08,34.7822,-116.2968,4.51,3.23,Mainshock,4.0 - 4.99,POINT (-116.2968 34.7822),91.0
2025-03-18 18:17:49,40.3668,-124.4712,4.1,17.43,Mainshock,4.0 - 4.99,POINT (-124.4712 40.3668),9.0
2025-03-18 19:03:00,37.7968,-115.7975,4.09,16.25,Mainshock,4.0 - 4.99,POINT (-115.7975 37.7968),105.0
2025-03-18 08:36:30,38.3788,-122.4133,4.9,9.37,Mainshock,4.0 - 4.99,POINT (-122.4133 38.3788),29.0
2025-03-18 10:50:27,40.8538,-124.4508,4.38,12.95,Mainshock,4.0 - 4.99,POINT (-124.4508 40.8538),9.0
2025-03-18 07:20:22,38.6618,-119.5277,4.16,9.15,Foreshock,4.0 - 4.99,POINT (-119.5277 38.6618),62.0
2025-03-18 07:20:29,38.6588,-119.5307,4.72,9.3,Mainshock,4.0 - 4.99,POINT (-119.5307 38.6588),62.0
2025-03-18 04:53:29,37.3714,-117.1197,4.22,8.03,Mainshock,4.0 - 4.99,POINT (-117.1197 37.3714),83.0
2025-03-18 13:06:53,40.4968,-119.4793,4.2,2.96,Aftershock,4.0 - 4.99,POINT (-119.4793 40.4968),64.0
2025-03-18 12:54:50,40.4822,-119.4855,4.4,12.92,Mainshock,4.0 - 4.99,POINT (-119.4855 40.4822),64.0
2025-03-18 08:28:07,34.2657,-116.7773,4.07,1.3,Mainshock,4.0 - 4.99,POINT (-116.7773 34.2657),91.0
2025-03-18 15:34:15,39.3787,-120.4507,4.91,14.28,Mainshock,4.0 - 4.99,POINT (-120.4507 39.3787),52.0
2025-03-18 14:44:37,32.278,-114.884,4.06,5.09,Mainshock,4.0 - 4.99,POINT (-114.884 32.278),111.0
2025-03-18 07:41:11,38.7823,-122.7668,4.37,3.46,Mainshock,4.0 - 4.99,POINT (-122.7668 38.7823),29.0
2025-03-18 23:22:54,40.9878,-121.6898,4.3,18.23,Mainshock,4.0 - 4.99,POINT (-121.6898 40.9878),42.0
2025-03-18 23:39:15,40.9885,-121.6935,4.4,17.11,Mainshock,4.0 - 4.99,POINT (-121.6935 40.9885),42.0
2025-03-18 01:04:22,34.918,-119.02,4.42,12.88,Mainshock,4.0 - 4.99,POINT (-119.02 34.918),58.0
2025-03-18 00:27:14,32.726,-118.068,4.0,5.77,Mainshock,4.0 - 4.99,POINT (-118.068 32.726),67.0
2025-03-18 13:15:11,40.466,-124.4602,4.1,28.03,Mainshock,4.0 - 4.99,POINT (-124.4602 40.466),9.0
2025-03-18 18:10:41,40.6347,-124.1745,4.2,22.0,Mainshock,4.0 - 4.99,POINT (-124.1745 40.6347),9.0
2025-03-18 02:26:14,34.284,-118.404,4.26,8.54,Mainshock,4.0 - 4.99,POINT (-118.404 34.284),69.0
2025-03-18 02:50:54,34.289,-118.403,4.05,8.19,Mainshock,4.0 - 4.99,POINT (-118.403 34.289),69.0
2025-03-18 23:03:12,39.7303,-122.8288,4.2,6.08,Mainshock,4.0 - 4.99,POINT (-122.8288 39.7303),30.0
2025-03-18 21:05:06,34.2895,-116.9458,4.66,7.61,Mainshock,4.0 - 4.99,POINT (-116.9458 34.2895),91.0
2025-03-18 00:39:16,34.2875,-116.9418,4.22,6.61,Foreshock,4.0 - 4.99,POINT (-116.9418 34.2875),91.0
2025-03-18 23:04:07,36.795,-121.5117,4.01,6.38,Mainshock,4.0 - 4.99,POINT (-121.5117 36.795),38.0
2025-03-18 22:54:19,38.25,-118.29,4.06,12.36,Mainshock,4.0 - 4.99,POINT (-118.29 38.25),73.0
2025-03-18 23:18:23,37.3325,-121.6992,4.4,7.08,Mainshock,4.0 - 4.99,POINT (-121.6992 37.3325),39.0
2025-03-18 10:11:07,39.4898,-122.9465,4.1,15.42,Mainshock,4.0 - 4.99,POINT (-122.9465 39.4898),30.0
2025-03-18 04:55:54,40.326,-124.6922,4.09,15.81,Mainshock,4.0 - 4.99,POINT (-124.6922 40.326),9.0
2025-03-18 21:53:46,35.799,-118.0437,4.25,7.54,Mainshock,4.0 - 4.99,POINT (-118.0437 35.799),70.0
2025-03-18 22:56:46,35.796,-118.0462,4.1,7.19,Mainshock,4.0 - 4.99,POINT (-118.0462 35.796),70.0
2025-03-18 17:33:54,36.6953,-121.3283,4.1,4.3,Mainshock,4.0 - 4.99,POINT (-121.3283 36.6953),38.0
2025-03-18 19:02:51,36.6947,-121.3282,4.1,5.57,Mainshock,4.0 - 4.99,POINT (-121.3282 36.6947),38.0
2025-03-18 19:07:16,36.6922,-121.3237,4.0,4.57,Aftershock,4.0 - 4.99,POINT (-121.3237 36.6922),38.0
2025-03-18 12:07:26,36.0163,-117.8743,5.17,1.86,Mainshock,5.0 - 5.99,POINT (-117.8743 36.0163),82.0
2025-03-18 12:25:19,36.043,-117.8722,4.07,4.1,Mainshock,4.0 - 4.99,POINT (-117.8722 36.043),82.0
2025-03-18 12:59:59,36.017,-117.8823,4.93,-0.71,Mainshock,4.0 - 4.99,POINT (-117.8823 36.017),82.0
2025-03-18 12:53:08,35.995,-117.8772,4.43,2.31,Foreshock,4.0 - 4.99,POINT (-117.8772 35.995),81.0
2025-03-18 01:09:29,36.0582,-117.8715,4.01,0.27,Foreshock,4.0 - 4.99,POINT (-117.8715 36.0582),82.0
2025-03-18 16:21:19,37.241,-117.8075,4.32,9.01,Mainshock,4.0 - 4.99,POINT (-117.8075 37.241),83.0
2025-03-18 20:19:27,39.8233,-120.6459,5.31,17.82,Mainshock,5.0 - 5.99,POINT (-120.6459 39.8233),52.0
2025-03-18 12:01:31,39.8276,-120.6276,4.22,18.3,Foreshock,4.0 - 4.99,POINT (-120.6276 39.8276),52.0
2025-03-18 18:04:34,32.7595,-118.2882,4.36,6.71,Mainshock,4.0 - 4.99,POINT (-118.2882 32.7595),67.0
2025-03-18 22:06:28,32.7342,-118.3177,4.17,9.66,Mainshock,4.0 - 4.99,POINT (-118.3177 32.7342),67.0
2025-03-18 05:03:02,36.8117,-121.5308,4.0,6.17,Mainshock,4.0 - 4.99,POINT (-121.5308 36.8117),38.0
2025-03-18 23:59:18,34.059,-118.3885,4.24,7.8,Mainshock,4.0 - 4.99,POINT (-118.3885 34.059),69.0
2025-03-18 05:37:11,41.22,-115.85,4.6,10.0,Mainshock,4.0 - 4.99,POINT (-115.85 41.22),109.0
2025-03-18 07:56:17,33.5083,-116.5143,5.02,13.68,Mainshock,5.0 - 5.99,POINT (-116.5143 33.5083),90.0
2025-03-18 20:43:15,33.3172,-115.7002,4.11,5.55,Mainshock,4.0 - 4.99,POINT (-115.7002 33.3172),101.0
2025-03-18 14:29:08,39.0432,-123.1165,4.2,6.25,Mainshock,4.0 - 4.99,POINT (-123.1165 39.0432),19.0
2025-03-18 23:36:11,32.038,-114.906,5.8,10.0,Mainshock,5.0 - 5.99,POINT (-114.906 32.038),111.0
2025-03-18 01:42:26,32.0035,-115.01,4.89,7.04,Foreshock,4.0 - 4.99,POINT (-115.01 32.0035),100.0
2025-03-18 09:41:06,39.0465,-123.1208,4.3,6.01,Mainshock,4.0 - 4.99,POINT (-123.1208 39.0465),19.0
2025-03-18 21:14:02,36.6402,-121.251,4.6,6.57,Mainshock,4.0 - 4.99,POINT (-121.251 36.6402),38.0
2025-03-18 12:11:29,33.3793,-116.4345,4.21,11.22,Mainshock,4.0 - 4.99,POINT (-116.4345 33.3793),90.0
2025-03-18 05:53:29,34.3613,-118.6572,4.18,13.74,Mainshock,4.0 - 4.99,POINT (-118.6572 34.3613),69.0
2025-03-18 19:32:42,32.3188,-115.3215,5.7,7.01,Mainshock,5.0 - 5.99,POINT (-115.3215 32.3188),100.0
2025-03-18 20:33:49,32.3043,-115.3332,4.13,7.03,Mainshock,4.0 - 4.99,POINT (-115.3332 32.3043),100.0
2025-03-18 21:33:24,33.666,-119.33,4.6,6.76,Mainshock,4.0 - 4.99,POINT (-119.33 33.666),57.0
2025-03-18 10:44:08,37.001,-115.073,4.3,10.2,Mainshock,4.0 - 4.99,POINT (-115.073 37.001),105.0
2025-03-18 00:43:30,40.6022,-124.4497,4.6,28.7,Mainshock,4.0 - 4.99,POINT (-124.4497 40.6022),9.0
2025-03-18 12:24:41,32.0535,-114.9573,4.1,6.01,Mainshock,4.0 - 4.99,POINT (-114.9573 32.0535),111.0
2025-03-18 13:56:33,40.3127,-124.5417,4.4,6.07,Mainshock,4.0 - 4.99,POINT (-124.5417 40.3127),9.0
2025-03-18 05:00:30,36.9668,-121.5983,4.9,6.79,Mainshock,4.0 - 4.99,POINT (-121.5983 36.9668),38.0
2025-03-18 12:40:44,36.7163,-116.3013,4.36,11.73,Mainshock,4.0 - 4.99,POINT (-116.3013 36.7163),93.0
2025-03-18 16:55:08,40.8098,-124.552,5.2,17.19,Mainshock,5.0 - 5.99,POINT (-124.552 40.8098),9.0
2025-03-18 07:08:52,33.9123,-117.7833,4.78,9.37,Mainshock,4.0 - 4.99,POINT (-117.7833 33.9123),79.0
2025-03-18 21:26:17,33.2248,-116.1128,4.31,14.44,Mainshock,4.0 - 4.99,POINT (-116.1128 33.2248),90.0
2025-03-18 10:34:47,35.9462,-117.3035,4.13,2.62,Mainshock,4.0 - 4.99,POINT (-117.3035 35.9462),81.0
2025-03-18 14:16:54,34.8027,-116.2665,4.77,3.67,Mainshock,4.0 - 4.99,POINT (-116.2665 34.8027),91.0
2025-03-18 16:48:25,35.9725,-120.5235,4.1,7.41,Mainshock,4.0 - 4.99,POINT (-120.5235 35.9725),48.0
2025-03-18 13:45:52,32.0997,-115.0075,4.08,7.0,Mainshock,4.0 - 4.99,POINT (-115.0075 32.0997),100.0
2025-03-18 21:04:01,32.2317,-115.7982,4.84,6.78,Mainshock,4.0 - 4.99,POINT (-115.7982 32.2317),100.0
2025-03-18 21:03:43,32.3672,-115.2018,4.21,7.02,Mainshock,4.0 - 4.99,POINT (-115.2018 32.3672),100.0
2025-03-18 02:35:20,39.8408,-120.6984,4.23,5.44,Mainshock,4.0 - 4.99,POINT (-120.6984 39.8408),52.0
2025-03-18 22:29:27,36.806,-121.3898,4.3,7.99,Mainshock,4.0 - 4.99,POINT (-121.3898 36.806),38.0
2025-03-18 21:49:47,39.9591,-117.8553,4.22,6.25,Mainshock,4.0 - 4.99,POINT (-117.8553 39.9591),85.0
2025-03-18 09:16:10,35.3175,-118.6538,4.54,4.87,Mainshock,4.0 - 4.99,POINT (-118.6538 35.3175),70.0
2025-03-18 18:22:58,37.7425,-121.9373,4.0,15.59,Mainshock,4.0 - 4.99,POINT (-121.9373 37.7425),39.0
2025-03-18 18:47:39,37.7482,-121.9423,4.0,15.96,Mainshock,4.0 - 4.99,POINT (-121.9423 37.7482),39.0
2025-03-18 12:19:11,34.312,-116.8448,4.99,5.59,Mainshock,4.0 - 4.99,POINT (-116.8448 34.312),91.0
2025-03-18 12:20:16,34.311,-116.8473,4.0,2.81,Aftershock,4.0 - 4.99,POINT (-116.8473 34.311),91.0
2025-03-18 12:21:33,34.3108,-116.8507,4.34,2.77,Aftershock,4.0 - 4.99,POINT (-116.8507 34.3108),91.0
2025-03-18 12:25:14,34.326,-116.8572,4.01,8.09,Aftershock,4.0 - 4.99,POINT (-116.8572 34.326),91.0
2025-03-18 14:16:08,34.3242,-116.858,4.1,2.55,Mainshock,4.0 - 4.99,POINT (-116.858 34.3242),91.0
2025-03-18 19:33:46,34.3097,-116.8503,4.5,1.41,Aftershock,4.0 - 4.99,POINT (-116.8503 34.3097),91.0
2025-03-18 04:03:05,34.3155,-116.8445,4.61,1.1,Mainshock,4.0 - 4.99,POINT (-116.8445 34.3155),91.0
2025-03-18 05:00:22,34.3043,-116.843,4.04,2.99,Mainshock,4.0 - 4.99,POINT (-116.843 34.3043),91.0
2025-03-18 15:35:02,37.5715,-118.8835,4.0,3.25,Mainshock,4.0 - 4.99,POINT (-118.8835 37.5715),72.0
2025-03-18 19:28:18,34.3592,-116.1332,4.64,3.07,Mainshock,4.0 - 4.99,POINT (-116.1332 34.3592),91.0
2025-03-18 10:46:10,40.5882,-124.0748,4.3,26.7,Mainshock,4.0 - 4.99,POINT (-124.0748 40.5882),9.0
2025-03-18 16:50:42,38.8012,-122.8033,4.05,-0.12,Mainshock,4.0 - 4.99,POINT (-122.8033 38.8012),29.0
2025-03-18 02:04:29,32.9485,-115.5503,4.17,16.02,Mainshock,4.0 - 4.99,POINT (-115.5503 32.9485),100.0
2025-03-18 07:09:34,38.4582,-122.699,4.12,4.62,Mainshock,4.0 - 4.99,POINT (-122.699 38.4582),29.0
2025-03-18 22:52:14,38.2616,-117.9042,4.04,7.96,Mainshock,4.0 - 4.99,POINT (-117.9042 38.2616),84.0
2025-03-18 10:14:56,41.248,-116.316,4.2,12.2,Mainshock,4.0 - 4.99,POINT (-116.316 41.248),98.0
2025-03-18 06:20:01,32.0157,-117.384,4.06,5.74,Mainshock,4.0 - 4.99,POINT (-117.384 32.0157),78.0
2025-03-18 20:52:58,40.3238,-124.584,4.3,23.59,Mainshock,4.0 - 4.99,POINT (-124.584 40.3238),9.0
2025-03-18 06:15:51,34.6217,-116.6672,4.15,6.47,Mainshock,4.0 - 4.99,POINT (-116.6672 34.6217),91.0
2025-03-18 04:50:06,38.6807,-122.9098,4.0,4.87,Mainshock,4.0 - 4.99,POINT (-122.9098 38.6807),29.0
2025-03-18 12:00:53,38.7993,-122.7692,4.09,-0.04,Mainshock,4.0 - 4.99,POINT (-122.7692 38.7993),29.0
2025-03-18 02:29:56,40.437,-124.6393,4.4,19.63,Mainshock,4.0 - 4.99,POINT (-124.6393 40.437),9.0
2025-03-18 01:39:54,37.8432,-122.2225,4.0,11.01,Mainshock,4.0 - 4.99,POINT (-122.2225 37.8432),28.0
2025-03-18 16:56:35,38.8393,-122.8095,4.13,0.78,Mainshock,4.0 - 4.99,POINT (-122.8095 38.8393),29.0
2025-03-18 11:26:23,32.168,-115.425,4.29,5.97,Mainshock,4.0 - 4.99,POINT (-115.425 32.168),100.0
2025-03-18 20:11:59,38.2217,-117.873,4.47,8.75,Mainshock,4.0 - 4.99,POINT (-117.873 38.2217),84.0
2025-03-18 21:19:37,38.2187,-117.8698,4.47,6.45,Mainshock,4.0 - 4.99,POINT (-117.8698 38.2187),84.0
2025-03-18 12:20:00,40.729,-115.148,4.7,10.0,Mainshock,4.0 - 4.99,POINT (-115.148 40.729),108.0
2025-03-18 21:37:15,39.7597,-115.9366,4.22,33.0,Mainshock,4.0 - 4.99,POINT (-115.9366 39.7597),107.0
2025-03-18 16:35:24,37.2009,-117.8694,4.15,8.98,Mainshock,4.0 - 4.99,POINT (-117.8694 37.2009),83.0
2025-03-18 19:15:56,35.7005,-121.1005,6.5,8.38,Mainshock,6.0 - 6.99,POINT (-121.1005 35.7005),37.0
2025-03-18 19:26:07,35.6318,-121.0552,4.73,7.8,Mainshock,4.0 - 4.99,POINT (-121.0552 35.6318),37.0
2025-03-18 19:28:46,35.63,-120.9823,4.2,1.58,Aftershock,4.0 - 4.99,POINT (-120.9823 35.63),48.0
2025-03-18 19:31:05,35.534,-120.832,4.02,3.59,Aftershock,4.0 - 4.99,POINT (-120.832 35.534),48.0
2025-03-18 20:06:15,35.687,-121.1068,4.14,6.85,Mainshock,4.0 - 4.99,POINT (-121.1068 35.687),37.0
2025-03-18 20:41:10,35.5862,-120.8872,4.28,2.75,Mainshock,4.0 - 4.99,POINT (-120.8872 35.5862),48.0
2025-03-18 21:31:36,35.7077,-121.0662,4.2,4.86,Mainshock,4.0 - 4.99,POINT (-121.0662 35.7077),37.0
2025-03-18 23:52:37,35.5367,-120.886,4.1,3.47,Mainshock,4.0 - 4.99,POINT (-120.886 35.5367),48.0
2025-03-18 02:06:55,35.6845,-121.1068,4.1,6.09,Foreshock,4.0 - 4.99,POINT (-121.1068 35.6845),37.0
2025-03-18 03:46:01,35.691,-121.1167,4.3,7.06,Mainshock,4.0 - 4.99,POINT (-121.1167 35.691),37.0
2025-03-18 05:30:19,35.66,-121.1078,4.1,6.76,Mainshock,4.0 - 4.99,POINT (-121.1078 35.66),37.0
2025-03-18 09:41:49,35.5297,-120.9127,4.07,2.83,Mainshock,4.0 - 4.99,POINT (-120.9127 35.5297),48.0
2025-03-18 18:17:11,35.6457,-121.0537,4.7,7.79,Mainshock,4.0 - 4.99,POINT (-121.0537 35.6457),37.0
2025-03-18 05:21:59,35.6483,-121.0968,4.0,5.28,Foreshock,4.0 - 4.99,POINT (-121.0968 35.6483),37.0
2025-03-18 11:50:02,35.5438,-120.8453,4.44,6.02,Mainshock,4.0 - 4.99,POINT (-120.8453 35.5438),48.0
2025-03-18 10:47:40,35.6995,-121.1468,4.14,6.71,Foreshock,4.0 - 4.99,POINT (-121.1468 35.6995),37.0
2025-03-18 12:43:11,35.0398,-119.145,4.34,10.45,Mainshock,4.0 - 4.99,POINT (-119.145 35.0398),59.0
2025-03-18 20:37:46,38.8367,-122.7672,4.58,2.55,Mainshock,4.0 - 4.99,POINT (-122.7672 38.8367),29.0
2025-03-18 06:38:33,36.805,-121.5203,4.25,4.65,Mainshock,4.0 - 4.99,POINT (-121.5203 36.805),38.0
2025-03-18 23:53:07,35.7307,-121.075,4.51,4.27,Mainshock,4.0 - 4.99,POINT (-121.075 35.7307),37.0
2025-03-18 08:57:17,34.3947,-120.0223,4.4,3.91,Mainshock,4.0 - 4.99,POINT (-120.0223 34.3947),47.0
2025-03-18 01:29:39,37.2798,-114.84,4.53,8.0,Mainshock,4.0 - 4.99,POINT (-114.84 37.2798),116.0
2025-03-18 08:54:46,39.3303,-120.0213,4.49,8.3,Mainshock,4.0 - 4.99,POINT (-120.0213 39.3303),52.0
2025-03-18 22:28:48,32.3428,-117.9142,4.98,9.82,Mainshock,4.0 - 4.99,POINT (-117.9142 32.3428),78.0
2025-03-18 00:53:52,33.711,-116.0557,4.02,12.65,Mainshock,4.0 - 4.99,POINT (-116.0557 33.711),90.0
2025-03-18 12:55:20,34.3805,-119.436,4.27,3.4,Mainshock,4.0 - 4.99,POINT (-119.436 34.3805),58.0
2025-03-18 07:32:08,40.3105,-124.5732,4.1,19.07,Mainshock,4.0 - 4.99,POINT (-124.5732 40.3105),9.0
2025-03-18 01:25:12,32.3418,-115.2242,4.16,5.99,Mainshock,4.0 - 4.99,POINT (-115.2242 32.3418),100.0
2025-03-18 07:08:00,38.0029,-118.672,4.05,7.19,Mainshock,4.0 - 4.99,POINT (-118.672 38.0029),73.0
2025-03-18 23:02:18,38.0037,-118.677,5.62,4.98,Mainshock,5.0 - 5.99,POINT (-118.677 38.0037),73.0
2025-03-18 23:43:42,38.0167,-118.6582,5.39,5.55,Mainshock,5.0 - 5.99,POINT (-118.6582 38.0167),73.0
2025-03-18 23:47:59,38.0183,-118.645,4.03,6.78,Aftershock,4.0 - 4.99,POINT (-118.645 38.0183),73.0
2025-03-18 06:58:04,38.0043,-118.6816,4.08,6.54,Foreshock,4.0 - 4.99,POINT (-118.6816 38.0043),73.0
2025-03-18 16:51:05,38.0235,-118.6446,5.04,5.32,Mainshock,5.0 - 5.99,POINT (-118.6446 38.0235),73.0
2025-03-18 17:15:24,35.8182,-120.366,5.97,8.14,Mainshock,5.0 - 5.99,POINT (-120.366 35.8182),48.0
2025-03-18 17:19:07,35.8572,-120.4063,4.15,8.5,Aftershock,4.0 - 4.99,POINT (-120.4063 35.8572),48.0
2025-03-18 17:19:24,35.8443,-120.4015,4.12,8.24,Aftershock,4.0 - 4.99,POINT (-120.4015 35.8443),48.0
2025-03-18 17:24:15,35.8045,-120.3498,4.71,6.0,Aftershock,4.0 - 4.99,POINT (-120.3498 35.8045),48.0
2025-03-18 19:31:28,35.8385,-120.388,4.03,8.68,Aftershock,4.0 - 4.99,POINT (-120.388 35.8385),48.0
2025-03-18 17:10:04,35.9537,-120.5022,5.0,10.77,Mainshock,5.0 - 5.99,POINT (-120.5022 35.9537),48.0
2025-03-18 22:54:54,35.3898,-118.6235,5.03,2.79,Mainshock,5.0 - 5.99,POINT (-118.6235 35.3898),70.0
2025-03-18 18:54:29,35.988,-120.5378,4.88,9.89,Mainshock,4.0 - 4.99,POINT (-120.5378 35.988),48.0
2025-03-18 12:22:09,35.5432,-120.8157,4.06,4.97,Mainshock,4.0 - 4.99,POINT (-120.8157 35.5432),48.0
2025-03-18 16:32:32,38.6895,-115.4123,4.18,0.75,Mainshock,4.0 - 4.99,POINT (-115.4123 38.6895),106.0
2025-03-18 03:45:49,37.9691,-118.6608,4.56,6.6,Mainshock,4.0 - 4.99,POINT (-118.6608 37.9691),72.0
2025-03-18 11:35:15,38.0388,-118.6078,4.1,4.83,Mainshock,4.0 - 4.99,POINT (-118.6078 38.0388),73.0
2025-03-18 17:39:17,34.3535,-116.8447,4.19,8.03,Mainshock,4.0 - 4.99,POINT (-116.8447 34.3535),91.0
2025-03-18 02:06:05,36.6068,-121.209,4.35,6.4,Mainshock,4.0 - 4.99,POINT (-121.209 36.6068),38.0
2025-03-18 01:54:15,35.9448,-120.4923,4.17,9.66,Mainshock,4.0 - 4.99,POINT (-120.4923 35.9448),48.0
2025-03-18 01:48:05,40.7388,-123.8153,4.3,27.98,Mainshock,4.0 - 4.99,POINT (-123.8153 40.7388),20.0
2025-03-18 09:13:34,40.6965,-123.8673,4.42,27.52,Mainshock,4.0 - 4.99,POINT (-123.8673 40.6965),20.0
2025-03-18 12:37:24,37.9652,-118.6675,4.05,6.51,Mainshock,4.0 - 4.99,POINT (-118.6675 37.9652),72.0
2025-03-18 10:36:23,38.7492,-122.7263,4.31,2.89,Mainshock,4.0 - 4.99,POINT (-122.7263 38.7492),29.0
2025-03-18 14:35:28,34.1238,-117.4448,4.42,6.15,Mainshock,4.0 - 4.99,POINT (-117.4448 34.1238),80.0
2025-03-18 08:10:46,33.9527,-116.3953,4.26,7.11,Mainshock,4.0 - 4.99,POINT (-116.3953 33.9527),90.0
2025-03-18 18:43:30,37.4003,-121.4833,4.18,7.2,Mainshock,4.0 - 4.99,POINT (-121.4833 37.4003),39.0
2025-03-18 22:09:13,37.4537,-118.8398,4.0,5.45,Mainshock,4.0 - 4.99,POINT (-118.8398 37.4537),72.0
2025-03-18 23:21:30,40.743,-124.478,4.08,26.83,Mainshock,4.0 - 4.99,POINT (-124.478 40.743),9.0
2025-03-18 07:23:58,40.3707,-124.972,4.85,17.08,Mainshock,4.0 - 4.99,POINT (-124.972 40.3707),9.0
2025-03-18 19:18:13,35.0223,-119.191,4.59,9.29,Mainshock,4.0 - 4.99,POINT (-119.191 35.0223),59.0
2025-03-18 02:29:10,35.0307,-119.1813,4.06,10.68,Foreshock,4.0 - 4.99,POINT (-119.1813 35.0307),59.0
2025-03-18 08:43:55,38.3783,-122.1623,4.14,8.53,Mainshock,4.0 - 4.99,POINT (-122.1623 38.3783),29.0
2025-03-18 22:37:39,38.7885,-122.7547,4.33,-0.51,Mainshock,4.0 - 4.99,POINT (-122.7547 38.7885),29.0
2025-03-18 20:21:11,40.9462,-121.7577,4.43,17.11,Mainshock,4.0 - 4.99,POINT (-121.7577 40.9462),42.0
2025-03-18 07:24:38,35.9288,-120.477,4.48,9.48,Mainshock,4.0 - 4.99,POINT (-120.477 35.9288),48.0
2025-03-18 00:39:33,33.2235,-116.2048,4.06,14.86,Mainshock,4.0 - 4.99,POINT (-116.2048 33.2235),90.0
2025-03-18 19:59:59,35.6697,-121.0835,4.07,5.49,Mainshock,4.0 - 4.99,POINT (-121.0835 35.6697),37.0
2025-03-18 15:41:47,33.5325,-116.5667,5.2,13.05,Mainshock,5.0 - 5.99,POINT (-116.5667 33.5325),90.0
2025-03-18 20:53:26,34.058,-117.0113,4.88,10.56,Mainshock,4.0 - 4.99,POINT (-117.0113 34.058),80.0
2025-03-18 18:45:57,39.3097,-120.0602,4.52,9.74,Mainshock,4.0 - 4.99,POINT (-120.0602 39.3097),52.0
2025-03-18 12:59:43,33.674,-119.761,4.11,5.83,Mainshock,4.0 - 4.99,POINT (-119.761 33.674),57.0
2025-03-18 05:40:33,36.1392,-118.045,4.38,-1.83,Mainshock,4.0 - 4.99,POINT (-118.045 36.1392),71.0
2025-03-18 02:27:44,40.4817,-124.3087,4.2,26.71,Mainshock,4.0 - 4.99,POINT (-124.3087 40.4817),9.0
2025-03-18 22:47:46,33.1663,-115.6352,4.63,4.0,Mainshock,4.0 - 4.99,POINT (-115.6352 33.1663),101.0
2025-03-18 22:50:24,33.1722,-115.6115,4.46,2.0,Aftershock,4.0 - 4.99,POINT (-115.6115 33.1722),101.0
2025-03-18 23:07:16,33.1758,-115.618,4.2,4.62,Mainshock,4.0 - 4.99,POINT (-115.618 33.1758),101.0
2025-03-18 23:27:32,33.1983,-115.5892,4.45,2.89,Aftershock,4.0 - 4.99,POINT (-115.5892 33.1983),101.0
2025-03-18 23:32:11,33.1897,-115.603,4.57,4.27,Aftershock,4.0 - 4.99,POINT (-115.603 33.1897),101.0
2025-03-18 13:50:20,33.1783,-115.6328,4.48,10.0,Aftershock,4.0 - 4.99,POINT (-115.6328 33.1783),101.0
2025-03-18 01:27:19,33.1748,-115.6312,4.5,4.98,Foreshock,4.0 - 4.99,POINT (-115.6312 33.1748),101.0
2025-03-18 01:27:20,33.1533,-115.6463,5.08,1.21,Mainshock,5.0 - 5.99,POINT (-115.6463 33.1533),101.0
2025-03-18 15:09:44,39.0647,-119.6272,4.24,10.36,Mainshock,4.0 - 4.99,POINT (-119.6272 39.0647),63.0
2025-03-18 20:24:05,35.0338,-119.0097,4.47,10.14,Foreshock,4.0 - 4.99,POINT (-119.0097 35.0338),59.0
2025-03-18 20:24:49,35.0433,-119.0143,4.69,10.01,Mainshock,4.0 - 4.99,POINT (-119.0143 35.0433),59.0
2025-03-18 20:30:52,35.0448,-119.007,4.18,10.19,Mainshock,4.0 - 4.99,POINT (-119.007 35.0448),59.0
2025-03-18 13:48:09,35.6477,-121.0917,4.0,4.52,Mainshock,4.0 - 4.99,POINT (-121.0917 35.6477),37.0
2025-03-18 21:11:35,32.4545,-118.1633,4.99,9.78,Mainshock,4.0 - 4.99,POINT (-118.1633 32.4545),67.0
2025-03-18 04:08:42,34.0142,-116.7753,4.1,15.68,Mainshock,4.0 - 4.99,POINT (-116.7753 34.0142),91.0
2025-03-18 07:31:03,34.0122,-116.7755,4.42,17.79,Mainshock,4.0 - 4.99,POINT (-116.7755 34.0122),91.0
2025-03-18 00:05:12,38.835,-122.881,4.14,2.01,Mainshock,4.0 - 4.99,POINT (-122.881 38.835),29.0
2025-03-18 08:51:26,32.4967,-118.145,4.26,9.85,Mainshock,4.0 - 4.99,POINT (-118.145 32.4967),67.0
2025-03-18 07:49:35,34.329,-116.8332,4.17,3.67,Mainshock,4.0 - 4.99,POINT (-116.8332 34.329),91.0
2025-03-18 01:56:38,40.2778,-124.449,4.6,22.25,Mainshock,4.0 - 4.99,POINT (-124.449 40.2778),9.0
2025-03-18 01:36:23,35.6218,-117.5875,4.11,7.93,Mainshock,4.0 - 4.99,POINT (-117.5875 35.6218),81.0
2025-03-18 12:26:00,36.5195,-121.0935,4.34,1.43,Mainshock,4.0 - 4.99,POINT (-121.0935 36.5195),38.0
2025-03-18 01:06:55,35.7252,-121.0933,4.2,6.76,Mainshock,4.0 - 4.99,POINT (-121.0933 35.7252),37.0
2025-03-18 06:36:19,38.2284,-118.7567,4.29,14.02,Mainshock,4.0 - 4.99,POINT (-118.7567 38.2284),73.0
2025-03-18 10:37:29,38.8172,-122.8138,4.71,3.62,Mainshock,4.0 - 4.99,POINT (-122.8138 38.8172),29.0
2025-03-18 10:38:36,38.8433,-122.8537,4.15,2.04,Aftershock,4.0 - 4.99,POINT (-122.8537 38.8433),29.0
2025-03-18 04:20:26,32.3067,-115.2278,5.37,6.01,Mainshock,5.0 - 5.99,POINT (-115.2278 32.3067),100.0
2025-03-18 10:21:35,32.2783,-115.2048,4.3,9.98,Mainshock,4.0 - 4.99,POINT (-115.2048 32.2783),100.0
2025-03-18 07:40:17,32.2433,-115.1353,4.25,6.01,Foreshock,4.0 - 4.99,POINT (-115.1353 32.2433),100.0
2025-03-18 11:55:23,32.3462,-115.2188,4.49,6.01,Mainshock,4.0 - 4.99,POINT (-115.2188 32.3462),100.0
2025-03-18 12:24:51,37.1015,-121.492,4.3,2.83,Mainshock,4.0 - 4.99,POINT (-121.492 37.1015),39.0
2025-03-18 04:16:25,37.2291,-114.6723,4.41,13.75,Mainshock,4.0 - 4.99,POINT (-114.6723 37.2291),116.0
2025-03-18 00:28:07,33.2407,-116.036,4.37,3.46,Mainshock,4.0 - 4.99,POINT (-116.036 33.2407),90.0
2025-03-18 22:20:50,36.071,-117.9022,4.02,2.98,Mainshock,4.0 - 4.99,POINT (-117.9022 36.071),82.0
2025-03-18 11:41:43,40.2807,-124.4332,5.0,20.06,Mainshock,5.0 - 5.99,POINT (-124.4332 40.2807),9.0
2025-03-18 03:08:13,38.3635,-122.5887,4.5,8.55,Mainshock,4.0 - 4.99,POINT (-122.5887 38.3635),29.0
2025-03-18 00:11:06,32.6952,-116.0528,4.05,9.92,Mainshock,4.0 - 4.99,POINT (-116.0528 32.6952),89.0
2025-03-18 20:26:51,33.261,-116.0678,4.01,9.0,Mainshock,4.0 - 4.99,POINT (-116.0678 33.261),90.0
2025-03-18 17:00:08,38.8667,-122.7873,4.56,2.55,Mainshock,4.0 - 4.99,POINT (-122.7873 38.8667),29.0
2025-03-18 15:56:43,32.676,-116.0482,4.62,13.44,Mainshock,4.0 - 4.99,POINT (-116.0482 32.676),89.0
2025-03-18 08:38:13,39.3587,-123.2823,4.1,4.06,Mainshock,4.0 - 4.99,POINT (-123.2823 39.3587),19.0
2025-03-18 21:10:55,32.8205,-115.9725,4.11,3.62,Mainshock,4.0 - 4.99,POINT (-115.9725 32.8205),100.0
2025-03-18 06:14:05,36.1738,-120.2937,4.2,9.62,Mainshock,4.0 - 4.99,POINT (-120.2937 36.1738),49.0
2025-03-18 03:43:39,33.7068,-116.0508,4.11,12.7,Mainshock,4.0 - 4.99,POINT (-116.0508 33.7068),90.0
2025-03-18 00:17:58,39.186,-116.3575,4.59,33.0,Mainshock,4.0 - 4.99,POINT (-116.3575 39.186),96.0
2025-03-18 00:29:35,37.0183,-121.4632,4.91,7.2,Mainshock,4.0 - 4.99,POINT (-121.4632 37.0183),39.0
2025-03-18 00:53:24,36.7552,-115.625,4.07,12.84,Mainshock,4.0 - 4.99,POINT (-115.625 36.7552),104.0
2025-03-18 00:48:36,40.4083,-119.56,4.59,7.48,Mainshock,4.0 - 4.99,POINT (-119.56 40.4083),64.0
2025-03-18 00:39:37,35.026,-116.973,4.5,2.2,Mainshock,4.0 - 4.99,POINT (-116.973 35.026),92.0
2025-03-18 00:59:33,34.405,-116.464,4.19,4.68,Mainshock,4.0 - 4.99,POINT (-116.464 34.405),91.0
2025-03-18 00:59:27,38.7895,-122.7768,4.03,2.6,Mainshock,4.0 - 4.99,POINT (-122.7768 38.7895),29.0
2025-03-18 00:21:25,35.9417,-120.493,4.25,6.89,Mainshock,4.0 - 4.99,POINT (-120.493 35.9417),48.0
2025-03-18 00:05:53,37.1078,-115.2013,4.04,4.13,Mainshock,4.0 - 4.99,POINT (-115.2013 37.1078),105.0
2025-03-18 00:20:50,37.1763,-117.8323,6.1,9.13,Mainshock,6.0 - 6.99,POINT (-117.8323 37.1763),83.0
2025-03-18 00:25:36,37.17,-117.919,4.7,5.0,Aftershock,4.0 - 4.99,POINT (-117.919 37.17),83.0
2025-03-18 00:36:09,37.1273,-117.7888,4.38,6.48,Aftershock,4.0 - 4.99,POINT (-117.7888 37.1273),83.0
2025-03-18 00:00:08,37.171,-117.851,4.1,8.8,Foreshock,4.0 - 4.99,POINT (-117.851 37.171),83.0
2025-03-18 00:03:07,37.1622,-117.7942,4.55,7.84,Mainshock,4.0 - 4.99,POINT (-117.7942 37.1622),83.0
2025-03-18 00:19:25,37.093,-117.8368,4.0,9.91,Mainshock,4.0 - 4.99,POINT (-117.8368 37.093),83.0
2025-03-18 00:56:16,37.0052,-117.7555,4.0,7.46,Aftershock,4.0 - 4.99,POINT (-117.7555 37.0052),83.0
2025-03-18 00:39:44,37.0187,-117.74,4.07,4.36,Mainshock,4.0 - 4.99,POINT (-117.74 37.0187),83.0
2025-03-18 00:48:55,37.067,-117.8238,4.97,9.23,Mainshock,4.0 - 4.99,POINT (-117.8238 37.067),83.0
2025-03-18 00:57:41,37.0498,-117.827,4.36,9.99,Aftershock,4.0 - 4.99,POINT (-117.827 37.0498),83.0
2025-03-18 00:13:23,37.1347,-117.7912,5.01,8.1,Mainshock,5.0 - 5.99,POINT (-117.7912 37.1347),83.0
2025-03-18 00:14:15,36.095,-117.702,4.52,-0.35,Mainshock,4.0 - 4.99,POINT (-117.702 36.095),82.0
2025-03-18 00:11:24,37.0855,-117.7802,4.19,5.97,Mainshock,4.0 - 4.99,POINT (-117.7802 37.0855),83.0
2025-03-18 00:47:41,35.149,-119.104,5.19,20.61,Mainshock,5.0 - 5.99,POINT (-119.104 35.149),59.0
2025-03-18 00:21:03,36.7193,-116.1158,4.27,0.08,Mainshock,4.0 - 4.99,POINT (-116.1158 36.7193),93.0
2025-03-18 00:55:30,34.12,-116.995,4.11,4.37,Mainshock,4.0 - 4.99,POINT (-116.995 34.12),91.0
2025-03-18 00:59:10,37.012,-117.762,4.04,1.74,Mainshock,4.0 - 4.99,POINT (-117.762 37.012),83.0
2025-03-18 00:57:45,34.245,-116.429,4.01,1.51,Mainshock,4.0 - 4.99,POINT (-116.429 34.245),91.0
2025-03-18 00:17:21,40.3023,-124.4982,4.13,7.48,Mainshock,4.0 - 4.99,POINT (-124.4982 40.3023),9.0
2025-03-18 00:01:33,40.3235,-124.4532,4.06,6.54,Foreshock,4.0 - 4.99,POINT (-124.4532 40.3235),9.0
2025-03-18 00:44:17,37.022,-117.77,4.01,5.35,Mainshock,4.0 - 4.99,POINT (-117.77 37.022),83.0
2025-03-18 00:48:21,37.5248,-118.883,4.31,2.45,Mainshock,4.0 - 4.99,POINT (-118.883 37.5248),72.0
2025-03-18 00:33:04,37.312,-121.679,4.67,8.93,Mainshock,4.0 - 4.99,POINT (-121.679 37.312),39.0
2025-03-18 00:46:38,34.029,-116.321,5.0,8.24,Mainshock,5.0 - 5.99,POINT (-116.321 34.029),91.0
2025-03-18 00:24:27,32.373,-115.356,4.04,6.01,Mainshock,4.0 - 4.99,POINT (-115.356 32.373),100.0
2025-03-18 00:00:59,37.1802,-116.1847,4.62,10.53,Mainshock,4.0 - 4.99,POINT (-116.1847 37.1802),94.0
2025-03-18 00:19:45,36.5802,-121.1743,4.12,6.86,Mainshock,4.0 - 4.99,POINT (-121.1743 36.5802),38.0
2025-03-18 00:59:45,32.365,-115.069,4.11,5.98,Mainshock,4.0 - 4.99,POINT (-115.069 32.365),100.0
2025-03-18 00:49:46,32.013,-118.807,4.4,5.0,Mainshock,4.0 - 4.99,POINT (-118.807 32.013),67.0
2025-03-18 00:24:07,34.947,-116.652,4.02,4.95,Mainshock,4.0 - 4.99,POINT (-116.652 34.947),91.0
2025-03-18 00:25:35,35.9525,-120.498,4.82,10.88,Mainshock,4.0 - 4.99,POINT (-120.498 35.9525),48.0
2025-03-18 00:37:03,32.366,-115.36,4.09,6.01,Mainshock,4.0 - 4.99,POINT (-115.36 32.366),100.0
2025-03-18 00:53:52,36.9885,-121.7333,4.1,13.34,Mainshock,4.0 - 4.99,POINT (-121.7333 36.9885),38.0
2025-03-18 00:30:55,34.213,-118.537,6.7,18.2,Mainshock,6.0 - 6.99,POINT (-118.537 34.213),69.0
2025-03-18 00:31:58,34.275,-118.493,5.89,5.32,Aftershock,5.0 - 5.99,POINT (-118.493 34.275),69.0
2025-03-18 00:34:18,34.308,-118.475,4.44,5.49,Aftershock,4.0 - 4.99,POINT (-118.475 34.308),69.0
2025-03-18 00:39:40,34.265,-118.54,4.89,5.88,Foreshock,4.0 - 4.99,POINT (-118.54 34.265),69.0
2025-03-18 00:40:10,34.32,-118.507,4.82,5.5,Foreshock,4.0 - 4.99,POINT (-118.507 34.32),69.0
2025-03-18 00:40:36,34.34,-118.614,5.2,5.39,Mainshock,5.0 - 5.99,POINT (-118.614 34.34),69.0
2025-03-18 00:55:47,34.277,-118.578,4.07,5.93,Aftershock,4.0 - 4.99,POINT (-118.578 34.277),69.0
2025-03-18 00:06:28,34.251,-118.55,4.62,5.93,Mainshock,4.0 - 4.99,POINT (-118.55 34.251),69.0
2025-03-18 00:26:45,34.318,-118.456,4.68,5.86,Mainshock,4.0 - 4.99,POINT (-118.456 34.318),69.0
2025-03-18 00:56:03,34.293,-118.621,4.44,5.93,Aftershock,4.0 - 4.99,POINT (-118.621 34.293),69.0
2025-03-18 00:14:31,34.331,-118.445,4.45,5.86,Mainshock,4.0 - 4.99,POINT (-118.445 34.331),69.0
2025-03-18 00:46:12,38.8068,-122.4467,4.16,10.67,Mainshock,4.0 - 4.99,POINT (-122.4467 38.8068),29.0
2025-03-18 00:07:03,34.304,-118.474,4.2,2.44,Mainshock,4.0 - 4.99,POINT (-118.474 34.304),69.0
2025-03-18 00:07:36,34.307,-118.467,4.14,1.51,Aftershock,4.0 - 4.99,POINT (-118.467 34.307),69.0
2025-03-18 00:54:11,34.376,-118.627,4.85,12.45,Aftershock,4.0 - 4.99,POINT (-118.627 34.376),69.0
2025-03-18 00:56:08,34.228,-118.572,4.63,19.1,Aftershock,4.0 - 4.99,POINT (-118.572 34.228),69.0
2025-03-18 00:43:53,34.368,-118.637,4.05,13.34,Aftershock,4.0 - 4.99,POINT (-118.637 34.368),69.0
2025-03-18 00:46:02,34.302,-118.565,4.85,5.81,Aftershock,4.0 - 4.99,POINT (-118.565 34.302),69.0
2025-03-18 00:31:54,34.339,-118.442,4.12,5.73,Foreshock,4.0 - 4.99,POINT (-118.442 34.339),69.0
2025-03-18 00:33:31,34.326,-118.698,5.58,9.08,Mainshock,5.0 - 5.99,POINT (-118.698 34.326),69.0
2025-03-18 00:39:35,34.379,-118.564,4.4,6.51,Foreshock,4.0 - 4.99,POINT (-118.564 34.379),69.0
2025-03-18 00:40:04,34.394,-118.543,4.21,-0.84,Foreshock,4.0 - 4.99,POINT (-118.543 34.394),69.0
2025-03-18 00:43:09,34.377,-118.698,5.24,10.71,Mainshock,5.0 - 5.99,POINT (-118.698 34.377),69.0
2025-03-18 00:01:27,34.358,-118.623,4.26,0.15,Foreshock,4.0 - 4.99,POINT (-118.623 34.358),69.0
2025-03-18 00:23:56,34.333,-118.623,4.04,14.63,Mainshock,4.0 - 4.99,POINT (-118.623 34.333),69.0
2025-03-18 00:35:10,34.218,-118.607,4.19,11.91,Aftershock,4.0 - 4.99,POINT (-118.607 34.218),69.0
2025-03-18 00:24:44,34.319,-118.558,4.32,1.54,Aftershock,4.0 - 4.99,POINT (-118.558 34.319),69.0
2025-03-18 00:23:47,34.379,-118.561,4.84,7.44,Mainshock,4.0 - 4.99,POINT (-118.561 34.379),69.0
2025-03-18 00:40:48,34.361,-118.571,4.34,2.26,Aftershock,4.0 - 4.99,POINT (-118.571 34.361),69.0
2025-03-18 00:43:15,34.366,-118.709,4.04,5.44,Aftershock,4.0 - 4.99,POINT (-118.709 34.366),69.0
2025-03-18 00:13:11,34.304,-118.737,4.05,12.63,Aftershock,4.0 - 4.99,POINT (-118.737 34.304),69.0
2025-03-18 00:09:15,34.215,-118.51,4.52,17.29,Foreshock,4.0 - 4.99,POINT (-118.51 34.215),69.0
2025-03-18 00:09:29,34.379,-118.712,5.06,13.8,Foreshock,5.0 - 5.99,POINT (-118.712 34.379),69.0
2025-03-18 00:11:45,34.378,-118.619,5.07,10.83,Mainshock,5.0 - 5.99,POINT (-118.619 34.378),69.0
2025-03-18 00:42:33,40.5132,-124.774,4.4,15.68,Mainshock,4.0 - 4.99,POINT (-124.774 40.5132),9.0
2025-03-18 00:39:15,34.301,-118.466,4.53,10.32,Mainshock,4.0 - 4.99,POINT (-118.466 34.301),69.0
2025-03-18 00:39:47,34.297,-118.479,4.0,11.53,Aftershock,4.0 - 4.99,POINT (-118.479 34.297),69.0
2025-03-18 00:42:29,34.31,-118.474,4.25,7.53,Aftershock,4.0 - 4.99,POINT (-118.474 34.31),69.0
2025-03-18 00:52:44,34.302,-118.452,4.31,7.3,Foreshock,4.0 - 4.99,POINT (-118.452 34.302),69.0
2025-03-18 00:53:45,34.298,-118.458,4.32,7.36,Foreshock,4.0 - 4.99,POINT (-118.458 34.298),69.0
2025-03-18 00:54:11,34.393,-118.568,4.64,6.97,Mainshock,4.0 - 4.99,POINT (-118.568 34.393),69.0
2025-03-18 00:55:09,34.3,-118.428,4.07,5.69,Aftershock,4.0 - 4.99,POINT (-118.428 34.3),69.0
2025-03-18 00:15:19,34.347,-118.552,4.59,6.02,Foreshock,4.0 - 4.99,POINT (-118.552 34.347),69.0
2025-03-18 00:50:24,34.361,-118.628,4.3,11.57,Aftershock,4.0 - 4.99,POINT (-118.628 34.361),69.0
2025-03-18 00:54:21,34.364,-118.627,4.2,10.33,Aftershock,4.0 - 4.99,POINT (-118.627 34.364),69.0
2025-03-18 00:19:59,34.273,-118.563,4.57,14.54,Mainshock,4.0 - 4.99,POINT (-118.563 34.273),69.0
2025-03-18 00:09:53,34.375,-118.494,4.21,0.19,Foreshock,4.0 - 4.99,POINT (-118.494 34.375),69.0
2025-03-18 00:20:36,34.306,-118.579,5.06,0.61,Mainshock,5.0 - 5.99,POINT (-118.579 34.306),69.0
2025-03-18 00:16:56,34.278,-118.611,4.33,2.33,Foreshock,4.0 - 4.99,POINT (-118.611 34.278),69.0
2025-03-18 00:10:09,36.4202,-116.985,4.21,12.46,Mainshock,4.0 - 4.99,POINT (-116.985 36.4202),93.0
2025-03-18 00:19:27,34.292,-118.476,4.09,9.0,Mainshock,4.0 - 4.99,POINT (-118.476 34.292),69.0
2025-03-18 00:59:13,34.357,-118.48,4.03,0.53,Mainshock,4.0 - 4.99,POINT (-118.48 34.357),69.0
2025-03-18 00:59:04,40.3635,-124.9518,4.7,8.89,Mainshock,4.0 - 4.99,POINT (-124.9518 40.3635),9.0
2025-03-18 00:20:12,34.231,-118.475,5.24,12.44,Mainshock,5.0 - 5.99,POINT (-118.475 34.231),69.0
2025-03-18 00:32:58,36.6772,-116.2213,4.34,1.21,Mainshock,4.0 - 4.99,POINT (-116.2213 36.6772),93.0
2025-03-18 01:00:00,36.1838,-120.3068,4.2,11.37,Mainshock,4.0 - 4.99,POINT (-120.3068 36.1838),49.0
2025-03-18 00:02:30,36.1782,-120.2968,4.2,10.93,Foreshock,4.0 - 4.99,POINT (-120.2968 36.1782),49.0
2025-03-18 00:01:04,34.192,-117.095,4.78,5.73,Mainshock,4.0 - 4.99,POINT (-117.095 34.192),80.0
2025-03-18 00:37:15,36.2968,-120.4305,4.2,9.43,Mainshock,4.0 - 4.99,POINT (-120.4305 36.2968),49.0
2025-03-18 00:45:16,36.5985,-121.1975,4.0,7.14,Mainshock,4.0 - 4.99,POINT (-121.1975 36.5985),38.0
2025-03-18 00:56:57,34.312,-118.393,4.4,6.23,Mainshock,4.0 - 4.99,POINT (-118.393 34.312),69.0
2025-03-18 00:59:49,34.311,-118.398,4.13,6.62,Aftershock,4.0 - 4.99,POINT (-118.398 34.311),69.0
2025-03-18 00:24:28,34.268,-116.402,4.97,2.52,Mainshock,4.0 - 4.99,POINT (-116.402 34.268),91.0
2025-03-18 00:39:33,40.3555,-124.4628,4.9,18.68,Mainshock,4.0 - 4.99,POINT (-124.4628 40.3555),9.0
2025-03-18 00:42:50,37.9152,-122.2852,4.0,6.1,Mainshock,4.0 - 4.99,POINT (-122.2852 37.9152),28.0
2025-03-18 00:34:31,34.64,-116.517,4.85,7.93,Mainshock,4.0 - 4.99,POINT (-116.517 34.64),91.0
2025-03-18 00:47:54,40.3298,-124.7037,4.16,14.0,Mainshock,4.0 - 4.99,POINT (-124.7037 40.3298),9.0
2025-03-18 00:22:53,32.342,-115.28,4.63,6.01,Mainshock,4.0 - 4.99,POINT (-115.28 32.342),100.0
2025-03-18 00:23:42,38.8083,-119.6383,5.89,1.72,Mainshock,5.0 - 5.99,POINT (-119.6383 38.8083),62.0
2025-03-18 00:57:09,38.7832,-119.6673,4.95,33.0,Mainshock,4.0 - 4.99,POINT (-119.6673 38.7832),62.0
2025-03-18 00:17:48,38.7467,-119.5917,4.14,5.47,Foreshock,4.0 - 4.99,POINT (-119.5917 38.7467),62.0
2025-03-18 00:37:20,38.7565,-119.5825,4.2,3.72,Mainshock,4.0 - 4.99,POINT (-119.5825 38.7565),62.0
2025-03-18 00:17:19,38.757,-119.5857,4.07,5.2,Foreshock,4.0 - 4.99,POINT (-119.5857 38.757),62.0
2025-03-18 00:40:56,38.7517,-119.587,4.14,5.36,Mainshock,4.0 - 4.99,POINT (-119.587 38.7517),62.0
2025-03-18 00:09:01,40.4235,-124.6258,4.6,21.32,Mainshock,4.0 - 4.99,POINT (-124.6258 40.4235),9.0
2025-03-18 00:00:49,32.066,-114.948,5.2,10.0,Mainshock,5.0 - 5.99,POINT (-114.948 32.066),111.0
2025-03-18 00:07:06,38.7667,-119.6015,4.16,5.59,Mainshock,4.0 - 4.99,POINT (-119.6015 38.7667),62.0
2025-03-18 00:57:25,40.3248,-124.6205,4.5,18.82,Mainshock,4.0 - 4.99,POINT (-124.6205 40.3248),9.0
2025-03-18 00:49:59,35.512,-117.494,4.18,2.46,Mainshock,4.0 - 4.99,POINT (-117.494 35.512),81.0
2025-03-18 00:28:24,40.3503,-124.4698,4.5,17.51,Mainshock,4.0 - 4.99,POINT (-124.4698 40.3503),9.0
2025-03-18 00:50:58,39.1705,-119.6873,4.19,12.93,Mainshock,4.0 - 4.99,POINT (-119.6873 39.1705),63.0
2025-03-18 00:31:43,34.012,-116.319,4.21,5.5,Mainshock,4.0 - 4.99,POINT (-116.319 34.012),91.0
2025-03-18 00:38:29,40.2052,-123.1167,4.02,37.1,Mainshock,4.0 - 4.99,POINT (-123.1167 40.2052),20.0
2025-03-18 00:48:35,34.293,-118.389,4.54,8.21,Mainshock,4.0 - 4.99,POINT (-118.389 34.293),69.0
2025-03-18 00:27:47,35.9177,-120.4647,4.9,8.35,Mainshock,4.0 - 4.99,POINT (-120.4647 35.9177),48.0
2025-03-18 00:10:29,40.7383,-124.3028,5.4,22.62,Mainshock,5.0 - 5.99,POINT (-124.3028 40.7383),9.0
2025-03-18 00:12:02,38.7788,-119.6573,4.12,29.1,Mainshock,4.0 - 4.99,POINT (-119.6573 38.7788),62.0
2025-03-18 00:53:32,40.3212,-124.658,4.4,12.88,Mainshock,4.0 - 4.99,POINT (-124.658 40.3212),9.0
2025-03-18 00:34:38,38.823,-122.7968,4.14,1.03,Mainshock,4.0 - 4.99,POINT (-122.7968 38.823),29.0
2025-03-18 00:36:51,40.7437,-124.293,4.2,20.34,Mainshock,4.0 - 4.99,POINT (-124.293 40.7437),9.0
2025-03-18 00:24:18,34.049,-118.915,4.34,15.21,Mainshock,4.0 - 4.99,POINT (-118.915 34.049),69.0
2025-03-18 00:09:47,38.9305,-122.625,4.1,4.69,Mainshock,4.0 - 4.99,POINT (-122.625 38.9305),29.0
2025-03-18 00:07:03,37.5957,-118.834,4.2,8.24,Mainshock,4.0 - 4.99,POINT (-118.834 37.5957),72.0
2025-03-18 00:48:47,37.5912,-118.8337,4.0,8.55,Mainshock,4.0 - 4.99,POINT (-118.8337 37.5912),72.0
2025-03-18 00:31:32,38.786,-119.6847,4.39,2.76,Mainshock,4.0 - 4.99,POINT (-119.6847 38.786),62.0
2025-03-18 00:41:37,36.602,-121.201,4.9,6.61,Mainshock,4.0 - 4.99,POINT (-121.201 36.602),38.0
2025-03-18 00:56:34,40.184,-123.1718,4.1,34.21,Mainshock,4.0 - 4.99,POINT (-123.1718 40.184),20.0
2025-03-18 00:03:33,33.905,-116.288,4.77,10.12,Mainshock,4.0 - 4.99,POINT (-116.288 33.905),90.0
2025-03-18 00:29:14,39.8072,-122.7373,4.4,2.56,Mainshock,4.0 - 4.99,POINT (-122.7373 39.8072),30.0
2025-03-18 00:23:23,39.836,-120.724,4.3,12.6,Mainshock,4.0 - 4.99,POINT (-120.724 39.836),52.0
2025-03-18 00:17:36,32.985,-117.818,4.27,5.74,Mainshock,4.0 - 4.99,POINT (-117.818 32.985),78.0
2025-03-18 00:40:29,34.394,-118.669,5.02,12.76,Mainshock,5.0 - 5.99,POINT (-118.669 34.394),69.0
2025-03-18 00:34:47,37.0962,-116.4095,4.18,16.35,Mainshock,4.0 - 4.99,POINT (-116.4095 37.0962),94.0
2025-03-18 00:39:59,35.776,-117.662,5.36,4.78,Mainshock,5.0 - 5.99,POINT (-117.662 35.776),81.0
2025-03-18 00:41:11,35.79,-117.679,4.32,5.11,Aftershock,4.0 - 4.99,POINT (-117.679 35.79),81.0
2025-03-18 00:29:55,35.791,-117.641,4.21,4.07,Foreshock,4.0 - 4.99,POINT (-117.641 35.791),81.0
2025-03-18 00:16:18,38.683,-122.7435,4.8,6.58,Mainshock,4.0 - 4.99,POINT (-122.7435 38.683),29.0
2025-03-18 00:27:18,34.199,-116.438,4.44,-0.89,Mainshock,4.0 - 4.99,POINT (-116.438 34.199),91.0
2025-03-18 00:37:24,35.788,-117.663,4.24,5.83,Mainshock,4.0 - 4.99,POINT (-117.663 35.788),81.0
2025-03-18 00:36:46,37.0972,-121.5112,4.2,7.78,Mainshock,4.0 - 4.99,POINT (-121.5112 37.0972),39.0
2025-03-18 00:27:36,35.761,-117.638,5.75,4.69,Mainshock,5.0 - 5.99,POINT (-117.638 35.761),81.0
2025-03-18 00:30:35,35.729,-117.611,4.21,9.39,Aftershock,4.0 - 4.99,POINT (-117.611 35.729),81.0
2025-03-18 00:32:47,35.755,-117.629,4.0,7.59,Aftershock,4.0 - 4.99,POINT (-117.629 35.755),81.0
2025-03-18 00:57:41,35.756,-117.633,4.02,4.62,Mainshock,4.0 - 4.99,POINT (-117.633 35.756),81.0
2025-03-18 00:48:39,35.761,-117.643,4.01,4.7,Foreshock,4.0 - 4.99,POINT (-117.643 35.761),81.0
2025-03-18 00:47:22,38.723,-118.5775,4.44,7.29,Mainshock,4.0 - 4.99,POINT (-118.5775 38.723),73.0
2025-03-18 00:06:18,36.8163,-121.2045,4.2,6.72,Mainshock,4.0 - 4.99,POINT (-121.2045 36.8163),38.0
2025-03-18 00:47:29,35.809,-117.616,4.9,8.51,Mainshock,4.0 - 4.99,POINT (-117.616 35.809),81.0
2025-03-18 00:44:42,36.5763,-121.1772,4.0,8.46,Mainshock,4.0 - 4.99,POINT (-121.1772 36.5763),38.0
2025-03-18 00:42:05,35.742,-117.631,4.16,2.98,Mainshock,4.0 - 4.99,POINT (-117.631 35.742),81.0
2025-03-18 00:33:59,39.6442,-120.0067,4.61,11.52,Mainshock,4.0 - 4.99,POINT (-120.0067 39.6442),52.0
2025-03-18 00:12:34,36.8045,-121.5245,4.2,7.03,Mainshock,4.0 - 4.99,POINT (-121.5245 36.8045),38.0
2025-03-18 00:19:45,40.3567,-124.3505,4.1,21.8,Mainshock,4.0 - 4.99,POINT (-124.3505 40.3567),9.0
2025-03-18 00:00:34,38.7342,-119.5905,4.67,6.82,Mainshock,4.0 - 4.99,POINT (-119.5905 38.7342),62.0
2025-03-18 00:39:56,38.7478,-119.5887,4.64,6.9,Foreshock,4.0 - 4.99,POINT (-119.5887 38.7478),62.0
2025-03-18 00:40:12,38.7478,-119.5887,4.72,6.9,Mainshock,4.0 - 4.99,POINT (-119.5887 38.7478),62.0
2025-03-18 00:42:59,34.245,-118.599,4.2,5.34,Mainshock,4.0 - 4.99,POINT (-118.599 34.245),69.0
2025-03-18 00:28:01,38.7272,-119.6123,4.91,8.62,Mainshock,4.0 - 4.99,POINT (-119.6123 38.7272),62.0
2025-03-18 00:48:23,35.098,-118.306,4.09,6.9,Mainshock,4.0 - 4.99,POINT (-118.306 35.098),70.0
2025-03-18 00:26:42,38.7452,-119.5922,4.03,6.74,Mainshock,4.0 - 4.99,POINT (-119.5922 38.7452),62.0
2025-03-18 00:32:53,35.761,-117.646,5.17,3.24,Mainshock,5.0 - 5.99,POINT (-117.646 35.761),81.0
2025-03-18 00:57:11,35.755,-117.62,4.16,1.17,Aftershock,4.0 - 4.99,POINT (-117.62 35.755),81.0
2025-03-18 00:52:29,35.779,-117.636,4.36,1.99,Mainshock,4.0 - 4.99,POINT (-117.636 35.779),81.0
2025-03-18 00:53:39,35.799,-117.632,4.24,1.55,Aftershock,4.0 - 4.99,POINT (-117.632 35.799),81.0
2025-03-18 00:46:35,34.994,-116.943,4.19,6.05,Mainshock,4.0 - 4.99,POINT (-116.943 34.994),91.0
2025-03-18 00:06:03,35.789,-117.664,4.18,3.91,Mainshock,4.0 - 4.99,POINT (-117.664 35.789),81.0
2025-03-18 00:40:30,39.978,-120.848,4.0,5.0,Mainshock,4.0 - 4.99,POINT (-120.848 39.978),52.0
2025-03-18 00:19:06,38.7202,-119.6057,4.21,5.08,Mainshock,4.0 - 4.99,POINT (-119.6057 38.7202),62.0
2025-03-18 00:38:00,34.362,-118.615,4.11,12.37,Mainshock,4.0 - 4.99,POINT (-118.615 34.362),69.0
2025-03-18 00:22:24,37.626,-118.8585,4.2,5.88,Mainshock,4.0 - 4.99,POINT (-118.8585 37.626),72.0
2025-03-18 00:15:18,37.628,-118.8663,4.2,5.32,Foreshock,4.0 - 4.99,POINT (-118.8663 37.628),72.0
2025-03-18 00:50:08,37.6253,-118.8607,4.25,5.59,Mainshock,4.0 - 4.99,POINT (-118.8607 37.6253),72.0
2025-03-18 00:52:41,36.8853,-121.6133,4.9,5.34,Mainshock,4.0 - 4.99,POINT (-121.6133 36.8853),38.0
2025-03-18 00:49:56,34.354,-118.703,4.09,13.8,Mainshock,4.0 - 4.99,POINT (-118.703 34.354),69.0
2025-03-18 00:50:20,37.3593,-121.7223,4.7,7.52,Mainshock,4.0 - 4.99,POINT (-121.7223 37.3593),39.0
2025-03-18 00:26:56,40.9932,-124.9393,4.4,1.63,Mainshock,4.0 - 4.99,POINT (-124.9393 40.9932),9.0
2025-03-18 00:49:02,38.6315,-119.4703,4.27,12.8,Mainshock,4.0 - 4.99,POINT (-119.4703 38.6315),62.0
2025-03-18 00:19:05,40.352,-124.751,4.7,7.13,Mainshock,4.0 - 4.99,POINT (-124.751 40.352),9.0
2025-03-18 00:05:28,34.599,-116.28,4.3,4.78,Mainshock,4.0 - 4.99,POINT (-116.28 34.599),91.0
2025-03-18 00:12:29,40.5198,-124.7713,4.0,14.68,Mainshock,4.0 - 4.99,POINT (-124.7713 40.5198),9.0
2025-03-18 00:24:48,32.377,-115.379,4.05,6.0,Mainshock,4.0 - 4.99,POINT (-115.379 32.377),100.0
2025-03-18 00:01:48,37.942,-118.1372,4.02,5.64,Mainshock,4.0 - 4.99,POINT (-118.1372 37.942),72.0
2025-03-18 00:17:33,34.604,-116.278,4.16,4.78,Mainshock,4.0 - 4.99,POINT (-116.278 34.604),91.0
2025-03-18 00:09:29,34.481,-119.353,4.07,13.48,Mainshock,4.0 - 4.99,POINT (-119.353 34.481),58.0
2025-03-18 00:42:44,33.953,-116.314,4.46,5.38,Mainshock,4.0 - 4.99,POINT (-116.314 33.953),90.0
2025-03-18 00:17:24,36.075,-117.65,5.3,-0.02,Mainshock,5.0 - 5.99,POINT (-117.65 36.075),82.0
2025-03-18 00:21:15,38.7915,-122.7573,4.34,2.04,Mainshock,4.0 - 4.99,POINT (-122.7573 38.7915),29.0
2025-03-18 00:35:49,38.6718,-119.5288,4.45,5.13,Mainshock,4.0 - 4.99,POINT (-119.5288 38.6718),62.0
2025-03-18 00:53:17,38.666,-119.5128,4.22,4.19,Mainshock,4.0 - 4.99,POINT (-119.5128 38.666),62.0
2025-03-18 00:36:09,39.0165,-123.0623,4.0,2.81,Mainshock,4.0 - 4.99,POINT (-123.0623 39.0165),19.0
2025-03-18 00:54:39,40.2875,-124.3907,4.2,20.94,Aftershock,4.0 - 4.99,POINT (-124.3907 40.2875),9.0
2025-03-18 00:17:17,40.2737,-124.3792,5.6,23.01,Mainshock,5.0 - 5.99,POINT (-124.3792 40.2737),9.0
2025-03-18 00:00:43,40.3322,-124.6343,4.6,22.66,Foreshock,4.0 - 4.99,POINT (-124.6343 40.3322),9.0
2025-03-18 00:23:19,40.2813,-124.3965,5.2,21.57,Mainshock,5.0 - 5.99,POINT (-124.3965 40.2813),9.0
2025-03-18 00:26:29,37.565,-118.8605,4.2,7.51,Mainshock,4.0 - 4.99,POINT (-118.8605 37.565),72.0
2025-03-18 00:13:26,37.5698,-118.8537,4.1,7.35,Foreshock,4.0 - 4.99,POINT (-118.8537 37.5698),72.0
2025-03-18 00:24:48,34.971,-116.819,5.26,0.62,Mainshock,5.0 - 5.99,POINT (-116.819 34.971),91.0
2025-03-18 00:31:49,36.8377,-121.4092,4.2,8.94,Mainshock,4.0 - 4.99,POINT (-121.4092 36.8377),38.0
2025-03-18 00:57:20,40.535,-124.7973,4.2,12.7,Mainshock,4.0 - 4.99,POINT (-124.7973 40.535),9.0
2025-03-18 00:20:54,38.0712,-118.7328,4.17,8.37,Mainshock,4.0 - 4.99,POINT (-118.7328 38.0712),73.0
2025-03-18 00:39:38,40.369,-116.177,4.3,5.0,Mainshock,4.0 - 4.99,POINT (-116.177 40.369),97.0
2025-03-18 00:49:35,37.1713,-115.9668,4.34,9.52,Mainshock,4.0 - 4.99,POINT (-115.9668 37.1713),105.0
2025-03-18 00:37:31,34.369,-118.67,5.07,15.89,Mainshock,5.0 - 5.99,POINT (-118.67 34.369),69.0
2025-03-18 00:09:28,34.377,-118.649,4.92,14.62,Foreshock,4.0 - 4.99,POINT (-118.649 34.377),69.0
2025-03-18 00:12:54,35.453,-118.431,4.49,4.97,Mainshock,4.0 - 4.99,POINT (-118.431 35.453),70.0
2025-03-18 00:23:20,40.612,-114.986,4.4,5.0,Mainshock,4.0 - 4.99,POINT (-114.986 40.612),119.0
2025-03-18 00:48:19,36.6138,-115.8233,4.27,4.57,Mainshock,4.0 - 4.99,POINT (-115.8233 36.6138),104.0
2025-03-18 00:35:41,32.681,-118.109,4.76,5.83,Mainshock,4.0 - 4.99,POINT (-118.109 32.681),67.0
2025-03-18 00:38:55,32.685,-118.137,4.18,5.83,Aftershock,4.0 - 4.99,POINT (-118.137 32.685),67.0
2025-03-18 00:04:14,32.626,-118.151,4.53,5.68,Foreshock,4.0 - 4.99,POINT (-118.151 32.626),67.0
2025-03-18 00:45:25,34.168,-117.336,4.18,8.89,Mainshock,4.0 - 4.99,POINT (-117.336 34.168),80.0
2025-03-18 00:49:38,35.791,-117.638,4.25,3.93,Mainshock,4.0 - 4.99,POINT (-117.638 35.791),81.0
2025-03-18 00:18:04,40.9052,-123.372,4.0,24.54,Mainshock,4.0 - 4.99,POINT (-123.372 40.9052),20.0
2025-03-18 00:14:56,33.398,-116.349,4.89,11.11,Mainshock,4.0 - 4.99,POINT (-116.349 33.398),90.0
2025-03-18 00:29:27,40.7492,-124.45,4.3,21.02,Mainshock,4.0 - 4.99,POINT (-124.45 40.7492),9.0
2025-03-18 00:35:34,38.5955,-118.5052,4.19,11.27,Aftershock,4.0 - 4.99,POINT (-118.5052 38.5955),73.0
2025-03-18 00:11:25,38.594,-118.5085,4.54,11.14,Mainshock,4.0 - 4.99,POINT (-118.5085 38.594),73.0
2025-03-18 00:36:48,38.5933,-118.4987,4.55,9.97,Mainshock,4.0 - 4.99,POINT (-118.4987 38.5933),73.0
2025-03-18 00:36:55,36.852,-116.26,4.15,13.44,Mainshock,4.0 - 4.99,POINT (-116.26 36.852),93.0
2025-03-18 00:37:15,34.141,-116.856,4.11,8.67,Mainshock,4.0 - 4.99,POINT (-116.856 34.141),91.0
2025-03-18 00:57:23,34.301,-116.452,4.42,6.54,Mainshock,4.0 - 4.99,POINT (-116.452 34.301),91.0
2025-03-18 00:54:49,39.6038,-122.0625,4.0,14.74,Mainshock,4.0 - 4.99,POINT (-122.0625 39.6038),30.0
2025-03-18 00:34:22,37.8488,-118.2102,4.33,6.05,Mainshock,4.0 - 4.99,POINT (-118.2102 37.8488),72.0
2025-03-18 00:51:54,37.8463,-118.2152,5.3,6.38,Mainshock,5.0 - 5.99,POINT (-118.2152 37.8463),72.0
2025-03-18 00:03:04,37.8433,-118.203,4.49,6.5,Foreshock,4.0 - 4.99,POINT (-118.203 37.8433),72.0
2025-03-18 00:22:53,37.8722,-118.2192,4.4,6.35,Mainshock,4.0 - 4.99,POINT (-118.2192 37.8722),72.0
2025-03-18 00:49:28,39.912,-120.845,4.3,5.0,Mainshock,4.0 - 4.99,POINT (-120.845 39.912),52.0
2025-03-18 00:00:08,37.2467,-117.845,4.24,10.2,Foreshock,4.0 - 4.99,POINT (-117.845 37.2467),83.0
2025-03-18 00:00:20,37.2587,-117.8592,4.98,6.1,Mainshock,4.0 - 4.99,POINT (-117.8592 37.2587),83.0
2025-03-18 00:06:56,37.6353,-118.9178,4.54,6.0,Mainshock,4.0 - 4.99,POINT (-118.9178 37.6353),72.0
2025-03-18 00:20:35,37.6365,-118.936,4.86,5.11,Mainshock,4.0 - 4.99,POINT (-118.936 37.6365),72.0
2025-03-18 00:11:00,37.636,-118.9487,4.5,5.55,Foreshock,4.0 - 4.99,POINT (-118.9487 37.636),72.0
2025-03-18 00:17:05,37.6358,-118.9448,4.88,4.57,Mainshock,4.0 - 4.99,POINT (-118.9448 37.6358),72.0
2025-03-18 00:04:39,34.097,-116.996,4.08,3.07,Mainshock,4.0 - 4.99,POINT (-116.996 34.097),91.0
2025-03-18 00:22:04,37.425,-119.4392,4.02,16.19,Mainshock,4.0 - 4.99,POINT (-119.4392 37.425),61.0
2025-03-18 00:10:13,32.337,-115.263,4.01,6.0,Mainshock,4.0 - 4.99,POINT (-115.263 32.337),100.0
2025-03-18 00:42:42,40.3165,-124.5552,4.2,21.3,Aftershock,4.0 - 4.99,POINT (-124.5552 40.3165),9.0
2025-03-18 00:19:35,40.2917,-124.5095,4.4,4.31,Mainshock,4.0 - 4.99,POINT (-124.5095 40.2917),9.0
2025-03-18 00:02:33,37.6023,-118.9128,4.1,5.8,Mainshock,4.0 - 4.99,POINT (-118.9128 37.6023),72.0
2025-03-18 00:22:45,33.192,-115.608,4.07,10.28,Mainshock,4.0 - 4.99,POINT (-115.608 33.192),101.0
2025-03-18 00:36:47,37.632,-118.8693,4.8,4.23,Mainshock,4.0 - 4.99,POINT (-118.8693 37.632),72.0
2025-03-18 00:05:58,37.2903,-115.0587,4.43,13.67,Mainshock,4.0 - 4.99,POINT (-115.0587 37.2903),105.0
2025-03-18 00:11:13,37.633,-118.8717,4.2,4.26,Mainshock,4.0 - 4.99,POINT (-118.8717 37.633),72.0
2025-03-18 00:14:07,33.951,-117.709,4.29,11.36,Mainshock,4.0 - 4.99,POINT (-117.709 33.951),79.0
2025-03-18 00:35:43,40.3465,-124.8513,4.5,6.0,Mainshock,4.0 - 4.99,POINT (-124.8513 40.3465),9.0
2025-03-18 00:08:39,39.9,-120.46,4.1,10.0,Mainshock,4.0 - 4.99,POINT (-120.46 39.9),52.0
2025-03-18 00:50:37,38.239,-118.389,4.3,11.0,Mainshock,4.0 - 4.99,POINT (-118.389 38.239),73.0
2025-03-18 00:47:40,36.067,-117.638,5.23,0.33,Mainshock,5.0 - 5.99,POINT (-117.638 36.067),82.0
2025-03-18 00:49:44,36.061,-117.63,4.85,-0.54,Aftershock,4.0 - 4.99,POINT (-117.63 36.061),82.0
2025-03-18 00:54:22,36.072,-117.625,4.46,-0.4,Aftershock,4.0 - 4.99,POINT (-117.625 36.072),82.0
2025-03-18 00:36:35,36.062,-117.647,4.44,0.64,Foreshock,4.0 - 4.99,POINT (-117.647 36.062),82.0
2025-03-18 00:36:47,36.076,-117.618,5.04,0.23,Foreshock,5.0 - 5.99,POINT (-117.618 36.076),82.0
2025-03-18 00:37:44,36.074,-117.623,4.8,-1.44,Foreshock,4.0 - 4.99,POINT (-117.623 36.074),82.0
2025-03-18 00:18:52,34.024,-117.23,4.45,14.42,Mainshock,4.0 - 4.99,POINT (-117.23 34.024),80.0
2025-03-18 00:43:05,37.8568,-118.2075,4.44,5.7,Mainshock,4.0 - 4.99,POINT (-118.2075 37.8568),72.0
2025-03-18 00:17:27,38.467,-118.4098,4.37,6.74,Mainshock,4.0 - 4.99,POINT (-118.4098 38.467),73.0
2025-03-18 00:31:33,36.8112,-121.5412,4.3,7.85,Mainshock,4.0 - 4.99,POINT (-121.5412 36.8112),38.0
2025-03-18 00:24:40,37.5885,-118.7957,4.9,4.56,Mainshock,4.0 - 4.99,POINT (-118.7957 37.5885),72.0
2025-03-18 00:59:22,37.0388,-121.4777,4.0,7.95,Mainshock,4.0 - 4.99,POINT (-121.4777 37.0388),39.0
2025-03-18 00:41:06,37.5888,-118.7835,4.05,5.72,Mainshock,4.0 - 4.99,POINT (-118.7835 37.5888),72.0
2025-03-18 00:39:50,36.9222,-117.5408,4.92,6.22,Mainshock,4.0 - 4.99,POINT (-117.5408 36.9222),82.0
2025-03-18 00:25:13,36.927,-117.507,4.1,5.0,Foreshock,4.0 - 4.99,POINT (-117.507 36.927),82.0
2025-03-18 00:29:14,33.224,-116.088,4.07,12.25,Mainshock,4.0 - 4.99,POINT (-116.088 33.224),90.0
2025-03-18 00:53:19,37.5638,-118.806,4.9,3.71,Mainshock,4.0 - 4.99,POINT (-118.806 37.5638),72.0
2025-03-18 00:38:50,40.6257,-122.409,4.5,22.8,Mainshock,4.0 - 4.99,POINT (-122.409 40.6257),31.0
2025-03-18 00:01:44,37.5698,-118.7913,4.06,1.78,Mainshock,4.0 - 4.99,POINT (-118.7913 37.5698),72.0
2025-03-18 00:45:46,37.5723,-118.797,4.1,4.42,Aftershock,4.0 - 4.99,POINT (-118.797 37.5723),72.0
2025-03-18 00:44:29,37.5815,-118.79,4.12,1.93,Mainshock,4.0 - 4.99,POINT (-118.79 37.5815),72.0
2025-03-18 00:10:25,36.7545,-121.4615,5.1,8.82,Mainshock,5.0 - 5.99,POINT (-121.4615 36.7545),38.0
2025-03-18 00:34:40,34.121,-116.928,4.78,4.6,Mainshock,4.0 - 4.99,POINT (-116.928 34.121),91.0
2025-03-18 00:49:58,34.374,-117.648,4.4,7.43,Mainshock,4.0 - 4.99,POINT (-117.648 34.374),80.0
2025-03-18 00:18:16,34.111,-116.92,4.63,3.17,Mainshock,4.0 - 4.99,POINT (-116.92 34.111),91.0
2025-03-18 00:05:47,40.8363,-123.5547,4.2,24.64,Mainshock,4.0 - 4.99,POINT (-123.5547 40.8363),20.0
2025-03-18 00:48:57,32.058,-115.406,4.17,5.99,Mainshock,4.0 - 4.99,POINT (-115.406 32.058),100.0
2025-03-18 00:31:01,39.7678,-120.6652,4.26,16.03,Mainshock,4.0 - 4.99,POINT (-120.6652 39.7678),52.0
2025-03-18 00:08:41,34.323,-116.844,4.82,4.08,Mainshock,4.0 - 4.99,POINT (-116.844 34.323),91.0
2025-03-18 00:40:17,34.32,-116.85,4.09,2.47,Mainshock,4.0 - 4.99,POINT (-116.85 34.32),91.0
2025-03-18 00:53:31,39.3023,-119.9793,4.78,10.53,Mainshock,4.0 - 4.99,POINT (-119.9793 39.3023),63.0
2025-03-18 00:49:54,40.6232,-122.408,5.1,23.65,Mainshock,5.0 - 5.99,POINT (-122.408 40.6232),31.0
2025-03-18 00:58:07,40.6127,-122.3992,4.39,23.96,Mainshock,4.0 - 4.99,POINT (-122.3992 40.6127),31.0
2025-03-18 00:41:15,40.6168,-122.3997,4.19,23.49,Foreshock,4.0 - 4.99,POINT (-122.3997 40.6168),31.0
2025-03-18 00:41:32,37.5098,-116.293,4.51,33.0,Mainshock,4.0 - 4.99,POINT (-116.293 37.5098),94.0
2025-03-18 00:54:09,37.5297,-118.8105,4.03,4.62,Mainshock,4.0 - 4.99,POINT (-118.8105 37.5297),72.0
2025-03-18 00:20:07,37.825,-115.973,4.1,5.0,Mainshock,4.0 - 4.99,POINT (-115.973 37.825),105.0
2025-03-18 00:20:56,32.711,-115.925,4.38,10.27,Mainshock,4.0 - 4.99,POINT (-115.925 32.711),100.0
2025-03-18 00:48:37,36.6462,-121.2678,4.2,10.53,Mainshock,4.0 - 4.99,POINT (-121.2678 36.6462),38.0
2025-03-18 00:34:57,39.5608,-123.7597,4.1,5.25,Mainshock,4.0 - 4.99,POINT (-123.7597 39.5608),19.0
2025-03-18 00:52:06,36.8052,-116.0373,4.2,17.0,Aftershock,4.0 - 4.99,POINT (-116.0373 36.8052),93.0
2025-03-18 00:44:23,36.816,-115.989,4.8,5.0,Mainshock,4.0 - 4.99,POINT (-115.989 36.816),104.0
2025-03-18 00:32:47,40.714,-124.9985,4.1,12.41,Mainshock,4.0 - 4.99,POINT (-124.9985 40.714),9.0
2025-03-18 00:00:04,40.2757,-124.4045,4.7,21.21,Mainshock,4.0 - 4.99,POINT (-124.4045 40.2757),9.0
2025-03-18 00:58:42,38.7797,-122.7708,4.15,3.93,Mainshock,4.0 - 4.99,POINT (-122.7708 38.7797),29.0
2025-03-18 00:08:32,32.591,-116.161,4.24,6.49,Mainshock,4.0 - 4.99,POINT (-116.161 32.591),89.0
2025-03-18 00:25:57,35.9455,-120.4917,4.0,9.89,Mainshock,4.0 - 4.99,POINT (-120.4917 35.9455),48.0
2025-03-18 00:31:20,32.584,-116.165,4.27,7.06,Mainshock,4.0 - 4.99,POINT (-116.165 32.584),89.0
2025-03-18 00:36:40,36.6755,-121.2993,4.0,6.33,Mainshock,4.0 - 4.99,POINT (-121.2993 36.6755),38.0
2025-03-18 00:26:40,32.594,-116.162,4.07,8.3,Mainshock,4.0 - 4.99,POINT (-116.162 32.594),89.0
2025-03-18 00:53:01,32.585,-116.162,4.15,7.7,Mainshock,4.0 - 4.99,POINT (-116.162 32.585),89.0
2025-03-18 00:54:03,34.062,-116.366,4.93,1.04,Mainshock,4.0 - 4.99,POINT (-116.366 34.062),91.0
2025-03-18 00:52:35,34.033,-116.359,4.15,0.93,Foreshock,4.0 - 4.99,POINT (-116.359 34.033),91.0
2025-03-18 00:22:11,37.5297,-118.8172,5.5,2.93,Mainshock,5.0 - 5.99,POINT (-118.8172 37.5297),72.0
2025-03-18 00:38:06,37.514,-118.827,4.31,4.39,Mainshock,4.0 - 4.99,POINT (-118.827 37.514),72.0
2025-03-18 00:54:09,37.5115,-118.8295,4.7,5.41,Mainshock,4.0 - 4.99,POINT (-118.8295 37.5115),72.0
2025-03-18 00:40:10,37.4892,-118.8467,4.04,3.0,Foreshock,4.0 - 4.99,POINT (-118.8467 37.4892),72.0
2025-03-18 00:37:19,37.5118,-118.8262,4.0,0.5,Foreshock,4.0 - 4.99,POINT (-118.8262 37.5118),72.0
2025-03-18 00:22:28,37.5213,-118.8265,4.0,4.65,Foreshock,4.0 - 4.99,POINT (-118.8265 37.5213),72.0
2025-03-18 00:18:03,32.379,-115.243,4.92,5.99,Mainshock,4.0 - 4.99,POINT (-115.243 32.379),100.0
2025-03-18 00:36:28,37.5372,-118.805,4.3,0.75,Mainshock,4.0 - 4.99,POINT (-118.805 37.5372),72.0
2025-03-18 00:16:59,40.3493,-122.1415,4.04,3.53,Mainshock,4.0 - 4.99,POINT (-122.1415 40.3493),31.0
2025-03-18 00:06:29,40.318,-124.532,4.1,21.76,Mainshock,4.0 - 4.99,POINT (-124.532 40.318),9.0
2025-03-18 00:20:47,35.731,-118.478,4.35,4.67,Mainshock,4.0 - 4.99,POINT (-118.478 35.731),70.0
2025-03-18 00:09:28,33.632,-116.717,4.15,12.9,Mainshock,4.0 - 4.99,POINT (-116.717 33.632),90.0
2025-03-18 00:06:22,37.3887,-117.0768,5.34,7.55,Mainshock,5.0 - 5.99,POINT (-117.0768 37.3887),83.0
2025-03-18 00:11:21,37.399,-117.042,4.8,5.0,Aftershock,4.0 - 4.99,POINT (-117.042 37.399),83.0
2025-03-18 00:26:47,37.3822,-117.0742,4.36,5.0,Foreshock,4.0 - 4.99,POINT (-117.0742 37.3822),83.0
2025-03-18 00:27:17,37.351,-117.043,4.9,5.0,Mainshock,4.0 - 4.99,POINT (-117.043 37.351),83.0
2025-03-18 00:40:27,37.3812,-117.0812,4.05,1.8,Aftershock,4.0 - 4.99,POINT (-117.0812 37.3812),83.0
2025-03-18 00:05:13,37.3785,-117.071,4.61,2.59,Mainshock,4.0 - 4.99,POINT (-117.071 37.3785),83.0
2025-03-18 00:06:19,37.9073,-122.6865,4.6,7.66,Mainshock,4.0 - 4.99,POINT (-122.6865 37.9073),28.0
2025-03-18 00:40:02,32.272,-115.233,4.8,5.99,Mainshock,4.0 - 4.99,POINT (-115.233 32.272),100.0
2025-03-18 00:02:49,34.322,-116.846,4.12,1.49,Mainshock,4.0 - 4.99,POINT (-116.846 34.322),91.0
2025-03-18 00:27:13,38.395,-122.6345,4.2,8.99,Mainshock,4.0 - 4.99,POINT (-122.6345 38.395),29.0
2025-03-18 00:47:24,39.6817,-118.0253,4.26,10.76,Mainshock,4.0 - 4.99,POINT (-118.0253 39.6817),74.0
2025-03-18 00:33:08,37.857,-117.4962,4.26,4.82,Mainshock,4.0 - 4.99,POINT (-117.4962 37.857),83.0
2025-03-18 00:46:45,34.6033,-116.265,7.1,13.73,Mainshock,7.0 - 10.0,POINT (-116.265 34.6033),91.0
2025-03-18 00:47:44,33.232,-115.66,4.7,6.04,Mainshock,4.0 - 4.99,POINT (-115.66 33.232),101.0
2025-03-18 00:51:48,34.4452,-116.2637,4.77,-0.85,Foreshock,4.0 - 4.99,POINT (-116.2637 34.4452),91.0
2025-03-18 00:52:16,34.609,-116.286,4.15,4.57,Foreshock,4.0 - 4.99,POINT (-116.286 34.609),91.0
2025-03-18 00:52:54,34.502,-116.203,4.98,4.9,Mainshock,4.0 - 4.99,POINT (-116.203 34.502),91.0
2025-03-18 00:54:55,34.617,-116.289,4.25,1.53,Aftershock,4.0 - 4.99,POINT (-116.289 34.617),91.0
2025-03-18 00:55:46,34.536,-116.311,4.02,4.62,Aftershock,4.0 - 4.99,POINT (-116.311 34.536),91.0
2025-03-18 00:56:30,33.286,-115.647,4.47,2.56,Mainshock,4.0 - 4.99,POINT (-115.647 33.286),101.0
2025-03-18 00:59:35,34.6782,-116.2895,5.77,13.91,Mainshock,5.0 - 5.99,POINT (-116.2895 34.6782),91.0
2025-03-18 00:59:38,34.24,-117.04,5.6,6.0,Mainshock,5.0 - 5.99,POINT (-117.04 34.24),80.0
2025-03-18 00:02:40,34.584,-116.262,4.48,-1.2,Foreshock,4.0 - 4.99,POINT (-116.262 34.584),91.0
2025-03-18 00:04:54,34.6235,-116.2948,4.11,4.79,Foreshock,4.0 - 4.99,POINT (-116.2948 34.6235),91.0
2025-03-18 00:07:30,34.803,-116.3203,4.46,-1.11,Foreshock,4.0 - 4.99,POINT (-116.3203 34.803),91.0
2025-03-18 00:08:04,34.706,-116.341,4.74,0.54,Mainshock,4.0 - 4.99,POINT (-116.341 34.706),91.0
2025-03-18 00:10:49,34.6388,-116.2865,4.36,-1.1,Aftershock,4.0 - 4.99,POINT (-116.2865 34.6388),91.0
2025-03-18 00:12:20,34.5037,-116.2348,4.03,-0.21,Aftershock,4.0 - 4.99,POINT (-116.2348 34.5037),91.0
2025-03-18 00:18:48,34.6423,-116.299,4.01,5.72,Foreshock,4.0 - 4.99,POINT (-116.299 34.6423),91.0
2025-03-18 00:20:53,34.362,-116.148,4.76,-1.01,Mainshock,4.0 - 4.99,POINT (-116.148 34.362),91.0
2025-03-18 00:21:21,34.54,-116.266,4.5,-0.51,Aftershock,4.0 - 4.99,POINT (-116.266 34.54),91.0
2025-03-18 00:29:42,34.5265,-116.3755,4.28,8.84,Aftershock,4.0 - 4.99,POINT (-116.3755 34.5265),91.0
2025-03-18 00:31:16,34.6475,-116.3258,4.04,4.43,Aftershock,4.0 - 4.99,POINT (-116.3258 34.6475),91.0
2025-03-18 00:33:47,34.6162,-116.3293,4.08,6.3,Aftershock,4.0 - 4.99,POINT (-116.3293 34.6162),91.0
2025-03-18 00:06:38,34.583,-116.282,4.33,-1.1,Mainshock,4.0 - 4.99,POINT (-116.282 34.583),91.0
2025-03-18 00:26:05,34.813,-116.341,4.63,4.88,Mainshock,4.0 - 4.99,POINT (-116.341 34.813),91.0
2025-03-18 00:27:54,34.37,-116.141,4.2,0.19,Aftershock,4.0 - 4.99,POINT (-116.141 34.37),91.0
2025-03-18 00:03:18,34.7218,-116.2973,4.25,-1.37,Mainshock,4.0 - 4.99,POINT (-116.2973 34.7218),91.0
2025-03-18 00:55:10,34.505,-116.26,4.42,-1.17,Foreshock,4.0 - 4.99,POINT (-116.26 34.505),91.0
2025-03-18 00:57:21,34.4415,-116.2525,5.37,0.84,Mainshock,5.0 - 5.99,POINT (-116.2525 34.4415),91.0
2025-03-18 00:51:18,34.4505,-116.233,4.24,-1.17,Foreshock,4.0 - 4.99,POINT (-116.233 34.4505),91.0
2025-03-18 00:59:17,34.829,-116.345,4.37,-0.97,Mainshock,4.0 - 4.99,POINT (-116.345 34.829),91.0
2025-03-18 00:08:25,34.68,-116.309,4.03,-0.39,Foreshock,4.0 - 4.99,POINT (-116.309 34.68),91.0
2025-03-18 00:38:49,34.43,-116.252,4.58,-1.16,Mainshock,4.0 - 4.99,POINT (-116.252 34.43),91.0
2025-03-18 00:01:58,34.7038,-116.2937,4.27,2.4,Foreshock,4.0 - 4.99,POINT (-116.2937 34.7038),91.0
2025-03-18 00:13:38,34.689,-116.28,4.64,0.07,Mainshock,4.0 - 4.99,POINT (-116.28 34.689),91.0
2025-03-18 00:14:10,34.686,-116.269,4.53,-1.22,Aftershock,4.0 - 4.99,POINT (-116.269 34.686),91.0
2025-03-18 00:53:41,34.7075,-116.3562,4.53,4.77,Mainshock,4.0 - 4.99,POINT (-116.3562 34.7075),91.0
2025-03-18 00:22:49,34.832,-116.361,4.16,3.32,Foreshock,4.0 - 4.99,POINT (-116.361 34.832),91.0
2025-03-18 00:22:48,34.3533,-116.1425,4.23,-0.74,Mainshock,4.0 - 4.99,POINT (-116.1425 34.3533),91.0
2025-03-18 00:32:41,34.3625,-116.1448,4.09,-0.63,Foreshock,4.0 - 4.99,POINT (-116.1448 34.3625),91.0
2025-03-18 00:32:53,34.362,-116.138,4.18,-1.14,Foreshock,4.0 - 4.99,POINT (-116.138 34.362),91.0
2025-03-18 00:35:47,34.3595,-116.1493,4.59,-0.92,Mainshock,4.0 - 4.99,POINT (-116.1493 34.3595),91.0
2025-03-18 00:02:20,34.856,-116.351,4.35,-0.87,Mainshock,4.0 - 4.99,POINT (-116.351 34.856),91.0
2025-03-18 00:02:03,32.335,-115.177,4.37,5.97,Mainshock,4.0 - 4.99,POINT (-115.177 32.335),100.0
2025-03-18 00:39:19,34.594,-116.297,4.14,-0.3,Aftershock,4.0 - 4.99,POINT (-116.297 34.594),91.0
2025-03-18 00:39:40,34.701,-116.305,4.08,-0.54,Aftershock,4.0 - 4.99,POINT (-116.305 34.701),91.0
2025-03-18 00:20:44,34.71,-116.341,4.49,6.18,Mainshock,4.0 - 4.99,POINT (-116.341 34.71),91.0
2025-03-18 00:40:57,34.67,-116.358,4.12,1.95,Aftershock,4.0 - 4.99,POINT (-116.358 34.67),91.0
2025-03-18 00:25:42,34.866,-116.397,4.25,2.26,Mainshock,4.0 - 4.99,POINT (-116.397 34.866),91.0
2025-03-18 00:54:34,34.874,-116.391,4.98,0.01,Mainshock,4.0 - 4.99,POINT (-116.391 34.874),91.0
2025-03-18 00:57:39,34.863,-116.395,4.51,2.53,Aftershock,4.0 - 4.99,POINT (-116.395 34.863),91.0
2025-03-18 00:40:52,34.336,-116.207,4.18,8.35,Mainshock,4.0 - 4.99,POINT (-116.207 34.336),91.0
2025-03-18 00:08:48,34.865,-116.409,4.99,-0.07,Mainshock,4.0 - 4.99,POINT (-116.409 34.865),91.0
2025-03-18 00:48:23,34.827,-116.382,4.06,3.3,Aftershock,4.0 - 4.99,POINT (-116.382 34.827),91.0
2025-03-18 00:16:01,34.87,-116.396,4.06,0.36,Foreshock,4.0 - 4.99,POINT (-116.396 34.87),91.0
2025-03-18 00:17:30,34.861,-116.388,4.18,1.74,Mainshock,4.0 - 4.99,POINT (-116.388 34.861),91.0
2025-03-18 00:26:01,34.617,-116.243,4.63,-0.76,Mainshock,4.0 - 4.99,POINT (-116.243 34.617),91.0
2025-03-18 00:36:37,34.522,-116.273,4.31,-0.53,Mainshock,4.0 - 4.99,POINT (-116.273 34.522),91.0
2025-03-18 00:32:59,34.848,-116.355,4.11,6.59,Foreshock,4.0 - 4.99,POINT (-116.355 34.848),91.0
2025-03-18 00:27:57,34.8473,-116.357,4.04,5.22,Foreshock,4.0 - 4.99,POINT (-116.357 34.8473),91.0
2025-03-18 00:47:50,34.79,-116.292,4.03,4.06,Aftershock,4.0 - 4.99,POINT (-116.292 34.79),91.0
2025-03-18 00:20:09,34.836,-116.405,4.42,5.3,Mainshock,4.0 - 4.99,POINT (-116.405 34.836),91.0
2025-03-18 00:06:44,38.14,-118.4053,4.28,11.39,Mainshock,4.0 - 4.99,POINT (-118.4053 38.14),73.0
2025-03-18 00:37:47,39.9637,-120.483,4.28,11.8,Mainshock,4.0 - 4.99,POINT (-120.483 39.9637),52.0
2025-03-18 00:54:02,37.3872,-117.0852,4.28,5.26,Mainshock,4.0 - 4.99,POINT (-117.0852 37.3872),83.0
2025-03-18 00:30:54,34.592,-116.265,4.03,6.53,Mainshock,4.0 - 4.99,POINT (-116.265 34.592),91.0
2025-03-18 00:41:53,40.2725,-124.3983,4.8,22.72,Mainshock,4.0 - 4.99,POINT (-124.3983 40.2725),9.0
2025-03-18 00:09:28,37.3595,-117.0852,4.38,0.63,Mainshock,4.0 - 4.99,POINT (-117.0852 37.3595),83.0
2025-03-18 00:46:30,40.6415,-124.7122,4.02,17.35,Mainshock,4.0 - 4.99,POINT (-124.7122 40.6415),9.0
2025-03-18 00:44:08,37.378,-117.915,4.4,10.1,Mainshock,4.0 - 4.99,POINT (-117.915 37.378),83.0
2025-03-18 00:50:47,38.574,-118.169,4.5,10.0,Mainshock,4.0 - 4.99,POINT (-118.169 38.574),73.0
2025-03-18 00:51:04,38.574,-118.169,4.5,10.0,Aftershock,4.0 - 4.99,POINT (-118.169 38.574),73.0
2025-03-18 00:53:16,39.94,-120.723,4.0,5.0,Mainshock,4.0 - 4.99,POINT (-120.723 39.94),52.0
2025-03-18 00:22:42,40.8782,-124.9697,4.4,12.4,Mainshock,4.0 - 4.99,POINT (-124.9697 40.8782),9.0
2025-03-18 00:10:23,35.742,-117.724,4.02,4.77,Mainshock,4.0 - 4.99,POINT (-117.724 35.742),81.0
2025-03-18 00:50:13,35.76,-117.733,4.32,2.72,Foreshock,4.0 - 4.99,POINT (-117.733 35.76),81.0
2025-03-18 00:51:01,35.747,-117.766,4.62,4.91,Mainshock,4.0 - 4.99,POINT (-117.766 35.747),81.0
2025-03-18 00:45:37,35.613,-117.433,4.0,5.05,Foreshock,4.0 - 4.99,POINT (-117.433 35.613),81.0
2025-03-18 00:53:29,33.052,-116.204,4.48,12.17,Mainshock,4.0 - 4.99,POINT (-116.204 33.052),90.0
2025-03-18 00:00:40,33.24,-116.169,4.07,12.48,Foreshock,4.0 - 4.99,POINT (-116.169 33.24),90.0
2025-03-18 00:02:12,34.063,-118.97,4.01,11.7,Mainshock,4.0 - 4.99,POINT (-118.97 34.063),69.0
2025-03-18 00:52:09,38.071,-118.549,4.9,1.38,Mainshock,4.0 - 4.99,POINT (-118.549 38.071),73.0
2025-03-18 00:29:25,37.271,-115.08,4.0,10.0,Mainshock,4.0 - 4.99,POINT (-115.08 37.271),105.0
2025-03-18 00:44:30,33.546,-118.206,4.36,12.49,Mainshock,4.0 - 4.99,POINT (-118.206 33.546),68.0
2025-03-18 00:02:25,38.8012,-122.8223,4.0,1.24,Mainshock,4.0 - 4.99,POINT (-122.8223 38.8012),29.0
2025-03-18 00:41:48,37.4697,-118.369,4.3,8.48,Mainshock,4.0 - 4.99,POINT (-118.369 37.4697),72.0
2025-03-18 00:49:21,33.549,-116.677,4.81,11.47,Mainshock,4.0 - 4.99,POINT (-116.677 33.549),90.0
2025-03-18 00:03:02,33.574,-116.663,4.19,7.71,Foreshock,4.0 - 4.99,POINT (-116.663 33.574),90.0
2025-03-18 00:17:33,36.5337,-121.0278,4.1,8.74,Mainshock,4.0 - 4.99,POINT (-121.0278 36.5337),38.0
2025-03-18 00:43:38,41.1815,-121.933,4.3,3.13,Mainshock,4.0 - 4.99,POINT (-121.933 41.1815),43.0
2025-03-18 00:58:23,35.9732,-120.5212,4.0,7.94,Mainshock,4.0 - 4.99,POINT (-120.5212 35.9732),48.0
2025-03-18 00:10:47,37.655,-114.992,4.37,8.9,Mainshock,4.0 - 4.99,POINT (-114.992 37.655),116.0
2025-03-18 00:11:30,36.6062,-121.205,4.5,5.77,Mainshock,4.0 - 4.99,POINT (-121.205 36.6062),38.0
2025-03-18 00:46:43,36.6498,-121.2755,4.6,10.14,Mainshock,4.0 - 4.99,POINT (-121.2755 36.6498),38.0
2025-03-18 00:43:50,37.0347,-121.7303,4.5,11.85,Mainshock,4.0 - 4.99,POINT (-121.7303 37.0347),39.0
2025-03-18 00:08:03,38.1365,-118.341,4.25,0.3,Mainshock,4.0 - 4.99,POINT (-118.341 38.1365),73.0
2025-03-18 00:11:08,36.6643,-121.2925,4.0,8.04,Mainshock,4.0 - 4.99,POINT (-121.2925 36.6643),38.0
2025-03-18 00:58:24,39.627,-122.528,4.0,12.91,Mainshock,4.0 - 4.99,POINT (-122.528 39.627),30.0
2025-03-18 00:21:26,32.938,-115.845,4.13,10.57,Mainshock,4.0 - 4.99,POINT (-115.845 32.938),100.0
2025-03-18 00:27:59,37.4662,-118.8165,4.0,-1.42,Mainshock,4.0 - 4.99,POINT (-118.8165 37.4662),72.0
2025-03-18 00:40:24,37.8458,-118.1572,5.34,7.46,Mainshock,5.0 - 5.99,POINT (-118.1572 37.8458),72.0
2025-03-18 00:05:55,36.6788,-121.305,4.0,6.87,Mainshock,4.0 - 4.99,POINT (-121.305 36.6788),38.0
2025-03-18 00:41:49,37.4683,-118.8103,4.3,2.25,Mainshock,4.0 - 4.99,POINT (-118.8103 37.4683),72.0
2025-03-18 00:21:01,35.753,-117.75,4.17,3.65,Mainshock,4.0 - 4.99,POINT (-117.75 35.753),81.0
2025-03-18 00:38:11,35.75,-117.748,4.11,5.86,Mainshock,4.0 - 4.99,POINT (-117.748 35.75),81.0
2025-03-18 00:33:35,37.8635,-118.1655,4.48,6.01,Mainshock,4.0 - 4.99,POINT (-118.1655 37.8635),72.0
2025-03-18 00:29:02,35.743,-117.756,5.12,3.0,Mainshock,5.0 - 5.99,POINT (-117.756 35.743),81.0
2025-03-18 00:10:22,35.725,-117.76,4.25,3.83,Foreshock,4.0 - 4.99,POINT (-117.76 35.725),81.0
2025-03-18 00:11:29,35.719,-117.761,4.1,5.92,Foreshock,4.0 - 4.99,POINT (-117.761 35.719),81.0
2025-03-18 00:33:06,37.8555,-118.161,4.39,4.95,Mainshock,4.0 - 4.99,POINT (-118.161 37.8555),72.0
2025-03-18 00:24:00,37.8623,-118.1673,4.27,6.9,Foreshock,4.0 - 4.99,POINT (-118.1673 37.8623),72.0
2025-03-18 00:26:04,36.3198,-120.5062,5.4,11.37,Mainshock,5.0 - 5.99,POINT (-120.5062 36.3198),49.0
2025-03-18 00:12:17,36.3312,-120.5078,4.2,5.26,Foreshock,4.0 - 4.99,POINT (-120.5078 36.3312),49.0
2025-03-18 00:15:54,36.3292,-120.5135,4.0,10.9,Foreshock,4.0 - 4.99,POINT (-120.5135 36.3292),49.0
2025-03-18 00:21:26,34.058,-116.667,4.09,9.94,Mainshock,4.0 - 4.99,POINT (-116.667 34.058),91.0
2025-03-18 00:26:48,37.843,-118.1698,4.17,7.11,Mainshock,4.0 - 4.99,POINT (-118.1698 37.843),72.0
2025-03-18 00:20:25,37.4605,-117.9583,4.12,6.38,Foreshock,4.0 - 4.99,POINT (-117.9583 37.4605),83.0
2025-03-18 00:53:01,40.4687,-124.1425,4.4,10.75,Mainshock,4.0 - 4.99,POINT (-124.1425 40.4687),9.0
2025-03-18 00:06:25,37.9905,-118.3917,4.59,4.75,Mainshock,4.0 - 4.99,POINT (-118.3917 37.9905),72.0
2025-03-18 00:07:23,35.809,-117.737,4.04,5.28,Mainshock,4.0 - 4.99,POINT (-117.737 35.809),81.0
2025-03-18 00:03:05,35.8117,-117.7333,4.03,3.83,Foreshock,4.0 - 4.99,POINT (-117.7333 35.8117),81.0
2025-03-18 00:31:25,37.6277,-118.9252,4.1,5.04,Mainshock,4.0 - 4.99,POINT (-118.9252 37.6277),72.0
2025-03-18 00:36:46,37.5893,-118.8188,4.3,23.08,Foreshock,4.0 - 4.99,POINT (-118.8188 37.5893),72.0
2025-03-18 00:38:10,37.6215,-118.9018,5.4,4.71,Mainshock,5.0 - 5.99,POINT (-118.9018 37.6215),72.0
2025-03-18 00:24:19,37.6287,-118.935,5.3,3.68,Foreshock,5.0 - 5.99,POINT (-118.935 37.6287),72.0
2025-03-18 00:30:23,37.6408,-118.9485,4.4,4.02,Mainshock,4.0 - 4.99,POINT (-118.9485 37.6408),72.0
2025-03-18 00:19:30,34.133,-117.453,4.02,6.79,Mainshock,4.0 - 4.99,POINT (-117.453 34.133),80.0
2025-03-18 00:58:58,39.1067,-119.6337,4.03,9.79,Mainshock,4.0 - 4.99,POINT (-119.6337 39.1067),63.0
2025-03-18 00:10:41,37.5097,-118.8743,4.8,3.18,Mainshock,4.0 - 4.99,POINT (-118.8743 37.5097),72.0
2025-03-18 00:21:43,40.3195,-124.5878,4.1,19.1,Mainshock,4.0 - 4.99,POINT (-124.5878 40.3195),9.0
2025-03-18 00:01:27,36.674,-120.8608,4.2,6.56,Mainshock,4.0 - 4.99,POINT (-120.8608 36.674),49.0
2025-03-18 00:28:19,40.6945,-124.7617,4.06,58.73,Mainshock,4.0 - 4.99,POINT (-124.7617 40.6945),9.0
2025-03-18 00:18:30,33.0373,-117.9523,4.38,5.82,Mainshock,4.0 - 4.99,POINT (-117.9523 33.0373),79.0
2025-03-18 00:25:28,37.521,-118.8688,4.0,5.56,Mainshock,4.0 - 4.99,POINT (-118.8688 37.521),72.0
2025-03-18 00:52:26,40.4087,-124.6913,4.0,20.24,Mainshock,4.0 - 4.99,POINT (-124.6913 40.4087),9.0
2025-03-18 00:42:38,36.2317,-120.312,6.7,9.58,Mainshock,6.0 - 6.99,POINT (-120.312 36.2317),49.0
2025-03-18 00:46:06,36.23,-120.29,5.7,8.0,Aftershock,5.0 - 5.99,POINT (-120.29 36.23),49.0
2025-03-18 00:00:23,36.206,-120.296,4.0,7.6,Foreshock,4.0 - 4.99,POINT (-120.296 36.206),49.0
2025-03-18 00:15:36,36.1018,-120.1923,4.2,4.17,Mainshock,4.0 - 4.99,POINT (-120.1923 36.1018),49.0
2025-03-18 00:17:08,36.23,-120.29,4.0,8.0,Aftershock,4.0 - 4.99,POINT (-120.29 36.23),49.0
2025-03-18 00:57:44,36.2693,-120.3357,4.38,7.58,Mainshock,4.0 - 4.99,POINT (-120.3357 36.2693),49.0
2025-03-18 00:41:46,36.1393,-120.2178,4.12,7.51,Foreshock,4.0 - 4.99,POINT (-120.2178 36.1393),49.0
2025-03-18 00:15:15,36.2395,-120.2808,4.14,8.4,Foreshock,4.0 - 4.99,POINT (-120.2808 36.2395),49.0
2025-03-18 00:32:32,36.274,-120.375,4.76,10.4,Mainshock,4.0 - 4.99,POINT (-120.375 36.274),49.0
2025-03-18 00:04:23,36.2702,-120.4293,4.65,4.67,Foreshock,4.0 - 4.99,POINT (-120.4293 36.2702),49.0
2025-03-18 00:04:46,36.2632,-120.406,4.27,8.9,Foreshock,4.0 - 4.99,POINT (-120.406 36.2632),49.0
2025-03-18 00:35:03,36.2177,-120.2838,4.42,12.63,Mainshock,4.0 - 4.99,POINT (-120.2838 36.2177),49.0
2025-03-18 00:55:02,36.1475,-120.2647,4.33,9.95,Mainshock,4.0 - 4.99,POINT (-120.2647 36.1475),49.0
2025-03-18 00:39:45,36.275,-120.2665,4.1,9.83,Foreshock,4.0 - 4.99,POINT (-120.2665 36.275),49.0
2025-03-18 00:09:15,36.1768,-120.2693,4.04,15.23,Foreshock,4.0 - 4.99,POINT (-120.2693 36.1768),49.0
2025-03-18 00:26:55,36.2753,-120.3167,4.25,2.36,Mainshock,4.0 - 4.99,POINT (-120.3167 36.2753),49.0
2025-03-18 00:10:36,36.285,-120.343,4.11,8.23,Foreshock,4.0 - 4.99,POINT (-120.343 36.285),49.0
2025-03-18 00:41:41,36.2407,-120.2872,4.72,7.9,Mainshock,4.0 - 4.99,POINT (-120.2872 36.2407),49.0
2025-03-18 00:46:04,36.1368,-120.3252,4.07,9.65,Aftershock,4.0 - 4.99,POINT (-120.3252 36.1368),49.0
2025-03-18 00:37:48,36.1353,-120.2038,4.08,11.63,Foreshock,4.0 - 4.99,POINT (-120.2038 36.1353),49.0
2025-03-18 00:49:12,36.2463,-120.3008,5.2,12.92,Mainshock,5.0 - 5.99,POINT (-120.3008 36.2463),49.0
2025-03-18 00:26:29,36.3273,-120.3225,4.02,5.66,Foreshock,4.0 - 4.99,POINT (-120.3225 36.3273),49.0
2025-03-18 00:50:02,40.2387,-124.8438,4.4,4.73,Mainshock,4.0 - 4.99,POINT (-124.8438 40.2387),9.0
2025-03-18 00:05:30,36.2278,-120.274,4.02,13.51,Mainshock,4.0 - 4.99,POINT (-120.274 36.2278),49.0
2025-03-18 00:39:22,36.1483,-120.2025,4.04,11.82,Aftershock,4.0 - 4.99,POINT (-120.2025 36.1483),49.0
2025-03-18 00:18:38,36.1568,-120.2255,4.16,11.51,Aftershock,4.0 - 4.99,POINT (-120.2255 36.1568),49.0
2025-03-18 00:09:52,36.2503,-120.457,4.53,4.99,Mainshock,4.0 - 4.99,POINT (-120.457 36.2503),49.0
2025-03-18 00:08:35,32.5353,-117.418,4.65,9.47,Mainshock,4.0 - 4.99,POINT (-117.418 32.5353),78.0
2025-03-18 00:08:19,39.4175,-120.1983,4.35,13.73,Mainshock,4.0 - 4.99,POINT (-120.1983 39.4175),52.0
2025-03-18 00:40:08,37.557,-118.8458,5.3,8.71,Mainshock,5.0 - 5.99,POINT (-118.8458 37.557),72.0
2025-03-18 00:27:27,38.0605,-118.9902,4.33,7.57,Mainshock,4.0 - 4.99,POINT (-118.9902 38.0605),73.0
2025-03-18 00:40:51,36.245,-120.4052,4.72,8.02,Mainshock,4.0 - 4.99,POINT (-120.4052 36.245),49.0
2025-03-18 00:16:48,33.2047,-115.5463,4.14,5.98,Mainshock,4.0 - 4.99,POINT (-115.5463 33.2047),101.0
2025-03-18 00:03:11,38.3685,-118.1897,4.37,9.77,Mainshock,4.0 - 4.99,POINT (-118.1897 38.3685),73.0
2025-03-18 00:28:06,36.1778,-120.2823,4.18,10.9,Mainshock,4.0 - 4.99,POINT (-120.2823 36.1778),49.0
2025-03-18 00:39:54,36.2357,-120.4138,5.37,7.26,Mainshock,5.0 - 5.99,POINT (-120.4138 36.2357),49.0
2025-03-18 00:29:03,36.233,-120.432,4.1,6.0,Foreshock,4.0 - 4.99,POINT (-120.432 36.233),49.0
2025-03-18 00:43:01,36.2178,-120.41,4.82,7.99,Aftershock,4.0 - 4.99,POINT (-120.41 36.2178),49.0
2025-03-18 00:31:40,36.2245,-120.4023,5.04,8.22,Mainshock,5.0 - 5.99,POINT (-120.4023 36.2245),49.0
2025-03-18 00:26:16,37.5942,-118.7573,4.0,4.14,Mainshock,4.0 - 4.99,POINT (-118.7573 37.5942),72.0
2025-03-18 00:13:09,36.6005,-121.0405,4.0,11.45,Mainshock,4.0 - 4.99,POINT (-121.0405 36.6005),38.0
2025-03-18 00:14:41,36.281,-120.4093,4.2,8.63,Mainshock,4.0 - 4.99,POINT (-120.4093 36.281),49.0
2025-03-18 00:02:35,36.1822,-120.132,4.13,10.14,Foreshock,4.0 - 4.99,POINT (-120.132 36.1822),49.0
2025-03-18 00:43:36,36.2828,-120.4175,4.27,8.38,Mainshock,4.0 - 4.99,POINT (-120.4175 36.2828),49.0
2025-03-18 00:36:29,40.372,-124.9245,5.5,11.19,Mainshock,5.0 - 5.99,POINT (-124.9245 40.372),9.0
2025-03-18 00:21:17,36.2992,-120.4752,4.02,11.43,Mainshock,4.0 - 4.99,POINT (-120.4752 36.2992),49.0
2025-03-18 00:00:00,37.192,-115.992,4.2,5.0,Mainshock,4.0 - 4.99,POINT (-115.992 37.192),105.0
2025-03-18 00:10:31,35.83,-121.3555,5.2,9.64,Mainshock,5.0 - 5.99,POINT (-121.3555 35.83),37.0
2025-03-18 00:16:14,36.2198,-120.2797,5.47,6.89,Mainshock,5.0 - 5.99,POINT (-120.2797 36.2198),49.0
2025-03-18 00:21:32,36.2322,-120.2853,4.09,6.85,Mainshock,4.0 - 4.99,POINT (-120.2853 36.2322),49.0
2025-03-18 00:02:12,37.457,-118.6382,4.0,4.19,Mainshock,4.0 - 4.99,POINT (-118.6382 37.457),72.0
2025-03-18 00:48:07,36.2372,-120.3872,4.76,9.35,Mainshock,4.0 - 4.99,POINT (-120.3872 36.2372),49.0
2025-03-18 00:27:26,32.0,-116.1,4.0,10.0,Mainshock,4.0 - 4.99,POINT (-116.1 32),
2025-03-18 00:03:22,38.867,-116.017,4.2,5.0,Mainshock,4.0 - 4.99,POINT (-116.017 38.867),95.0
2025-03-18 00:25:00,37.113,-116.043,4.2,2.6,Mainshock,4.0 - 4.99,POINT (-116.043 37.113),94.0
2025-03-18 00:14:00,37.5563,-118.8195,4.8,8.19,Mainshock,4.0 - 4.99,POINT (-118.8195 37.5563),72.0
2025-03-18 00:44:14,35.92,-118.333,4.52,0.13,Mainshock,4.0 - 4.99,POINT (-118.333 35.92),70.0
2025-03-18 00:32:15,40.5823,-124.2552,4.1,3.97,Mainshock,4.0 - 4.99,POINT (-124.2552 40.5823),9.0
2025-03-18 00:02:36,36.2127,-120.4402,4.06,6.32,Mainshock,4.0 - 4.99,POINT (-120.4402 36.2127),49.0
2025-03-18 00:15:56,38.0283,-118.7187,4.0,1.11,Mainshock,4.0 - 4.99,POINT (-118.7187 38.0283),73.0
2025-03-18 00:59:59,37.021,-115.975,4.0,2.0,Mainshock,4.0 - 4.99,POINT (-115.975 37.021),105.0
2025-03-18 00:04:08,36.095,-120.2085,4.32,9.97,Mainshock,4.0 - 4.99,POINT (-120.2085 36.095),49.0
2025-03-18 00:11:07,37.1083,-118.1347,4.15,14.54,Mainshock,4.0 - 4.99,POINT (-118.1347 37.1083),72.0
2025-03-18 00:37:03,40.2862,-124.2675,4.0,9.76,Mainshock,4.0 - 4.99,POINT (-124.2675 40.2862),9.0
2025-03-18 00:40:20,36.3767,-121.8957,5.1,6.63,Mainshock,5.0 - 5.99,POINT (-121.8957 36.3767),38.0
2025-03-18 00:59:51,36.389,-121.884,4.5,7.19,Mainshock,4.0 - 4.99,POINT (-121.884 36.389),38.0
2025-03-18 00:23:25,36.3972,-121.8938,4.1,8.04,Foreshock,4.0 - 4.99,POINT (-121.8938 36.3972),38.0
2025-03-18 00:14:59,39.858,-117.5663,5.23,2.32,Mainshock,5.0 - 5.99,POINT (-117.5663 39.858),85.0
2025-03-18 00:03:00,39.8747,-117.5845,4.07,2.62,Foreshock,4.0 - 4.99,POINT (-117.5845 39.8747),85.0
2025-03-18 00:03:56,38.8543,-119.6298,4.57,12.44,Mainshock,4.0 - 4.99,POINT (-119.6298 38.8543),62.0
2025-03-18 00:43:09,36.2815,-120.3283,4.1,10.59,Mainshock,4.0 - 4.99,POINT (-120.3283 36.2815),49.0
2025-03-18 00:22:43,39.9337,-117.7468,4.0,6.66,Mainshock,4.0 - 4.99,POINT (-117.7468 39.9337),85.0
2025-03-18 00:04:44,41.753,-114.882,4.0,5.0,Mainshock,4.0 - 4.99,POINT (-114.882 41.753),120.0
2025-03-18 00:36:20,37.3843,-118.5868,4.5,7.67,Mainshock,4.0 - 4.99,POINT (-118.5868 37.3843),72.0
2025-03-18 00:07:32,33.136,-116.071,4.23,6.5,Mainshock,4.0 - 4.99,POINT (-116.071 33.136),90.0
2025-03-18 00:27:30,37.7592,-121.7187,4.1,11.34,Mainshock,4.0 - 4.99,POINT (-121.7187 37.7592),39.0
2025-03-18 00:58:40,36.7623,-121.465,4.0,8.18,Mainshock,4.0 - 4.99,POINT (-121.465 36.7623),38.0
2025-03-18 00:36:35,37.7412,-122.1208,4.3,7.04,Mainshock,4.0 - 4.99,POINT (-122.1208 37.7412),28.0
2025-03-18 00:28:36,32.088,-115.765,4.15,5.77,Mainshock,4.0 - 4.99,POINT (-115.765 32.088),100.0
2025-03-18 00:52:50,36.1793,-120.2952,4.0,11.66,Mainshock,4.0 - 4.99,POINT (-120.2952 36.1793),49.0
2025-03-18 00:15:19,37.3097,-121.6788,6.2,8.19,Mainshock,6.0 - 6.99,POINT (-121.6788 37.3097),39.0
2025-03-18 00:48:21,37.6277,-118.8885,4.7,1.77,Mainshock,4.0 - 4.99,POINT (-118.8885 37.6277),72.0
2025-03-18 00:06:48,37.085,-115.966,4.2,237.7,Mainshock,4.0 - 4.99,POINT (-115.966 37.085),105.0
2025-03-18 00:07:12,37.2778,-121.6495,4.2,8.71,Mainshock,4.0 - 4.99,POINT (-121.6495 37.2778),39.0
2025-03-18 00:32:33,34.661,-119.973,4.26,8.92,Mainshock,4.0 - 4.99,POINT (-119.973 34.661),58.0
2025-03-18 00:21:12,36.179,-120.2907,4.4,9.77,Mainshock,4.0 - 4.99,POINT (-120.2907 36.179),49.0
2025-03-18 00:30:49,32.348,-115.215,4.05,5.99,Mainshock,4.0 - 4.99,POINT (-115.215 32.348),100.0
2025-03-18 00:56:21,37.2595,-121.5937,4.2,4.37,Mainshock,4.0 - 4.99,POINT (-121.5937 37.2595),39.0
2025-03-18 00:27:52,34.541,-118.989,4.04,10.51,Mainshock,4.0 - 4.99,POINT (-118.989 34.541),69.0
2025-03-18 00:23:25,38.2227,-117.876,4.12,7.4,Mainshock,4.0 - 4.99,POINT (-117.876 38.2227),84.0
2025-03-18 00:10:01,37.002,-116.031,4.2,165.8,Mainshock,4.0 - 4.99,POINT (-116.031 37.002),94.0
2025-03-18 00:28:05,34.9262,-120.8065,4.3,2.18,Mainshock,4.0 - 4.99,POINT (-120.8065 34.9262),47.0
2025-03-18 00:47:57,41.4242,-123.548,4.0,39.08,Mainshock,4.0 - 4.99,POINT (-123.548 41.4242),21.0
2025-03-18 00:00:28,37.4408,-118.1885,4.49,41.82,Mainshock,4.0 - 4.99,POINT (-118.1885 37.4408),72.0
2025-03-18 00:45:54,40.329,-124.6493,4.7,19.92,Mainshock,4.0 - 4.99,POINT (-124.6493 40.329),9.0
2025-03-18 00:14:37,33.976,-116.713,4.21,13.25,Mainshock,4.0 - 4.99,POINT (-116.713 33.976),90.0
2025-03-18 00:22:35,38.3675,-118.1398,4.4,7.79,Mainshock,4.0 - 4.99,POINT (-118.1398 38.3675),73.0
2025-03-18 00:03:13,32.945,-117.806,4.31,5.63,Mainshock,4.0 - 4.99,POINT (-117.806 32.945),78.0
2025-03-18 00:57:30,33.46,-116.37,4.07,14.05,Mainshock,4.0 - 4.99,POINT (-116.37 33.46),90.0
2025-03-18 00:43:52,40.3572,-124.7257,4.1,4.31,Mainshock,4.0 - 4.99,POINT (-124.7257 40.3572),9.0
2025-03-18 00:01:37,37.073,-116.097,4.3,185.2,Mainshock,4.0 - 4.99,POINT (-116.097 37.073),94.0
2025-03-18 00:10:09,39.0527,-123.561,4.1,13.78,Mainshock,4.0 - 4.99,POINT (-123.561 39.0527),19.0
2025-03-18 00:36:54,40.719,-124.758,4.0,21.96,Mainshock,4.0 - 4.99,POINT (-124.758 40.719),9.0
2025-03-18 00:52:03,38.798,-122.823,4.0,1.71,Aftershock,4.0 - 4.99,POINT (-122.823 38.798),29.0
2025-03-18 00:40:22,38.9888,-122.4998,4.3,4.47,Mainshock,4.0 - 4.99,POINT (-122.4998 38.9888),29.0
2025-03-18 00:46:06,37.3355,-121.7028,4.4,7.49,Mainshock,4.0 - 4.99,POINT (-121.7028 37.3355),39.0
2025-03-18 00:13:59,37.076,-115.989,4.3,2.1,Mainshock,4.0 - 4.99,POINT (-115.989 37.076),105.0
2025-03-18 00:16:30,36.576,-121.1787,4.0,8.26,Mainshock,4.0 - 4.99,POINT (-121.1787 36.576),38.0
2025-03-18 00:22:59,33.138,-116.501,4.5,10.84,Mainshock,4.0 - 4.99,POINT (-116.501 33.138),90.0
2025-03-18 00:36:02,34.737,-120.147,4.53,5.04,Mainshock,4.0 - 4.99,POINT (-120.147 34.737),47.0
2025-03-18 00:20:44,34.016,-118.988,4.56,12.9,Mainshock,4.0 - 4.99,POINT (-118.988 34.016),69.0
2025-03-18 00:08:25,37.4597,-118.6072,6.1,8.1,Mainshock,6.0 - 6.99,POINT (-118.6072 37.4597),72.0
2025-03-18 00:12:35,37.4322,-118.6072,5.5,10.52,Aftershock,5.0 - 5.99,POINT (-118.6072 37.4322),72.0
2025-03-18 00:21:17,37.4745,-118.5853,4.2,7.09,Aftershock,4.0 - 4.99,POINT (-118.5853 37.4745),72.0
2025-03-18 00:25:33,37.4295,-118.6295,4.0,9.82,Aftershock,4.0 - 4.99,POINT (-118.6295 37.4295),72.0
2025-03-18 00:15:20,37.4547,-118.6472,4.1,5.12,Aftershock,4.0 - 4.99,POINT (-118.6472 37.4547),72.0
2025-03-18 00:10:09,37.455,-118.6093,4.8,6.02,Mainshock,4.0 - 4.99,POINT (-118.6093 37.455),72.0
2025-03-18 00:21:41,37.4473,-118.6477,5.6,5.95,Mainshock,5.0 - 5.99,POINT (-118.6477 37.4473),72.0
2025-03-18 00:31:14,37.4457,-118.6508,4.61,5.91,Mainshock,4.0 - 4.99,POINT (-118.6508 37.4457),72.0
2025-03-18 00:31:21,37.443,-118.6697,4.5,1.65,Aftershock,4.0 - 4.99,POINT (-118.6697 37.443),72.0
2025-03-18 00:41:52,37.4575,-118.6628,4.4,4.36,Aftershock,4.0 - 4.99,POINT (-118.6628 37.4575),72.0
2025-03-18 00:23:26,37.412,-118.6192,4.7,0.19,Mainshock,4.0 - 4.99,POINT (-118.6192 37.412),72.0
2025-03-18 00:57:38,37.4682,-118.6005,4.6,4.25,Mainshock,4.0 - 4.99,POINT (-118.6005 37.4682),72.0
2025-03-18 00:20:00,36.979,-116.006,4.2,2.0,Mainshock,4.0 - 4.99,POINT (-116.006 36.979),93.0
2025-03-18 00:47:45,38.864,-114.613,4.1,5.0,Mainshock,4.0 - 4.99,POINT (-114.613 38.864),117.0
2025-03-18 00:21:49,37.4633,-118.6448,4.1,2.99,Mainshock,4.0 - 4.99,POINT (-118.6448 37.4633),72.0
2025-03-18 00:01:28,38.7013,-119.5062,4.3,8.45,Mainshock,4.0 - 4.99,POINT (-119.5062 38.7013),62.0
2025-03-18 00:27:21,38.1548,-118.8155,5.0,13.26,Mainshock,5.0 - 5.99,POINT (-118.8155 38.1548),73.0
2025-03-18 00:43:24,40.9428,-119.1142,4.0,1.45,Mainshock,4.0 - 4.99,POINT (-119.1142 40.9428),64.0
2025-03-18 00:58:17,35.457,-118.906,4.61,5.04,Mainshock,4.0 - 4.99,POINT (-118.906 35.457),70.0
2025-03-18 00:36:29,41.171,-118.734,4.4,5.0,Mainshock,4.0 - 4.99,POINT (-118.734 41.171),76.0
2025-03-18 00:35:58,41.2103,-123.0205,4.56,4.02,Mainshock,4.0 - 4.99,POINT (-123.0205 41.2103),21.0
2025-03-18 00:26:14,38.8883,-122.9473,4.06,12.52,Mainshock,4.0 - 4.99,POINT (-122.9473 38.8883),29.0
2025-03-18 00:05:13,37.4525,-118.6117,5.1,5.76,Mainshock,5.0 - 5.99,POINT (-118.6117 37.4525),72.0
2025-03-18 00:39:13,37.112,-116.063,4.8,83.7,Mainshock,4.0 - 4.99,POINT (-116.063 37.112),94.0
2025-03-18 00:04:50,34.38,-119.038,4.07,24.32,Mainshock,4.0 - 4.99,POINT (-119.038 34.38),58.0
2025-03-18 00:03:07,37.4333,-118.6342,4.1,3.68,Mainshock,4.0 - 4.99,POINT (-118.6342 37.4333),72.0
2025-03-18 00:22:45,37.473,-118.607,4.7,10.18,Mainshock,4.0 - 4.99,POINT (-118.607 37.473),72.0
2025-03-18 00:14:33,35.297,-119.346,4.41,23.62,Mainshock,4.0 - 4.99,POINT (-119.346 35.297),59.0
2025-03-18 00:59:23,36.1795,-120.2908,4.3,10.68,Mainshock,4.0 - 4.99,POINT (-120.2908 36.1795),49.0
2025-03-18 00:56:47,39.4682,-119.464,4.1,0.95,Mainshock,4.0 - 4.99,POINT (-119.464 39.4682),63.0
2025-03-18 00:24:01,38.9315,-122.9712,4.33,4.4,Mainshock,4.0 - 4.99,POINT (-122.9712 38.9315),29.0
2025-03-18 00:05:26,34.422,-116.542,4.02,4.51,Mainshock,4.0 - 4.99,POINT (-116.542 34.422),91.0
2025-03-18 00:49:08,40.3285,-124.9328,4.97,4.33,Mainshock,4.0 - 4.99,POINT (-124.9328 40.3285),9.0
2025-03-18 00:29:15,36.1385,-120.159,4.7,13.18,Aftershock,4.0 - 4.99,POINT (-120.159 36.1385),49.0
2025-03-18 00:01:56,36.143,-120.1563,5.6,15.89,Mainshock,5.0 - 5.99,POINT (-120.1563 36.143),49.0
2025-03-18 00:08:41,36.1053,-120.0637,4.0,10.18,Mainshock,4.0 - 4.99,POINT (-120.0637 36.1053),49.0
2025-03-18 00:15:39,36.0333,-120.0683,4.1,14.13,Mainshock,4.0 - 4.99,POINT (-120.0683 36.0333),49.0
2025-03-18 00:45:38,36.1183,-120.0877,4.3,8.61,Mainshock,4.0 - 4.99,POINT (-120.0877 36.1183),49.0
2025-03-18 00:16:03,36.009,-120.1495,4.3,18.06,Foreshock,4.0 - 4.99,POINT (-120.1495 36.009),49.0
2025-03-18 00:03:11,38.7917,-122.7777,4.01,-0.97,Mainshock,4.0 - 4.99,POINT (-122.7777 38.7917),29.0
2025-03-18 00:51:21,36.205,-117.866,4.06,3.61,Aftershock,4.0 - 4.99,POINT (-117.866 36.205),82.0
2025-03-18 00:21:45,35.892,-117.734,4.35,2.55,Mainshock,4.0 - 4.99,POINT (-117.734 35.892),81.0
2025-03-18 00:04:06,37.411,-118.6215,4.5,9.95,Mainshock,4.0 - 4.99,POINT (-118.6215 37.411),72.0
2025-03-18 00:44:12,34.023,-117.245,4.58,14.7,Mainshock,4.0 - 4.99,POINT (-117.245 34.023),80.0
2025-03-18 00:17:42,36.1867,-120.2483,4.0,12.59,Mainshock,4.0 - 4.99,POINT (-120.2483 36.1867),49.0
2025-03-18 00:06:57,38.8478,-122.7717,4.1,-1.03,Mainshock,4.0 - 4.99,POINT (-122.7717 38.8478),29.0
2025-03-18 00:21:40,36.0263,-120.8765,4.5,15.16,Mainshock,4.0 - 4.99,POINT (-120.8765 36.0263),49.0
2025-03-18 00:13:57,36.5828,-121.0367,4.6,9.8,Mainshock,4.0 - 4.99,POINT (-121.0367 36.5828),38.0
2025-03-18 00:28:35,40.6295,-124.7952,4.2,19.23,Mainshock,4.0 - 4.99,POINT (-124.7952 40.6295),9.0
2025-03-18 00:01:58,39.484,-120.5667,4.62,6.18,Mainshock,4.0 - 4.99,POINT (-120.5667 39.484),52.0
2025-03-18 00:09:36,36.5828,-121.1782,4.8,6.2,Mainshock,4.0 - 4.99,POINT (-121.1782 36.5828),38.0
2025-03-18 00:20:51,36.8043,-121.285,5.5,8.15,Mainshock,5.0 - 5.99,POINT (-121.285 36.8043),38.0
2025-03-18 00:46:54,36.8222,-121.2927,4.0,4.86,Mainshock,4.0 - 4.99,POINT (-121.2927 36.8222),38.0
2025-03-18 00:25:40,40.7057,-124.7853,4.0,1.14,Mainshock,4.0 - 4.99,POINT (-124.7853 40.7057),9.0
2025-03-18 00:16:54,37.1693,-117.3877,4.0,0.03,Mainshock,4.0 - 4.99,POINT (-117.3877 37.1693),83.0
2025-03-18 00:33:16,34.402,-119.802,4.14,17.09,Mainshock,4.0 - 4.99,POINT (-119.802 34.402),58.0
2025-03-18 00:24:04,37.878,-122.2038,4.1,11.6,Mainshock,4.0 - 4.99,POINT (-122.2038 37.878),28.0
2025-03-18 00:55:40,37.4792,-121.6867,5.7,8.5,Mainshock,5.0 - 5.99,POINT (-121.6867 37.4792),39.0
2025-03-18 00:12:30,37.01,-116.027,4.0,5.0,Mainshock,4.0 - 4.99,POINT (-116.027 37.01),94.0
2025-03-18 00:09:10,40.1452,-124.5082,4.3,4.03,Mainshock,4.0 - 4.99,POINT (-124.5082 40.1452),9.0
2025-03-18 00:14:46,39.3092,-122.58,4.13,2.99,Mainshock,4.0 - 4.99,POINT (-122.58 39.3092),30.0
2025-03-18 00:47:56,36.6373,-121.2497,4.7,5.26,Mainshock,4.0 - 4.99,POINT (-121.2497 36.6373),38.0
2025-03-18 00:24:11,37.137,-115.998,4.2,1.0,Mainshock,4.0 - 4.99,POINT (-115.998 37.137),105.0
2025-03-18 00:34:53,40.6927,-124.5827,4.0,17.56,Mainshock,4.0 - 4.99,POINT (-124.5827 40.6927),9.0
2025-03-18 00:13:02,32.149,-115.109,4.28,5.97,Mainshock,4.0 - 4.99,POINT (-115.109 32.149),100.0
2025-03-18 00:40:22,36.0532,-121.874,4.4,15.47,Mainshock,4.0 - 4.99,POINT (-121.874 36.0532),38.0
2025-03-18 00:20:45,33.999,-116.608,6.0,9.47,Mainshock,6.0 - 6.99,POINT (-116.608 33.999),90.0
2025-03-18 00:24:13,34.032,-116.654,4.2,7.85,Aftershock,4.0 - 4.99,POINT (-116.654 34.032),91.0
2025-03-18 00:09:03,33.977,-116.579,4.29,7.19,Foreshock,4.0 - 4.99,POINT (-116.579 33.977),90.0
2025-03-18 00:22:39,34.028,-116.627,4.3,9.85,Mainshock,4.0 - 4.99,POINT (-116.627 34.028),91.0
2025-03-18 00:36:20,34.016,-116.615,4.07,10.8,Aftershock,4.0 - 4.99,POINT (-116.615 34.016),91.0
2025-03-18 00:12:32,33.976,-116.567,4.11,7.82,Mainshock,4.0 - 4.99,POINT (-116.567 33.976),90.0
2025-03-18 00:45:28,33.986,-116.652,4.05,5.75,Mainshock,4.0 - 4.99,POINT (-116.652 33.986),90.0
2025-03-18 00:47:08,32.971,-117.874,5.45,5.83,Mainshock,5.0 - 5.99,POINT (-117.874 32.971),78.0
2025-03-18 00:01:33,32.993,-117.843,4.37,5.69,Foreshock,4.0 - 4.99,POINT (-117.843 32.993),78.0
2025-03-18 00:32:46,32.963,-117.82,4.14,5.76,Mainshock,4.0 - 4.99,POINT (-117.82 32.963),78.0
2025-03-18 00:35:15,33.989,-116.647,4.46,5.77,Mainshock,4.0 - 4.99,POINT (-116.647 33.989),90.0
2025-03-18 00:54:45,33.993,-116.647,4.43,6.38,Mainshock,4.0 - 4.99,POINT (-116.647 33.993),90.0
2025-03-18 00:29:45,37.5667,-118.4382,5.9,5.04,Mainshock,5.0 - 5.99,POINT (-118.4382 37.5667),72.0
2025-03-18 00:46:07,37.5747,-118.435,4.1,6.13,Aftershock,4.0 - 4.99,POINT (-118.435 37.5747),72.0
2025-03-18 00:38:52,37.5353,-118.436,4.7,7.12,Mainshock,4.0 - 4.99,POINT (-118.436 37.5353),72.0
2025-03-18 00:12:11,37.5582,-118.4652,4.4,6.99,Foreshock,4.0 - 4.99,POINT (-118.4652 37.5582),72.0
2025-03-18 00:10:30,37.5322,-118.4538,4.1,4.33,Foreshock,4.0 - 4.99,POINT (-118.4538 37.5322),72.0
2025-03-18 00:15:21,37.5667,-118.4588,4.3,6.95,Foreshock,4.0 - 4.99,POINT (-118.4588 37.5667),72.0
2025-03-18 00:42:26,37.538,-118.4428,6.4,8.8,Mainshock,6.0 - 6.99,POINT (-118.4428 37.538),72.0
2025-03-18 00:45:21,37.58,-118.42,4.6,6.0,Aftershock,4.0 - 4.99,POINT (-118.42 37.58),72.0
2025-03-18 00:51:09,37.4932,-118.4538,5.7,8.48,Mainshock,5.0 - 5.99,POINT (-118.4538 37.4932),72.0
2025-03-18 00:53:58,37.58,-118.42,4.9,6.0,Aftershock,4.0 - 4.99,POINT (-118.42 37.58),72.0
2025-03-18 00:57:49,37.5037,-118.3918,4.8,2.48,Aftershock,4.0 - 4.99,POINT (-118.3918 37.5037),72.0
2025-03-18 00:05:41,37.5288,-118.4972,4.1,-1.33,Foreshock,4.0 - 4.99,POINT (-118.4972 37.5288),72.0
2025-03-18 00:11:31,37.5377,-118.5047,4.4,11.32,Mainshock,4.0 - 4.99,POINT (-118.5047 37.5377),72.0
2025-03-18 00:19:35,37.525,-118.4377,4.7,-0.48,Mainshock,4.0 - 4.99,POINT (-118.4377 37.525),72.0
2025-03-18 00:26:48,37.5128,-118.4418,4.6,9.87,Mainshock,4.0 - 4.99,POINT (-118.4418 37.5128),72.0
2025-03-18 00:36:49,37.5503,-118.437,4.0,5.21,Aftershock,4.0 - 4.99,POINT (-118.437 37.5503),72.0
2025-03-18 00:41:21,37.543,-118.4003,4.2,2.63,Aftershock,4.0 - 4.99,POINT (-118.4003 37.543),72.0
2025-03-18 00:46:16,37.5415,-118.4387,4.45,6.84,Aftershock,4.0 - 4.99,POINT (-118.4387 37.5415),72.0
2025-03-18 00:46:23,37.6058,-118.446,4.5,5.96,Aftershock,4.0 - 4.99,POINT (-118.446 37.6058),72.0
2025-03-18 00:26:44,37.4867,-118.383,4.6,5.14,Mainshock,4.0 - 4.99,POINT (-118.383 37.4867),72.0
2025-03-18 00:05:33,37.529,-118.4738,4.5,9.97,Foreshock,4.0 - 4.99,POINT (-118.4738 37.529),72.0
2025-03-18 00:20:00,37.4653,-118.3778,4.5,6.75,Mainshock,4.0 - 4.99,POINT (-118.3778 37.4653),72.0
2025-03-18 00:48:52,37.5797,-118.4593,4.4,6.48,Mainshock,4.0 - 4.99,POINT (-118.4593 37.5797),72.0
2025-03-18 00:48:55,37.5877,-118.4447,4.3,8.29,Aftershock,4.0 - 4.99,POINT (-118.4447 37.5877),72.0
2025-03-18 00:13:57,37.6165,-118.4585,4.0,3.26,Foreshock,4.0 - 4.99,POINT (-118.4585 37.6165),72.0
2025-03-18 00:29:31,33.005,-117.815,4.02,5.69,Mainshock,4.0 - 4.99,POINT (-117.815 33.005),79.0
2025-03-18 00:36:05,37.5265,-118.4453,4.0,8.68,Aftershock,4.0 - 4.99,POINT (-118.4453 37.5265),72.0
2025-03-18 00:07:16,37.6213,-118.3425,5.6,-0.08,Mainshock,5.0 - 5.99,POINT (-118.3425 37.6213),72.0
2025-03-18 00:43:06,37.594,-118.475,4.2,6.31,Aftershock,4.0 - 4.99,POINT (-118.475 37.594),72.0
2025-03-18 00:09:53,37.6063,-118.4322,4.5,2.44,Mainshock,4.0 - 4.99,POINT (-118.4322 37.6063),72.0
2025-03-18 00:40:45,37.5632,-118.4532,4.1,6.83,Aftershock,4.0 - 4.99,POINT (-118.4532 37.5632),72.0
2025-03-18 00:21:52,37.4525,-118.3855,4.2,10.79,Mainshock,4.0 - 4.99,POINT (-118.3855 37.4525),72.0
2025-03-18 00:29:16,37.5335,-118.4455,4.0,3.35,Aftershock,4.0 - 4.99,POINT (-118.4455 37.5335),72.0
2025-03-18 00:24:50,37.5267,-118.4733,4.4,9.23,Mainshock,4.0 - 4.99,POINT (-118.4733 37.5267),72.0
2025-03-18 00:33:59,37.5277,-118.4732,4.7,8.74,Mainshock,4.0 - 4.99,POINT (-118.4732 37.5277),72.0
2025-03-18 00:48:59,37.5258,-118.4715,5.0,10.65,Mainshock,5.0 - 5.99,POINT (-118.4715 37.5258),72.0
2025-03-18 00:19:36,37.49,-118.373,4.2,6.34,Foreshock,4.0 - 4.99,POINT (-118.373 37.49),72.0
2025-03-18 00:29:43,37.4982,-118.3753,4.7,4.24,Mainshock,4.0 - 4.99,POINT (-118.3753 37.4982),72.0
2025-03-18 00:16:59,37.5707,-118.432,4.2,3.85,Foreshock,4.0 - 4.99,POINT (-118.432 37.5707),72.0
2025-03-18 00:22:26,37.6113,-118.4668,4.3,6.28,Mainshock,4.0 - 4.99,POINT (-118.4668 37.6113),72.0
2025-03-18 00:06:41,37.4905,-118.3953,4.2,8.53,Foreshock,4.0 - 4.99,POINT (-118.3953 37.4905),72.0
2025-03-18 00:39:11,37.537,-118.4373,4.7,12.12,Mainshock,4.0 - 4.99,POINT (-118.4373 37.537),72.0
2025-03-18 00:43:10,37.6042,-118.4652,4.1,2.91,Aftershock,4.0 - 4.99,POINT (-118.4652 37.6042),72.0
2025-03-18 00:10:05,37.4678,-118.37,4.2,4.88,Foreshock,4.0 - 4.99,POINT (-118.37 37.4678),72.0
2025-03-18 00:03:25,37.4718,-118.3678,4.3,7.26,Foreshock,4.0 - 4.99,POINT (-118.3678 37.4718),72.0
2025-03-18 00:39:40,37.5322,-118.4732,4.2,6.51,Mainshock,4.0 - 4.99,POINT (-118.4732 37.5322),72.0
2025-03-18 00:49:40,37.3778,-118.2857,4.2,3.74,Mainshock,4.0 - 4.99,POINT (-118.2857 37.3778),72.0
2025-03-18 00:11:58,37.5468,-118.4393,4.2,7.45,Foreshock,4.0 - 4.99,POINT (-118.4393 37.5468),72.0
2025-03-18 00:17:42,32.934,-117.841,4.31,5.62,Mainshock,4.0 - 4.99,POINT (-117.841 32.934),78.0
2025-03-18 00:57:57,37.5998,-118.467,4.6,6.41,Mainshock,4.0 - 4.99,POINT (-118.467 37.5998),72.0
2025-03-18 00:14:25,37.4523,-118.3748,4.2,7.38,Foreshock,4.0 - 4.99,POINT (-118.3748 37.4523),72.0
2025-03-18 00:03:32,37.607,-118.47,4.0,7.11,Foreshock,4.0 - 4.99,POINT (-118.47 37.607),72.0
2025-03-18 00:41:52,37.5847,-118.4565,4.8,6.59,Mainshock,4.0 - 4.99,POINT (-118.4565 37.5847),72.0
2025-03-18 00:51:13,32.985,-117.801,4.15,5.76,Mainshock,4.0 - 4.99,POINT (-117.801 32.985),78.0
2025-03-18 00:06:20,32.972,-117.829,4.04,5.02,Foreshock,4.0 - 4.99,POINT (-117.829 32.972),78.0
2025-03-18 00:22:40,37.4732,-118.3687,5.8,5.75,Mainshock,5.0 - 5.99,POINT (-118.3687 37.4732),72.0
2025-03-18 00:28:04,37.4447,-118.347,4.5,6.79,Mainshock,4.0 - 4.99,POINT (-118.347 37.4447),72.0
2025-03-18 00:36:02,37.4752,-118.374,4.0,6.22,Mainshock,4.0 - 4.99,POINT (-118.374 37.4752),72.0
2025-03-18 00:15:39,37.4825,-118.3733,4.0,6.58,Foreshock,4.0 - 4.99,POINT (-118.3733 37.4825),72.0
2025-03-18 00:53:29,39.4885,-123.3615,4.67,58.15,Mainshock,4.0 - 4.99,POINT (-123.3615 39.4885),19.0
2025-03-18 00:30:02,40.8937,-123.9957,4.88,18.11,Mainshock,4.0 - 4.99,POINT (-123.9957 40.8937),20.0
2025-03-18 00:27:16,37.5142,-118.3928,4.8,4.32,Foreshock,4.0 - 4.99,POINT (-118.3928 37.5142),72.0
2025-03-18 00:28:18,37.5103,-118.399,5.1,7.96,Mainshock,5.0 - 5.99,POINT (-118.399 37.5103),72.0
2025-03-18 00:33:05,37.6173,-118.4465,4.3,5.85,Aftershock,4.0 - 4.99,POINT (-118.4465 37.6173),72.0
2025-03-18 00:31:14,37.2803,-121.6527,4.0,8.73,Mainshock,4.0 - 4.99,POINT (-121.6527 37.2803),39.0
2025-03-18 00:39:32,39.4657,-122.869,4.49,4.1,Mainshock,4.0 - 4.99,POINT (-122.869 39.4657),30.0
2025-03-18 00:59:47,37.6202,-118.4323,4.0,5.02,Aftershock,4.0 - 4.99,POINT (-118.4323 37.6202),72.0
2025-03-18 00:57:40,37.7115,-118.4732,4.02,77.03,Mainshock,4.0 - 4.99,POINT (-118.4732 37.7115),72.0
2025-03-18 00:35:57,37.3365,-117.2313,4.0,0.88,Mainshock,4.0 - 4.99,POINT (-117.2313 37.3365),83.0
2025-03-18 00:52:12,32.99,-117.798,4.18,5.74,Mainshock,4.0 - 4.99,POINT (-117.798 32.99),78.0
2025-03-18 00:37:25,37.3648,-118.3815,4.4,11.05,Mainshock,4.0 - 4.99,POINT (-118.3815 37.3648),72.0
2025-03-18 00:17:36,37.8212,-121.966,4.2,9.02,Mainshock,4.0 - 4.99,POINT (-121.966 37.8212),39.0
2025-03-18 00:43:02,38.6898,-123.4978,4.0,6.39,Mainshock,4.0 - 4.99,POINT (-123.4978 38.6898),18.0
2025-03-18 00:28:48,33.948,-116.577,4.0,5.72,Mainshock,4.0 - 4.99,POINT (-116.577 33.948),90.0
2025-03-18 00:38:15,32.604,-117.144,4.48,14.83,Mainshock,4.0 - 4.99,POINT (-117.144 32.604),78.0
2025-03-18 00:57:29,38.4135,-119.3018,4.4,6.64,Mainshock,4.0 - 4.99,POINT (-119.3018 38.4135),62.0
2025-03-18 00:23:38,38.6945,-119.5143,4.3,1.27,Foreshock,4.0 - 4.99,POINT (-119.5143 38.6945),62.0
2025-03-18 00:05:58,40.0302,-123.767,4.11,36.83,Mainshock,4.0 - 4.99,POINT (-123.767 40.0302),20.0
2025-03-18 00:02:39,37.081,-116.014,4.0,33.0,Mainshock,4.0 - 4.99,POINT (-116.014 37.081),94.0
2025-03-18 00:33:02,40.3605,-124.4062,5.1,15.3,Mainshock,5.0 - 5.99,POINT (-124.4062 40.3605),9.0
2025-03-18 00:34:19,40.359,-124.3978,5.1,15.31,Aftershock,5.0 - 5.99,POINT (-124.3978 40.359),9.0
2025-03-18 00:41:07,40.3563,-124.4747,4.0,18.45,Mainshock,4.0 - 4.99,POINT (-124.4747 40.3563),9.0
2025-03-18 00:18:05,37.5598,-121.67,4.1,2.37,Mainshock,4.0 - 4.99,POINT (-121.67 37.5598),39.0
2025-03-18 00:56:27,37.5715,-118.403,4.0,2.91,Mainshock,4.0 - 4.99,POINT (-118.403 37.5715),72.0
2025-03-18 00:28:05,37.4522,-121.796,4.0,6.85,Aftershock,4.0 - 4.99,POINT (-121.796 37.4522),39.0
2025-03-18 00:09:05,37.1615,-121.5527,4.21,6.59,Mainshock,4.0 - 4.99,POINT (-121.5527 37.1615),39.0
2025-03-18 00:45:15,32.388,-115.305,5.38,5.99,Mainshock,5.0 - 5.99,POINT (-115.305 32.388),100.0
2025-03-18 00:59:35,32.376,-115.33,4.16,5.99,Aftershock,4.0 - 4.99,POINT (-115.33 32.376),100.0
2025-03-18 00:25:39,32.393,-115.337,4.2,6.01,Mainshock,4.0 - 4.99,POINT (-115.337 32.393),100.0
2025-03-18 00:26:50,36.1723,-120.3405,5.3,15.27,Mainshock,5.0 - 5.99,POINT (-120.3405 36.1723),49.0
2025-03-18 00:24:57,37.5402,-118.8717,4.0,4.25,Mainshock,4.0 - 4.99,POINT (-118.8717 37.5402),72.0
2025-03-18 00:30:21,40.776,-116.253,4.1,5.0,Mainshock,4.0 - 4.99,POINT (-116.253 40.776),97.0
2025-03-18 00:48:40,40.185,-117.7495,4.1,3.08,Mainshock,4.0 - 4.99,POINT (-117.7495 40.185),86.0
2025-03-18 00:01:33,40.1828,-117.7722,4.0,0.89,Foreshock,4.0 - 4.99,POINT (-117.7722 40.1828),86.0
2025-03-18 00:11:02,40.1765,-117.7853,4.0,1.69,Mainshock,4.0 - 4.99,POINT (-117.7853 40.1765),86.0
2025-03-18 00:34:09,40.9273,-123.4792,4.1,21.39,Mainshock,4.0 - 4.99,POINT (-123.4792 40.9273),20.0
2025-03-18 00:52:32,40.3912,-124.554,4.2,25.42,Mainshock,4.0 - 4.99,POINT (-124.554 40.3912),9.0
2025-03-18 00:24:22,36.8327,-121.2918,4.1,8.03,Mainshock,4.0 - 4.99,POINT (-121.2918 36.8327),38.0
2025-03-18 00:14:54,37.6175,-118.9728,4.2,4.59,Mainshock,4.0 - 4.99,POINT (-118.9728 37.6175),72.0
2025-03-18 00:45:47,37.8092,-122.187,4.0,4.38,Mainshock,4.0 - 4.99,POINT (-122.187 37.8092),28.0
2025-03-18 00:10:10,34.311,-116.918,4.12,3.87,Mainshock,4.0 - 4.99,POINT (-116.918 34.311),91.0
2025-03-18 00:50:08,41.93,-119.689,4.2,5.0,Mainshock,4.0 - 4.99,POINT (-119.689 41.93),65.0
2025-03-18 00:23:25,36.939,-116.02,4.2,28.1,Mainshock,4.0 - 4.99,POINT (-116.02 36.939),93.0
2025-03-18 00:40:38,41.2603,-124.2007,4.1,9.47,Mainshock,4.0 - 4.99,POINT (-124.2007 41.2603),10.0
2025-03-18 00:56:58,40.4157,-124.3827,5.6,16.9,Mainshock,5.0 - 5.99,POINT (-124.3827 40.4157),9.0
2025-03-18 00:46:25,41.3967,-123.8047,4.0,25.37,Mainshock,4.0 - 4.99,POINT (-123.8047 41.3967),21.0
2025-03-18 00:48:05,38.3315,-118.1143,4.6,1.87,Mainshock,4.0 - 4.99,POINT (-118.1143 38.3315),73.0
2025-03-18 00:00:00,37.061,-116.045,5.9,61.9,Mainshock,5.0 - 5.99,POINT (-116.045 37.061),94.0
2025-03-18 00:54:46,40.0887,-122.7662,4.34,42.24,Mainshock,4.0 - 4.99,POINT (-122.7662 40.0887),31.0
2025-03-18 00:59:19,40.0812,-122.6528,4.02,19.49,Aftershock,4.0 - 4.99,POINT (-122.6528 40.0812),31.0
2025-03-18 00:00:00,37.228,-116.375,5.7,78.9,Mainshock,5.0 - 5.99,POINT (-116.375 37.228),94.0
2025-03-18 00:42:20,34.061,-118.079,5.9,8.88,Mainshock,5.0 - 5.99,POINT (-118.079 34.061),69.0
2025-03-18 00:45:42,34.049,-118.1,4.7,12.87,Aftershock,4.0 - 4.99,POINT (-118.1 34.049),69.0
2025-03-18 00:48:03,34.076,-118.09,4.11,11.1,Aftershock,4.0 - 4.99,POINT (-118.09 34.076),69.0
2025-03-18 00:49:06,34.06,-118.1,4.75,11.03,Aftershock,4.0 - 4.99,POINT (-118.1 34.06),69.0
2025-03-18 00:49:49,36.1575,-120.7142,4.77,27.5,Mainshock,4.0 - 4.99,POINT (-120.7142 36.1575),49.0
2025-03-18 00:12:32,34.052,-118.091,4.62,10.24,Mainshock,4.0 - 4.99,POINT (-118.091 34.052),69.0
2025-03-18 00:59:54,34.05,-118.087,4.02,9.85,Aftershock,4.0 - 4.99,POINT (-118.087 34.05),69.0
2025-03-18 00:59:38,34.074,-118.098,5.25,7.72,Mainshock,5.0 - 5.99,POINT (-118.098 34.074),69.0
2025-03-18 00:48:00,37.7905,-121.7445,4.4,10.15,Mainshock,4.0 - 4.99,POINT (-121.7445 37.7905),39.0
2025-03-18 00:00:00,37.142,-116.079,5.2,33.0,Mainshock,5.0 - 5.99,POINT (-116.079 37.142),94.0
2025-03-18 00:58:33,33.676,-119.058,4.03,11.95,Mainshock,4.0 - 4.99,POINT (-119.058 33.676),57.0
2025-03-18 00:06:01,36.5942,-121.2015,4.0,8.7,Mainshock,4.0 - 4.99,POINT (-121.2015 36.5942),38.0
2025-03-18 00:32:48,33.067,-115.781,4.18,3.99,Mainshock,4.0 - 4.99,POINT (-115.781 33.067),101.0
2025-03-18 00:53:03,33.072,-115.782,4.03,4.26,Foreshock,4.0 - 4.99,POINT (-115.782 33.072),101.0
2025-03-18 00:54:15,33.09,-115.792,6.2,10.85,Mainshock,6.0 - 6.99,POINT (-115.792 33.09),101.0
2025-03-18 00:14:35,33.036,-115.82,4.54,4.73,Foreshock,4.0 - 4.99,POINT (-115.82 33.036),101.0
2025-03-18 00:15:23,33.048,-115.798,4.82,5.11,Foreshock,4.0 - 4.99,POINT (-115.798 33.048),101.0
2025-03-18 00:16:47,33.05,-115.8,4.08,5.39,Foreshock,4.0 - 4.99,POINT (-115.8 33.05),101.0
2025-03-18 00:53:01,33.04,-115.812,4.66,3.51,Aftershock,4.0 - 4.99,POINT (-115.812 33.04),101.0
2025-03-18 00:15:57,33.015,-115.852,6.6,11.18,Mainshock,6.0 - 6.99,POINT (-115.852 33.015),101.0
2025-03-18 00:18:49,33.014,-115.815,4.17,5.39,Aftershock,4.0 - 4.99,POINT (-115.815 33.014),101.0
2025-03-18 00:33:01,32.997,-115.885,4.39,5.88,Foreshock,4.0 - 4.99,POINT (-115.885 32.997),100.0
2025-03-18 00:33:56,33.13,-115.875,4.34,0.97,Foreshock,4.0 - 4.99,POINT (-115.875 33.13),101.0
2025-03-18 00:34:40,32.942,-115.764,4.71,13.97,Mainshock,4.0 - 4.99,POINT (-115.764 32.942),100.0
2025-03-18 00:53:41,32.991,-115.835,4.18,1.37,Mainshock,4.0 - 4.99,POINT (-115.835 32.991),100.0
2025-03-18 00:36:30,33.043,-115.803,4.13,1.06,Foreshock,4.0 - 4.99,POINT (-115.803 33.043),101.0
2025-03-18 00:50:40,33.017,-115.881,4.14,0.09,Aftershock,4.0 - 4.99,POINT (-115.881 33.017),101.0
2025-03-18 00:54:10,32.979,-115.816,4.04,0.59,Aftershock,4.0 - 4.99,POINT (-115.816 32.979),100.0
2025-03-18 00:39:02,33.029,-115.888,4.53,1.81,Mainshock,4.0 - 4.99,POINT (-115.888 33.029),101.0
2025-03-18 00:10:11,32.996,-115.816,4.47,6.12,Foreshock,4.0 - 4.99,POINT (-115.816 32.996),100.0
2025-03-18 00:39:11,32.98,-115.809,4.2,1.09,Aftershock,4.0 - 4.99,POINT (-115.809 32.98),100.0
2025-03-18 00:03:06,32.995,-115.813,4.57,1.72,Mainshock,4.0 - 4.99,POINT (-115.813 32.995),100.0
2025-03-18 00:23:46,35.372,-118.774,4.02,2.35,Mainshock,4.0 - 4.99,POINT (-118.774 35.372),70.0
2025-03-18 00:50:44,38.4343,-116.2413,4.2,0.04,Mainshock,4.0 - 4.99,POINT (-116.2413 38.4343),95.0
2025-03-18 00:49:48,36.7773,-120.8793,4.5,4.47,Mainshock,4.0 - 4.99,POINT (-120.8793 36.7773),49.0
2025-03-18 00:54:02,32.919,-115.678,4.67,3.75,Mainshock,4.0 - 4.99,POINT (-115.678 32.919),100.0
2025-03-18 00:28:45,40.3607,-124.5903,4.0,27.8,Mainshock,4.0 - 4.99,POINT (-124.5903 40.3607),9.0
2025-03-18 00:25:56,34.077,-118.047,4.69,11.98,Mainshock,4.0 - 4.99,POINT (-118.047 34.077),69.0
2025-03-18 00:10:00,37.314,-116.471,5.3,503.4,Mainshock,5.0 - 5.99,POINT (-116.471 37.314),94.0
2025-03-18 00:39:57,36.7958,-121.3112,5.1,9.18,Mainshock,5.0 - 5.99,POINT (-121.3112 36.7958),38.0
2025-03-18 00:43:14,35.546,-119.676,4.2,5.11,Mainshock,4.0 - 4.99,POINT (-119.676 35.546),59.0
2025-03-18 00:52:52,32.635,-115.838,4.08,6.85,Mainshock,4.0 - 4.99,POINT (-115.838 32.635),100.0
2025-03-18 00:42:47,34.25,-119.622,4.01,16.68,Mainshock,4.0 - 4.99,POINT (-119.622 34.25),58.0
2025-03-18 00:44:14,40.474,-124.2793,4.1,23.92,Mainshock,4.0 - 4.99,POINT (-124.2793 40.474),9.0
2025-03-18 00:38:38,33.24,-116.247,4.26,8.18,Mainshock,4.0 - 4.99,POINT (-116.247 33.24),90.0
2025-03-18 00:08:55,37.5087,-118.863,4.3,4.9,Mainshock,4.0 - 4.99,POINT (-118.863 37.5087),72.0
2025-03-18 00:06:43,34.943,-118.743,5.37,5.9,Mainshock,5.0 - 5.99,POINT (-118.743 34.943),69.0
2025-03-18 00:45:37,37.3927,-121.7415,5.3,9.09,Mainshock,5.0 - 5.99,POINT (-121.7415 37.3927),39.0
2025-03-18 00:26:38,37.1242,-121.5252,4.1,7.91,Foreshock,4.0 - 4.99,POINT (-121.5252 37.1242),39.0
2025-03-18 00:04:59,34.136,-117.709,4.66,6.58,Mainshock,4.0 - 4.99,POINT (-117.709 34.136),80.0
2025-03-18 00:43:22,37.1283,-121.895,5.3,12.63,Mainshock,5.0 - 5.99,POINT (-121.895 37.1283),39.0
2025-03-18 00:26:58,33.483,-116.439,4.4,11.71,Mainshock,4.0 - 4.99,POINT (-116.439 33.483),90.0
2025-03-18 00:18:48,36.426,-118.025,4.4,4.34,Mainshock,4.0 - 4.99,POINT (-118.025 36.426),71.0
2025-03-18 00:05:30,37.252,-116.377,5.6,33.0,Mainshock,5.0 - 5.99,POINT (-116.377 37.252),94.0
2025-03-18 00:26:56,36.5768,-121.1502,4.7,3.18,Mainshock,4.0 - 4.99,POINT (-121.1502 36.5768),38.0
2025-03-18 00:30:00,36.994,-116.012,4.1,5.0,Mainshock,4.0 - 4.99,POINT (-116.012 36.994),93.0
2025-03-18 00:24:34,33.867,-118.457,4.04,3.08,Mainshock,4.0 - 4.99,POINT (-118.457 33.867),68.0
2025-03-18 00:56:32,38.4613,-118.3418,5.0,8.97,Mainshock,5.0 - 5.99,POINT (-118.3418 38.4613),73.0
2025-03-18 00:30:14,41.5718,-121.6115,4.3,-0.03,Mainshock,4.0 - 4.99,POINT (-121.6115 41.5718),43.0
2025-03-18 00:00:00,37.089,-116.049,5.9,153.7,Mainshock,5.0 - 5.99,POINT (-116.049 37.089),94.0
2025-03-18 00:18:08,37.089,-116.049,4.5,153.7,Mainshock,4.0 - 4.99,POINT (-116.049 37.089),94.0
2025-03-18 00:08:23,37.2328,-118.4328,4.05,13.05,Mainshock,4.0 - 4.99,POINT (-118.4328 37.2328),72.0
2025-03-18 00:47:55,33.181,-115.604,4.18,0.5,Mainshock,4.0 - 4.99,POINT (-115.604 33.181),101.0
2025-03-18 00:08:03,37.3747,-121.7302,4.8,8.39,Mainshock,4.0 - 4.99,POINT (-121.7302 37.3747),39.0
2025-03-18 00:39:29,33.507,-118.071,4.83,5.79,Mainshock,4.0 - 4.99,POINT (-118.071 33.507),68.0
2025-03-18 00:57:39,37.401,-118.5602,4.4,6.63,Mainshock,4.0 - 4.99,POINT (-118.5602 37.401),72.0
2025-03-18 00:38:26,34.151,-118.13,5.02,13.72,Mainshock,5.0 - 5.99,POINT (-118.13 34.151),69.0
2025-03-18 00:53:05,33.979,-116.681,5.03,6.89,Mainshock,5.0 - 5.99,POINT (-116.681 33.979),90.0
2025-03-18 00:54:24,37.2863,-121.6613,4.3,7.08,Mainshock,4.0 - 4.99,POINT (-121.6613 37.2863),39.0
2025-03-18 00:01:18,34.513,-120.702,4.05,5.45,Mainshock,4.0 - 4.99,POINT (-120.702 34.513),47.0
2025-03-18 00:39:55,32.948,-117.736,4.29,5.8,Mainshock,4.0 - 4.99,POINT (-117.736 32.948),78.0
2025-03-18 00:53:29,33.919,-118.627,4.96,11.63,Mainshock,4.0 - 4.99,POINT (-118.627 33.919),68.0
2025-03-18 00:07:13,40.4492,-124.932,4.0,4.32,Mainshock,4.0 - 4.99,POINT (-124.932 40.4492),9.0
2025-03-18 00:43:55,35.043,-119.156,4.1,12.89,Mainshock,4.0 - 4.99,POINT (-119.156 35.043),59.0
2025-03-18 00:17:05,34.006,-117.738,4.05,2.67,Mainshock,4.0 - 4.99,POINT (-117.738 34.006),80.0
2025-03-18 00:16:48,33.181,-115.599,4.58,1.12,Mainshock,4.0 - 4.99,POINT (-115.599 33.181),101.0
2025-03-18 00:29:50,34.914,-118.992,4.31,13.09,Mainshock,4.0 - 4.99,POINT (-118.992 34.914),69.0
2025-03-18 00:46:34,37.4318,-121.7713,4.5,11.32,Mainshock,4.0 - 4.99,POINT (-121.7713 37.4318),39.0
2025-03-18 00:07:30,33.619,-117.902,4.8,12.6,Mainshock,4.0 - 4.99,POINT (-117.902 33.619),79.0
2025-03-18 00:45:54,38.4867,-117.8492,4.0,0.32,Mainshock,4.0 - 4.99,POINT (-117.8492 38.4867),84.0
2025-03-18 00:02:01,41.1833,-121.9737,4.0,7.86,Mainshock,4.0 - 4.99,POINT (-121.9737 41.1833),43.0
2025-03-18 00:55:35,40.2192,-121.163,4.3,3.3,Mainshock,4.0 - 4.99,POINT (-121.163 40.2192),42.0
2025-03-18 00:34:00,34.597,-116.839,4.29,0.5,Mainshock,4.0 - 4.99,POINT (-116.839 34.597),91.0
2025-03-18 00:35:12,41.4752,-124.1547,4.3,23.28,Mainshock,4.0 - 4.99,POINT (-124.1547 41.4752),10.0
2025-03-18 00:57:19,34.028,-118.18,4.82,15.37,Mainshock,4.0 - 4.99,POINT (-118.18 34.028),69.0
2025-03-18 00:22:26,34.022,-118.178,4.47,15.28,Foreshock,4.0 - 4.99,POINT (-118.178 34.022),69.0
2025-03-18 00:13:24,38.0588,-121.8563,4.3,19.84,Mainshock,4.0 - 4.99,POINT (-121.8563 38.0588),40.0
2025-03-18 00:13:34,37.4292,-118.6268,4.6,12.1,Mainshock,4.0 - 4.99,POINT (-118.6268 37.4292),72.0
2025-03-18 00:13:27,37.1482,-121.9268,5.4,13.41,Mainshock,5.0 - 5.99,POINT (-121.9268 37.1482),39.0
2025-03-18 00:44:10,37.1445,-121.9243,4.3,12.84,Mainshock,4.0 - 4.99,POINT (-121.9243 37.1445),39.0
2025-03-18 00:53:28,37.1613,-121.9497,4.5,14.85,Mainshock,4.0 - 4.99,POINT (-121.9497 37.1613),39.0
2025-03-18 00:15:06,39.492,-122.943,4.1,15.09,Mainshock,4.0 - 4.99,POINT (-122.943 39.492),30.0
2025-03-18 00:41:18,40.3185,-124.646,4.9,16.29,Mainshock,4.0 - 4.99,POINT (-124.646 40.3185),9.0
2025-03-18 00:21:02,36.4998,-120.525,4.0,10.85,Mainshock,4.0 - 4.99,POINT (-120.525 36.4998),49.0
2025-03-18 00:04:15,37.0362,-121.8798,6.9,17.21,Mainshock,6.0 - 6.99,POINT (-121.8798 37.0362),39.0
2025-03-18 00:07:15,37.2382,-121.9445,4.7,9.37,Aftershock,4.0 - 4.99,POINT (-121.9445 37.2382),39.0
2025-03-18 00:07:43,36.988,-121.7413,4.7,15.26,Aftershock,4.0 - 4.99,POINT (-121.7413 36.988),38.0
2025-03-18 00:08:22,37.0702,-121.894,4.4,10.43,Aftershock,4.0 - 4.99,POINT (-121.894 37.0702),39.0
2025-03-18 00:08:45,37.076,-121.925,4.3,2.96,Aftershock,4.0 - 4.99,POINT (-121.925 37.076),39.0
2025-03-18 00:09:56,37.0333,-121.7245,4.0,4.57,Aftershock,4.0 - 4.99,POINT (-121.7245 37.0333),39.0
2025-03-18 00:11:45,37.1662,-121.986,4.2,9.43,Aftershock,4.0 - 4.99,POINT (-121.986 37.1662),39.0
2025-03-18 00:12:42,37.176,-121.9782,4.6,5.19,Aftershock,4.0 - 4.99,POINT (-121.9782 37.176),39.0
2025-03-18 00:13:09,37.1748,-122.0335,4.32,11.31,Aftershock,4.0 - 4.99,POINT (-122.0335 37.1748),28.0
2025-03-18 00:15:11,37.0057,-121.7867,4.4,14.39,Aftershock,4.0 - 4.99,POINT (-121.7867 37.0057),39.0
2025-03-18 00:16:55,37.0982,-121.9097,4.1,3.38,Aftershock,4.0 - 4.99,POINT (-121.9097 37.0982),39.0
2025-03-18 00:17:33,37.201,-121.991,4.0,9.13,Aftershock,4.0 - 4.99,POINT (-121.991 37.201),39.0
2025-03-18 00:19:17,37.163,-121.9817,4.0,10.16,Aftershock,4.0 - 4.99,POINT (-121.9817 37.163),39.0
2025-03-18 00:25:05,37.0523,-121.7798,4.8,5.49,Mainshock,4.0 - 4.99,POINT (-121.7798 37.0523),39.0
2025-03-18 00:30:41,37.1193,-121.986,4.2,15.44,Mainshock,4.0 - 4.99,POINT (-121.986 37.1193),39.0
2025-03-18 00:38:28,37.1685,-121.9882,4.3,10.43,Foreshock,4.0 - 4.99,POINT (-121.9882 37.1685),39.0
2025-03-18 00:41:24,37.1902,-122.052,5.1,15.31,Mainshock,5.0 - 5.99,POINT (-122.052 37.1902),28.0
2025-03-18 00:45:39,36.951,-121.6788,4.0,7.97,Aftershock,4.0 - 4.99,POINT (-121.6788 36.951),38.0
2025-03-18 00:24:33,37.1622,-121.9965,4.01,8.37,Foreshock,4.0 - 4.99,POINT (-121.9965 37.1622),39.0
2025-03-18 00:15:49,37.0233,-121.7408,4.5,-0.31,Foreshock,4.0 - 4.99,POINT (-121.7408 37.0233),39.0
2025-03-18 00:26:06,37.0385,-121.7745,4.2,1.93,Mainshock,4.0 - 4.99,POINT (-121.7745 37.0385),39.0
2025-03-18 00:23:56,37.1367,-121.9893,4.0,14.83,Foreshock,4.0 - 4.99,POINT (-121.9893 37.1367),39.0
2025-03-18 00:30:11,37.1377,-121.9892,4.32,14.8,Mainshock,4.0 - 4.99,POINT (-121.9892 37.1377),39.0
2025-03-18 00:16:33,37.0637,-121.8902,4.1,13.44,Foreshock,4.0 - 4.99,POINT (-121.8902 37.0637),39.0
2025-03-18 00:50:27,37.1707,-122.0102,4.3,10.35,Mainshock,4.0 - 4.99,POINT (-122.0102 37.1707),28.0
2025-03-18 00:18:34,37.0235,-121.8443,4.2,17.23,Foreshock,4.0 - 4.99,POINT (-121.8443 37.0235),39.0
2025-03-18 00:39:10,36.9615,-121.6922,4.3,9.02,Aftershock,4.0 - 4.99,POINT (-121.6922 36.9615),38.0
2025-03-18 00:22:05,37.033,-121.7903,4.4,10.56,Mainshock,4.0 - 4.99,POINT (-121.7903 37.033),39.0
2025-03-18 00:55:00,36.9903,-121.795,4.0,16.61,Mainshock,4.0 - 4.99,POINT (-121.795 36.9903),38.0
2025-03-18 00:45:50,36.9792,-121.8348,4.0,9.15,Foreshock,4.0 - 4.99,POINT (-121.8348 36.9792),38.0
2025-03-18 00:53:50,36.9445,-121.676,4.5,7.81,Aftershock,4.0 - 4.99,POINT (-121.676 36.9445),38.0
2025-03-18 00:14:35,36.9728,-121.8337,4.6,12.27,Mainshock,4.0 - 4.99,POINT (-121.8337 36.9728),38.0
2025-03-18 00:18:20,37.0988,-121.9177,4.3,9.5,Aftershock,4.0 - 4.99,POINT (-121.9177 37.0988),39.0
2025-03-18 00:12:54,37.187,-122.0573,4.0,14.92,Foreshock,4.0 - 4.99,POINT (-122.0573 37.187),28.0
2025-03-18 00:49:43,37.0558,-121.8547,4.5,12.58,Aftershock,4.0 - 4.99,POINT (-121.8547 37.0558),39.0
2025-03-18 00:14:56,37.0677,-121.8975,4.7,14.94,Mainshock,4.0 - 4.99,POINT (-121.8975 37.0677),39.0
2025-03-18 00:24:37,37.0038,-121.8062,4.0,16.61,Foreshock,4.0 - 4.99,POINT (-121.8062 37.0038),39.0
2025-03-18 00:27:26,37.0875,-121.8173,4.7,9.45,Mainshock,4.0 - 4.99,POINT (-121.8173 37.0875),39.0
2025-03-18 00:00:42,36.9023,-121.6327,4.0,5.7,Foreshock,4.0 - 4.99,POINT (-121.6327 36.9023),38.0
2025-03-18 00:01:49,37.0062,-121.8038,4.0,16.14,Foreshock,4.0 - 4.99,POINT (-121.8038 37.0062),39.0
2025-03-18 00:17:13,37.0715,-121.8053,4.0,9.16,Mainshock,4.0 - 4.99,POINT (-121.8053 37.0715),39.0
2025-03-18 00:50:11,37.0698,-121.8032,4.7,8.66,Mainshock,4.0 - 4.99,POINT (-121.8032 37.0698),39.0
2025-03-18 00:30:42,37.0763,-121.9107,4.0,13.17,Foreshock,4.0 - 4.99,POINT (-121.9107 37.0763),39.0
2025-03-18 00:37:34,37.0658,-121.8883,4.2,12.89,Mainshock,4.0 - 4.99,POINT (-121.8883 37.0658),39.0
2025-03-18 00:42:37,37.2353,-122.0238,4.2,9.92,Mainshock,4.0 - 4.99,POINT (-122.0238 37.2353),28.0
2025-03-18 00:23:23,40.3533,-124.4138,4.3,17.03,Mainshock,4.0 - 4.99,POINT (-124.4138 40.3533),9.0
2025-03-18 00:37:43,36.6907,-121.3217,4.4,6.15,Mainshock,4.0 - 4.99,POINT (-121.3217 36.6907),38.0
2025-03-18 00:16:48,33.646,-116.742,4.42,13.2,Mainshock,4.0 - 4.99,POINT (-116.742 33.646),90.0
2025-03-18 00:27:04,33.734,-116.024,4.14,9.5,Mainshock,4.0 - 4.99,POINT (-116.024 33.734),90.0
2025-03-18 00:37:45,36.4597,-120.4457,4.2,8.85,Mainshock,4.0 - 4.99,POINT (-120.4457 36.4597),49.0
2025-03-18 00:41:08,34.192,-117.386,4.23,13.53,Mainshock,4.0 - 4.99,POINT (-117.386 34.192),80.0
2025-03-18 00:22:10,35.225,-118.215,4.01,2.59,Mainshock,4.0 - 4.99,POINT (-118.215 35.225),70.0
2025-03-18 00:10:22,36.4232,-120.7857,4.3,12.93,Mainshock,4.0 - 4.99,POINT (-120.7857 36.4232),49.0
2025-03-18 00:29:04,37.97,-118.236,4.53,3.94,Mainshock,4.0 - 4.99,POINT (-118.236 37.97),72.0
2025-03-18 00:08:20,40.2425,-124.2975,5.4,3.76,Mainshock,5.0 - 5.99,POINT (-124.2975 40.2425),9.0
2025-03-18 00:45:26,41.1712,-123.7647,4.9,34.76,Mainshock,4.0 - 4.99,POINT (-123.7647 41.1712),21.0
2025-03-18 00:14:07,34.9247,-121.1318,4.2,7.78,Mainshock,4.0 - 4.99,POINT (-121.1318 34.9247),36.0
2025-03-18 00:12:15,36.9562,-121.682,4.1,6.7,Mainshock,4.0 - 4.99,POINT (-121.682 36.9562),38.0
2025-03-18 00:53:00,33.509,-116.452,4.29,7.95,Mainshock,4.0 - 4.99,POINT (-116.452 33.509),90.0
2025-03-18 00:16:41,37.4627,-118.7492,4.0,11.9,Mainshock,4.0 - 4.99,POINT (-118.7492 37.4627),72.0
2025-03-18 00:43:37,34.144,-117.697,5.51,3.29,Mainshock,5.0 - 5.99,POINT (-117.697 34.144),80.0
2025-03-18 00:34:57,34.127,-117.701,4.03,3.17,Foreshock,4.0 - 4.99,POINT (-117.701 34.127),80.0
2025-03-18 00:23:03,34.153,-117.72,4.72,10.26,Foreshock,4.0 - 4.99,POINT (-117.72 34.153),80.0
2025-03-18 00:26:26,34.145,-117.695,4.47,4.41,Foreshock,4.0 - 4.99,POINT (-117.695 34.145),80.0
2025-03-18 00:16:36,37.4745,-118.6073,4.1,10.59,Mainshock,4.0 - 4.99,POINT (-118.6073 37.4745),72.0
2025-03-18 00:26:30,37.113,-116.055,4.0,33.0,Mainshock,4.0 - 4.99,POINT (-116.055 37.113),94.0
2025-03-18 00:16:42,38.52,-118.1868,4.51,6.84,Mainshock,4.0 - 4.99,POINT (-118.1868 38.52),73.0
2025-03-18 00:54:39,32.97,-117.814,4.52,5.74,Mainshock,4.0 - 4.99,POINT (-117.814 32.97),78.0
2025-03-18 00:07:05,33.871,-116.156,4.14,4.29,Mainshock,4.0 - 4.99,POINT (-116.156 33.871),90.0
2025-03-18 00:39:18,37.873,-121.9817,4.4,7.93,Mainshock,4.0 - 4.99,POINT (-121.9817 37.873),39.0
2025-03-18 00:08:59,36.9033,-121.6323,4.0,5.6,Mainshock,4.0 - 4.99,POINT (-121.6323 36.9033),38.0
2025-03-18 00:32:27,34.106,-117.722,4.5,2.9,Mainshock,4.0 - 4.99,POINT (-117.722 34.106),80.0
2025-03-18 00:49:40,34.161,-117.4672,4.5,19.66,Mainshock,4.0 - 4.99,POINT (-117.4672 34.161),80.0
2025-03-18 00:37:57,36.9213,-121.6492,4.3,5.7,Foreshock,4.0 - 4.99,POINT (-121.6492 36.9213),38.0
2025-03-18 00:38:10,36.9277,-121.6422,4.7,4.47,Foreshock,4.0 - 4.99,POINT (-121.6422 36.9277),38.0
2025-03-18 00:41:39,36.9308,-121.656,4.9,5.75,Mainshock,4.0 - 4.99,POINT (-121.656 36.9308),38.0
2025-03-18 00:53:51,36.9323,-121.6568,5.4,5.49,Mainshock,5.0 - 5.99,POINT (-121.6568 36.9323),38.0
2025-03-18 00:32:49,33.877,-116.165,4.04,4.29,Mainshock,4.0 - 4.99,POINT (-116.165 33.877),90.0
2025-03-18 00:52:24,36.9182,-121.6507,4.0,7.6,Aftershock,4.0 - 4.99,POINT (-121.6507 36.9182),38.0
2025-03-18 00:28:16,36.9425,-121.6692,4.4,7.13,Mainshock,4.0 - 4.99,POINT (-121.6692 36.9425),38.0
2025-03-18 00:36:51,36.9485,-121.6762,4.0,7.45,Mainshock,4.0 - 4.99,POINT (-121.6762 36.9485),38.0
2025-03-18 00:46:04,36.9588,-121.6845,5.1,6.64,Mainshock,5.0 - 5.99,POINT (-121.6845 36.9588),38.0
2025-03-18 00:41:47,37.876,-121.9743,4.4,6.65,Mainshock,4.0 - 4.99,POINT (-121.9743 37.876),39.0
2025-03-18 00:47:41,37.8707,-121.987,4.2,7.73,Mainshock,4.0 - 4.99,POINT (-121.987 37.8707),39.0
2025-03-18 00:41:03,32.1,-117.634,4.01,5.45,Mainshock,4.0 - 4.99,POINT (-117.634 32.1),78.0
2025-03-18 00:59:55,37.647,-118.9348,4.0,5.22,Mainshock,4.0 - 4.99,POINT (-118.9348 37.647),72.0
2025-03-18 00:00:00,37.262,-116.42,5.7,8.49,Mainshock,5.0 - 5.99,POINT (-116.42 37.262),94.0
2025-03-18 00:36:41,37.4148,-121.763,4.1,7.62,Mainshock,4.0 - 4.99,POINT (-121.763 37.4148),39.0
2025-03-18 00:52:13,36.8805,-121.6218,4.0,8.61,Mainshock,4.0 - 4.99,POINT (-121.6218 36.8805),38.0
2025-03-18 00:27:04,33.325,-116.414,4.11,4.52,Mainshock,4.0 - 4.99,POINT (-116.414 33.325),90.0
2025-03-18 00:05:13,38.8253,-122.7937,4.19,0.61,Mainshock,4.0 - 4.99,POINT (-122.7937 38.8253),29.0
2025-03-18 00:05:49,33.244,-116.045,4.08,8.62,Mainshock,4.0 - 4.99,POINT (-116.045 33.244),90.0
2025-03-18 00:38:00,33.247,-116.049,4.49,7.95,Mainshock,4.0 - 4.99,POINT (-116.049 33.247),90.0
2025-03-18 00:48:22,36.6797,-121.3065,4.1,6.59,Aftershock,4.0 - 4.99,POINT (-121.3065 36.6797),38.0
2025-03-18 00:13:31,36.6647,-121.2915,4.4,7.53,Mainshock,4.0 - 4.99,POINT (-121.2915 36.6647),38.0
2025-03-18 00:47:09,40.7317,-124.1742,4.1,15.31,Mainshock,4.0 - 4.99,POINT (-124.1742 40.7317),9.0
2025-03-18 00:15:19,38.0523,-119.1267,5.0,12.56,Mainshock,5.0 - 5.99,POINT (-119.1267 38.0523),62.0
2025-03-18 00:47:22,40.8845,-124.9997,4.4,8.68,Mainshock,4.0 - 4.99,POINT (-124.9997 40.8845),9.0
2025-03-18 00:16:51,38.0423,-119.1448,4.03,12.08,Mainshock,4.0 - 4.99,POINT (-119.1448 38.0423),62.0
2025-03-18 00:01:21,35.6828,-121.0485,4.0,7.87,Mainshock,4.0 - 4.99,POINT (-121.0485 35.6828),37.0
2025-03-18 00:44:18,40.2727,-124.3963,4.1,24.29,Mainshock,4.0 - 4.99,POINT (-124.3963 40.2727),9.0
2025-03-18 00:56:43,35.374,-118.846,4.25,4.96,Mainshock,4.0 - 4.99,POINT (-118.846 35.374),70.0
2025-03-18 00:20:12,40.388,-124.4615,4.3,15.91,Mainshock,4.0 - 4.99,POINT (-124.4615 40.388),9.0
2025-03-18 00:16:36,39.2122,-119.7327,4.62,5.82,Mainshock,4.0 - 4.99,POINT (-119.7327 39.2122),63.0
2025-03-18 00:38:36,36.0348,-121.5673,4.7,9.02,Mainshock,4.0 - 4.99,POINT (-121.5673 36.0348),38.0
2025-03-18 00:46:00,37.7073,-121.7545,4.0,18.64,Mainshock,4.0 - 4.99,POINT (-121.7545 37.7073),39.0
2025-03-18 00:38:48,37.11,-115.232,4.0,5.0,Mainshock,4.0 - 4.99,POINT (-115.232 37.11),105.0
2025-03-18 00:42:09,36.9652,-121.7258,4.6,14.56,Mainshock,4.0 - 4.99,POINT (-121.7258 36.9652),38.0
2025-03-18 00:30:00,37.2455,-116.4417,5.4,32.3,Mainshock,5.0 - 5.99,POINT (-116.4417 37.2455),94.0
2025-03-18 00:41:53,37.4183,-121.6932,4.1,6.99,Mainshock,4.0 - 4.99,POINT (-121.6932 37.4183),39.0
2025-03-18 00:32:14,40.383,-124.5665,4.7,26.43,Mainshock,4.0 - 4.99,POINT (-124.5665 40.383),9.0
2025-03-18 00:28:19,37.5552,-118.4292,4.1,5.08,Mainshock,4.0 - 4.99,POINT (-118.4292 37.5552),72.0
2025-03-18 00:08:42,40.7443,-124.985,4.3,35.0,Mainshock,4.0 - 4.99,POINT (-124.985 40.7443),9.0
2025-03-18 00:29:38,40.7867,-121.5988,4.4,10.72,Mainshock,4.0 - 4.99,POINT (-121.5988 40.7867),42.0
2025-03-18 00:43:55,34.27,-117.993,5.8,8.05,Mainshock,5.0 - 5.99,POINT (-117.993 34.27),80.0
2025-03-18 00:00:56,34.253,-117.992,4.3,8.28,Foreshock,4.0 - 4.99,POINT (-117.992 34.253),80.0
2025-03-18 00:53:52,34.908,-116.579,4.09,5.01,Mainshock,4.0 - 4.99,POINT (-116.579 34.908),91.0
2025-03-18 00:41:57,34.497,-118.556,4.13,9.89,Mainshock,4.0 - 4.99,POINT (-118.556 34.497),69.0
2025-03-18 00:41:37,33.212,-115.968,4.12,3.1,Mainshock,4.0 - 4.99,POINT (-115.968 33.212),101.0
2025-03-18 00:11:50,38.2163,-118.7467,4.53,13.29,Mainshock,4.0 - 4.99,POINT (-118.7467 38.2163),73.0
2025-03-18 00:29:40,40.2517,-124.2858,6.0,8.32,Mainshock,6.0 - 6.99,POINT (-124.2858 40.2517),9.0
2025-03-18 00:07:23,40.2733,-124.2683,4.1,11.65,Foreshock,4.0 - 4.99,POINT (-124.2683 40.2733),9.0
2025-03-18 00:34:36,36.1683,-120.2642,4.0,10.41,Mainshock,4.0 - 4.99,POINT (-120.2642 36.1683),49.0
2025-03-18 00:10:29,35.8103,-121.3348,5.2,9.18,Mainshock,5.0 - 5.99,POINT (-121.3348 35.8103),37.0
2025-03-18 00:06:18,36.9035,-121.6323,4.3,5.73,Mainshock,4.0 - 4.99,POINT (-121.6323 36.9035),38.0
2025-03-18 00:07:56,36.911,-121.6408,4.3,5.49,Aftershock,4.0 - 4.99,POINT (-121.6408 36.911),38.0
2025-03-18 00:44:44,40.6958,-124.6037,4.0,14.49,Mainshock,4.0 - 4.99,POINT (-124.6037 40.6958),9.0
2025-03-18 00:39:32,33.89,-116.164,4.01,2.05,Mainshock,4.0 - 4.99,POINT (-116.164 33.89),90.0
2025-03-18 00:18:04,40.47,-124.9488,4.0,4.5,Mainshock,4.0 - 4.99,POINT (-124.9488 40.47),9.0
2025-03-18 00:10:58,33.07,-116.803,4.27,13.82,Mainshock,4.0 - 4.99,POINT (-116.803 33.07),90.0
2025-03-18 00:17:03,34.178,-117.022,4.09,8.93,Mainshock,4.0 - 4.99,POINT (-117.022 34.178),80.0
2025-03-18 00:38:29,35.535,-117.371,4.15,6.93,Mainshock,4.0 - 4.99,POINT (-117.371 35.535),81.0
2025-03-18 00:36:20,37.6785,-121.6093,4.0,16.29,Mainshock,4.0 - 4.99,POINT (-121.6093 37.6785),39.0
2025-03-18 00:19:25,36.026,-117.889,4.06,1.71,Mainshock,4.0 - 4.99,POINT (-117.889 36.026),82.0
2025-03-18 00:06:27,32.975,-118.791,4.3,5.82,Mainshock,4.0 - 4.99,POINT (-118.791 32.975),67.0
2025-03-18 00:43:04,40.2327,-124.2625,5.32,9.48,Mainshock,5.0 - 5.99,POINT (-124.2625 40.2327),9.0
2025-03-18 00:51:16,40.5737,-123.3735,4.43,33.41,Mainshock,4.0 - 4.99,POINT (-123.3735 40.5737),20.0
2025-03-18 00:30:00,37.272,-116.36,5.5,19.3,Mainshock,5.0 - 5.99,POINT (-116.36 37.272),94.0
2025-03-18 00:01:29,39.684,-119.8195,4.08,10.56,Mainshock,4.0 - 4.99,POINT (-119.8195 39.684),63.0
2025-03-18 00:25:30,33.956,-116.317,4.54,10.83,Mainshock,4.0 - 4.99,POINT (-116.317 33.956),90.0
2025-03-18 00:50:23,33.96,-116.317,6.1,11.63,Mainshock,6.0 - 6.99,POINT (-116.317 33.96),90.0
2025-03-18 00:10:10,34.01,-116.324,4.0,2.54,Foreshock,4.0 - 4.99,POINT (-116.324 34.01),91.0
2025-03-18 00:10:28,33.958,-116.33,4.3,2.27,Foreshock,4.0 - 4.99,POINT (-116.33 33.958),90.0
2025-03-18 00:23:16,33.943,-116.325,4.01,4.63,Mainshock,4.0 - 4.99,POINT (-116.325 33.943),90.0
2025-03-18 00:35:58,33.942,-116.312,4.14,0.5,Mainshock,4.0 - 4.99,POINT (-116.312 33.942),90.0
2025-03-18 00:56:03,33.991,-116.284,4.24,2.79,Mainshock,4.0 - 4.99,POINT (-116.284 33.991),90.0
2025-03-18 00:36:06,33.946,-116.379,4.2,10.0,Foreshock,4.0 - 4.99,POINT (-116.379 33.946),90.0
2025-03-18 00:06:05,40.3353,-124.2287,7.2,9.86,Mainshock,7.0 - 10.0,POINT (-124.2287 40.3353),9.0
2025-03-18 00:20:13,40.4407,-124.406,4.53,-1.33,Mainshock,4.0 - 4.99,POINT (-124.406 40.4407),9.0
2025-03-18 00:28:58,40.3753,-124.4165,4.12,11.66,Foreshock,4.0 - 4.99,POINT (-124.4165 40.3753),9.0
2025-03-18 00:31:51,40.3057,-124.528,4.44,3.96,Mainshock,4.0 - 4.99,POINT (-124.528 40.3057),9.0
2025-03-18 00:42:15,40.3055,-124.538,4.01,4.63,Foreshock,4.0 - 4.99,POINT (-124.538 40.3055),9.0
2025-03-18 00:45:18,40.3015,-124.5125,4.05,7.07,Foreshock,4.0 - 4.99,POINT (-124.5125 40.3015),9.0
2025-03-18 00:47:04,40.3158,-124.4863,4.56,-0.79,Mainshock,4.0 - 4.99,POINT (-124.4863 40.3158),9.0
2025-03-18 00:53:18,40.2765,-124.4595,4.2,6.64,Aftershock,4.0 - 4.99,POINT (-124.4595 40.2765),9.0
2025-03-18 00:53:32,40.2518,-124.3555,4.1,7.32,Aftershock,4.0 - 4.99,POINT (-124.3555 40.2518),9.0
2025-03-18 00:14:51,40.3095,-124.573,4.74,-0.07,Mainshock,4.0 - 4.99,POINT (-124.573 40.3095),9.0
2025-03-18 00:15:31,40.2995,-124.5602,4.63,5.79,Aftershock,4.0 - 4.99,POINT (-124.5602 40.2995),9.0
2025-03-18 00:42:00,40.3387,-124.3812,4.14,5.05,Mainshock,4.0 - 4.99,POINT (-124.3812 40.3387),9.0
2025-03-18 00:50:42,40.2913,-124.451,4.13,5.12,Mainshock,4.0 - 4.99,POINT (-124.451 40.2913),9.0
2025-03-18 00:12:36,40.4248,-124.4338,4.11,9.11,Foreshock,4.0 - 4.99,POINT (-124.4338 40.4248),9.0
2025-03-18 00:00:58,40.3657,-124.5023,4.12,5.99,Foreshock,4.0 - 4.99,POINT (-124.5023 40.3657),9.0
2025-03-18 00:33:36,40.3153,-124.4163,4.13,17.14,Aftershock,4.0 - 4.99,POINT (-124.4163 40.3153),9.0
2025-03-18 00:07:06,40.3087,-124.4002,4.16,17.68,Mainshock,4.0 - 4.99,POINT (-124.4002 40.3087),9.0
2025-03-18 00:08:09,40.2967,-124.4073,4.16,17.85,Aftershock,4.0 - 4.99,POINT (-124.4073 40.2967),9.0
2025-03-18 00:26:08,33.9475,-116.301,4.47,2.29,Mainshock,4.0 - 4.99,POINT (-116.301 33.9475),90.0
2025-03-18 00:41:40,40.4325,-124.566,6.45,18.82,Aftershock,6.0 - 6.99,POINT (-124.566 40.4325),9.0
2025-03-18 00:45:47,40.3912,-124.591,4.26,20.26,Aftershock,4.0 - 4.99,POINT (-124.591 40.3912),9.0
2025-03-18 00:18:26,40.3828,-124.555,6.57,21.71,Mainshock,6.0 - 6.99,POINT (-124.555 40.3828),9.0
2025-03-18 00:28:50,40.4125,-124.5878,4.33,5.62,Mainshock,4.0 - 4.99,POINT (-124.5878 40.4125),9.0
2025-03-18 00:29:08,40.438,-124.555,4.29,10.58,Aftershock,4.0 - 4.99,POINT (-124.555 40.438),9.0
2025-03-18 00:04:30,40.4083,-124.4142,4.16,10.48,Foreshock,4.0 - 4.99,POINT (-124.4142 40.4083),9.0
2025-03-18 00:21:38,34.049,-116.335,4.42,-0.3,Mainshock,4.0 - 4.99,POINT (-116.335 34.049),91.0
2025-03-18 00:18:05,40.3968,-124.5838,4.15,18.39,Mainshock,4.0 - 4.99,POINT (-124.5838 40.3968),9.0
2025-03-18 00:25:52,40.3197,-124.5905,4.4,7.89,Mainshock,4.0 - 4.99,POINT (-124.5905 40.3197),9.0
2025-03-18 00:39:16,40.3215,-124.622,4.25,5.96,Mainshock,4.0 - 4.99,POINT (-124.622 40.3215),9.0
2025-03-18 00:28:18,40.3207,-124.6323,4.24,5.79,Foreshock,4.0 - 4.99,POINT (-124.6323 40.3207),9.0
2025-03-18 00:47:21,40.3238,-124.6515,4.63,3.54,Mainshock,4.0 - 4.99,POINT (-124.6515 40.3238),9.0
2025-03-18 00:11:19,33.933,-116.302,4.35,-0.86,Mainshock,4.0 - 4.99,POINT (-116.302 33.933),90.0
2025-03-18 00:33:27,33.938,-116.298,4.09,-0.88,Mainshock,4.0 - 4.99,POINT (-116.298 33.938),90.0
2025-03-18 00:53:26,40.2747,-124.3993,4.18,23.47,Mainshock,4.0 - 4.99,POINT (-124.3993 40.2747),9.0
2025-03-18 00:30:31,40.2938,-124.4653,4.05,21.69,Foreshock,4.0 - 4.99,POINT (-124.4653 40.2938),9.0
2025-03-18 00:46:41,33.989,-116.287,4.18,3.03,Aftershock,4.0 - 4.99,POINT (-116.287 33.989),90.0
2025-03-18 00:46:53,33.9943,-116.277,4.1,6.9,Aftershock,4.0 - 4.99,POINT (-116.277 33.9943),90.0
2025-03-18 00:16:03,33.939,-116.341,4.19,5.16,Foreshock,4.0 - 4.99,POINT (-116.341 33.939),90.0
2025-03-18 00:19:50,33.941,-116.304,4.98,11.77,Mainshock,4.0 - 4.99,POINT (-116.304 33.941),90.0
2025-03-18 00:46:17,40.2697,-124.3622,4.39,7.6,Mainshock,4.0 - 4.99,POINT (-124.3622 40.2697),9.0
2025-03-18 00:38:43,33.943,-116.314,4.83,6.21,Mainshock,4.0 - 4.99,POINT (-116.314 33.943),90.0
2025-03-18 00:58:03,40.4382,-124.4285,4.28,10.26,Mainshock,4.0 - 4.99,POINT (-124.4285 40.4382),9.0
2025-03-18 00:31:11,33.981,-116.26,4.38,5.84,Foreshock,4.0 - 4.99,POINT (-116.26 33.981),90.0
2025-03-18 00:31:28,33.979,-116.259,4.44,-1.05,Mainshock,4.0 - 4.99,POINT (-116.259 33.979),90.0
2025-03-18 00:42:30,40.3517,-124.7673,4.05,4.16,Mainshock,4.0 - 4.99,POINT (-124.7673 40.3517),9.0
2025-03-18 00:44:18,33.951,-116.337,4.96,6.13,Mainshock,4.0 - 4.99,POINT (-116.337 33.951),90.0
2025-03-18 00:38:01,40.3078,-124.432,4.08,20.08,Mainshock,4.0 - 4.99,POINT (-124.432 40.3078),9.0
2025-03-18 00:46:43,40.3117,-124.4065,4.89,19.61,Mainshock,4.0 - 4.99,POINT (-124.4065 40.3117),9.0
2025-03-18 00:24:19,34.174,-116.35,4.34,-0.28,Mainshock,4.0 - 4.99,POINT (-116.35 34.174),91.0
2025-03-18 00:57:34,34.2,-116.437,7.3,-0.1,Mainshock,7.0 - 10.0,POINT (-116.437 34.2),91.0
2025-03-18 00:00:45,34.131,-116.408,5.77,-1.1,Foreshock,5.0 - 5.99,POINT (-116.408 34.131),91.0
2025-03-18 00:01:16,34.12,-116.323,5.7,5.71,Foreshock,5.0 - 5.99,POINT (-116.323 34.12),91.0
2025-03-18 00:02:17,34.0605,-116.4727,5.0,5.38,Foreshock,5.0 - 5.99,POINT (-116.4727 34.0605),91.0
2025-03-18 00:02:31,34.1032,-116.4247,5.0,5.59,Foreshock,5.0 - 5.99,POINT (-116.4247 34.1032),91.0
2025-03-18 00:02:59,34.1512,-116.3547,4.5,4.86,Foreshock,4.0 - 4.99,POINT (-116.3547 34.1512),91.0
2025-03-18 00:20:45,34.592,-116.6658,4.0,-1.33,Mainshock,4.0 - 4.99,POINT (-116.6658 34.592),91.0
2025-03-18 00:25:55,34.937,-116.846,4.29,-0.99,Mainshock,4.0 - 4.99,POINT (-116.846 34.937),91.0
2025-03-18 00:27:39,34.478,-116.6395,4.2,5.15,Mainshock,4.0 - 4.99,POINT (-116.6395 34.478),91.0
2025-03-18 00:36:41,34.115,-116.4263,5.49,7.5,Mainshock,5.0 - 5.99,POINT (-116.4263 34.115),91.0
2025-03-18 00:40:54,34.3412,-116.5107,5.41,4.39,Aftershock,5.0 - 5.99,POINT (-116.5107 34.3412),91.0
2025-03-18 00:43:59,34.113,-116.427,4.44,2.54,Aftershock,4.0 - 4.99,POINT (-116.427 34.113),91.0
2025-03-18 00:56:10,34.4758,-116.5198,4.29,4.62,Mainshock,4.0 - 4.99,POINT (-116.5198 34.4758),91.0
2025-03-18 00:57:31,34.237,-116.811,4.0,10.0,Aftershock,4.0 - 4.99,POINT (-116.811 34.237),91.0
2025-03-18 00:06:41,34.3605,-116.4825,4.0,5.53,Foreshock,4.0 - 4.99,POINT (-116.4825 34.3605),91.0
2025-03-18 00:06:49,33.8728,-116.3363,4.3,9.05,Mainshock,4.0 - 4.99,POINT (-116.3363 33.8728),90.0
2025-03-18 00:10:50,34.4183,-116.4407,4.87,4.65,Mainshock,4.0 - 4.99,POINT (-116.4407 34.4183),91.0
2025-03-18 00:17:48,34.1372,-116.4148,4.11,7.12,Foreshock,4.0 - 4.99,POINT (-116.4148 34.1372),91.0
2025-03-18 00:18:16,34.093,-116.391,4.5,-0.74,Mainshock,4.0 - 4.99,POINT (-116.391 34.093),91.0
2025-03-18 00:26:05,34.16,-116.407,4.88,4.78,Mainshock,4.0 - 4.99,POINT (-116.407 34.16),91.0
2025-03-18 00:28:22,36.587,-116.904,4.65,4.87,Mainshock,4.0 - 4.99,POINT (-116.904 36.587),93.0
2025-03-18 00:40:56,34.1778,-116.4513,4.17,4.79,Mainshock,4.0 - 4.99,POINT (-116.4513 34.1778),91.0
2025-03-18 00:50:16,34.084,-116.3567,4.22,5.42,Foreshock,4.0 - 4.99,POINT (-116.3567 34.084),91.0
2025-03-18 00:50:46,34.109,-116.403,4.95,4.66,Mainshock,4.0 - 4.99,POINT (-116.403 34.109),91.0
2025-03-18 00:51:43,34.1397,-116.471,4.0,5.04,Aftershock,4.0 - 4.99,POINT (-116.471 34.1397),91.0
2025-03-18 00:09:29,34.111,-116.646,4.14,4.7,Foreshock,4.0 - 4.99,POINT (-116.646 34.111),91.0
2025-03-18 00:29:02,34.61,-116.642,4.03,4.62,Mainshock,4.0 - 4.99,POINT (-116.642 34.61),91.0
2025-03-18 00:39:07,34.089,-116.425,4.35,-0.87,Aftershock,4.0 - 4.99,POINT (-116.425 34.089),91.0
2025-03-18 00:43:22,34.162,-116.852,5.53,9.62,Aftershock,5.0 - 5.99,POINT (-116.852 34.162),91.0
2025-03-18 00:04:52,34.1595,-116.8247,4.54,11.36,Foreshock,4.0 - 4.99,POINT (-116.8247 34.1595),91.0
2025-03-18 00:05:31,34.203,-116.827,6.3,3.63,Mainshock,6.0 - 6.99,POINT (-116.827 34.203),91.0
2025-03-18 00:17:10,34.1698,-116.86,4.0,3.42,Foreshock,4.0 - 4.99,POINT (-116.86 34.1698),91.0
2025-03-18 00:17:14,34.1112,-116.8752,4.66,3.64,Foreshock,4.0 - 4.99,POINT (-116.8752 34.1112),91.0
2025-03-18 00:18:33,34.2025,-116.7583,4.58,7.76,Foreshock,4.0 - 4.99,POINT (-116.7583 34.2025),91.0
2025-03-18 00:20:17,34.0545,-116.4015,4.0,3.38,Foreshock,4.0 - 4.99,POINT (-116.4015 34.0545),91.0
2025-03-18 00:24:29,34.2012,-116.751,4.76,5.27,Mainshock,4.0 - 4.99,POINT (-116.751 34.2012),91.0
2025-03-18 00:25:20,34.2015,-116.7978,4.27,4.65,Aftershock,4.0 - 4.99,POINT (-116.7978 34.2015),91.0
2025-03-18 00:45:55,34.0655,-116.401,4.18,-0.4,Mainshock,4.0 - 4.99,POINT (-116.401 34.0655),91.0
2025-03-18 00:53:14,34.2167,-116.733,4.15,-0.87,Aftershock,4.0 - 4.99,POINT (-116.733 34.2167),91.0
2025-03-18 00:56:12,34.218,-116.751,4.01,-0.52,Aftershock,4.0 - 4.99,POINT (-116.751 34.218),91.0
2025-03-18 00:01:15,34.0345,-116.3755,4.33,1.77,Mainshock,4.0 - 4.99,POINT (-116.3755 34.0345),91.0
2025-03-18 00:08:38,34.219,-116.754,4.18,3.82,Foreshock,4.0 - 4.99,POINT (-116.754 34.219),91.0
2025-03-18 00:09:54,34.047,-116.3705,4.21,0.07,Mainshock,4.0 - 4.99,POINT (-116.3705 34.047),91.0
2025-03-18 00:10:26,34.1768,-116.8357,4.2,1.05,Aftershock,4.0 - 4.99,POINT (-116.8357 34.1768),91.0
2025-03-18 00:17:19,34.208,-116.756,4.24,5.2,Mainshock,4.0 - 4.99,POINT (-116.756 34.208),91.0
2025-03-18 00:32:11,34.595,-116.622,4.34,4.78,Mainshock,4.0 - 4.99,POINT (-116.622 34.595),91.0
2025-03-18 00:33:09,34.59,-116.64,4.12,4.66,Aftershock,4.0 - 4.99,POINT (-116.64 34.59),91.0
2025-03-18 00:01:32,34.1788,-116.9247,4.98,9.23,Foreshock,4.0 - 4.99,POINT (-116.9247 34.1788),91.0
2025-03-18 00:05:58,34.255,-116.912,5.26,6.55,Mainshock,5.0 - 5.99,POINT (-116.912 34.255),91.0
2025-03-18 00:16:35,35.747,-116.526,4.34,5.12,Mainshock,4.0 - 4.99,POINT (-116.526 35.747),92.0
2025-03-18 00:18:30,34.1833,-116.8083,4.19,5.74,Mainshock,4.0 - 4.99,POINT (-116.8083 34.1833),91.0
2025-03-18 00:21:27,34.225,-116.862,4.16,-0.05,Aftershock,4.0 - 4.99,POINT (-116.862 34.225),91.0
2025-03-18 00:31:22,34.2893,-116.4435,4.14,7.73,Mainshock,4.0 - 4.99,POINT (-116.4435 34.2893),91.0
2025-03-18 00:39:52,34.3602,-116.4717,4.04,5.08,Mainshock,4.0 - 4.99,POINT (-116.4717 34.3602),91.0
2025-03-18 00:48:32,34.218,-116.751,4.46,-0.39,Mainshock,4.0 - 4.99,POINT (-116.751 34.218),91.0
2025-03-18 00:26:38,34.183,-116.802,4.17,-0.58,Foreshock,4.0 - 4.99,POINT (-116.802 34.183),91.0
2025-03-18 00:51:32,34.1968,-116.7822,4.12,8.43,Aftershock,4.0 - 4.99,POINT (-116.7822 34.1968),91.0
2025-03-18 00:13:16,34.095,-116.427,4.67,2.98,Mainshock,4.0 - 4.99,POINT (-116.427 34.095),91.0
2025-03-18 00:13:12,34.0453,-116.353,4.01,9.36,Foreshock,4.0 - 4.99,POINT (-116.353 34.0453),91.0
2025-03-18 00:48:23,34.1382,-116.4545,4.18,12.15,Mainshock,4.0 - 4.99,POINT (-116.4545 34.1382),91.0
2025-03-18 00:39:41,34.101,-116.377,4.03,1.92,Foreshock,4.0 - 4.99,POINT (-116.377 34.101),91.0
2025-03-18 00:18:13,35.16,-117.362,4.67,3.29,Mainshock,4.0 - 4.99,POINT (-117.362 35.16),81.0
2025-03-18 00:26:16,35.156,-117.351,4.12,4.69,Mainshock,4.0 - 4.99,POINT (-117.351 35.156),81.0
2025-03-18 00:01:57,34.223,-116.4413,4.49,7.29,Mainshock,4.0 - 4.99,POINT (-116.4413 34.223),91.0
2025-03-18 00:36:27,35.362,-116.8,4.15,9.97,Mainshock,4.0 - 4.99,POINT (-116.8 35.362),92.0
2025-03-18 00:16:43,35.016,-117.203,4.12,2.55,Aftershock,4.0 - 4.99,POINT (-117.203 35.016),81.0
2025-03-18 00:02:38,34.983,-116.935,4.22,-0.41,Mainshock,4.0 - 4.99,POINT (-116.935 34.983),91.0
2025-03-18 00:14:20,36.6378,-116.1708,5.61,13.09,Mainshock,5.0 - 5.99,POINT (-116.1708 36.6378),93.0
2025-03-18 00:31:01,36.6257,-116.1473,4.32,12.9,Mainshock,4.0 - 4.99,POINT (-116.1473 36.6257),93.0
2025-03-18 00:40:50,36.6935,-116.1485,4.0,5.07,Mainshock,4.0 - 4.99,POINT (-116.1485 36.6935),93.0
2025-03-18 00:07:07,34.4985,-116.531,4.17,-0.28,Mainshock,4.0 - 4.99,POINT (-116.531 34.4985),91.0
2025-03-18 00:13:19,34.2415,-116.7312,4.0,7.02,Mainshock,4.0 - 4.99,POINT (-116.7312 34.2415),91.0
2025-03-18 00:44:57,34.601,-116.615,4.47,4.82,Mainshock,4.0 - 4.99,POINT (-116.615 34.601),91.0
2025-03-18 00:20:04,34.642,-116.488,4.22,4.97,Foreshock,4.0 - 4.99,POINT (-116.488 34.642),91.0
2025-03-18 00:08:38,34.105,-116.403,5.69,9.65,Mainshock,5.0 - 5.99,POINT (-116.403 34.105),91.0
2025-03-18 00:12:06,34.104,-116.4,4.18,6.31,Aftershock,4.0 - 4.99,POINT (-116.4 34.104),91.0
2025-03-18 00:13:39,34.1045,-116.39,5.08,11.19,Aftershock,5.0 - 5.99,POINT (-116.39 34.1045),91.0
2025-03-18 00:31:30,34.081,-116.386,4.64,4.17,Mainshock,4.0 - 4.99,POINT (-116.386 34.081),91.0
2025-03-18 00:41:26,34.111,-116.9968,4.59,3.31,Mainshock,4.0 - 4.99,POINT (-116.9968 34.111),91.0
2025-03-18 00:54:07,34.103,-116.418,4.24,3.17,Aftershock,4.0 - 4.99,POINT (-116.418 34.103),91.0
2025-03-18 00:01:43,33.8725,-116.268,4.83,0.69,Mainshock,4.0 - 4.99,POINT (-116.268 33.8725),90.0
2025-03-18 00:25:30,34.0795,-116.4263,4.25,0.28,Mainshock,4.0 - 4.99,POINT (-116.4263 34.0795),91.0
2025-03-18 00:41:42,34.249,-116.719,4.64,0.28,Mainshock,4.0 - 4.99,POINT (-116.719 34.249),91.0
2025-03-18 00:07:35,33.889,-116.289,4.08,2.14,Mainshock,4.0 - 4.99,POINT (-116.289 33.889),90.0
2025-03-18 00:44:26,34.6573,-116.702,4.36,1.27,Mainshock,4.0 - 4.99,POINT (-116.702 34.6573),91.0
2025-03-18 00:06:09,34.1267,-116.403,4.43,1.9,Mainshock,4.0 - 4.99,POINT (-116.403 34.1267),91.0
2025-03-18 00:32:12,35.165,-117.351,4.08,4.12,Mainshock,4.0 - 4.99,POINT (-117.351 35.165),81.0
2025-03-18 00:30:29,34.0967,-116.4045,4.49,12.13,Mainshock,4.0 - 4.99,POINT (-116.4045 34.0967),91.0
2025-03-18 00:14:50,34.0907,-116.402,4.27,12.18,Foreshock,4.0 - 4.99,POINT (-116.402 34.0907),91.0
2025-03-18 00:34:54,34.3228,-116.4418,4.32,6.58,Mainshock,4.0 - 4.99,POINT (-116.4418 34.3228),91.0
2025-03-18 00:05:37,35.679,-117.6238,4.59,2.76,Mainshock,4.0 - 4.99,POINT (-117.6238 35.679),81.0
2025-03-18 00:38:12,33.9972,-116.3565,4.99,1.02,Mainshock,4.0 - 4.99,POINT (-116.3565 33.9972),90.0
2025-03-18 00:19:05,34.1705,-116.4028,4.21,1.34,Foreshock,4.0 - 4.99,POINT (-116.4028 34.1705),91.0
2025-03-18 00:20:08,34.2678,-116.7397,4.18,-1.94,Foreshock,4.0 - 4.99,POINT (-116.7397 34.2678),91.0
2025-03-18 00:14:21,34.0683,-116.3572,4.2,5.36,Foreshock,4.0 - 4.99,POINT (-116.3572 34.0683),91.0
2025-03-18 00:26:30,34.6438,-116.6555,4.47,3.18,Mainshock,4.0 - 4.99,POINT (-116.6555 34.6438),91.0
2025-03-18 00:00:26,34.6423,-116.6563,4.29,5.86,Foreshock,4.0 - 4.99,POINT (-116.6563 34.6423),91.0
2025-03-18 00:05:07,33.9787,-116.36,4.11,-0.56,Mainshock,4.0 - 4.99,POINT (-116.36 33.9787),90.0
2025-03-18 00:22:54,34.1302,-116.7238,4.85,11.62,Mainshock,4.0 - 4.99,POINT (-116.7238 34.1302),91.0
2025-03-18 00:49:00,34.0778,-116.9867,4.48,3.06,Mainshock,4.0 - 4.99,POINT (-116.9867 34.0778),91.0
2025-03-18 00:16:57,35.677,-117.608,4.51,2.42,Mainshock,4.0 - 4.99,POINT (-117.608 35.677),81.0
2025-03-18 00:01:49,34.097,-116.383,4.41,-1.0,Mainshock,4.0 - 4.99,POINT (-116.383 34.097),91.0
2025-03-18 00:40:30,34.33,-116.464,5.34,5.09,Mainshock,5.0 - 5.99,POINT (-116.464 34.33),91.0
2025-03-18 00:29:48,34.969,-116.939,4.19,-0.56,Foreshock,4.0 - 4.99,POINT (-116.939 34.969),91.0
2025-03-18 00:32:52,34.973,-116.936,4.33,-0.74,Mainshock,4.0 - 4.99,POINT (-116.936 34.973),91.0
2025-03-18 00:07:15,34.274,-116.692,4.18,2.94,Mainshock,4.0 - 4.99,POINT (-116.692 34.274),91.0
2025-03-18 00:45:47,34.28,-116.689,4.42,4.84,Mainshock,4.0 - 4.99,POINT (-116.689 34.28),91.0
2025-03-18 00:46:18,34.276,-116.729,4.24,-0.89,Aftershock,4.0 - 4.99,POINT (-116.729 34.276),91.0
2025-03-18 00:53:57,34.281,-116.731,4.03,-0.47,Mainshock,4.0 - 4.99,POINT (-116.731 34.281),91.0
2025-03-18 00:01:05,35.682,-117.614,4.11,3.97,Mainshock,4.0 - 4.99,POINT (-117.614 35.682),81.0
2025-03-18 00:59:21,35.6055,-121.1877,4.14,4.99,Mainshock,4.0 - 4.99,POINT (-121.1877 35.6055),37.0
2025-03-18 00:25:29,35.673,-117.619,4.17,2.93,Mainshock,4.0 - 4.99,POINT (-117.619 35.673),81.0
2025-03-18 00:15:50,34.21,-116.771,4.08,8.68,Foreshock,4.0 - 4.99,POINT (-116.771 34.21),91.0
2025-03-18 00:17:06,34.262,-116.896,4.1,5.56,Mainshock,4.0 - 4.99,POINT (-116.896 34.262),91.0
2025-03-18 00:49:38,33.945,-116.399,4.07,2.14,Mainshock,4.0 - 4.99,POINT (-116.399 33.945),90.0
2025-03-18 00:16:19,37.6392,-118.0727,4.11,5.28,Mainshock,4.0 - 4.99,POINT (-118.0727 37.6392),72.0
2025-03-18 00:54:13,36.7277,-116.2748,4.42,13.0,Mainshock,4.0 - 4.99,POINT (-116.2748 36.7277),93.0
2025-03-18 00:55:43,35.03,-116.968,4.56,-0.07,Mainshock,4.0 - 4.99,POINT (-116.968 35.03),92.0
2025-03-18 00:03:03,34.298,-116.805,4.06,1.12,Mainshock,4.0 - 4.99,POINT (-116.805 34.298),91.0
2025-03-18 00:18:28,34.583,-116.322,5.42,4.92,Mainshock,5.0 - 5.99,POINT (-116.322 34.583),91.0
2025-03-18 00:33:46,34.585,-116.301,4.43,5.08,Mainshock,4.0 - 4.99,POINT (-116.301 34.585),91.0
2025-03-18 00:00:59,34.092,-116.37,4.43,0.68,Mainshock,4.0 - 4.99,POINT (-116.37 34.092),91.0
2025-03-18 00:06:36,34.457,-116.477,4.26,-0.47,Mainshock,4.0 - 4.99,POINT (-116.477 34.457),91.0
2025-03-18 00:41:38,34.082,-116.379,4.44,2.18,Mainshock,4.0 - 4.99,POINT (-116.379 34.082),91.0
2025-03-18 00:21:03,34.069,-116.382,4.14,2.18,Foreshock,4.0 - 4.99,POINT (-116.382 34.069),91.0
2025-03-18 00:09:28,34.342,-116.468,4.42,1.39,Foreshock,4.0 - 4.99,POINT (-116.468 34.342),91.0
2025-03-18 00:23:11,34.575,-116.336,4.91,4.9,Mainshock,4.0 - 4.99,POINT (-116.336 34.575),91.0
2025-03-18 00:05:39,34.604,-116.351,4.32,9.29,Foreshock,4.0 - 4.99,POINT (-116.351 34.604),91.0
2025-03-18 00:43:58,34.239,-116.837,4.87,-1.93,Mainshock,4.0 - 4.99,POINT (-116.837 34.239),91.0
2025-03-18 00:34:35,34.225,-116.844,4.17,-1.41,Foreshock,4.0 - 4.99,POINT (-116.844 34.225),91.0
2025-03-18 00:23:18,34.217,-116.809,4.18,-0.53,Foreshock,4.0 - 4.99,POINT (-116.809 34.217),91.0
2025-03-18 00:29:40,34.232,-116.846,4.22,-1.51,Mainshock,4.0 - 4.99,POINT (-116.846 34.232),91.0
2025-03-18 00:41:14,34.12,-116.394,4.0,2.27,Mainshock,4.0 - 4.99,POINT (-116.394 34.12),91.0
2025-03-18 00:14:16,35.21,-118.067,5.67,9.56,Mainshock,5.0 - 5.99,POINT (-118.067 35.21),70.0
2025-03-18 00:08:23,34.195,-116.431,4.14,5.05,Mainshock,4.0 - 4.99,POINT (-116.431 34.195),91.0
2025-03-18 00:48:02,34.97,-116.939,4.55,3.74,Aftershock,4.0 - 4.99,POINT (-116.939 34.97),91.0
2025-03-18 00:13:19,34.991,-116.948,4.68,-0.81,Mainshock,4.0 - 4.99,POINT (-116.948 34.991),91.0
2025-03-18 00:10:29,34.219,-116.771,4.0,-0.1,Mainshock,4.0 - 4.99,POINT (-116.771 34.219),91.0
2025-03-18 00:22:10,34.133,-116.603,4.11,0.56,Aftershock,4.0 - 4.99,POINT (-116.603 34.133),91.0
2025-03-18 00:14:36,33.901,-116.285,4.96,7.21,Mainshock,4.0 - 4.99,POINT (-116.285 33.901),90.0
2025-03-18 00:32:00,33.937,-116.306,4.83,3.7,Mainshock,4.0 - 4.99,POINT (-116.306 33.937),90.0
2025-03-18 00:40:09,32.61,-115.627,4.03,15.91,Mainshock,4.0 - 4.99,POINT (-115.627 32.61),100.0
2025-03-18 00:11:00,36.088,-117.672,4.03,0.05,Mainshock,4.0 - 4.99,POINT (-117.672 36.088),82.0
2025-03-18 00:27:04,34.112,-116.415,4.6,-0.89,Mainshock,4.0 - 4.99,POINT (-116.415 34.112),91.0
2025-03-18 00:06:12,34.102,-116.384,4.0,-0.93,Foreshock,4.0 - 4.99,POINT (-116.384 34.102),91.0
2025-03-18 00:41:54,34.646,-116.53,4.09,3.11,Mainshock,4.0 - 4.99,POINT (-116.53 34.646),91.0
2025-03-18 00:22:41,34.979,-116.952,4.79,-0.85,Mainshock,4.0 - 4.99,POINT (-116.952 34.979),91.0
2025-03-18 00:51:00,35.025,-116.968,4.13,3.97,Mainshock,4.0 - 4.99,POINT (-116.968 35.025),92.0
2025-03-18 00:37:43,34.376,-116.459,4.57,1.38,Mainshock,4.0 - 4.99,POINT (-116.459 34.376),91.0
2025-03-18 00:11:17,34.06,-116.374,4.3,-0.37,Foreshock,4.0 - 4.99,POINT (-116.374 34.06),91.0
2025-03-18 00:24:15,34.087,-116.403,4.73,-0.55,Mainshock,4.0 - 4.99,POINT (-116.403 34.087),91.0
2025-03-18 00:41:52,34.195,-116.863,5.23,9.44,Mainshock,5.0 - 5.99,POINT (-116.863 34.195),91.0
2025-03-18 00:46:41,34.197,-116.862,4.14,10.33,Aftershock,4.0 - 4.99,POINT (-116.862 34.197),91.0
2025-03-18 00:40:45,35.032,-116.99,4.11,2.96,Mainshock,4.0 - 4.99,POINT (-116.99 35.032),92.0
2025-03-18 00:51:46,34.274,-116.774,4.29,-0.19,Mainshock,4.0 - 4.99,POINT (-116.774 34.274),91.0
2025-03-18 00:30:30,32.242,-115.253,4.08,6.01,Mainshock,4.0 - 4.99,POINT (-115.253 32.242),100.0
2025-03-18 00:25:41,34.455,-116.47,4.36,9.62,Mainshock,4.0 - 4.99,POINT (-116.47 34.455),91.0
2025-03-18 00:44:55,35.076,-116.997,4.24,-0.53,Mainshock,4.0 - 4.99,POINT (-116.997 35.076),92.0
2025-03-18 00:50:45,33.947,-116.33,4.32,4.55,Mainshock,4.0 - 4.99,POINT (-116.33 33.947),90.0
2025-03-18 00:46:21,36.7243,-116.3047,4.54,9.33,Mainshock,4.0 - 4.99,POINT (-116.3047 36.7243),93.0
2025-03-18 00:47:11,34.064,-116.361,5.26,7.18,Mainshock,5.0 - 5.99,POINT (-116.361 34.064),91.0
2025-03-18 00:14:34,35.9967,-119.9403,4.38,10.35,Mainshock,4.0 - 4.99,POINT (-119.9403 35.9967),59.0
2025-03-18 00:17:39,39.7163,-120.2032,4.03,4.56,Mainshock,4.0 - 4.99,POINT (-120.2032 39.7163),52.0
2025-03-18 00:04:47,38.86,-122.7918,4.47,2.9,Mainshock,4.0 - 4.99,POINT (-122.7918 38.86),29.0
2025-03-18 00:52:33,35.113,-116.724,4.06,6.11,Mainshock,4.0 - 4.99,POINT (-116.724 35.113),92.0
2025-03-18 00:10:31,40.2957,-124.4065,4.07,8.13,Mainshock,4.0 - 4.99,POINT (-124.4065 40.2957),9.0
2025-03-18 00:59:14,36.003,-119.9433,4.2,14.0,Mainshock,4.0 - 4.99,POINT (-119.9433 36.003),60.0
2025-03-18 00:19:57,34.601,-116.636,4.59,2.01,Mainshock,4.0 - 4.99,POINT (-116.636 34.601),91.0
2025-03-18 00:54:51,37.9938,-118.5773,4.18,7.97,Mainshock,4.0 - 4.99,POINT (-118.5773 37.9938),72.0
2025-03-18 00:38:12,34.944,-116.797,4.52,1.6,Mainshock,4.0 - 4.99,POINT (-116.797 34.944),91.0
2025-03-18 00:28:09,35.9283,-120.474,4.36,9.44,Mainshock,4.0 - 4.99,POINT (-120.474 35.9283),48.0
2025-03-18 00:02:02,39.98,-120.762,4.0,8.0,Mainshock,4.0 - 4.99,POINT (-120.762 39.98),52.0
2025-03-18 00:25:41,38.8352,-119.401,4.01,6.71,Mainshock,4.0 - 4.99,POINT (-119.401 38.8352),62.0
2025-03-18 00:40:25,35.045,-116.977,4.11,2.79,Mainshock,4.0 - 4.99,POINT (-116.977 35.045),92.0
2025-03-18 00:41:17,34.979,-116.952,4.0,-0.9,Aftershock,4.0 - 4.99,POINT (-116.952 34.979),91.0
2025-03-18 00:00:58,34.34,-116.9,5.29,-0.4,Mainshock,5.0 - 5.99,POINT (-116.9 34.34),91.0
2025-03-18 00:32:25,34.364,-116.905,4.15,-0.77,Aftershock,4.0 - 4.99,POINT (-116.905 34.364),91.0
2025-03-18 00:08:58,34.369,-116.898,5.26,1.32,Mainshock,5.0 - 5.99,POINT (-116.898 34.369),91.0
2025-03-18 00:25:07,34.373,-116.912,4.61,1.99,Foreshock,4.0 - 4.99,POINT (-116.912 34.373),91.0
2025-03-18 00:25:11,34.377,-116.918,4.66,1.01,Mainshock,4.0 - 4.99,POINT (-116.918 34.377),91.0
2025-03-18 00:59:42,34.361,-116.914,4.24,-0.98,Mainshock,4.0 - 4.99,POINT (-116.914 34.361),91.0
2025-03-18 00:33:31,34.362,-116.924,4.03,-0.57,Foreshock,4.0 - 4.99,POINT (-116.924 34.362),91.0
2025-03-18 00:38:34,34.271,-116.404,4.12,1.81,Mainshock,4.0 - 4.99,POINT (-116.404 34.271),91.0
2025-03-18 00:25:10,39.955,-120.842,4.2,16.0,Mainshock,4.0 - 4.99,POINT (-120.842 39.955),52.0
2025-03-18 00:45:33,33.489,-116.486,4.01,9.42,Mainshock,4.0 - 4.99,POINT (-116.486 33.489),90.0
2025-03-18 00:00:42,34.416,-118.37,6.6,8.95,Mainshock,6.0 - 6.99,POINT (-118.37 34.416),69.0
2025-03-18 00:01:12,34.416,-118.37,5.8,6.0,Aftershock,5.0 - 5.99,POINT (-118.37 34.416),69.0
2025-03-18 00:01:37,34.416,-118.37,4.2,6.0,Aftershock,4.0 - 4.99,POINT (-118.37 34.416),69.0
2025-03-18 00:01:40,34.416,-118.37,4.1,6.0,Aftershock,4.0 - 4.99,POINT (-118.37 34.416),69.0
2025-03-18 00:01:53,34.416,-118.37,4.5,6.0,Aftershock,4.0 - 4.99,POINT (-118.37 34.416),69.0
2025-03-18 00:01:54,34.416,-118.37,4.2,6.0,Aftershock,4.0 - 4.99,POINT (-118.37 34.416),69.0
2025-03-18 00:01:59,34.416,-118.37,4.1,6.0,Aftershock,4.0 - 4.99,POINT (-118.37 34.416),69.0
2025-03-18 00:02:03,34.4112,-118.4007,4.1,6.0,Aftershock,4.0 - 4.99,POINT (-118.4007 34.4112),69.0
2025-03-18 00:02:30,34.416,-118.37,4.7,6.0,Aftershock,4.0 - 4.99,POINT (-118.37 34.416),69.0
2025-03-18 00:02:30,34.4112,-118.4007,4.3,6.0,Aftershock,4.0 - 4.99,POINT (-118.4007 34.4112),69.0
2025-03-18 00:02:31,34.4112,-118.4007,4.7,6.0,Aftershock,4.0 - 4.99,POINT (-118.4007 34.4112),69.0
2025-03-18 00:02:46,34.416,-118.37,5.8,6.0,Aftershock,5.0 - 5.99,POINT (-118.37 34.416),69.0
2025-03-18 00:03:25,34.416,-118.37,4.4,6.0,Aftershock,4.0 - 4.99,POINT (-118.37 34.416),69.0
2025-03-18 00:03:43,34.416,-118.37,4.1,6.0,Aftershock,4.0 - 4.99,POINT (-118.37 34.416),69.0
2025-03-18 00:04:07,34.416,-118.37,4.1,6.0,Aftershock,4.0 - 4.99,POINT (-118.37 34.416),69.0
2025-03-18 00:04:36,34.416,-118.37,4.2,6.0,Aftershock,4.0 - 4.99,POINT (-118.37 34.416),69.0
2025-03-18 00:04:38,34.416,-118.37,4.1,6.0,Aftershock,4.0 - 4.99,POINT (-118.37 34.416),69.0
2025-03-18 00:04:42,34.416,-118.37,4.2,6.0,Aftershock,4.0 - 4.99,POINT (-118.37 34.416),69.0
2025-03-18 00:04:44,34.416,-118.37,4.1,6.0,Aftershock,4.0 - 4.99,POINT (-118.37 34.416),69.0
2025-03-18 00:04:46,34.4112,-118.4007,4.2,6.0,Aftershock,4.0 - 4.99,POINT (-118.4007 34.4112),69.0
2025-03-18 00:05:41,34.416,-118.37,4.1,6.0,Aftershock,4.0 - 4.99,POINT (-118.37 34.416),69.0
2025-03-18 00:05:52,34.416,-118.37,4.1,6.0,Aftershock,4.0 - 4.99,POINT (-118.37 34.416),69.0
2025-03-18 00:07:10,34.416,-118.37,4.0,6.0,Aftershock,4.0 - 4.99,POINT (-118.37 34.416),69.0
2025-03-18 00:07:44,34.416,-118.37,4.5,6.0,Aftershock,4.0 - 4.99,POINT (-118.37 34.416),69.0
2025-03-18 00:07:59,34.416,-118.37,4.0,6.0,Aftershock,4.0 - 4.99,POINT (-118.37 34.416),69.0
2025-03-18 00:08:03,34.416,-118.37,4.2,6.0,Aftershock,4.0 - 4.99,POINT (-118.37 34.416),69.0
2025-03-18 00:08:34,34.416,-118.37,4.5,6.0,Aftershock,4.0 - 4.99,POINT (-118.37 34.416),69.0
2025-03-18 00:08:54,34.416,-118.37,4.6,6.0,Aftershock,4.0 - 4.99,POINT (-118.37 34.416),69.0
2025-03-18 00:10:21,34.2463,-118.3962,4.64,14.58,Aftershock,4.0 - 4.99,POINT (-118.3962 34.2463),69.0
2025-03-18 00:10:29,34.416,-118.37,5.3,6.0,Aftershock,5.0 - 5.99,POINT (-118.37 34.416),69.0
2025-03-18 00:11:31,34.274,-118.321,4.0,6.0,Aftershock,4.0 - 4.99,POINT (-118.321 34.274),69.0
2025-03-18 00:22:17,34.3528,-118.3158,4.15,7.57,Mainshock,4.0 - 4.99,POINT (-118.3158 34.3528),69.0
2025-03-18 00:34:39,34.3097,-118.414,4.83,2.79,Mainshock,4.0 - 4.99,POINT (-118.414 34.3097),69.0
2025-03-18 00:40:17,34.4,-118.455,4.08,6.13,Foreshock,4.0 - 4.99,POINT (-118.455 34.4),69.0
2025-03-18 00:43:48,34.3137,-118.4277,4.38,19.0,Mainshock,4.0 - 4.99,POINT (-118.4277 34.3137),69.0
2025-03-18 00:58:21,34.3502,-118.3388,4.59,13.91,Mainshock,4.0 - 4.99,POINT (-118.3388 34.3502),69.0
2025-03-18 00:19:28,34.3218,-118.46,4.08,10.38,Foreshock,4.0 - 4.99,POINT (-118.46 34.3218),69.0
2025-03-18 00:06:36,34.3762,-118.3112,4.29,10.86,Foreshock,4.0 - 4.99,POINT (-118.3112 34.3762),69.0
2025-03-18 00:18:07,34.403,-118.4212,4.4,9.84,Mainshock,4.0 - 4.99,POINT (-118.4212 34.403),69.0
2025-03-18 00:31:34,34.4062,-118.3942,4.22,0.29,Mainshock,4.0 - 4.99,POINT (-118.3942 34.4062),69.0
2025-03-18 00:49:54,34.3472,-118.4398,4.25,12.62,Mainshock,4.0 - 4.99,POINT (-118.4398 34.3472),69.0
2025-03-18 00:35:26,34.3468,-118.4763,4.15,1.81,Foreshock,4.0 - 4.99,POINT (-118.4763 34.3468),69.0
2025-03-18 00:38:55,34.3743,-118.3623,4.04,12.2,Foreshock,4.0 - 4.99,POINT (-118.3623 34.3743),69.0
2025-03-18 00:54:41,34.426,-118.436,4.05,12.2,Mainshock,4.0 - 4.99,POINT (-118.436 34.426),69.0
2025-03-18 00:39:44,36.6535,-121.2798,4.15,6.94,Mainshock,4.0 - 4.99,POINT (-121.2798 36.6535),38.0
2025-03-18 00:48:35,39.155,-118.104,4.2,4.0,Mainshock,4.0 - 4.99,POINT (-118.104 39.155),74.0
2025-03-18 00:50:52,34.3833,-118.4337,4.43,7.94,Mainshock,4.0 - 4.99,POINT (-118.4337 34.3833),69.0
2025-03-18 00:15:12,34.3455,-118.4468,4.25,14.18,Foreshock,4.0 - 4.99,POINT (-118.4468 34.3455),69.0
2025-03-18 00:07:41,33.4015,-116.6378,4.19,30.87,Mainshock,4.0 - 4.99,POINT (-116.6378 33.4015),90.0
2025-03-18 00:05:16,35.6595,-118.355,4.09,0.92,Mainshock,4.0 - 4.99,POINT (-118.355 35.6595),70.0
2025-03-18 00:33:40,34.3462,-118.4305,4.2,2.39,Mainshock,4.0 - 4.99,POINT (-118.4305 34.3462),69.0
2025-03-18 00:31:47,36.7977,-122.1007,4.1,10.28,Mainshock,4.0 - 4.99,POINT (-122.1007 36.7977),27.0
2025-03-18 00:08:08,35.661,-118.3708,4.2,3.31,Mainshock,4.0 - 4.99,POINT (-118.3708 35.661),70.0
2025-03-18 00:35:16,36.8018,-122.1063,4.6,9.76,Mainshock,4.0 - 4.99,POINT (-122.1063 36.8018),27.0
2025-03-18 00:58:59,35.9382,-120.4847,4.55,10.21,Mainshock,4.0 - 4.99,POINT (-120.4847 35.9382),48.0
2025-03-18 00:03:46,40.411,-117.09,4.0,10.0,Mainshock,4.0 - 4.99,POINT (-117.09 40.411),86.0
2025-03-18 00:54:10,34.3013,-118.4933,4.16,12.98,Aftershock,4.0 - 4.99,POINT (-118.4933 34.3013),69.0
2025-03-18 00:52:22,34.2852,-118.464,4.3,2.25,Mainshock,4.0 - 4.99,POINT (-118.464 34.2852),69.0
2025-03-18 00:03:04,34.4032,-118.4177,4.09,11.67,Foreshock,4.0 - 4.99,POINT (-118.4177 34.4032),69.0
2025-03-18 00:14:32,34.2563,-118.5115,4.15,3.25,Mainshock,4.0 - 4.99,POINT (-118.5115 34.2563),69.0
2025-03-18 00:58:32,36.8077,-122.1082,4.5,10.13,Mainshock,4.0 - 4.99,POINT (-122.1082 36.8077),27.0
2025-03-18 00:22:56,39.479,-118.291,4.0,10.0,Mainshock,4.0 - 4.99,POINT (-118.291 39.479),74.0
2025-03-18 00:56:25,32.0738,-115.6532,4.02,6.0,Mainshock,4.0 - 4.99,POINT (-115.6532 32.0738),100.0
2025-03-18 00:53:00,39.043,-118.108,4.2,5.0,Mainshock,4.0 - 4.99,POINT (-118.108 39.043),74.0
2025-03-18 00:02:53,33.106,-116.379,4.09,6.0,Mainshock,4.0 - 4.99,POINT (-116.379 33.106),90.0
2025-03-18 00:41:18,33.7152,-117.4898,4.22,1.63,Mainshock,4.0 - 4.99,POINT (-117.4898 33.7152),79.0
2025-03-18 00:56:39,36.2458,-120.8223,4.35,8.41,Aftershock,4.0 - 4.99,POINT (-120.8223 36.2458),49.0
2025-03-18 00:33:21,36.2473,-120.8247,4.46,7.78,Mainshock,4.0 - 4.99,POINT (-120.8247 36.2473),49.0
2025-03-18 00:28:50,36.8138,-121.5258,4.08,4.86,Mainshock,4.0 - 4.99,POINT (-121.5258 36.8138),38.0
2025-03-18 00:36:54,36.5932,-120.5772,4.56,9.31,Mainshock,4.0 - 4.99,POINT (-120.5772 36.5932),49.0
2025-03-18 00:22:05,36.964,-121.6322,4.01,5.06,Mainshock,4.0 - 4.99,POINT (-121.6322 36.964),38.0
2025-03-18 00:11:13,36.8403,-119.9958,4.04,5.71,Mainshock,4.0 - 4.99,POINT (-119.9958 36.8403),60.0
2025-03-18 00:37:48,36.8163,-120.025,4.15,1.76,Mainshock,4.0 - 4.99,POINT (-120.025 36.8163),49.0
2025-03-18 00:58:16,36.9487,-115.7258,4.34,6.0,Mainshock,4.0 - 4.99,POINT (-115.7258 36.9487),104.0
2025-03-18 00:58:17,36.892,-115.974,4.3,4.0,Aftershock,4.0 - 4.99,POINT (-115.974 36.892),104.0
2025-03-18 00:32:51,38.836,-119.132,4.4,5.0,Mainshock,4.0 - 4.99,POINT (-119.132 38.836),62.0
2025-03-18 00:11:31,40.215,-124.768,4.7,17.0,Mainshock,4.0 - 4.99,POINT (-124.768 40.215),9.0
2025-03-18 00:58:36,39.352,-118.883,4.5,10.0,Mainshock,4.0 - 4.99,POINT (-118.883 39.352),74.0
2025-03-18 00:20:10,36.5808,-121.1768,4.19,6.07,Mainshock,4.0 - 4.99,POINT (-121.1768 36.5808),38.0
2025-03-18 00:46:11,32.9827,-115.8038,5.02,6.0,Mainshock,5.0 - 5.99,POINT (-115.8038 32.9827),100.0
2025-03-18 00:08:33,36.5837,-121.1792,4.73,3.45,Mainshock,4.0 - 4.99,POINT (-121.1792 36.5837),38.0
2025-03-18 00:17:07,36.0663,-120.2115,4.02,9.74,Mainshock,4.0 - 4.99,POINT (-120.2115 36.0663),49.0
2025-03-18 00:22:58,36.5775,-121.1713,4.38,2.16,Mainshock,4.0 - 4.99,POINT (-121.1713 36.5775),38.0
2025-03-18 00:30:03,37.221,-116.071,4.4,33.0,Mainshock,4.0 - 4.99,POINT (-116.071 37.221),94.0
2025-03-18 00:33:31,36.46,-121.0293,4.05,1.23,Mainshock,4.0 - 4.99,POINT (-121.0293 36.46),38.0
2025-03-18 00:11:24,36.9012,-121.2777,4.18,7.45,Mainshock,4.0 - 4.99,POINT (-121.2777 36.9012),38.0
2025-03-18 00:50:10,36.8462,-121.4348,4.42,3.27,Mainshock,4.0 - 4.99,POINT (-121.4348 36.8462),38.0
2025-03-18 00:31:12,36.4977,-121.074,4.04,3.31,Mainshock,4.0 - 4.99,POINT (-121.074 36.4977),38.0
2025-03-18 00:45:23,36.1295,-121.2085,4.62,7.24,Mainshock,4.0 - 4.99,POINT (-121.2085 36.1295),38.0
2025-03-18 00:04:18,36.9015,-121.2773,4.34,7.05,Mainshock,4.0 - 4.99,POINT (-121.2773 36.9015),38.0
2025-03-18 00:04:16,39.01,-118.288,4.1,5.0,Mainshock,4.0 - 4.99,POINT (-118.288 39.01),74.0
2025-03-18 00:39:27,38.974,-118.42,4.0,10.0,Mainshock,4.0 - 4.99,POINT (-118.42 38.974),73.0
2025-03-18 00:45:03,37.08,-116.07,4.7,39.0,Mainshock,4.0 - 4.99,POINT (-116.07 37.08),94.0
2025-03-18 00:07:28,35.814,-121.194,4.56,1.15,Mainshock,4.0 - 4.99,POINT (-121.194 35.814),37.0
2025-03-18 00:31:49,36.4818,-121.0148,4.56,10.02,Mainshock,4.0 - 4.99,POINT (-121.0148 36.4818),38.0
2025-03-18 00:00:04,36.4793,-121.0182,4.27,8.9,Foreshock,4.0 - 4.99,POINT (-121.0182 36.4793),38.0
2025-03-18 00:45:45,36.6872,-121.3195,4.2,6.13,Aftershock,4.0 - 4.99,POINT (-121.3195 36.6872),38.0
2025-03-18 00:48:36,36.6862,-121.3182,4.07,6.35,Aftershock,4.0 - 4.99,POINT (-121.3182 36.6862),38.0
2025-03-18 00:25:30,36.691,-121.3232,4.03,6.21,Aftershock,4.0 - 4.99,POINT (-121.3232 36.691),38.0
2025-03-18 00:05:02,36.6905,-121.3225,4.44,5.35,Mainshock,4.0 - 4.99,POINT (-121.3225 36.6905),38.0
2025-03-18 00:26:41,36.6913,-121.3242,4.18,5.91,Mainshock,4.0 - 4.99,POINT (-121.3242 36.6913),38.0
2025-03-18 00:47:39,36.0075,-120.5808,4.11,4.69,Mainshock,4.0 - 4.99,POINT (-120.5808 36.0075),49.0
2025-03-18 00:11:16,36.257,-120.8302,4.08,5.82,Foreshock,4.0 - 4.99,POINT (-120.8302 36.257),49.0
2025-03-18 00:51:02,36.2568,-120.827,4.12,5.97,Mainshock,4.0 - 4.99,POINT (-120.827 36.2568),49.0
2025-03-18 00:03:56,37.404,-114.499,4.2,14.0,Mainshock,4.0 - 4.99,POINT (-114.499 37.404),116.0
2025-03-18 00:37:13,36.7013,-121.3393,4.12,4.35,Mainshock,4.0 - 4.99,POINT (-121.3393 36.7013),38.0
2025-03-18 00:57:04,36.6887,-121.3172,4.49,4.59,Mainshock,4.0 - 4.99,POINT (-121.3172 36.6887),38.0
2025-03-18 00:32:02,36.6932,-121.3272,4.06,5.24,Foreshock,4.0 - 4.99,POINT (-121.3272 36.6932),38.0
2025-03-18 00:06:30,36.6935,-121.325,4.33,5.22,Foreshock,4.0 - 4.99,POINT (-121.325 36.6935),38.0
2025-03-18 00:35:36,36.6947,-121.3297,4.46,5.42,Mainshock,4.0 - 4.99,POINT (-121.3297 36.6947),38.0
2025-03-18 00:55:47,36.6932,-121.326,4.23,4.94,Aftershock,4.0 - 4.99,POINT (-121.326 36.6932),38.0
2025-03-18 00:35:27,36.7057,-121.3337,4.28,2.91,Mainshock,4.0 - 4.99,POINT (-121.3337 36.7057),38.0
2025-03-18 00:33:26,36.1987,-120.7603,4.41,7.59,Mainshock,4.0 - 4.99,POINT (-120.7603 36.1987),49.0
2025-03-18 00:31:07,36.9422,-121.4398,4.47,2.25,Mainshock,4.0 - 4.99,POINT (-121.4398 36.9422),38.0
2025-03-18 00:59:42,32.1718,-115.7428,4.05,6.0,Mainshock,4.0 - 4.99,POINT (-115.7428 32.1718),100.0
2025-03-18 00:57:42,36.8352,-120.0753,4.5,4.29,Mainshock,4.0 - 4.99,POINT (-120.0753 36.8352),49.0
2025-03-18 00:55:04,34.3058,-116.8828,4.01,6.0,Mainshock,4.0 - 4.99,POINT (-116.8828 34.3058),91.0
2025-03-18 00:17:55,36.245,-120.8048,4.21,7.57,Mainshock,4.0 - 4.99,POINT (-120.8048 36.245),49.0
2025-03-18 00:02:29,36.428,-120.9463,4.07,9.97,Foreshock,4.0 - 4.99,POINT (-120.9463 36.428),49.0
2025-03-18 00:02:04,37.085,-116.076,4.6,33.0,Mainshock,4.0 - 4.99,POINT (-116.076 37.085),94.0
2025-03-18 00:56:51,36.5903,-121.1905,5.1,3.87,Mainshock,5.0 - 5.99,POINT (-121.1905 36.5903),38.0
2025-03-18 00:26:39,36.5887,-121.1858,4.02,6.67,Foreshock,4.0 - 4.99,POINT (-121.1858 36.5887),38.0
2025-03-18 00:21:50,36.6235,-121.23,4.49,5.03,Foreshock,4.0 - 4.99,POINT (-121.23 36.6235),38.0
2025-03-18 00:27:18,36.5923,-121.1902,4.02,5.02,Mainshock,4.0 - 4.99,POINT (-121.1902 36.5923),38.0
2025-03-18 00:33:57,36.6233,-121.2305,4.09,4.75,Aftershock,4.0 - 4.99,POINT (-121.2305 36.6233),38.0
2025-03-18 00:12:44,36.5858,-121.1803,4.6,6.59,Mainshock,4.0 - 4.99,POINT (-121.1803 36.5858),38.0
2025-03-18 00:04:45,36.6178,-121.2245,4.38,6.36,Foreshock,4.0 - 4.99,POINT (-121.2245 36.6178),38.0
2025-03-18 00:58:43,36.5957,-121.1977,4.14,7.57,Aftershock,4.0 - 4.99,POINT (-121.1977 36.5957),38.0
2025-03-18 00:15:27,36.6278,-121.2342,4.59,5.48,Mainshock,4.0 - 4.99,POINT (-121.2342 36.6278),38.0
2025-03-18 00:56:29,36.6023,-121.2013,4.23,6.06,Aftershock,4.0 - 4.99,POINT (-121.2013 36.6023),38.0
2025-03-18 00:00:18,36.5428,-121.0783,4.62,9.99,Mainshock,4.0 - 4.99,POINT (-121.0783 36.5428),38.0
2025-03-18 00:13:08,36.542,-121.0752,4.7,9.76,Mainshock,4.0 - 4.99,POINT (-121.0752 36.542),38.0
2025-03-18 00:59:08,36.5365,-121.0832,4.49,8.96,Mainshock,4.0 - 4.99,POINT (-121.0832 36.5365),38.0
2025-03-18 00:32:23,36.5353,-121.0895,4.27,8.76,Foreshock,4.0 - 4.99,POINT (-121.0895 36.5353),38.0
2025-03-18 00:19:51,35.8108,-121.3915,4.26,13.13,Mainshock,4.0 - 4.99,POINT (-121.3915 35.8108),37.0
2025-03-18 00:01:09,35.7937,-121.4263,4.2,-0.2,Foreshock,4.0 - 4.99,POINT (-121.4263 35.7937),37.0
2025-03-18 00:53:01,36.5352,-121.0987,4.04,9.01,Aftershock,4.0 - 4.99,POINT (-121.0987 36.5352),38.0
2025-03-18 00:04:51,36.5842,-121.1807,4.2,4.8,Mainshock,4.0 - 4.99,POINT (-121.1807 36.5842),38.0
2025-03-18 00:55:20,36.611,-121.2172,4.32,6.3,Mainshock,4.0 - 4.99,POINT (-121.2172 36.611),38.0
2025-03-18 00:30:03,36.5978,-121.2087,4.02,8.76,Foreshock,4.0 - 4.99,POINT (-121.2087 36.5978),38.0
2025-03-18 00:29:01,32.3503,-115.586,4.48,6.0,Mainshock,4.0 - 4.99,POINT (-115.586 32.3503),100.0
2025-03-18 00:41:36,36.5457,-121.0845,4.39,8.76,Mainshock,4.0 - 4.99,POINT (-121.0845 36.5457),38.0
2025-03-18 00:10:44,36.5848,-121.1828,4.01,4.66,Foreshock,4.0 - 4.99,POINT (-121.1828 36.5848),38.0
2025-03-18 00:00:01,36.955,-116.033,4.6,10.0,Mainshock,4.0 - 4.99,POINT (-116.033 36.955),93.0
2025-03-18 00:09:16,36.8155,-120.0172,4.06,3.81,Mainshock,4.0 - 4.99,POINT (-120.0172 36.8155),49.0
2025-03-18 00:32:57,36.6,-121.2038,4.09,7.14,Aftershock,4.0 - 4.99,POINT (-121.2038 36.6),38.0
2025-03-18 00:20:03,36.4272,-120.9475,4.53,9.62,Mainshock,4.0 - 4.99,POINT (-120.9475 36.4272),49.0
2025-03-18 00:31:29,36.4278,-120.9463,4.4,9.88,Mainshock,4.0 - 4.99,POINT (-120.9463 36.4278),49.0
2025-03-18 00:44:07,36.566,-121.1585,4.36,2.4,Foreshock,4.0 - 4.99,POINT (-121.1585 36.566),38.0
2025-03-18 00:47:45,36.5655,-121.1573,4.37,2.64,Mainshock,4.0 - 4.99,POINT (-121.1573 36.5655),38.0
2025-03-18 00:57:57,36.2432,-120.8048,4.37,6.27,Mainshock,4.0 - 4.99,POINT (-120.8048 36.2432),49.0
2025-03-18 00:54:30,35.9905,-120.5688,4.16,3.48,Foreshock,4.0 - 4.99,POINT (-120.5688 35.9905),48.0
2025-03-18 00:37:17,36.5863,-121.1863,4.17,7.15,Mainshock,4.0 - 4.99,POINT (-121.1863 36.5863),38.0
2025-03-18 00:15:02,37.152,-116.204,5.0,20.0,Mainshock,5.0 - 5.99,POINT (-116.204 37.152),94.0
2025-03-18 00:49:36,38.502,-122.7263,4.14,6.56,Mainshock,4.0 - 4.99,POINT (-122.7263 38.502),29.0
2025-03-18 00:04:59,38.4982,-122.7262,4.01,4.22,Foreshock,4.0 - 4.99,POINT (-122.7262 38.4982),29.0
2025-03-18 00:42:28,38.5357,-122.765,4.2,3.41,Mainshock,4.0 - 4.99,POINT (-122.765 38.5357),29.0
2025-03-18 00:19:53,36.67,-121.2627,4.24,4.47,Aftershock,4.0 - 4.99,POINT (-121.2627 36.67),38.0
2025-03-18 00:03:36,36.6688,-121.2618,4.3,5.15,Mainshock,4.0 - 4.99,POINT (-121.2618 36.6688),38.0
2025-03-18 00:53:40,36.3832,-120.9617,4.06,7.0,Aftershock,4.0 - 4.99,POINT (-120.9617 36.3832),49.0
2025-03-18 00:03:16,36.4712,-121.0422,4.13,0.92,Mainshock,4.0 - 4.99,POINT (-121.0422 36.4712),38.0
2025-03-18 00:15:37,36.802,-121.5277,4.35,7.7,Mainshock,4.0 - 4.99,POINT (-121.5277 36.802),38.0
2025-03-18 00:38:54,36.5512,-121.1313,4.42,8.59,Mainshock,4.0 - 4.99,POINT (-121.1313 36.5512),38.0
2025-03-18 00:55:20,36.589,-120.423,4.36,13.62,Mainshock,4.0 - 4.99,POINT (-120.423 36.589),49.0
2025-03-18 00:38:56,36.4627,-121.041,4.05,6.66,Aftershock,4.0 - 4.99,POINT (-121.041 36.4627),38.0
2025-03-18 00:27:13,36.5487,-121.0742,4.22,10.05,Mainshock,4.0 - 4.99,POINT (-121.0742 36.5487),38.0
2025-03-18 00:20:12,36.6005,-121.209,4.01,8.2,Foreshock,4.0 - 4.99,POINT (-121.209 36.6005),38.0
2025-03-18 00:52:26,36.5232,-120.575,4.62,9.71,Mainshock,4.0 - 4.99,POINT (-120.575 36.5232),49.0
2025-03-18 00:10:09,36.728,-121.0958,4.05,0.81,Mainshock,4.0 - 4.99,POINT (-121.0958 36.728),38.0
2025-03-18 00:30:03,36.92,-116.036,4.0,33.0,Mainshock,4.0 - 4.99,POINT (-116.036 36.92),93.0
2025-03-18 00:22:18,36.695,-121.3255,4.28,4.58,Mainshock,4.0 - 4.99,POINT (-121.3255 36.695),38.0
2025-03-18 00:12:53,36.53,-121.1055,4.11,8.88,Foreshock,4.0 - 4.99,POINT (-121.1055 36.53),38.0
2025-03-18 00:31:17,34.7898,-118.892,4.31,3.7,Mainshock,4.0 - 4.99,POINT (-118.892 34.7898),69.0
2025-03-18 00:30:57,36.8602,-121.5938,4.29,6.83,Mainshock,4.0 - 4.99,POINT (-121.5938 36.8602),38.0
2025-03-18 00:22:07,36.8623,-121.5915,4.01,7.01,Foreshock,4.0 - 4.99,POINT (-121.5915 36.8623),38.0
2025-03-18 00:49:27,36.2878,-120.0175,4.32,2.72,Mainshock,4.0 - 4.99,POINT (-120.0175 36.2878),49.0
2025-03-18 00:26:24,35.9257,-120.4752,4.56,9.95,Mainshock,4.0 - 4.99,POINT (-120.4752 35.9257),48.0
2025-03-18 00:07:53,36.5828,-121.1285,4.1,8.41,Mainshock,4.0 - 4.99,POINT (-121.1285 36.5828),38.0
2025-03-18 00:19:46,38.8472,-122.6877,4.17,1.01,Mainshock,4.0 - 4.99,POINT (-122.6877 38.8472),29.0
2025-03-18 00:03:42,36.6457,-121.244,4.27,6.25,Mainshock,4.0 - 4.99,POINT (-121.244 36.6457),38.0
2025-03-18 00:26:13,36.5597,-121.0458,4.28,7.69,Mainshock,4.0 - 4.99,POINT (-121.0458 36.5597),38.0
2025-03-18 00:29:11,36.5363,-121.0957,4.06,9.14,Aftershock,4.0 - 4.99,POINT (-121.0957 36.5363),38.0
2025-03-18 00:22:15,36.8232,-120.0188,4.23,3.22,Mainshock,4.0 - 4.99,POINT (-120.0188 36.8232),49.0
2025-03-18 00:26:40,36.5128,-121.0932,4.02,5.58,Aftershock,4.0 - 4.99,POINT (-121.0932 36.5128),38.0
2025-03-18 00:18:54,36.6497,-121.268,4.3,4.99,Aftershock,4.0 - 4.99,POINT (-121.268 36.6497),38.0
2025-03-18 00:04:41,36.6358,-121.2513,4.7,5.23,Mainshock,4.0 - 4.99,POINT (-121.2513 36.6358),38.0
2025-03-18 00:19:16,36.6397,-121.2545,4.12,6.11,Mainshock,4.0 - 4.99,POINT (-121.2545 36.6397),38.0
2025-03-18 00:58:33,36.6412,-121.258,4.14,5.38,Mainshock,4.0 - 4.99,POINT (-121.258 36.6412),38.0
2025-03-18 00:03:14,36.3065,-120.3288,4.06,18.05,Mainshock,4.0 - 4.99,POINT (-120.3288 36.3065),49.0
2025-03-18 00:37:02,36.6207,-121.231,4.09,6.26,Mainshock,4.0 - 4.99,POINT (-121.231 36.6207),38.0
2025-03-18 00:52:54,36.6402,-121.2558,4.06,5.45,Aftershock,4.0 - 4.99,POINT (-121.2558 36.6402),38.0
2025-03-18 00:46:25,36.7932,-121.4157,4.24,10.65,Mainshock,4.0 - 4.99,POINT (-121.4157 36.7932),38.0
2025-03-18 00:56:26,36.8033,-121.518,4.0,6.68,Aftershock,4.0 - 4.99,POINT (-121.518 36.8033),38.0
2025-03-18 00:07:48,36.7968,-121.5093,4.1,6.52,Mainshock,4.0 - 4.99,POINT (-121.5093 36.7968),38.0
2025-03-18 00:51:39,36.64,-121.2603,4.27,6.31,Mainshock,4.0 - 4.99,POINT (-121.2603 36.64),38.0
2025-03-18 00:59:25,36.8065,-121.5155,4.29,4.63,Aftershock,4.0 - 4.99,POINT (-121.5155 36.8065),38.0
2025-03-18 00:30:02,36.8052,-121.5205,4.8,6.09,Mainshock,4.0 - 4.99,POINT (-121.5205 36.8052),38.0
2025-03-18 00:10:14,36.817,-121.5348,4.1,5.79,Foreshock,4.0 - 4.99,POINT (-121.5348 36.817),38.0
2025-03-18 00:42:38,36.8238,-121.542,4.28,5.32,Mainshock,4.0 - 4.99,POINT (-121.542 36.8238),38.0
2025-03-18 00:57:35,36.8267,-121.5455,4.42,5.4,Mainshock,4.0 - 4.99,POINT (-121.5455 36.8267),38.0
2025-03-18 00:15:33,36.6177,-121.2237,4.22,5.31,Foreshock,4.0 - 4.99,POINT (-121.2237 36.6177),38.0
2025-03-18 00:13:42,36.5365,-121.0907,4.14,9.69,Foreshock,4.0 - 4.99,POINT (-121.0907 36.5365),38.0
2025-03-18 00:07:19,36.9385,-121.4337,4.39,6.18,Mainshock,4.0 - 4.99,POINT (-121.4337 36.9385),38.0
2025-03-18 00:50:05,37.776,-115.211,4.6,10.0,Mainshock,4.0 - 4.99,POINT (-115.211 37.776),105.0
2025-03-18 00:19:32,37.2188,-121.73,4.16,5.09,Mainshock,4.0 - 4.99,POINT (-121.73 37.2188),39.0
2025-03-18 00:20:36,38.5055,-122.7268,4.1,8.3,Mainshock,4.0 - 4.99,POINT (-122.7268 38.5055),29.0
2025-03-18 00:38:57,36.9517,-121.5568,4.14,5.54,Mainshock,4.0 - 4.99,POINT (-121.5568 36.9517),38.0
2025-03-18 00:02:53,36.5418,-121.1322,4.33,4.9,Mainshock,4.0 - 4.99,POINT (-121.1322 36.5418),38.0
2025-03-18 00:19:58,39.623,-119.415,4.2,5.0,Mainshock,4.0 - 4.99,POINT (-119.415 39.623),63.0
2025-03-18 00:44:46,38.676,-115.639,4.6,10.0,Mainshock,4.0 - 4.99,POINT (-115.639 38.676),106.0
2025-03-18 00:26:49,35.9965,-120.8877,4.27,13.23,Mainshock,4.0 - 4.99,POINT (-120.8877 35.9965),48.0
2025-03-18 00:51:15,36.6853,-121.3137,4.28,4.55,Mainshock,4.0 - 4.99,POINT (-121.3137 36.6853),38.0
2025-03-18 00:55:52,36.685,-121.3125,4.19,4.17,Aftershock,4.0 - 4.99,POINT (-121.3125 36.685),38.0
2025-03-18 00:52:33,36.6578,-121.2742,4.27,5.16,Aftershock,4.0 - 4.99,POINT (-121.2742 36.6578),38.0
2025-03-18 00:14:24,36.5722,-121.1657,4.22,5.94,Foreshock,4.0 - 4.99,POINT (-121.1657 36.5722),38.0
2025-03-18 00:44:49,36.6783,-121.3028,4.27,5.78,Mainshock,4.0 - 4.99,POINT (-121.3028 36.6783),38.0
2025-03-18 00:54:57,36.5618,-121.1522,4.43,7.27,Aftershock,4.0 - 4.99,POINT (-121.1522 36.5618),38.0
2025-03-18 00:43:30,36.6818,-121.3087,4.1,6.28,Aftershock,4.0 - 4.99,POINT (-121.3087 36.6818),38.0
2025-03-18 00:13:39,36.6865,-121.3157,4.56,6.08,Mainshock,4.0 - 4.99,POINT (-121.3157 36.6865),38.0
2025-03-18 00:24:48,36.6808,-121.3147,4.37,4.87,Mainshock,4.0 - 4.99,POINT (-121.3147 36.6808),38.0
2025-03-18 00:19:26,36.688,-121.3193,4.3,5.71,Foreshock,4.0 - 4.99,POINT (-121.3193 36.688),38.0
2025-03-18 00:22:31,36.6743,-121.3012,4.26,6.39,Foreshock,4.0 - 4.99,POINT (-121.3012 36.6743),38.0
2025-03-18 00:15:36,36.6695,-121.2967,4.21,5.37,Foreshock,4.0 - 4.99,POINT (-121.2967 36.6695),38.0
2025-03-18 00:59:57,36.6505,-121.2723,4.21,6.41,Aftershock,4.0 - 4.99,POINT (-121.2723 36.6505),38.0
2025-03-18 00:21:54,36.6572,-121.2852,4.25,5.96,Mainshock,4.0 - 4.99,POINT (-121.2852 36.6572),38.0
2025-03-18 00:26:57,36.4352,-121.017,4.28,6.04,Mainshock,4.0 - 4.99,POINT (-121.017 36.4352),38.0
2025-03-18 00:37:22,36.7005,-121.3342,4.39,4.2,Mainshock,4.0 - 4.99,POINT (-121.3342 36.7005),38.0
2025-03-18 00:45:04,36.7738,-121.4687,4.59,4.15,Mainshock,4.0 - 4.99,POINT (-121.4687 36.7738),38.0
2025-03-18 00:44:25,36.284,-120.855,4.05,9.53,Mainshock,4.0 - 4.99,POINT (-120.855 36.284),49.0
2025-03-18 00:02:07,36.8247,-121.5477,4.06,6.64,Mainshock,4.0 - 4.99,POINT (-121.5477 36.8247),38.0
2025-03-18 00:10:34,36.841,-115.94,4.2,5.0,Mainshock,4.0 - 4.99,POINT (-115.94 36.841),104.0
2025-03-18 00:04:26,36.5598,-121.154,4.17,7.36,Mainshock,4.0 - 4.99,POINT (-121.154 36.5598),38.0
2025-03-18 00:41:08,36.6562,-121.2693,4.63,3.72,Mainshock,4.0 - 4.99,POINT (-121.2693 36.6562),38.0
2025-03-18 00:46:48,36.657,-121.2717,4.45,3.62,Mainshock,4.0 - 4.99,POINT (-121.2717 36.657),38.0
2025-03-18 00:29:02,36.4647,-121.0132,4.36,5.67,Foreshock,4.0 - 4.99,POINT (-121.0132 36.4647),38.0
2025-03-18 00:10:00,37.5205,-118.4153,4.0,8.0,Mainshock,4.0 - 4.99,POINT (-118.4153 37.5205),72.0
2025-03-18 00:04:46,36.8195,-115.9277,4.0,8.0,Mainshock,4.0 - 4.99,POINT (-115.9277 36.8195),104.0
2025-03-18 00:22:57,36.6012,-121.2023,4.18,5.14,Mainshock,4.0 - 4.99,POINT (-121.2023 36.6012),38.0
2025-03-18 00:15:22,36.805,-115.882,4.3,6.0,Mainshock,4.0 - 4.99,POINT (-115.882 36.805),104.0
2025-03-18 00:24:49,36.8247,-120.0242,4.22,4.92,Mainshock,4.0 - 4.99,POINT (-120.0242 36.8247),49.0
2025-03-18 00:45:57,34.0648,-119.035,5.3,8.0,Mainshock,5.0 - 5.99,POINT (-119.035 34.0648),58.0
2025-03-18 00:00:02,36.5993,-121.2063,4.25,6.43,Mainshock,4.0 - 4.99,POINT (-121.2063 36.5993),38.0
2025-03-18 00:28:42,41.831,-118.546,4.6,5.0,Aftershock,4.0 - 4.99,POINT (-118.546 41.831),76.0
2025-03-18 00:00:03,41.81,-118.457,4.7,5.0,Mainshock,4.0 - 4.99,POINT (-118.457 41.81),76.0
2025-03-18 00:34:51,41.817,-118.671,4.3,5.0,Mainshock,4.0 - 4.99,POINT (-118.671 41.817),76.0
2025-03-18 00:14:49,35.235,-118.5478,4.0,8.0,Mainshock,4.0 - 4.99,POINT (-118.5478 35.235),70.0
2025-03-18 00:52:04,41.844,-118.419,4.3,5.0,Mainshock,4.0 - 4.99,POINT (-118.419 41.844),76.0
2025-03-18 00:13:30,38.6215,-122.2898,4.31,5.35,Mainshock,4.0 - 4.99,POINT (-122.2898 38.6215),29.0
2025-03-18 00:12:13,36.5672,-121.0617,4.13,10.11,Mainshock,4.0 - 4.99,POINT (-121.0617 36.5672),38.0
2025-03-18 00:45:17,36.5658,-121.0675,4.48,9.59,Mainshock,4.0 - 4.99,POINT (-121.0675 36.5658),38.0
2025-03-18 00:14:42,36.5855,-121.184,4.01,5.88,Foreshock,4.0 - 4.99,POINT (-121.184 36.5855),38.0
2025-03-18 00:28:22,37.1407,-121.9285,4.09,12.85,Mainshock,4.0 - 4.99,POINT (-121.9285 37.1407),39.0
2025-03-18 00:56:39,36.7517,-121.4602,4.12,9.39,Aftershock,4.0 - 4.99,POINT (-121.4602 36.7517),38.0
2025-03-18 00:08:43,36.7498,-121.4537,4.19,8.89,Mainshock,4.0 - 4.99,POINT (-121.4537 36.7498),38.0
2025-03-18 00:40:06,36.535,-121.0963,4.29,9.38,Mainshock,4.0 - 4.99,POINT (-121.0963 36.535),38.0
2025-03-18 00:54:24,37.1455,-121.5693,4.32,6.25,Mainshock,4.0 - 4.99,POINT (-121.5693 37.1455),39.0
2025-03-18 00:15:01,37.006,-116.018,4.1,5.0,Mainshock,4.0 - 4.99,POINT (-116.018 37.006),94.0
2025-03-18 00:43:37,36.5892,-120.036,4.2,0.94,Mainshock,4.0 - 4.99,POINT (-120.036 36.5892),49.0
2025-03-18 00:57:51,38.8415,-122.8897,4.6,11.8,Mainshock,4.0 - 4.99,POINT (-122.8897 38.8415),29.0
2025-03-18 00:30:04,36.7665,-121.2742,4.11,7.46,Mainshock,4.0 - 4.99,POINT (-121.2742 36.7665),38.0
2025-03-18 00:56:43,36.4785,-121.048,4.13,2.72,Mainshock,4.0 - 4.99,POINT (-121.048 36.4785),38.0
2025-03-18 00:56:56,36.8868,-121.6168,4.26,6.8,Mainshock,4.0 - 4.99,POINT (-121.6168 36.8868),38.0
2025-03-18 00:11:26,36.9732,-121.6082,4.16,6.96,Foreshock,4.0 - 4.99,POINT (-121.6082 36.9732),38.0
2025-03-18 00:57:10,36.851,-121.5845,4.31,6.69,Mainshock,4.0 - 4.99,POINT (-121.5845 36.851),38.0
2025-03-18 00:30:01,37.156,-116.106,4.8,5.0,Mainshock,4.0 - 4.99,POINT (-116.106 37.156),94.0
2025-03-18 00:46:33,32.529,-118.0823,4.3,8.0,Mainshock,4.0 - 4.99,POINT (-118.0823 32.529),67.0
2025-03-18 00:00:48,36.0083,-120.1697,4.1,8.96,Mainshock,4.0 - 4.99,POINT (-120.1697 36.0083),49.0
2025-03-18 00:49:53,36.865,-121.3278,4.07,6.79,Mainshock,4.0 - 4.99,POINT (-121.3278 36.865),38.0
2025-03-18 00:15:50,37.224,-116.332,4.8,5.0,Mainshock,4.0 - 4.99,POINT (-116.332 37.224),94.0
2025-03-18 00:29:43,36.8047,-121.2277,4.09,9.13,Mainshock,4.0 - 4.99,POINT (-121.2277 36.8047),38.0
2025-03-18 00:45:00,37.084,-115.993,5.4,5.0,Mainshock,5.0 - 5.99,POINT (-115.993 37.084),105.0
2025-03-18 00:29:12,36.577,-121.1768,4.2,8.83,Mainshock,4.0 - 4.99,POINT (-121.1768 36.577),38.0
2025-03-18 00:37:33,37.754,-116.153,4.2,5.0,Mainshock,4.0 - 4.99,POINT (-116.153 37.754),94.0
2025-03-18 00:39:00,37.011,-121.7173,4.11,11.96,Mainshock,4.0 - 4.99,POINT (-121.7173 37.011),39.0
2025-03-18 00:25:13,36.5852,-121.1833,4.0,4.59,Mainshock,4.0 - 4.99,POINT (-121.1833 36.5852),38.0
2025-03-18 00:23:19,35.8833,-120.4248,4.23,5.61,Mainshock,4.0 - 4.99,POINT (-120.4248 35.8833),48.0
2025-03-18 00:13:56,36.544,-121.135,4.07,8.68,Mainshock,4.0 - 4.99,POINT (-121.135 36.544),38.0
2025-03-18 00:59:18,36.1677,-120.739,4.21,8.74,Aftershock,4.0 - 4.99,POINT (-120.739 36.1677),49.0
2025-03-18 00:40:34,36.1652,-120.741,4.47,8.57,Mainshock,4.0 - 4.99,POINT (-120.741 36.1652),49.0
2025-03-18 00:28:04,36.8163,-121.535,4.37,6.76,Mainshock,4.0 - 4.99,POINT (-121.535 36.8163),38.0
2025-03-18 00:51:55,36.818,-121.5352,4.33,6.23,Mainshock,4.0 - 4.99,POINT (-121.5352 36.818),38.0
2025-03-18 00:00:20,34.4363,-116.8338,4.6,8.0,Mainshock,4.0 - 4.99,POINT (-116.8338 34.4363),91.0
2025-03-18 00:41:18,36.552,-121.0807,4.2,8.13,Aftershock,4.0 - 4.99,POINT (-121.0807 36.552),38.0
2025-03-18 00:23:38,36.5715,-121.1655,4.22,7.86,Mainshock,4.0 - 4.99,POINT (-121.1655 36.5715),38.0
2025-03-18 00:10:43,35.9065,-120.4482,4.33,6.0,Mainshock,4.0 - 4.99,POINT (-120.4482 35.9065),48.0
2025-03-18 00:26:36,36.884,-121.6177,4.04,7.15,Mainshock,4.0 - 4.99,POINT (-121.6177 36.884),38.0
2025-03-18 00:18:45,36.8368,-121.4092,4.0,7.75,Foreshock,4.0 - 4.99,POINT (-121.4092 36.8368),38.0
2025-03-18 00:29:17,33.986,-119.4753,5.0,16.9,Mainshock,5.0 - 5.99,POINT (-119.4753 33.986),57.0
2025-03-18 00:17:01,36.782,-121.4778,4.47,5.11,Mainshock,4.0 - 4.99,POINT (-121.4778 36.782),38.0
2025-03-18 00:18:26,40.26,-124.233,5.1,2.0,Mainshock,5.0 - 5.99,POINT (-124.233 40.26),9.0
2025-03-18 00:35:07,36.6055,-121.2047,4.45,2.58,Mainshock,4.0 - 4.99,POINT (-121.2047 36.6055),38.0
2025-03-18 00:51:02,37.0422,-121.4932,4.18,7.04,Mainshock,4.0 - 4.99,POINT (-121.4932 37.0422),39.0
2025-03-18 00:45:17,36.9865,-121.6345,4.06,6.36,Foreshock,4.0 - 4.99,POINT (-121.6345 36.9865),38.0
2025-03-18 00:27:25,36.0068,-120.5792,4.05,6.1,Aftershock,4.0 - 4.99,POINT (-120.5792 36.0068),49.0
2025-03-18 00:19:59,36.041,-120.6197,4.31,4.22,Mainshock,4.0 - 4.99,POINT (-120.6197 36.041),49.0
2025-03-18 00:29:39,36.823,-121.5435,4.33,6.19,Mainshock,4.0 - 4.99,POINT (-121.5435 36.823),38.0
2025-03-18 00:35:00,36.8633,-121.595,4.46,6.76,Mainshock,4.0 - 4.99,POINT (-121.595 36.8633),38.0
2025-03-18 00:10:33,36.8295,-121.5503,4.23,5.87,Foreshock,4.0 - 4.99,POINT (-121.5503 36.8295),38.0
2025-03-18 00:15:10,35.7733,-121.3192,4.14,9.28,Mainshock,4.0 - 4.99,POINT (-121.3192 35.7733),37.0
2025-03-18 00:20:36,36.0768,-120.6512,4.24,2.85,Mainshock,4.0 - 4.99,POINT (-120.6512 36.0768),49.0
2025-03-18 00:39:48,37.641,-118.889,4.2,11.0,Mainshock,4.0 - 4.99,POINT (-118.889 37.641),72.0
2025-03-18 00:30:40,32.9007,-116.2597,4.4,11.0,Mainshock,4.0 - 4.99,POINT (-116.2597 32.9007),89.0
2025-03-18 00:03:15,36.6022,-119.3753,4.4,8.0,Mainshock,4.0 - 4.99,POINT (-119.3753 36.6022),60.0
2025-03-18 00:08:55,38.5858,-122.2682,4.0,8.83,Mainshock,4.0 - 4.99,POINT (-122.2682 38.5858),29.0
2025-03-18 00:09:11,37.5725,-121.3253,4.0,8.0,Mainshock,4.0 - 4.99,POINT (-121.3253 37.5725),39.0
2025-03-18 00:31:55,36.5715,-121.1643,4.1,2.96,Mainshock,4.0 - 4.99,POINT (-121.1643 36.5715),38.0
2025-03-18 00:07:02,36.588,-121.1827,4.0,3.43,Foreshock,4.0 - 4.99,POINT (-121.1827 36.588),38.0
2025-03-18 00:07:27,37.196,-121.5888,4.7,5.93,Mainshock,4.0 - 4.99,POINT (-121.5888 37.196),39.0
2025-03-18 00:37:15,36.6543,-121.2758,4.41,6.95,Mainshock,4.0 - 4.99,POINT (-121.2758 36.6543),38.0
2025-03-18 00:18:54,36.8088,-121.312,4.05,8.12,Foreshock,4.0 - 4.99,POINT (-121.312 36.8088),38.0
2025-03-18 00:30:53,37.5933,-118.9822,4.0,8.0,Mainshock,4.0 - 4.99,POINT (-118.9822 37.5933),72.0
2025-03-18 00:18:14,36.5962,-121.2035,4.26,8.17,Mainshock,4.0 - 4.99,POINT (-121.2035 36.5962),38.0
2025-03-18 00:57:58,36.5757,-121.172,4.21,1.85,Mainshock,4.0 - 4.99,POINT (-121.172 36.5757),38.0
2025-03-18 00:19:06,36.5538,-121.1493,4.21,7.3,Foreshock,4.0 - 4.99,POINT (-121.1493 36.5538),38.0
2025-03-18 00:01:51,36.8495,-121.3107,4.19,6.4,Foreshock,4.0 - 4.99,POINT (-121.3107 36.8495),38.0
2025-03-18 00:37:50,36.0537,-120.6082,4.4,10.12,Mainshock,4.0 - 4.99,POINT (-120.6082 36.0537),49.0
2025-03-18 00:34:27,37.6,-118.98,4.2,2.0,Mainshock,4.0 - 4.99,POINT (-118.98 37.6),72.0
2025-03-18 00:00:03,32.6805,-118.0773,4.5,8.0,Mainshock,4.0 - 4.99,POINT (-118.0773 32.6805),67.0
2025-03-18 00:21:49,36.584,-121.18,4.37,2.94,Mainshock,4.0 - 4.99,POINT (-121.18 36.584),38.0
2025-03-18 00:18:52,36.946,-120.9958,4.15,7.55,Foreshock,4.0 - 4.99,POINT (-120.9958 36.946),49.0
2025-03-18 00:46:42,36.001,-120.5708,4.17,4.07,Mainshock,4.0 - 4.99,POINT (-120.5708 36.001),49.0
2025-03-18 00:39:39,39.343,-123.363,4.8,18.0,Mainshock,4.0 - 4.99,POINT (-123.363 39.343),19.0
2025-03-18 00:17:13,37.24,-121.9658,4.5,12.92,Mainshock,4.0 - 4.99,POINT (-121.9658 37.24),39.0
2025-03-18 00:48:09,36.5902,-121.1907,4.19,6.53,Mainshock,4.0 - 4.99,POINT (-121.1907 36.5902),38.0
2025-03-18 00:08:53,36.6205,-121.2275,4.19,5.81,Foreshock,4.0 - 4.99,POINT (-121.2275 36.6205),38.0
2025-03-18 00:30:00,36.937,-116.033,4.4,5.0,Mainshock,4.0 - 4.99,POINT (-116.033 36.937),93.0
2025-03-18 00:35:23,36.8843,-121.4125,4.4,7.83,Mainshock,4.0 - 4.99,POINT (-121.4125 36.8843),38.0
2025-03-18 00:00:01,36.947,-116.02,4.5,5.0,Mainshock,4.0 - 4.99,POINT (-116.02 36.947),93.0
2025-03-18 00:09:42,36.5852,-121.1793,4.04,4.89,Mainshock,4.0 - 4.99,POINT (-121.1793 36.5852),38.0
2025-03-18 00:04:44,36.6747,-121.2827,4.02,9.54,Foreshock,4.0 - 4.99,POINT (-121.2827 36.6747),38.0
2025-03-18 00:56:30,36.8452,-121.576,4.61,6.94,Mainshock,4.0 - 4.99,POINT (-121.576 36.8452),38.0
2025-03-18 00:56:51,36.8488,-121.5792,4.5,6.54,Aftershock,4.0 - 4.99,POINT (-121.5792 36.8488),38.0
2025-03-18 00:50:57,36.8467,-121.5727,4.4,6.16,Foreshock,4.0 - 4.99,POINT (-121.5727 36.8467),38.0
2025-03-18 00:59:02,36.4692,-121.0465,4.37,5.97,Mainshock,4.0 - 4.99,POINT (-121.0465 36.4692),38.0
2025-03-18 00:19:58,36.8485,-121.5815,4.52,6.42,Mainshock,4.0 - 4.99,POINT (-121.5815 36.8485),38.0
2025-03-18 00:32:19,36.553,-121.1377,4.01,2.54,Mainshock,4.0 - 4.99,POINT (-121.1377 36.553),38.0
2025-03-18 00:12:44,40.625,-124.597,5.2,30.0,Mainshock,5.0 - 5.99,POINT (-124.597 40.625),9.0
2025-03-18 00:09:43,36.5217,-121.0828,4.03,8.48,Mainshock,4.0 - 4.99,POINT (-121.0828 36.5217),38.0
2025-03-18 00:49:56,35.5515,-117.2637,4.2,6.5,Mainshock,4.0 - 4.99,POINT (-117.2637 35.5515),81.0
2025-03-18 00:55:23,41.122,-121.493,4.5,5.0,Mainshock,4.0 - 4.99,POINT (-121.493 41.122),43.0
2025-03-18 00:22:25,36.9618,-121.5843,4.4,7.06,Mainshock,4.0 - 4.99,POINT (-121.5843 36.9618),38.0
2025-03-18 00:02:01,35.0663,-119.049,4.3,6.36,Mainshock,4.0 - 4.99,POINT (-119.049 35.0663),59.0
2025-03-18 00:37:10,32.391,-115.1652,4.3,13.01,Mainshock,4.0 - 4.99,POINT (-115.1652 32.391),100.0
2025-03-18 00:27:40,36.5618,-121.1515,4.0,5.99,Mainshock,4.0 - 4.99,POINT (-121.1515 36.5618),38.0
2025-03-18 00:49:17,36.7305,-121.3833,4.14,2.25,Aftershock,4.0 - 4.99,POINT (-121.3833 36.7305),38.0
2025-03-18 00:20:02,36.73,-121.384,4.28,3.14,Mainshock,4.0 - 4.99,POINT (-121.384 36.73),38.0
2025-03-18 00:55:16,36.6248,-121.1653,4.16,7.46,Mainshock,4.0 - 4.99,POINT (-121.1653 36.6248),38.0
2025-03-18 00:45:03,36.0267,-120.588,4.23,5.97,Mainshock,4.0 - 4.99,POINT (-120.588 36.0267),49.0
2025-03-18 00:54:32,34.3988,-118.4735,4.7,24.4,Mainshock,4.0 - 4.99,POINT (-118.4735 34.3988),69.0
2025-03-18 00:57:42,40.34,-124.723,4.7,33.0,Mainshock,4.0 - 4.99,POINT (-124.723 40.34),9.0
2025-03-18 00:14:26,40.167,-116.7,4.3,5.0,Mainshock,4.0 - 4.99,POINT (-116.7 40.167),97.0
2025-03-18 00:54:57,40.2,-116.583,4.1,5.0,Mainshock,4.0 - 4.99,POINT (-116.583 40.2),97.0
2025-03-18 00:42:51,34.5165,-116.4513,4.1,4.79,Mainshock,4.0 - 4.99,POINT (-116.4513 34.5165),91.0
2025-03-18 00:47:41,36.5663,-121.1577,4.31,2.07,Aftershock,4.0 - 4.99,POINT (-121.1577 36.5663),38.0
2025-03-18 00:07:32,36.5578,-121.1027,4.35,8.62,Mainshock,4.0 - 4.99,POINT (-121.1027 36.5578),38.0
2025-03-18 00:28:48,36.0187,-120.8815,4.14,15.22,Mainshock,4.0 - 4.99,POINT (-120.8815 36.0187),49.0
2025-03-18 00:37:31,36.5883,-121.185,4.23,4.69,Mainshock,4.0 - 4.99,POINT (-121.185 36.5883),38.0
2025-03-18 00:32:58,35.9855,-121.042,4.24,11.23,Mainshock,4.0 - 4.99,POINT (-121.042 35.9855),37.0
2025-03-18 00:40:02,36.4692,-121.0107,4.38,7.72,Mainshock,4.0 - 4.99,POINT (-121.0107 36.4692),38.0
2025-03-18 00:45:06,36.5857,-121.183,4.01,4.6,Mainshock,4.0 - 4.99,POINT (-121.183 36.5857),38.0
2025-03-18 00:20:15,36.879,-121.6153,4.3,7.72,Mainshock,4.0 - 4.99,POINT (-121.6153 36.879),38.0
2025-03-18 00:15:00,37.056,-116.107,4.4,5.0,Mainshock,4.0 - 4.99,POINT (-116.107 37.056),94.0
2025-03-18 00:38:30,37.064,-116.072,4.8,5.0,Mainshock,4.0 - 4.99,POINT (-116.072 37.064),94.0
2025-03-18 00:13:52,36.4708,-121.0433,4.11,0.95,Mainshock,4.0 - 4.99,POINT (-121.0433 36.4708),38.0
2025-03-18 00:40:23,36.2483,-120.8227,4.27,5.24,Mainshock,4.0 - 4.99,POINT (-120.8227 36.2483),49.0
2025-03-18 00:19:20,39.852,-120.91,4.6,2.0,Mainshock,4.0 - 4.99,POINT (-120.91 39.852),52.0
2025-03-18 00:02:33,36.196,-120.7667,4.18,6.67,Mainshock,4.0 - 4.99,POINT (-120.7667 36.196),49.0
2025-03-18 00:39:21,36.4387,-121.0167,4.38,5.14,Mainshock,4.0 - 4.99,POINT (-121.0167 36.4387),38.0
2025-03-18 00:10:40,36.818,-115.87,4.0,5.0,Mainshock,4.0 - 4.99,POINT (-115.87 36.818),104.0
2025-03-18 00:23:33,36.817,-115.881,4.0,11.0,Mainshock,4.0 - 4.99,POINT (-115.881 36.817),104.0
2025-03-18 00:40:00,37.002,-116.042,4.4,2.0,Mainshock,4.0 - 4.99,POINT (-116.042 37.002),94.0
2025-03-18 00:44:10,35.5358,-117.4398,4.1,9.06,Mainshock,4.0 - 4.99,POINT (-117.4398 35.5358),81.0
2025-03-18 00:01:37,38.5018,-122.7298,4.26,5.51,Mainshock,4.0 - 4.99,POINT (-122.7298 38.5018),29.0
2025-03-18 00:40:41,37.659,-115.292,4.4,18.0,Mainshock,4.0 - 4.99,POINT (-115.292 37.659),105.0
2025-03-18 00:00:10,36.7405,-121.377,4.16,5.59,Mainshock,4.0 - 4.99,POINT (-121.377 36.7405),38.0
2025-03-18 00:29:17,36.7417,-121.3755,4.23,5.8,Mainshock,4.0 - 4.99,POINT (-121.3755 36.7417),38.0
2025-03-18 01:00:00,37.198,-116.188,5.0,5.0,Mainshock,5.0 - 5.99,POINT (-116.188 37.198),94.0
2025-03-18 00:04:50,36.8728,-121.4172,4.16,5.74,Mainshock,4.0 - 4.99,POINT (-121.4172 36.8728),38.0
2025-03-18 00:39:54,40.7983,-124.1075,4.0,19.57,Mainshock,4.0 - 4.99,POINT (-124.1075 40.7983),9.0
2025-03-18 00:28:41,36.8397,-120.7642,4.24,0.93,Mainshock,4.0 - 4.99,POINT (-120.7642 36.8397),49.0
2025-03-18 00:00:01,37.067,-116.066,4.2,5.0,Mainshock,4.0 - 4.99,POINT (-116.066 37.067),94.0
2025-03-18 00:39:07,34.6262,-116.3467,4.4,8.0,Mainshock,4.0 - 4.99,POINT (-116.3467 34.6262),91.0
2025-03-18 00:36:54,34.6338,-116.3412,4.3,12.7,Foreshock,4.0 - 4.99,POINT (-116.3412 34.6338),91.0
2025-03-18 00:45:55,34.4313,-118.3687,4.2,8.21,Mainshock,4.0 - 4.99,POINT (-118.3687 34.4313),69.0
2025-03-18 00:47:18,36.5192,-120.6918,4.4,11.11,Mainshock,4.0 - 4.99,POINT (-120.6918 36.5192),49.0
2025-03-18 00:51:19,36.5112,-120.7163,4.03,7.87,Aftershock,4.0 - 4.99,POINT (-120.7163 36.5112),49.0
2025-03-18 00:03:20,36.5165,-120.7095,4.08,7.87,Foreshock,4.0 - 4.99,POINT (-120.7095 36.5165),49.0
2025-03-18 00:09:17,36.5148,-120.7063,4.09,8.03,Foreshock,4.0 - 4.99,POINT (-120.7063 36.5148),49.0
2025-03-18 00:12:39,36.4103,-120.993,4.13,9.5,Mainshock,4.0 - 4.99,POINT (-120.993 36.4103),49.0
2025-03-18 00:55:30,36.8203,-121.3517,4.43,5.55,Mainshock,4.0 - 4.99,POINT (-121.3517 36.8203),38.0
2025-03-18 00:11:10,36.5522,-120.5285,4.84,12.3,Mainshock,4.0 - 4.99,POINT (-120.5285 36.5522),49.0
2025-03-18 00:48:21,36.7082,-121.3412,4.15,1.88,Mainshock,4.0 - 4.99,POINT (-121.3412 36.7082),38.0
2025-03-18 00:36:32,36.2522,-120.8273,4.07,6.04,Mainshock,4.0 - 4.99,POINT (-120.8273 36.2522),49.0
2025-03-18 00:21:20,36.6275,-121.236,4.4,5.51,Mainshock,4.0 - 4.99,POINT (-121.236 36.6275),38.0
2025-03-18 00:00:00,36.973,-116.002,4.4,5.0,Mainshock,4.0 - 4.99,POINT (-116.002 36.973),93.0
2025-03-18 00:26:49,39.914,-120.788,4.7,10.0,Mainshock,4.0 - 4.99,POINT (-120.788 39.914),52.0
2025-03-18 00:43:51,40.3352,-124.5037,4.3,22.28,Mainshock,4.0 - 4.99,POINT (-124.5037 40.3352),9.0
2025-03-18 00:01:24,37.1617,-121.555,4.19,6.56,Mainshock,4.0 - 4.99,POINT (-121.555 37.1617),39.0
2025-03-18 00:49:02,36.3455,-120.9177,4.08,3.81,Aftershock,4.0 - 4.99,POINT (-120.9177 36.3455),49.0
2025-03-18 00:12:17,36.5205,-120.631,4.43,9.24,Mainshock,4.0 - 4.99,POINT (-120.631 36.5205),49.0
2025-03-18 00:49:02,36.5175,-120.3152,4.4,3.51,Mainshock,4.0 - 4.99,POINT (-120.3152 36.5175),49.0
2025-03-18 00:20:41,37.7348,-117.994,4.0,8.0,Mainshock,4.0 - 4.99,POINT (-117.994 37.7348),83.0
2025-03-18 00:01:00,36.6758,-121.2997,4.34,4.16,Mainshock,4.0 - 4.99,POINT (-121.2997 36.6758),38.0
2025-03-18 00:54:11,36.5533,-120.519,4.02,11.34,Mainshock,4.0 - 4.99,POINT (-120.519 36.5533),49.0
2025-03-18 00:17:11,40.4307,-124.8765,4.1,42.58,Mainshock,4.0 - 4.99,POINT (-124.8765 40.4307),9.0
2025-03-18 00:01:25,36.9202,-121.4673,5.2,5.34,Mainshock,5.0 - 5.99,POINT (-121.4673 36.9202),38.0
2025-03-18 00:37:10,36.9272,-121.4645,4.27,4.32,Mainshock,4.0 - 4.99,POINT (-121.4645 36.9272),38.0
2025-03-18 00:04:07,36.9247,-121.468,4.0,3.59,Foreshock,4.0 - 4.99,POINT (-121.468 36.9247),38.0
2025-03-18 00:01:40,36.9247,-121.4602,4.01,5.07,Foreshock,4.0 - 4.99,POINT (-121.4602 36.9247),38.0
2025-03-18 00:32:39,36.0083,-120.8823,4.36,12.72,Mainshock,4.0 - 4.99,POINT (-120.8823 36.0083),49.0
2025-03-18 00:16:28,36.914,-121.469,4.11,8.08,Mainshock,4.0 - 4.99,POINT (-121.469 36.914),38.0
2025-03-18 00:13:08,32.7083,-115.3923,4.5,24.3,Mainshock,4.0 - 4.99,POINT (-115.3923 32.7083),100.0
2025-03-18 00:30:00,36.889,-115.98,4.3,5.0,Mainshock,4.0 - 4.99,POINT (-115.98 36.889),104.0
2025-03-18 00:22:01,36.9335,-121.4607,4.3,9.07,Mainshock,4.0 - 4.99,POINT (-121.4607 36.9335),38.0
2025-03-18 00:22:56,37.257,-121.5692,4.3,8.0,Aftershock,4.0 - 4.99,POINT (-121.5692 37.257),39.0
2025-03-18 00:17:12,35.9443,-120.5137,4.4,9.67,Mainshock,4.0 - 4.99,POINT (-120.5137 35.9443),48.0
2025-03-18 00:37:08,40.3295,-124.405,4.5,33.48,Mainshock,4.0 - 4.99,POINT (-124.405 40.3295),9.0
2025-03-18 00:22:13,32.693,-118.04,4.84,6.0,Mainshock,4.0 - 4.99,POINT (-118.04 32.693),67.0
2025-03-18 00:30:17,32.924,-115.49,4.13,9.36,Mainshock,4.0 - 4.99,POINT (-115.49 32.924),100.0
2025-03-18 00:55:49,32.915,-115.492,4.39,10.32,Aftershock,4.0 - 4.99,POINT (-115.492 32.915),100.0
2025-03-18 00:45:41,32.939,-115.497,4.23,9.6,Aftershock,4.0 - 4.99,POINT (-115.497 32.939),100.0
2025-03-18 00:02:30,32.952,-115.494,4.84,13.56,Mainshock,4.0 - 4.99,POINT (-115.494 32.952),100.0
2025-03-18 00:16:10,36.9147,-121.4693,4.33,7.21,Mainshock,4.0 - 4.99,POINT (-121.4693 36.9147),38.0
2025-03-18 00:00:13,36.0002,-119.9635,4.06,13.21,Mainshock,4.0 - 4.99,POINT (-119.9635 36.0002),60.0
2025-03-18 00:31:02,32.986,-115.516,4.3,15.41,Mainshock,4.0 - 4.99,POINT (-115.516 32.986),100.0
2025-03-18 00:51:17,34.406,-116.643,4.33,3.42,Mainshock,4.0 - 4.99,POINT (-116.643 34.406),91.0
2025-03-18 00:07:03,32.188,-115.476,4.26,6.0,Mainshock,4.0 - 4.99,POINT (-115.476 32.188),100.0
2025-03-18 00:13:22,37.137,-117.851,4.1,10.0,Mainshock,4.0 - 4.99,POINT (-117.851 37.137),83.0
2025-03-18 00:15:00,37.106,-116.056,5.7,417.0,Mainshock,5.0 - 5.99,POINT (-116.056 37.106),94.0
2025-03-18 00:34:56,36.9337,-121.4592,4.2,5.7,Mainshock,4.0 - 4.99,POINT (-121.4592 36.9337),38.0
2025-03-18 00:06:16,36.7765,-121.498,4.16,9.41,Foreshock,4.0 - 4.99,POINT (-121.498 36.7765),38.0
2025-03-18 00:18:33,35.773,-118.606,4.06,3.15,Mainshock,4.0 - 4.99,POINT (-118.606 35.773),70.0
2025-03-18 00:46:25,36.0335,-120.5857,4.19,8.57,Mainshock,4.0 - 4.99,POINT (-120.5857 36.0335),49.0
2025-03-18 00:03:23,35.218,-117.617,4.25,1.0,Mainshock,4.0 - 4.99,POINT (-117.617 35.218),81.0
2025-03-18 00:35:31,40.428,-124.7545,4.2,22.77,Mainshock,4.0 - 4.99,POINT (-124.7545 40.428),9.0
2025-03-18 00:21:36,35.007,-119.097,4.56,24.05,Mainshock,4.0 - 4.99,POINT (-119.097 35.007),59.0
2025-03-18 00:05:56,36.5912,-121.0888,4.01,10.87,Mainshock,4.0 - 4.99,POINT (-121.0888 36.5912),38.0
2025-03-18 00:38:42,36.5968,-121.2068,4.06,8.7,Mainshock,4.0 - 4.99,POINT (-121.2068 36.5968),38.0
2025-03-18 00:15:48,37.194,-120.9677,4.34,1.17,Mainshock,4.0 - 4.99,POINT (-120.9677 37.194),50.0
2025-03-18 00:38:49,34.512,-116.488,5.28,0.11,Mainshock,5.0 - 5.99,POINT (-116.488 34.512),91.0
2025-03-18 00:46:45,35.052,-119.0,4.09,1.0,Mainshock,4.0 - 4.99,POINT (-119 35.052),
2025-03-18 00:46:24,40.5415,-124.2763,5.3,23.13,Mainshock,5.0 - 5.99,POINT (-124.2763 40.5415),9.0
2025-03-18 00:43:32,40.5397,-124.2927,4.0,22.1,Foreshock,4.0 - 4.99,POINT (-124.2927 40.5397),9.0
2025-03-18 00:40:53,40.5175,-124.3458,4.0,24.06,Foreshock,4.0 - 4.99,POINT (-124.3458 40.5175),9.0
2025-03-18 00:30:55,40.873,-114.803,4.3,5.0,Mainshock,4.0 - 4.99,POINT (-114.803 40.873),119.0
2025-03-18 00:50:19,37.1862,-120.9483,4.1,-0.08,Mainshock,4.0 - 4.99,POINT (-120.9483 37.1862),50.0
2025-03-18 00:48:24,32.771,-115.434,4.09,15.57,Aftershock,4.0 - 4.99,POINT (-115.434 32.771),100.0
2025-03-18 00:15:41,32.775,-115.432,4.17,15.06,Mainshock,4.0 - 4.99,POINT (-115.432 32.775),100.0
2025-03-18 00:26:44,37.216,-116.401,4.6,5.0,Mainshock,4.0 - 4.99,POINT (-116.401 37.216),94.0
2025-03-18 00:47:34,37.287,-116.455,4.4,5.0,Aftershock,4.0 - 4.99,POINT (-116.455 37.287),94.0
2025-03-18 00:50:32,37.281,-116.355,4.5,5.0,Aftershock,4.0 - 4.99,POINT (-116.355 37.281),94.0
2025-03-18 00:14:09,37.216,-116.427,4.8,5.0,Mainshock,4.0 - 4.99,POINT (-116.427 37.216),94.0
2025-03-18 00:16:31,39.554,-117.677,4.0,5.0,Mainshock,4.0 - 4.99,POINT (-117.677 39.554),85.0
2025-03-18 00:36:54,39.555,-117.638,4.2,5.0,Mainshock,4.0 - 4.99,POINT (-117.638 39.555),85.0
2025-03-18 00:35:12,36.9123,-121.4648,4.1,7.6,Mainshock,4.0 - 4.99,POINT (-121.4648 36.9123),38.0
2025-03-18 00:27:18,39.4525,-121.548,4.7,5.51,Aftershock,4.0 - 4.99,POINT (-121.548 39.4525),41.0
2025-03-18 00:20:05,39.4322,-121.5458,4.5,4.39,Foreshock,4.0 - 4.99,POINT (-121.5458 39.4322),41.0
2025-03-18 00:20:13,39.4322,-121.5458,5.7,4.97,Mainshock,5.0 - 5.99,POINT (-121.5458 39.4322),41.0
2025-03-18 00:21:51,39.4432,-121.5458,4.1,2.24,Aftershock,4.0 - 4.99,POINT (-121.5458 39.4432),41.0
2025-03-18 00:14:08,33.525,-116.544,4.9,14.39,Mainshock,4.0 - 4.99,POINT (-116.544 33.525),90.0
2025-03-18 00:24:30,39.4785,-121.485,4.3,0.59,Mainshock,4.0 - 4.99,POINT (-121.485 39.4785),41.0
2025-03-18 00:43:24,39.4807,-121.4885,4.0,0.22,Aftershock,4.0 - 4.99,POINT (-121.4885 39.4807),41.0
2025-03-18 00:22:17,39.4493,-121.4795,5.1,1.72,Mainshock,5.0 - 5.99,POINT (-121.4795 39.4493),41.0
2025-03-18 00:58:56,39.4378,-121.4848,5.2,1.51,Mainshock,5.0 - 5.99,POINT (-121.4848 39.4378),41.0
2025-03-18 00:56:05,36.426,-120.3972,4.52,17.04,Mainshock,4.0 - 4.99,POINT (-120.3972 36.426),49.0
2025-03-18 00:03:06,39.4862,-121.5192,4.6,7.13,Mainshock,4.0 - 4.99,POINT (-121.5192 39.4862),41.0
2025-03-18 00:47:09,39.4797,-121.5093,4.1,5.32,Mainshock,4.0 - 4.99,POINT (-121.5093 39.4797),41.0
2025-03-18 00:30:33,36.4307,-120.393,4.41,16.94,Mainshock,4.0 - 4.99,POINT (-120.393 36.4307),49.0
2025-03-18 00:57:17,36.4327,-120.3902,4.0,13.23,Aftershock,4.0 - 4.99,POINT (-120.3902 36.4327),49.0
2025-03-18 00:07:34,36.4348,-120.4047,4.16,17.44,Mainshock,4.0 - 4.99,POINT (-120.4047 36.4348),49.0
2025-03-18 00:35:18,36.4467,-120.4468,4.9,17.27,Mainshock,4.0 - 4.99,POINT (-120.4468 36.4467),49.0
2025-03-18 00:37:52,36.467,-120.35,4.4,5.0,Aftershock,4.0 - 4.99,POINT (-120.35 36.467),49.0
2025-03-18 00:48:45,36.4673,-120.4005,4.63,10.97,Mainshock,4.0 - 4.99,POINT (-120.4005 36.4673),49.0
2025-03-18 00:59:40,36.4492,-120.3853,4.08,6.91,Aftershock,4.0 - 4.99,POINT (-120.3853 36.4492),49.0
2025-03-18 00:58:35,36.4462,-120.3983,4.4,10.78,Mainshock,4.0 - 4.99,POINT (-120.3983 36.4462),49.0
2025-03-18 00:50:30,39.4962,-121.5395,4.7,8.66,Mainshock,4.0 - 4.99,POINT (-121.5395 39.4962),41.0
2025-03-18 00:23:15,37.0593,-121.4938,4.0,3.93,Mainshock,4.0 - 4.99,POINT (-121.4938 37.0593),39.0
2025-03-18 00:00:50,39.5012,-121.512,4.9,8.07,Mainshock,4.0 - 4.99,POINT (-121.512 39.5012),41.0
2025-03-18 00:23:44,36.4638,-120.3702,4.01,10.64,Mainshock,4.0 - 4.99,POINT (-120.3702 36.4638),49.0
2025-03-18 00:16:41,37.4198,-120.0195,4.2,0.85,Mainshock,4.0 - 4.99,POINT (-120.0195 37.4198),50.0
2025-03-18 00:11:37,39.4583,-121.4862,4.3,1.91,Mainshock,4.0 - 4.99,POINT (-121.4862 39.4583),41.0
2025-03-18 00:27:52,36.4625,-120.4183,4.6,11.64,Mainshock,4.0 - 4.99,POINT (-120.4183 36.4625),49.0
2025-03-18 00:48:10,39.469,-121.5338,4.0,7.61,Mainshock,4.0 - 4.99,POINT (-121.5338 39.469),41.0
2025-03-18 00:24:28,37.6315,-118.7747,4.2,4.01,Mainshock,4.0 - 4.99,POINT (-118.7747 37.6315),72.0
2025-03-18 00:52:53,36.4425,-120.3835,4.13,16.23,Aftershock,4.0 - 4.99,POINT (-120.3835 36.4425),49.0
2025-03-18 00:19:42,36.4385,-120.3793,4.35,16.49,Mainshock,4.0 - 4.99,POINT (-120.3793 36.4385),49.0
2025-03-18 00:53:43,36.6435,-121.2585,4.08,4.23,Mainshock,4.0 - 4.99,POINT (-121.2585 36.6435),38.0
2025-03-18 00:30:41,36.4753,-120.413,4.79,10.87,Mainshock,4.0 - 4.99,POINT (-120.413 36.4753),49.0
2025-03-18 00:27:40,40.95,-119.113,4.2,33.0,Mainshock,4.0 - 4.99,POINT (-119.113 40.95),64.0
2025-03-18 00:17:01,36.5785,-121.1158,4.22,8.01,Mainshock,4.0 - 4.99,POINT (-121.1158 36.5785),38.0
2025-03-18 00:43:42,40.903,-124.5895,4.6,21.14,Mainshock,4.0 - 4.99,POINT (-124.5895 40.903),9.0
2025-03-18 00:20:59,35.9977,-120.5448,4.8,10.4,Mainshock,4.0 - 4.99,POINT (-120.5448 35.9977),48.0
2025-03-18 00:31:07,39.4883,-121.5308,4.0,9.07,Foreshock,4.0 - 4.99,POINT (-121.5308 39.4883),41.0
2025-03-18 00:34:38,39.52,-121.5382,4.6,8.42,Mainshock,4.0 - 4.99,POINT (-121.5382 39.52),41.0
2025-03-18 00:34:33,36.5762,-121.1755,4.0,5.09,Mainshock,4.0 - 4.99,POINT (-121.1755 36.5762),38.0
2025-03-18 00:36:01,36.235,-120.7977,4.17,8.26,Mainshock,4.0 - 4.99,POINT (-120.7977 36.235),49.0
2025-03-18 00:52:42,36.4772,-121.0468,4.05,3.79,Mainshock,4.0 - 4.99,POINT (-121.0468 36.4772),38.0
2025-03-18 00:19:47,37.29,-116.411,4.7,87.0,Mainshock,4.0 - 4.99,POINT (-116.411 37.29),94.0
2025-03-18 00:36:30,35.7712,-121.1078,4.79,13.23,Mainshock,4.0 - 4.99,POINT (-121.1078 35.7712),37.0
2025-03-18 00:29:50,40.5768,-124.4292,4.8,22.45,Mainshock,4.0 - 4.99,POINT (-124.4292 40.5768),9.0
2025-03-18 00:13:28,34.305,-116.331,4.48,7.63,Mainshock,4.0 - 4.99,POINT (-116.331 34.305),91.0
2025-03-18 00:38:00,36.9375,-121.434,4.4,4.78,Mainshock,4.0 - 4.99,POINT (-121.434 36.9375),38.0
2025-03-18 00:30:00,36.991,-116.032,4.4,5.0,Mainshock,4.0 - 4.99,POINT (-116.032 36.991),93.0
2025-03-18 00:16:20,34.292,-116.327,4.21,2.27,Mainshock,4.0 - 4.99,POINT (-116.327 34.292),91.0
2025-03-18 00:42:50,36.0252,-120.5803,4.15,4.79,Mainshock,4.0 - 4.99,POINT (-120.5803 36.0252),49.0
2025-03-18 00:25:47,36.074,-120.2482,4.02,8.93,Foreshock,4.0 - 4.99,POINT (-120.2482 36.074),49.0
2025-03-18 00:18:52,32.861,-116.265,4.02,13.26,Mainshock,4.0 - 4.99,POINT (-116.265 32.861),89.0
2025-03-18 00:20:13,33.972,-117.896,4.38,10.25,Mainshock,4.0 - 4.99,POINT (-117.896 33.972),79.0
2025-03-18 00:18:18,37.294,-116.366,4.5,5.0,Mainshock,4.0 - 4.99,POINT (-116.366 37.294),94.0
2025-03-18 00:16:09,37.297,-116.333,4.2,5.0,Foreshock,4.0 - 4.99,POINT (-116.333 37.297),94.0
2025-03-18 00:14:20,37.306,-116.358,4.5,5.0,Foreshock,4.0 - 4.99,POINT (-116.358 37.306),94.0
2025-03-18 00:58:16,32.128,-115.447,4.99,12.0,Mainshock,4.0 - 4.99,POINT (-115.447 32.128),100.0
2025-03-18 00:05:28,32.095,-115.469,4.17,12.99,Foreshock,4.0 - 4.99,POINT (-115.469 32.095),100.0
2025-03-18 00:43:59,36.087,-120.2355,4.9,10.47,Mainshock,4.0 - 4.99,POINT (-120.2355 36.087),49.0
2025-03-18 00:58:53,32.111,-115.473,4.81,12.0,Mainshock,4.0 - 4.99,POINT (-115.473 32.111),100.0
2025-03-18 00:39:33,37.281,-116.405,4.3,5.0,Mainshock,4.0 - 4.99,POINT (-116.405 37.281),94.0
2025-03-18 00:00:24,40.7257,-124.458,4.1,23.65,Mainshock,4.0 - 4.99,POINT (-124.458 40.7257),9.0
2025-03-18 00:20:18,37.309,-116.433,4.4,5.0,Mainshock,4.0 - 4.99,POINT (-116.433 37.309),94.0
2025-03-18 00:40:57,32.019,-115.483,4.56,12.0,Mainshock,4.0 - 4.99,POINT (-115.483 32.019),100.0
2025-03-18 00:14:28,37.331,-116.362,4.0,5.0,Aftershock,4.0 - 4.99,POINT (-116.362 37.331),94.0
2025-03-18 00:14:24,37.319,-116.367,4.2,5.0,Mainshock,4.0 - 4.99,POINT (-116.367 37.319),94.0
2025-03-18 00:36:56,37.249,-116.388,4.3,5.0,Foreshock,4.0 - 4.99,POINT (-116.388 37.249),94.0
2025-03-18 00:37:29,37.271,-116.488,4.8,73.0,Mainshock,4.0 - 4.99,POINT (-116.488 37.271),94.0
2025-03-18 00:27:44,36.8037,-121.2642,4.03,4.25,Mainshock,4.0 - 4.99,POINT (-121.2642 36.8037),38.0
2025-03-18 00:18:18,37.311,-116.484,4.3,5.0,Mainshock,4.0 - 4.99,POINT (-116.484 37.311),94.0
2025-03-18 00:50:00,37.014,-115.971,4.2,5.0,Mainshock,4.0 - 4.99,POINT (-115.971 37.014),105.0
2025-03-18 00:55:02,37.31,-116.364,4.1,33.0,Aftershock,4.0 - 4.99,POINT (-116.364 37.31),94.0
2025-03-18 00:54:07,37.321,-116.293,4.1,5.0,Aftershock,4.0 - 4.99,POINT (-116.293 37.321),94.0
2025-03-18 00:09:52,37.306,-116.471,4.3,33.0,Mainshock,4.0 - 4.99,POINT (-116.471 37.306),94.0
2025-03-18 00:18:15,37.306,-116.471,4.2,33.0,Mainshock,4.0 - 4.99,POINT (-116.471 37.306),94.0
2025-03-18 00:59:22,37.306,-116.471,4.3,33.0,Aftershock,4.0 - 4.99,POINT (-116.471 37.306),94.0
2025-03-18 00:24:29,37.306,-116.471,4.7,33.0,Mainshock,4.0 - 4.99,POINT (-116.471 37.306),94.0
2025-03-18 00:40:59,32.097,-115.467,4.03,14.13,Aftershock,4.0 - 4.99,POINT (-115.467 32.097),100.0
2025-03-18 00:00:36,32.073,-115.457,4.3,13.88,Mainshock,4.0 - 4.99,POINT (-115.457 32.073),100.0
2025-03-18 00:01:52,36.815,-121.1343,4.3,6.51,Mainshock,4.0 - 4.99,POINT (-121.1343 36.815),38.0
2025-03-18 00:17:03,37.196,-116.577,4.1,5.0,Mainshock,4.0 - 4.99,POINT (-116.577 37.196),94.0
2025-03-18 00:23:05,37.354,-116.688,4.0,5.0,Mainshock,4.0 - 4.99,POINT (-116.688 37.354),94.0
2025-03-18 00:48:06,37.326,-116.464,4.4,5.0,Mainshock,4.0 - 4.99,POINT (-116.464 37.326),94.0
2025-03-18 00:56:36,39.569,-117.668,4.1,5.0,Mainshock,4.0 - 4.99,POINT (-117.668 39.569),85.0
2025-03-18 00:21:38,34.358,-118.673,4.47,15.1,Mainshock,4.0 - 4.99,POINT (-118.673 34.358),69.0
2025-03-18 00:07:31,36.542,-120.7023,4.16,10.67,Mainshock,4.0 - 4.99,POINT (-120.7023 36.542),49.0
2025-03-18 00:22:10,32.149,-115.502,4.07,14.56,Mainshock,4.0 - 4.99,POINT (-115.502 32.149),100.0
2025-03-18 00:51:51,40.416,-124.4522,4.0,16.97,Mainshock,4.0 - 4.99,POINT (-124.4522 40.416),9.0
2025-03-18 00:39:39,36.4745,-120.5395,4.6,11.83,Mainshock,4.0 - 4.99,POINT (-120.5395 36.4745),49.0
2025-03-18 00:32:39,36.577,-116.366,4.1,5.0,Mainshock,4.0 - 4.99,POINT (-116.366 36.577),93.0
2025-03-18 00:37:13,36.604,-116.328,4.1,5.0,Aftershock,4.0 - 4.99,POINT (-116.328 36.604),93.0
2025-03-18 00:15:24,40.394,-120.518,4.5,5.0,Mainshock,4.0 - 4.99,POINT (-120.518 40.394),53.0
2025-03-18 00:44:44,40.418,-120.578,4.7,5.0,Mainshock,4.0 - 4.99,POINT (-120.578 40.418),53.0
2025-03-18 00:30:59,36.0005,-120.5643,4.05,4.56,Mainshock,4.0 - 4.99,POINT (-120.5643 36.0005),49.0
2025-03-18 00:45:19,40.482,-120.504,4.4,5.0,Mainshock,4.0 - 4.99,POINT (-120.504 40.482),53.0
2025-03-18 00:55:18,39.405,-121.5212,4.1,4.89,Mainshock,4.0 - 4.99,POINT (-121.5212 39.405),41.0
2025-03-18 00:18:48,34.896,-116.549,4.32,1.79,Mainshock,4.0 - 4.99,POINT (-116.549 34.896),91.0
2025-03-18 00:14:07,38.381,-118.185,4.8,8.0,Mainshock,4.0 - 4.99,POINT (-118.185 38.381),73.0
2025-03-18 00:24:56,33.492,-116.522,4.3,20.84,Mainshock,4.0 - 4.99,POINT (-116.522 33.492),90.0
2025-03-18 00:05:52,37.8023,-121.9622,4.0,8.37,Mainshock,4.0 - 4.99,POINT (-121.9622 37.8023),39.0
2025-03-18 00:14:07,38.91,-116.43,4.7,1.0,Mainshock,4.0 - 4.99,POINT (-116.43 38.91),95.0
2025-03-18 00:02:26,36.5425,-121.1062,4.0,3.34,Mainshock,4.0 - 4.99,POINT (-121.1062 36.5425),38.0
2025-03-18 00:08:11,40.232,-124.522,4.8,33.0,Mainshock,4.0 - 4.99,POINT (-124.522 40.232),9.0
2025-03-18 00:09:12,40.3128,-124.5082,4.0,26.75,Aftershock,4.0 - 4.99,POINT (-124.5082 40.3128),9.0
2025-03-18 00:09:28,39.849,-115.247,4.0,5.0,Mainshock,4.0 - 4.99,POINT (-115.247 39.849),107.0
2025-03-18 00:09:28,33.348,-116.205,4.18,9.87,Mainshock,4.0 - 4.99,POINT (-116.205 33.348),90.0
2025-03-18 00:26:52,32.667,-117.955,4.29,30.55,Mainshock,4.0 - 4.99,POINT (-117.955 32.667),78.0
2025-03-18 00:41:38,33.115,-115.616,5.06,4.61,Mainshock,5.0 - 5.99,POINT (-115.616 33.115),101.0
2025-03-18 00:12:50,33.124,-115.613,4.39,14.22,Foreshock,4.0 - 4.99,POINT (-115.613 33.124),101.0
2025-03-18 00:55:12,33.95,-118.629,4.16,11.85,Mainshock,4.0 - 4.99,POINT (-118.629 33.95),68.0
2025-03-18 00:49:47,40.998,-120.447,5.0,5.0,Mainshock,5.0 - 5.99,POINT (-120.447 40.998),53.0
2025-03-18 00:30:31,40.8233,-124.736,4.2,29.36,Mainshock,4.0 - 4.99,POINT (-124.736 40.8233),9.0
2025-03-18 00:25:52,36.621,-121.2282,4.57,4.77,Mainshock,4.0 - 4.99,POINT (-121.2282 36.621),38.0
2025-03-18 00:29:26,37.1,-116.036,4.5,491.0,Mainshock,4.0 - 4.99,POINT (-116.036 37.1),94.0
2025-03-18 00:54:39,36.82,-115.877,4.1,5.0,Mainshock,4.0 - 4.99,POINT (-115.877 36.82),104.0
2025-03-18 00:58:13,37.9207,-122.1578,4.0,13.78,Aftershock,4.0 - 4.99,POINT (-122.1578 37.9207),28.0
2025-03-18 00:38:07,37.9262,-122.1607,4.3,11.96,Mainshock,4.0 - 4.99,POINT (-122.1607 37.9262),28.0
2025-03-18 00:13:20,32.5135,-115.2133,4.27,10.0,Mainshock,4.0 - 4.99,POINT (-115.2133 32.5135),100.0
2025-03-18 00:26:12,40.6925,-124.9563,4.3,4.35,Mainshock,4.0 - 4.99,POINT (-124.9563 40.6925),9.0
2025-03-18 00:47:59,39.0922,-120.0068,4.0,7.3,Mainshock,4.0 - 4.99,POINT (-120.0068 39.0922),52.0
2025-03-18 00:25:56,40.4148,-124.5355,4.0,25.73,Mainshock,4.0 - 4.99,POINT (-124.5355 40.4148),9.0
2025-03-18 00:53:00,36.999,-116.036,4.8,5.0,Mainshock,4.0 - 4.99,POINT (-116.036 36.999),93.0
2025-03-18 00:57:43,40.62,-124.635,4.4,21.77,Mainshock,4.0 - 4.99,POINT (-124.635 40.62),9.0
2025-03-18 00:24:07,38.478,-119.287,5.0,5.0,Mainshock,5.0 - 5.99,POINT (-119.287 38.478),62.0
2025-03-18 00:57:06,37.12,-116.062,4.6,52.0,Mainshock,4.0 - 4.99,POINT (-116.062 37.12),94.0
2025-03-18 00:48:24,40.4335,-124.8165,4.1,28.23,Mainshock,4.0 - 4.99,POINT (-124.8165 40.4335),9.0
2025-03-18 00:25:36,41.503,-115.466,4.2,5.0,Mainshock,4.0 - 4.99,POINT (-115.466 41.503),109.0
2025-03-18 00:43:06,37.633,-121.6638,4.4,11.2,Mainshock,4.0 - 4.99,POINT (-121.6638 37.633),39.0
2025-03-18 00:43:29,40.3225,-123.7303,4.3,29.13,Mainshock,4.0 - 4.99,POINT (-123.7303 40.3225),20.0
2025-03-18 00:51:42,37.58,-117.71,4.0,2.0,Mainshock,4.0 - 4.99,POINT (-117.71 37.58),83.0
2025-03-18 00:19:26,34.3707,-118.4583,4.37,10.84,Mainshock,4.0 - 4.99,POINT (-118.4583 34.3707),69.0
2025-03-18 00:49:00,37.158,-116.053,4.0,5.0,Mainshock,4.0 - 4.99,POINT (-116.053 37.158),94.0
2025-03-18 00:28:24,34.4592,-118.4178,4.02,13.26,Mainshock,4.0 - 4.99,POINT (-118.4178 34.4592),69.0
2025-03-18 00:26:04,38.0543,-118.7797,4.0,8.96,Mainshock,4.0 - 4.99,POINT (-118.7797 38.0543),73.0
2025-03-18 00:05:48,32.8128,-115.479,4.04,10.0,Mainshock,4.0 - 4.99,POINT (-115.479 32.8128),100.0
2025-03-18 00:20:20,32.8045,-115.456,4.09,10.0,Mainshock,4.0 - 4.99,POINT (-115.456 32.8045),100.0
2025-03-18 00:15:53,39.4093,-123.2567,4.8,14.56,Mainshock,4.0 - 4.99,POINT (-123.2567 39.4093),19.0
2025-03-18 00:15:29,36.5915,-121.198,4.2,8.25,Mainshock,4.0 - 4.99,POINT (-121.198 36.5915),38.0
2025-03-18 00:39:36,39.422,-117.57,4.1,5.0,Mainshock,4.0 - 4.99,POINT (-117.57 39.422),85.0
2025-03-18 00:53:00,37.134,-115.997,4.0,2.0,Mainshock,4.0 - 4.99,POINT (-115.997 37.134),105.0
2025-03-18 00:35:22,39.621,-117.13,4.8,5.0,Mainshock,4.0 - 4.99,POINT (-117.13 39.621),85.0
2025-03-18 00:54:31,34.549,-116.7645,4.2,2.15,Mainshock,4.0 - 4.99,POINT (-116.7645 34.549),91.0
2025-03-18 00:46:17,38.944,-117.99,4.6,5.0,Mainshock,4.0 - 4.99,POINT (-117.99 38.944),84.0
2025-03-18 00:57:51,32.6012,-115.2935,4.7,10.0,Aftershock,4.0 - 4.99,POINT (-115.2935 32.6012),100.0
2025-03-18 00:30:18,32.322,-115.1182,4.71,6.0,Mainshock,4.0 - 4.99,POINT (-115.1182 32.322),100.0
2025-03-18 00:42:23,32.175,-115.095,4.8,6.0,Mainshock,4.0 - 4.99,POINT (-115.095 32.175),100.0
2025-03-18 00:51:11,32.3378,-115.1255,4.1,6.0,Mainshock,4.0 - 4.99,POINT (-115.1255 32.3378),100.0
2025-03-18 01:00:00,37.1,-116.057,4.4,2.0,Mainshock,4.0 - 4.99,POINT (-116.057 37.1),94.0
2025-03-18 00:27:04,39.2088,-123.1565,4.5,11.58,Mainshock,4.0 - 4.99,POINT (-123.1565 39.2088),19.0
2025-03-18 00:49:40,41.1788,-124.8498,4.2,-0.08,Mainshock,4.0 - 4.99,POINT (-124.8498 41.1788),10.0
2025-03-18 00:03:16,32.2642,-115.3097,5.03,10.0,Mainshock,5.0 - 5.99,POINT (-115.3097 32.2642),100.0
2025-03-18 00:41:39,32.181,-115.319,4.14,10.0,Mainshock,4.0 - 4.99,POINT (-115.319 32.181),100.0
2025-03-18 00:30:27,40.3873,-124.9662,4.0,10.74,Mainshock,4.0 - 4.99,POINT (-124.9662 40.3873),9.0
2025-03-18 00:47:55,40.868,-117.257,4.6,11.0,Mainshock,4.0 - 4.99,POINT (-117.257 40.868),86.0
2025-03-18 00:42:08,40.3425,-124.4858,4.6,29.22,Mainshock,4.0 - 4.99,POINT (-124.4858 40.3425),9.0
2025-03-18 00:03:04,33.3995,-116.6748,4.42,16.69,Mainshock,4.0 - 4.99,POINT (-116.6748 33.3995),90.0
2025-03-18 00:21:32,35.041,-119.1288,4.16,11.0,Mainshock,4.0 - 4.99,POINT (-119.1288 35.041),59.0
2025-03-18 00:05:04,40.5433,-124.5165,4.2,23.41,Mainshock,4.0 - 4.99,POINT (-124.5165 40.5433),9.0
2025-03-18 00:57:57,36.8987,-122.1695,4.2,10.58,Mainshock,4.0 - 4.99,POINT (-122.1695 36.8987),27.0
2025-03-18 00:59:59,37.1,-116.01,4.3,2.0,Mainshock,4.0 - 4.99,POINT (-116.01 37.1),94.0
2025-03-18 00:32:07,38.402,-115.24,4.2,5.0,Mainshock,4.0 - 4.99,POINT (-115.24 38.402),106.0
2025-03-18 00:02:34,41.4298,-121.8497,4.6,1.15,Mainshock,4.0 - 4.99,POINT (-121.8497 41.4298),43.0
2025-03-18 00:05:10,41.404,-121.914,4.2,2.0,Aftershock,4.0 - 4.99,POINT (-121.914 41.404),43.0
2025-03-18 00:46:45,41.3647,-121.8608,4.5,-1.16,Mainshock,4.0 - 4.99,POINT (-121.8608 41.3647),43.0
2025-03-18 00:26:33,41.3755,-121.8845,4.2,3.98,Foreshock,4.0 - 4.99,POINT (-121.8845 41.3755),43.0
2025-03-18 00:15:34,41.424,-121.891,4.1,2.0,Foreshock,4.0 - 4.99,POINT (-121.891 41.424),43.0
2025-03-18 00:55:48,41.43,-121.891,4.3,2.0,Mainshock,4.0 - 4.99,POINT (-121.891 41.43),43.0
2025-03-18 00:57:05,41.43,-121.892,4.1,2.0,Aftershock,4.0 - 4.99,POINT (-121.892 41.43),43.0
2025-03-18 00:58:22,41.43,-121.892,4.3,2.0,Aftershock,4.0 - 4.99,POINT (-121.892 41.43),43.0
2025-03-18 00:54:53,34.3137,-119.706,5.08,18.0,Mainshock,5.0 - 5.99,POINT (-119.706 34.3137),58.0
2025-03-18 00:52:42,41.42,-121.895,4.2,2.0,Mainshock,4.0 - 4.99,POINT (-121.895 41.42),43.0
2025-03-18 00:31:05,32.2507,-116.8897,4.01,6.0,Mainshock,4.0 - 4.99,POINT (-116.8897 32.2507),89.0
2025-03-18 00:14:46,37.3552,-121.7122,4.1,8.31,Mainshock,4.0 - 4.99,POINT (-121.7122 37.3552),39.0
2025-03-18 00:52:32,38.814,-119.816,4.5,13.0,Foreshock,4.0 - 4.99,POINT (-119.816 38.814),62.0
2025-03-18 00:54:53,38.814,-119.811,5.2,14.0,Mainshock,5.0 - 5.99,POINT (-119.811 38.814),62.0
2025-03-18 00:03:36,38.7995,-119.7997,4.1,1.81,Foreshock,4.0 - 4.99,POINT (-119.7997 38.7995),62.0
2025-03-18 00:59:47,38.6305,-121.9027,4.2,10.3,Mainshock,4.0 - 4.99,POINT (-121.9027 38.6305),40.0
2025-03-18 00:42:48,37.5188,-118.7038,5.18,3.08,Mainshock,5.0 - 5.99,POINT (-118.7038 37.5188),72.0
2025-03-18 00:59:05,37.534,-118.633,4.4,12.0,Mainshock,4.0 - 4.99,POINT (-118.633 37.534),72.0
2025-03-18 00:31:31,37.5587,-118.6475,4.2,2.61,Foreshock,4.0 - 4.99,POINT (-118.6475 37.5587),72.0
2025-03-18 00:39:03,37.5528,-118.6553,5.1,15.63,Mainshock,5.0 - 5.99,POINT (-118.6553 37.5528),72.0
2025-03-18 00:46:46,37.5497,-118.696,4.2,3.56,Aftershock,4.0 - 4.99,POINT (-118.696 37.5497),72.0
2025-03-18 00:22:42,37.572,-118.628,4.4,2.33,Aftershock,4.0 - 4.99,POINT (-118.628 37.572),72.0
2025-03-18 00:17:47,37.5272,-118.6562,4.6,2.65,Mainshock,4.0 - 4.99,POINT (-118.6562 37.5272),72.0
2025-03-18 00:41:30,37.5253,-118.6387,4.4,2.62,Mainshock,4.0 - 4.99,POINT (-118.6387 37.5253),72.0
2025-03-18 00:56:47,41.015,-122.01,4.2,2.0,Mainshock,4.0 - 4.99,POINT (-122.01 41.015),32.0
2025-03-18 00:04:42,41.118,-122.05,4.0,2.0,Foreshock,4.0 - 4.99,POINT (-122.05 41.118),32.0
2025-03-18 00:26:33,40.4688,-124.4355,4.6,24.95,Mainshock,4.0 - 4.99,POINT (-124.4355 40.4688),9.0
2025-03-18 00:47:12,41.09,-122.052,4.0,2.0,Mainshock,4.0 - 4.99,POINT (-122.052 41.09),32.0
2025-03-18 00:00:41,37.5613,-118.6742,4.0,24.15,Mainshock,4.0 - 4.99,POINT (-118.6742 37.5613),72.0
2025-03-18 00:55:09,34.1473,-116.9602,4.27,14.49,Mainshock,4.0 - 4.99,POINT (-116.9602 34.1473),91.0
2025-03-18 00:14:39,33.9165,-118.6872,5.21,13.3,Mainshock,5.0 - 5.99,POINT (-118.6872 33.9165),68.0
2025-03-18 00:20:35,39.24,-116.378,4.2,5.0,Mainshock,4.0 - 4.99,POINT (-116.378 39.24),96.0
2025-03-18 00:10:41,37.5065,-118.6593,4.1,10.14,Foreshock,4.0 - 4.99,POINT (-118.6593 37.5065),72.0
2025-03-18 00:14:27,37.5352,-118.5918,4.6,16.88,Mainshock,4.0 - 4.99,POINT (-118.5918 37.5352),72.0
2025-03-18 00:58:17,40.874,-124.3248,5.2,23.59,Mainshock,5.0 - 5.99,POINT (-124.3248 40.874),9.0
2025-03-18 00:48:42,33.4485,-116.4142,4.2,11.26,Mainshock,4.0 - 4.99,POINT (-116.4142 33.4485),90.0
2025-03-18 00:52:49,40.925,-116.162,4.1,5.0,Mainshock,4.0 - 4.99,POINT (-116.162 40.925),97.0
2025-03-18 00:57:29,39.9862,-120.1127,5.3,7.08,Mainshock,5.0 - 5.99,POINT (-120.1127 39.9862),52.0
2025-03-18 00:17:50,34.305,-116.4125,4.83,8.26,Aftershock,4.0 - 4.99,POINT (-116.4125 34.305),91.0
2025-03-18 00:07:17,34.3258,-116.416,5.23,9.27,Mainshock,5.0 - 5.99,POINT (-116.416 34.3258),91.0
2025-03-18 00:34:26,34.3493,-116.4288,4.47,8.94,Aftershock,4.0 - 4.99,POINT (-116.4288 34.3493),91.0
2025-03-18 00:07:58,34.3437,-116.407,4.77,2.0,Mainshock,4.0 - 4.99,POINT (-116.407 34.3437),91.0
2025-03-18 00:36:59,34.3357,-116.381,4.0,7.46,Mainshock,4.0 - 4.99,POINT (-116.381 34.3357),91.0
2025-03-18 00:18:32,40.3238,-124.6375,4.1,15.42,Mainshock,4.0 - 4.99,POINT (-124.6375 40.3238),9.0
2025-03-18 00:53:03,34.2283,-116.3462,4.07,11.2,Mainshock,4.0 - 4.99,POINT (-116.3462 34.2283),91.0
2025-03-18 00:08:31,40.64,-119.664,4.0,5.0,Mainshock,4.0 - 4.99,POINT (-119.664 40.64),64.0
2025-03-18 00:18:55,41.1228,-124.994,5.34,4.5,Mainshock,5.0 - 5.99,POINT (-124.994 41.1228),10.0
2025-03-18 00:44:45,37.6357,-122.4873,4.4,15.14,Mainshock,4.0 - 4.99,POINT (-122.4873 37.6357),28.0
2025-03-18 00:11:07,37.2927,-121.6635,4.8,7.08,Mainshock,4.0 - 4.99,POINT (-121.6635 37.2927),39.0
2025-03-18 01:00:00,36.988,-116.012,4.3,2.0,Mainshock,4.0 - 4.99,POINT (-116.012 36.988),93.0
2025-03-18 00:49:56,38.491,-118.418,4.3,12.0,Mainshock,4.0 - 4.99,POINT (-118.418 38.491),73.0
2025-03-18 00:44:04,38.511,-117.879,4.0,5.0,Foreshock,4.0 - 4.99,POINT (-117.879 38.511),84.0
2025-03-18 00:46:46,33.0615,-115.5957,4.11,10.0,Mainshock,4.0 - 4.99,POINT (-115.5957 33.0615),101.0
2025-03-18 00:39:28,35.7358,-117.9743,4.54,5.77,Mainshock,4.0 - 4.99,POINT (-117.9743 35.7358),81.0
2025-03-18 00:44:59,37.5845,-118.9308,4.3,12.57,Mainshock,4.0 - 4.99,POINT (-118.9308 37.5845),72.0
2025-03-18 00:53:20,34.2455,-116.8908,4.4,11.3,Aftershock,4.0 - 4.99,POINT (-116.8908 34.2455),91.0
2025-03-18 00:34:12,34.2415,-116.8823,4.83,12.55,Mainshock,4.0 - 4.99,POINT (-116.8823 34.2415),91.0
2025-03-18 00:03:53,34.2478,-116.8887,4.36,12.92,Foreshock,4.0 - 4.99,POINT (-116.8887 34.2478),91.0
2025-03-18 00:26:03,34.258,-116.4235,4.0,8.75,Mainshock,4.0 - 4.99,POINT (-116.4235 34.258),91.0
2025-03-18 00:05:23,37.1038,-121.5123,5.8,8.31,Mainshock,5.0 - 5.99,POINT (-121.5123 37.1038),39.0
2025-03-18 00:33:56,36.9962,-121.477,4.3,3.92,Mainshock,4.0 - 4.99,POINT (-121.477 36.9962),38.0
2025-03-18 00:24:59,40.3155,-124.5273,4.2,25.29,Mainshock,4.0 - 4.99,POINT (-124.5273 40.3155),9.0
2025-03-18 00:03:21,37.0128,-121.4583,4.2,7.64,Mainshock,4.0 - 4.99,POINT (-121.4583 37.0128),39.0
2025-03-18 00:43:48,37.6228,-118.9075,4.1,3.32,Mainshock,4.0 - 4.99,POINT (-118.9075 37.6228),72.0
2025-03-18 00:05:04,37.6267,-118.896,4.1,5.53,Foreshock,4.0 - 4.99,POINT (-118.896 37.6267),72.0
2025-03-18 00:54:42,38.224,-119.348,5.2,11.0,Mainshock,5.0 - 5.99,POINT (-119.348 38.224),62.0
2025-03-18 00:09:59,38.2543,-119.3322,4.0,3.06,Foreshock,4.0 - 4.99,POINT (-119.3322 38.2543),62.0
2025-03-18 00:20:52,38.2577,-119.3332,4.4,3.05,Mainshock,4.0 - 4.99,POINT (-119.3332 38.2577),62.0
2025-03-18 00:45:23,38.2288,-119.3085,4.1,3.05,Aftershock,4.0 - 4.99,POINT (-119.3085 38.2288),62.0
2025-03-18 00:47:44,38.2423,-119.33,4.0,4.09,Aftershock,4.0 - 4.99,POINT (-119.33 38.2423),62.0
2025-03-18 00:34:24,38.2687,-119.3373,4.6,18.15,Mainshock,4.0 - 4.99,POINT (-119.3373 38.2687),62.0
2025-03-18 00:14:02,38.251,-119.307,4.2,10.0,Foreshock,4.0 - 4.99,POINT (-119.307 38.251),62.0
2025-03-18 00:00:10,38.2328,-119.3153,4.2,14.11,Foreshock,4.0 - 4.99,POINT (-119.3153 38.2328),62.0
2025-03-18 00:16:54,32.6673,-115.3592,6.4,15.0,Mainshock,6.0 - 6.99,POINT (-115.3592 32.6673),100.0
2025-03-18 00:19:30,32.766,-115.441,5.2,9.25,Aftershock,5.0 - 5.99,POINT (-115.441 32.766),100.0
2025-03-18 00:55:05,32.9165,-115.5308,4.12,10.0,Aftershock,4.0 - 4.99,POINT (-115.5308 32.9165),100.0
2025-03-18 00:22:14,32.958,-115.52,4.08,10.03,Aftershock,4.0 - 4.99,POINT (-115.52 32.958),100.0
2025-03-18 00:00:14,32.8808,-115.5105,4.59,10.0,Mainshock,4.0 - 4.99,POINT (-115.5105 32.8808),100.0
2025-03-18 00:14:22,32.9967,-115.5605,4.22,6.0,Aftershock,4.0 - 4.99,POINT (-115.5605 32.9967),100.0
2025-03-18 00:10:48,32.9547,-115.5645,4.5,10.0,Mainshock,4.0 - 4.99,POINT (-115.5645 32.9547),100.0
2025-03-18 00:39:35,32.9568,-115.5793,4.58,10.0,Mainshock,4.0 - 4.99,POINT (-115.5793 32.9568),100.0
2025-03-18 00:49:11,32.9537,-115.5595,5.06,10.0,Mainshock,5.0 - 5.99,POINT (-115.5595 32.9537),100.0
2025-03-18 00:12:01,32.9243,-115.5255,4.02,10.0,Foreshock,4.0 - 4.99,POINT (-115.5255 32.9243),100.0
2025-03-18 00:13:45,32.7408,-115.6475,4.23,6.0,Foreshock,4.0 - 4.99,POINT (-115.6475 32.7408),100.0
2025-03-18 00:19:49,32.9478,-115.5478,5.04,10.0,Mainshock,5.0 - 5.99,POINT (-115.5478 32.9478),100.0
2025-03-18 00:55:24,32.992,-115.5603,4.54,10.0,Foreshock,4.0 - 4.99,POINT (-115.5603 32.992),100.0
2025-03-18 00:58:43,32.9987,-115.5575,5.8,14.19,Mainshock,5.0 - 5.99,POINT (-115.5575 32.9987),100.0
2025-03-18 00:23:25,32.894,-115.5182,4.16,10.0,Foreshock,4.0 - 4.99,POINT (-115.5182 32.894),100.0
2025-03-18 00:36:42,32.952,-115.5375,4.0,10.0,Mainshock,4.0 - 4.99,POINT (-115.5375 32.952),100.0
2025-03-18 00:46:56,32.9298,-115.589,4.7,10.0,Mainshock,4.0 - 4.99,POINT (-115.589 32.9298),100.0
2025-03-18 00:47:55,32.951,-115.5615,4.3,10.0,Aftershock,4.0 - 4.99,POINT (-115.5615 32.951),100.0
2025-03-18 00:00:02,33.0393,-115.517,4.03,10.0,Foreshock,4.0 - 4.99,POINT (-115.517 33.0393),101.0
2025-03-18 00:16:32,33.0447,-115.5273,4.92,10.0,Mainshock,4.0 - 4.99,POINT (-115.5273 33.0447),101.0
2025-03-18 00:14:38,32.9208,-115.5915,4.13,15.0,Foreshock,4.0 - 4.99,POINT (-115.5915 32.9208),100.0
2025-03-18 00:52:37,33.8932,-118.6578,4.31,10.71,Mainshock,4.0 - 4.99,POINT (-118.6578 33.8932),68.0
2025-03-18 00:45:34,33.0545,-115.522,4.62,10.0,Mainshock,4.0 - 4.99,POINT (-115.522 33.0545),101.0
2025-03-18 00:22:38,34.2033,-117.5288,4.07,7.08,Mainshock,4.0 - 4.99,POINT (-117.5288 34.2033),80.0
2025-03-18 00:55:45,39.7587,-124.0697,4.0,6.04,Mainshock,4.0 - 4.99,POINT (-124.0697 39.7587),8.0
2025-03-18 00:23:51,40.4632,-124.6458,4.5,26.21,Mainshock,4.0 - 4.99,POINT (-124.6458 40.4632),9.0
2025-03-18 00:01:40,40.4565,-124.636,4.0,25.06,Foreshock,4.0 - 4.99,POINT (-124.636 40.4565),9.0
2025-03-18 00:12:55,37.6305,-118.8727,4.0,8.3,Mainshock,4.0 - 4.99,POINT (-118.8727 37.6305),72.0
2025-03-18 00:46:59,37.5943,-118.9588,4.0,10.21,Mainshock,4.0 - 4.99,POINT (-118.9588 37.5943),72.0
2025-03-18 00:54:13,37.6205,-118.886,4.3,-2.34,Mainshock,4.0 - 4.99,POINT (-118.886 37.6205),72.0
2025-03-18 00:45:08,37.6127,-118.8598,4.0,4.79,Foreshock,4.0 - 4.99,POINT (-118.8598 37.6127),72.0
2025-03-18 00:23:58,37.612,-118.8502,4.2,4.67,Foreshock,4.0 - 4.99,POINT (-118.8502 37.612),72.0
2025-03-18 00:32:38,37.6017,-118.841,4.2,5.5,Mainshock,4.0 - 4.99,POINT (-118.841 37.6017),72.0
2025-03-18 00:38:52,37.6005,-118.8817,4.3,5.68,Mainshock,4.0 - 4.99,POINT (-118.8817 37.6005),72.0
2025-03-18 00:37:41,32.1773,-116.2772,4.01,15.0,Mainshock,4.0 - 4.99,POINT (-116.2772 32.1773),89.0
2025-03-18 00:39:38,32.2152,-115.3073,4.11,15.0,Foreshock,4.0 - 4.99,POINT (-115.3073 32.2152),100.0
2025-03-18 00:40:22,32.4408,-115.221,4.75,15.0,Mainshock,4.0 - 4.99,POINT (-115.221 32.4408),100.0
2025-03-18 00:17:11,37.27,-117.061,4.2,5.0,Mainshock,4.0 - 4.99,POINT (-117.061 37.27),83.0
2025-03-18 00:27:52,38.4,-118.4,4.9,5.0,Mainshock,4.0 - 4.99,POINT (-118.4 38.4),73.0
2025-03-18 00:51:54,37.6215,-118.7803,4.0,7.27,Mainshock,4.0 - 4.99,POINT (-118.7803 37.6215),72.0
2025-03-18 00:00:09,37.84,-121.7678,5.8,14.49,Mainshock,5.0 - 5.99,POINT (-121.7678 37.84),39.0
2025-03-18 00:01:01,37.811,-121.775,5.1,6.52,Aftershock,5.0 - 5.99,POINT (-121.775 37.811),39.0
2025-03-18 00:01:45,37.8413,-121.7648,4.0,6.61,Aftershock,4.0 - 4.99,POINT (-121.7648 37.8413),39.0
2025-03-18 00:03:18,37.8342,-121.781,4.8,3.68,Aftershock,4.0 - 4.99,POINT (-121.781 37.8342),39.0
2025-03-18 00:12:42,37.8548,-121.7625,4.4,11.0,Mainshock,4.0 - 4.99,POINT (-121.7625 37.8548),39.0
2025-03-18 00:24:36,37.8683,-121.7803,4.6,9.29,Mainshock,4.0 - 4.99,POINT (-121.7803 37.8683),39.0
2025-03-18 00:33:35,37.749,-121.7063,5.4,14.17,Mainshock,5.0 - 5.99,POINT (-121.7063 37.749),39.0
2025-03-18 00:58:01,37.8387,-121.784,4.1,12.32,Mainshock,4.0 - 4.99,POINT (-121.784 37.8387),39.0
2025-03-18 00:49:03,32.05,-116.25,4.4,5.0,Mainshock,4.0 - 4.99,POINT (-116.25 32.05),89.0
2025-03-18 00:47:38,33.4753,-116.4997,5.34,19.41,Mainshock,5.0 - 5.99,POINT (-116.4997 33.4753),90.0
2025-03-18 00:26:04,37.621,-118.8878,4.3,8.41,Mainshock,4.0 - 4.99,POINT (-118.8878 37.621),72.0
2025-03-18 00:13:42,39.499,-119.178,4.7,5.0,Mainshock,4.0 - 4.99,POINT (-119.178 39.499),63.0
2025-03-18 00:15:56,36.7857,-121.509,4.7,8.17,Mainshock,4.0 - 4.99,POINT (-121.509 36.7857),38.0
2025-03-18 00:55:34,41.865,-118.909,4.3,5.0,Mainshock,4.0 - 4.99,POINT (-118.909 41.865),76.0
2025-03-18 00:50:24,40.5267,-123.535,4.0,22.53,Mainshock,4.0 - 4.99,POINT (-123.535 40.5267),20.0
2025-03-18 00:17:38,41.939,-118.842,4.5,5.0,Mainshock,4.0 - 4.99,POINT (-118.842 41.939),76.0
2025-03-18 00:02:31,37.5677,-118.8242,4.0,9.53,Aftershock,4.0 - 4.99,POINT (-118.8242 37.5677),72.0
2025-03-18 00:01:14,37.6225,-118.8088,4.3,3.55,Mainshock,4.0 - 4.99,POINT (-118.8088 37.6225),72.0
2025-03-18 00:47:30,37.6245,-118.8663,4.0,6.99,Aftershock,4.0 - 4.99,POINT (-118.8663 37.6245),72.0
2025-03-18 00:33:44,37.5903,-118.831,6.1,6.81,Mainshock,6.0 - 6.99,POINT (-118.831 37.5903),72.0
2025-03-18 00:41:57,37.533,-118.833,4.4,4.0,Foreshock,4.0 - 4.99,POINT (-118.833 37.533),72.0
2025-03-18 00:45:29,37.483,-118.8,4.1,5.0,Foreshock,4.0 - 4.99,POINT (-118.8 37.483),72.0
2025-03-18 00:49:27,37.6768,-118.8997,6.0,6.69,Mainshock,6.0 - 6.99,POINT (-118.8997 37.6768),72.0
2025-03-18 00:52:29,37.649,-118.733,4.5,5.0,Aftershock,4.0 - 4.99,POINT (-118.733 37.649),72.0
2025-03-18 00:56:13,37.633,-118.9,4.3,5.0,Aftershock,4.0 - 4.99,POINT (-118.9 37.633),72.0
2025-03-18 00:59:50,37.567,-118.833,4.0,4.0,Aftershock,4.0 - 4.99,POINT (-118.833 37.567),72.0
2025-03-18 00:06:23,37.5925,-118.8622,4.6,0.84,Foreshock,4.0 - 4.99,POINT (-118.8622 37.5925),72.0
2025-03-18 00:08:29,37.609,-118.877,4.7,20.0,Foreshock,4.0 - 4.99,POINT (-118.877 37.609),72.0
2025-03-18 00:48:30,37.585,-118.9025,4.6,0.68,Mainshock,4.0 - 4.99,POINT (-118.9025 37.585),72.0
2025-03-18 00:13:58,37.55,-118.817,4.1,1.0,Foreshock,4.0 - 4.99,POINT (-118.817 37.55),72.0
2025-03-18 00:34:15,37.5978,-118.8543,4.6,0.13,Mainshock,4.0 - 4.99,POINT (-118.8543 37.5978),72.0
2025-03-18 00:41:21,37.495,-118.9082,4.4,-0.72,Foreshock,4.0 - 4.99,POINT (-118.9082 37.495),72.0
2025-03-18 00:44:51,37.5538,-118.807,6.1,11.86,Mainshock,6.0 - 6.99,POINT (-118.807 37.5538),72.0
2025-03-18 00:51:53,37.533,-118.883,4.0,5.0,Aftershock,4.0 - 4.99,POINT (-118.883 37.533),72.0
2025-03-18 00:55:01,37.533,-118.767,4.0,5.0,Aftershock,4.0 - 4.99,POINT (-118.767 37.533),72.0
2025-03-18 00:23:25,37.6283,-118.8695,4.5,3.21,Mainshock,4.0 - 4.99,POINT (-118.8695 37.6283),72.0
2025-03-18 00:35:48,37.6187,-118.8348,5.7,4.83,Mainshock,5.0 - 5.99,POINT (-118.8348 37.6187),72.0
2025-03-18 00:38:42,37.567,-118.683,4.9,4.0,Aftershock,4.0 - 4.99,POINT (-118.683 37.567),72.0
2025-03-18 00:59:22,37.6018,-118.8198,5.0,14.36,Mainshock,5.0 - 5.99,POINT (-118.8198 37.6018),72.0
2025-03-18 00:10:35,37.5605,-118.7975,4.3,2.33,Foreshock,4.0 - 4.99,POINT (-118.7975 37.5605),72.0
2025-03-18 00:57:05,37.549,-118.8,4.4,5.0,Aftershock,4.0 - 4.99,POINT (-118.8 37.549),72.0
2025-03-18 00:19:02,37.616,-118.868,4.9,10.0,Mainshock,4.0 - 4.99,POINT (-118.868 37.616),72.0
2025-03-18 00:24:30,37.6193,-118.806,4.1,0.37,Mainshock,4.0 - 4.99,POINT (-118.806 37.6193),72.0
2025-03-18 00:49:08,37.633,-118.717,4.0,1.0,Aftershock,4.0 - 4.99,POINT (-118.717 37.633),72.0
2025-03-18 00:36:54,37.6078,-118.8038,4.2,1.02,Mainshock,4.0 - 4.99,POINT (-118.8038 37.6078),72.0
2025-03-18 00:56:27,37.6033,-118.8448,4.7,2.72,Mainshock,4.0 - 4.99,POINT (-118.8448 37.6033),72.0
2025-03-18 00:43:49,37.661,-118.796,4.1,2.51,Foreshock,4.0 - 4.99,POINT (-118.796 37.661),72.0
2025-03-18 00:20:31,37.6162,-118.7838,4.5,7.26,Foreshock,4.0 - 4.99,POINT (-118.7838 37.6162),72.0
2025-03-18 00:39:54,37.624,-118.8817,4.3,-0.46,Mainshock,4.0 - 4.99,POINT (-118.8817 37.624),72.0
2025-03-18 00:04:07,37.499,-118.7,4.0,5.0,Foreshock,4.0 - 4.99,POINT (-118.7 37.499),72.0
2025-03-18 00:24:25,37.5687,-118.8672,5.1,7.16,Mainshock,5.0 - 5.99,POINT (-118.8672 37.5687),72.0
2025-03-18 00:04:21,37.499,-118.817,4.1,2.0,Foreshock,4.0 - 4.99,POINT (-118.817 37.499),72.0
2025-03-18 00:37:32,37.6055,-118.8083,4.5,4.2,Aftershock,4.0 - 4.99,POINT (-118.8083 37.6055),72.0
2025-03-18 00:20:21,37.5565,-118.8918,4.8,1.32,Mainshock,4.0 - 4.99,POINT (-118.8918 37.5565),72.0
2025-03-18 00:57:56,37.5207,-118.8762,5.7,2.06,Mainshock,5.0 - 5.99,POINT (-118.8762 37.5207),72.0
2025-03-18 00:24:09,37.5115,-118.861,4.7,1.87,Foreshock,4.0 - 4.99,POINT (-118.861 37.5115),72.0
2025-03-18 00:03:40,37.5705,-118.885,4.1,3.59,Foreshock,4.0 - 4.99,POINT (-118.885 37.5705),72.0
2025-03-18 00:19:27,37.5227,-118.8853,4.1,1.52,Mainshock,4.0 - 4.99,POINT (-118.8853 37.5227),72.0
2025-03-18 00:36:53,37.515,-118.8733,4.1,3.02,Mainshock,4.0 - 4.99,POINT (-118.8733 37.515),72.0
2025-03-18 00:46:41,37.604,-118.943,4.0,1.45,Aftershock,4.0 - 4.99,POINT (-118.943 37.604),72.0
2025-03-18 00:46:16,37.5975,-118.8023,4.16,3.95,Aftershock,4.0 - 4.99,POINT (-118.8023 37.5975),72.0
2025-03-18 00:27:07,37.5142,-118.8853,4.3,1.22,Mainshock,4.0 - 4.99,POINT (-118.8853 37.5142),72.0
2025-03-18 00:50:57,37.5033,-118.8055,6.2,13.8,Mainshock,6.0 - 6.99,POINT (-118.8055 37.5033),72.0
2025-03-18 00:01:11,37.4785,-118.806,4.0,14.78,Foreshock,4.0 - 4.99,POINT (-118.806 37.4785),72.0
2025-03-18 00:13:47,37.5498,-118.81,4.0,0.3,Foreshock,4.0 - 4.99,POINT (-118.81 37.5498),72.0
2025-03-18 00:17:28,37.5098,-118.8317,4.23,9.0,Mainshock,4.0 - 4.99,POINT (-118.8317 37.5098),72.0
2025-03-18 00:41:47,37.4808,-118.8167,4.0,2.28,Aftershock,4.0 - 4.99,POINT (-118.8167 37.4808),72.0
2025-03-18 00:10:38,37.5665,-118.8772,4.0,2.76,Aftershock,4.0 - 4.99,POINT (-118.8772 37.5665),72.0
2025-03-18 00:09:58,37.447,-118.8088,4.2,14.54,Mainshock,4.0 - 4.99,POINT (-118.8088 37.447),72.0
2025-03-18 00:36:08,37.4182,-118.8242,4.0,17.86,Aftershock,4.0 - 4.99,POINT (-118.8242 37.4182),72.0
2025-03-18 00:01:08,37.595,-118.779,4.8,3.86,Mainshock,4.0 - 4.99,POINT (-118.779 37.595),72.0
2025-03-18 00:34:54,37.5105,-118.8033,4.3,11.44,Mainshock,4.0 - 4.99,POINT (-118.8033 37.5105),72.0
2025-03-18 00:57:43,37.5532,-118.8962,4.0,2.57,Aftershock,4.0 - 4.99,POINT (-118.8962 37.5532),72.0
2025-03-18 00:16:23,37.5772,-118.889,4.9,2.6,Mainshock,4.0 - 4.99,POINT (-118.889 37.5772),72.0
2025-03-18 00:48:23,37.6263,-118.8647,4.6,3.99,Mainshock,4.0 - 4.99,POINT (-118.8647 37.6263),72.0
2025-03-18 00:07:43,37.584,-118.9072,4.0,0.54,Foreshock,4.0 - 4.99,POINT (-118.9072 37.584),72.0
2025-03-18 00:54:37,37.4667,-118.8157,4.4,8.05,Mainshock,4.0 - 4.99,POINT (-118.8157 37.4667),72.0
2025-03-18 00:38:46,34.9072,-120.8473,4.9,-0.01,Mainshock,4.0 - 4.99,POINT (-120.8473 34.9072),47.0
2025-03-18 00:18:52,37.5462,-118.8162,4.2,9.85,Mainshock,4.0 - 4.99,POINT (-118.8162 37.5462),72.0
2025-03-18 00:55:44,37.5097,-118.8735,4.0,3.3,Aftershock,4.0 - 4.99,POINT (-118.8735 37.5097),72.0
2025-03-18 00:56:56,37.5042,-118.8743,4.0,4.25,Aftershock,4.0 - 4.99,POINT (-118.8743 37.5042),72.0
2025-03-18 00:21:01,37.5145,-118.8395,4.1,4.59,Mainshock,4.0 - 4.99,POINT (-118.8395 37.5145),72.0
2025-03-18 00:41:58,37.5677,-118.8905,4.0,2.36,Mainshock,4.0 - 4.99,POINT (-118.8905 37.5677),72.0
2025-03-18 00:58:17,37.4962,-118.8482,4.5,7.15,Mainshock,4.0 - 4.99,POINT (-118.8482 37.4962),72.0
2025-03-18 00:05:19,37.5633,-118.8197,4.1,9.22,Foreshock,4.0 - 4.99,POINT (-118.8197 37.5633),72.0
2025-03-18 00:11:31,37.5885,-118.8167,4.2,3.27,Foreshock,4.0 - 4.99,POINT (-118.8167 37.5885),72.0
2025-03-18 00:16:11,37.6025,-118.7822,4.9,5.15,Mainshock,4.0 - 4.99,POINT (-118.7822 37.6025),72.0
2025-03-18 00:20:19,37.599,-118.7798,4.0,4.76,Aftershock,4.0 - 4.99,POINT (-118.7798 37.599),72.0
2025-03-18 00:47:36,37.4728,-118.8433,4.7,4.15,Mainshock,4.0 - 4.99,POINT (-118.8433 37.4728),72.0
2025-03-18 00:22:20,37.6013,-118.9067,4.1,4.51,Foreshock,4.0 - 4.99,POINT (-118.9067 37.6013),72.0
2025-03-18 00:34:13,37.5695,-118.8603,4.0,5.06,Mainshock,4.0 - 4.99,POINT (-118.8603 37.5695),72.0
2025-03-18 00:41:02,37.5667,-118.8682,4.3,4.83,Aftershock,4.0 - 4.99,POINT (-118.8682 37.5667),72.0
2025-03-18 00:17:52,37.6307,-118.8715,4.0,3.92,Foreshock,4.0 - 4.99,POINT (-118.8715 37.6307),72.0
2025-03-18 00:22:21,37.4808,-118.8232,4.4,10.46,Mainshock,4.0 - 4.99,POINT (-118.8232 37.4808),72.0
2025-03-18 00:28:19,32.1998,-115.1222,6.3,6.0,Mainshock,6.0 - 6.99,POINT (-115.1222 32.1998),100.0
2025-03-18 00:00:42,32.272,-115.1635,4.43,6.0,Foreshock,4.0 - 4.99,POINT (-115.1635 32.272),100.0
2025-03-18 00:33:41,32.3708,-115.2242,4.29,6.0,Mainshock,4.0 - 4.99,POINT (-115.2242 32.3708),100.0
2025-03-18 00:40:58,37.546,-118.8805,4.7,5.2,Mainshock,4.0 - 4.99,POINT (-118.8805 37.546),72.0
2025-03-18 00:23:20,37.4955,-118.81,4.1,9.64,Foreshock,4.0 - 4.99,POINT (-118.81 37.4955),72.0
2025-03-18 00:52:27,36.906,-121.632,4.2,5.48,Mainshock,4.0 - 4.99,POINT (-121.632 36.906),38.0
2025-03-18 00:24:07,37.5472,-118.8992,4.0,2.28,Mainshock,4.0 - 4.99,POINT (-118.8992 37.5472),72.0
2025-03-18 00:58:42,37.5852,-118.8197,4.2,1.41,Aftershock,4.0 - 4.99,POINT (-118.8197 37.5852),72.0
2025-03-18 00:46:13,38.0132,-118.6633,5.0,7.3,Mainshock,5.0 - 5.99,POINT (-118.6633 38.0132),73.0
2025-03-18 00:23:01,38.014,-118.6692,4.0,9.87,Foreshock,4.0 - 4.99,POINT (-118.6692 38.014),73.0
2025-03-18 00:19:31,37.6372,-118.9163,4.0,5.01,Foreshock,4.0 - 4.99,POINT (-118.9163 37.6372),72.0
2025-03-18 00:39:56,37.6383,-118.9345,4.2,5.96,Mainshock,4.0 - 4.99,POINT (-118.9345 37.6383),72.0
2025-03-18 00:58:59,37.592,-118.8173,4.3,7.61,Aftershock,4.0 - 4.99,POINT (-118.8173 37.592),72.0
2025-03-18 00:38:56,37.5622,-118.8732,5.4,4.53,Mainshock,5.0 - 5.99,POINT (-118.8732 37.5622),72.0
2025-03-18 00:42:55,37.5432,-118.8723,4.1,5.49,Aftershock,4.0 - 4.99,POINT (-118.8723 37.5432),72.0
2025-03-18 00:48:54,37.5465,-118.8798,4.6,2.69,Mainshock,4.0 - 4.99,POINT (-118.8798 37.5465),72.0
2025-03-18 00:09:17,37.5627,-118.8382,4.1,9.08,Foreshock,4.0 - 4.99,POINT (-118.8382 37.5627),72.0
2025-03-18 00:15:56,41.2312,-124.8638,4.0,0.17,Mainshock,4.0 - 4.99,POINT (-124.8638 41.2312),10.0
2025-03-18 00:45:27,37.6205,-118.8462,4.2,5.04,Mainshock,4.0 - 4.99,POINT (-118.8462 37.6205),72.0
2025-03-18 00:41:18,37.5662,-121.6752,4.0,2.84,Mainshock,4.0 - 4.99,POINT (-121.6752 37.5662),39.0
2025-03-18 00:39:09,38.089,-118.572,4.6,5.0,Aftershock,4.0 - 4.99,POINT (-118.572 38.089),73.0
2025-03-18 00:03:34,38.057,-118.518,4.9,20.0,Mainshock,4.0 - 4.99,POINT (-118.518 38.057),73.0
2025-03-18 00:31:03,38.075,-118.577,4.0,5.0,Aftershock,4.0 - 4.99,POINT (-118.577 38.075),73.0
2025-03-18 00:27:52,38.068,-118.572,4.6,5.0,Foreshock,4.0 - 4.99,POINT (-118.572 38.068),73.0
2025-03-18 00:30:43,38.048,-118.558,5.1,14.0,Mainshock,5.0 - 5.99,POINT (-118.558 38.048),73.0
2025-03-18 00:36:38,38.033,-118.578,5.0,15.0,Mainshock,5.0 - 5.99,POINT (-118.578 38.033),73.0
2025-03-18 00:48:30,38.078,-118.603,4.7,5.0,Mainshock,4.0 - 4.99,POINT (-118.603 38.078),73.0
2025-03-18 00:26:20,38.028,-118.582,4.6,13.0,Foreshock,4.0 - 4.99,POINT (-118.582 38.028),73.0
2025-03-18 00:24:41,38.012,-118.557,4.6,14.0,Foreshock,4.0 - 4.99,POINT (-118.557 38.012),73.0
2025-03-18 00:14:45,38.847,-118.832,4.1,27.0,Mainshock,4.0 - 4.99,POINT (-118.832 38.847),73.0
2025-03-18 00:08:39,36.21,-120.2222,4.5,10.9,Mainshock,4.0 - 4.99,POINT (-120.2222 36.21),49.0
2025-03-18 00:18:41,35.2545,-119.3773,4.29,9.9,Mainshock,4.0 - 4.99,POINT (-119.3773 35.2545),59.0
2025-03-18 00:16:24,37.6275,-118.8732,4.1,6.47,Mainshock,4.0 - 4.99,POINT (-118.8732 37.6275),72.0
2025-03-18 00:38:22,37.5225,-118.806,4.3,5.19,Mainshock,4.0 - 4.99,POINT (-118.806 37.5225),72.0
2025-03-18 00:46:54,36.5967,-121.0507,4.0,13.2,Mainshock,4.0 - 4.99,POINT (-121.0507 36.5967),38.0
2025-03-18 00:49:05,37.4813,-118.841,4.1,7.25,Aftershock,4.0 - 4.99,POINT (-118.841 37.4813),72.0
2025-03-18 00:26:43,37.6218,-118.8977,4.4,3.18,Mainshock,4.0 - 4.99,POINT (-118.8977 37.6218),72.0
2025-03-18 00:45:24,37.5158,-118.7555,4.3,5.59,Mainshock,4.0 - 4.99,POINT (-118.7555 37.5158),72.0
2025-03-18 00:55:37,32.6535,-115.6007,4.55,15.0,Mainshock,4.0 - 4.99,POINT (-115.6007 32.6535),100.0
2025-03-18 00:27:33,41.0842,-124.6157,7.2,14.64,Mainshock,7.0 - 10.0,POINT (-124.6157 41.0842),10.0
2025-03-18 00:13:40,40.561,-124.128,4.3,15.0,Mainshock,4.0 - 4.99,POINT (-124.128 40.561),9.0
2025-03-18 00:20:39,40.247,-124.742,5.0,15.0,Mainshock,5.0 - 5.99,POINT (-124.742 40.247),9.0
2025-03-18 00:05:32,40.998,-124.608,4.7,15.0,Mainshock,4.0 - 4.99,POINT (-124.608 40.998),9.0
2025-03-18 00:07:10,40.535,-124.784,5.0,15.0,Mainshock,5.0 - 5.99,POINT (-124.784 40.535),9.0
2025-03-18 00:58:57,41.07,-124.34,4.3,15.0,Mainshock,4.0 - 4.99,POINT (-124.34 41.07),10.0
2025-03-18 00:24:11,41.027,-123.919,4.0,15.0,Foreshock,4.0 - 4.99,POINT (-123.919 41.027),21.0
2025-03-18 00:41:05,40.332,-124.665,4.3,22.0,Mainshock,4.0 - 4.99,POINT (-124.665 40.332),9.0
2025-03-18 00:42:21,41.225,-124.425,4.6,15.0,Mainshock,4.0 - 4.99,POINT (-124.425 41.225),10.0
2025-03-18 00:19:03,38.008,-118.6,4.8,5.0,Mainshock,4.0 - 4.99,POINT (-118.6 38.008),73.0
2025-03-18 00:33:51,38.033,-118.593,4.0,9.0,Mainshock,4.0 - 4.99,POINT (-118.593 38.033),73.0
2025-03-18 00:01:08,41.241,-124.4857,4.2,14.32,Mainshock,4.0 - 4.99,POINT (-124.4857 41.241),10.0
2025-03-18 00:21:16,37.5342,-118.856,4.1,9.09,Mainshock,4.0 - 4.99,POINT (-118.856 37.5342),72.0
2025-03-18 00:21:13,39.305,-120.428,5.2,5.0,Mainshock,5.0 - 5.99,POINT (-120.428 39.305),52.0
2025-03-18 00:10:12,35.3565,-121.0012,4.19,1.55,Mainshock,4.0 - 4.99,POINT (-121.0012 35.3565),37.0
2025-03-18 00:25:49,37.5382,-118.8637,4.2,6.07,Mainshock,4.0 - 4.99,POINT (-118.8637 37.5382),72.0
2025-03-18 00:29:32,41.299,-124.7443,5.0,2.82,Mainshock,5.0 - 5.99,POINT (-124.7443 41.299),10.0
2025-03-18 00:48:33,37.579,-118.8633,4.7,4.71,Mainshock,4.0 - 4.99,POINT (-118.8633 37.579),72.0
2025-03-18 00:40:23,40.9612,-124.4605,4.0,-0.19,Mainshock,4.0 - 4.99,POINT (-124.4605 40.9612),9.0
2025-03-18 00:32:49,41.138,-124.5923,4.0,2.98,Foreshock,4.0 - 4.99,POINT (-124.5923 41.138),10.0
2025-03-18 00:58:09,38.142,-118.265,5.0,23.0,Mainshock,5.0 - 5.99,POINT (-118.265 38.142),73.0
2025-03-18 00:05:39,38.17,-118.375,4.0,5.0,Foreshock,4.0 - 4.99,POINT (-118.375 38.17),73.0
2025-03-18 00:22:22,38.053,-118.57,4.2,5.0,Mainshock,4.0 - 4.99,POINT (-118.57 38.053),73.0
2025-03-18 00:42:33,36.8735,-121.6162,4.5,8.83,Mainshock,4.0 - 4.99,POINT (-121.6162 36.8735),38.0
2025-03-18 00:47:51,37.3745,-121.7288,4.8,8.86,Mainshock,4.0 - 4.99,POINT (-121.7288 37.3745),39.0
2025-03-18 00:10:54,36.8622,-121.6042,4.1,6.71,Mainshock,4.0 - 4.99,POINT (-121.6042 36.8622),38.0
2025-03-18 00:08:50,38.168,-118.355,4.5,18.0,Mainshock,4.0 - 4.99,POINT (-118.355 38.168),73.0
2025-03-18 00:10:41,41.3982,-123.8048,4.76,41.86,Mainshock,4.0 - 4.99,POINT (-123.8048 41.3982),21.0
2025-03-18 00:45:13,37.5525,-121.9315,4.4,11.61,Mainshock,4.0 - 4.99,POINT (-121.9315 37.5525),39.0
2025-03-18 00:28:54,37.543,-118.8738,4.2,9.96,Mainshock,4.0 - 4.99,POINT (-118.8738 37.543),72.0
2025-03-18 00:38:46,40.6025,-124.4385,4.0,26.03,Foreshock,4.0 - 4.99,POINT (-124.4385 40.6025),9.0
2025-03-18 00:38:51,40.3338,-124.59,4.3,25.34,Mainshock,4.0 - 4.99,POINT (-124.59 40.3338),9.0
2025-03-18 00:10:38,40.338,-124.5928,4.0,21.98,Foreshock,4.0 - 4.99,POINT (-124.5928 40.338),9.0
2025-03-18 00:16:17,40.325,-124.545,4.3,23.42,Mainshock,4.0 - 4.99,POINT (-124.545 40.325),9.0
2025-03-18 00:02:11,35.826,-117.7562,4.14,4.71,Foreshock,4.0 - 4.99,POINT (-117.7562 35.826),81.0
2025-03-18 00:02:51,35.816,-117.8163,4.7,4.77,Mainshock,4.0 - 4.99,POINT (-117.8163 35.816),81.0
2025-03-18 00:19:57,35.8372,-117.755,4.03,4.71,Mainshock,4.0 - 4.99,POINT (-117.755 35.8372),81.0
2025-03-18 00:41:37,37.1122,-121.877,4.1,13.22,Mainshock,4.0 - 4.99,POINT (-121.877 37.1122),39.0
2025-03-18 00:09:28,33.0955,-115.6245,5.75,18.9,Mainshock,5.0 - 5.99,POINT (-115.6245 33.0955),101.0
2025-03-18 00:40:42,32.961,-115.724,4.17,5.38,Mainshock,4.0 - 4.99,POINT (-115.724 32.961),100.0
2025-03-18 00:54:50,38.047,-118.575,4.6,6.0,Mainshock,4.0 - 4.99,POINT (-118.575 38.047),73.0
2025-03-18 00:55:53,39.273,-119.768,4.2,10.0,Mainshock,4.0 - 4.99,POINT (-119.768 39.273),63.0
2025-03-18 00:02:38,37.9242,-118.5345,4.5,8.56,Mainshock,4.0 - 4.99,POINT (-118.5345 37.9242),72.0
2025-03-18 00:19:01,41.0937,-124.4637,4.2,22.58,Mainshock,4.0 - 4.99,POINT (-124.4637 41.0937),10.0
2025-03-18 00:41:04,40.3703,-124.9045,4.6,1.85,Mainshock,4.0 - 4.99,POINT (-124.9045 40.3703),9.0
2025-03-18 00:09:05,36.7548,-121.3535,4.3,9.99,Mainshock,4.0 - 4.99,POINT (-121.3535 36.7548),38.0
2025-03-18 00:53:59,40.3387,-124.605,4.3,26.69,Mainshock,4.0 - 4.99,POINT (-124.605 40.3387),9.0
2025-03-18 00:20:39,40.2945,-124.4838,4.0,22.35,Foreshock,4.0 - 4.99,POINT (-124.4838 40.2945),9.0
2025-03-18 00:57:47,35.0978,-118.5035,4.02,0.3,Mainshock,4.0 - 4.99,POINT (-118.5035 35.0978),70.0
2025-03-18 00:10:54,41.2443,-124.2225,4.25,18.87,Mainshock,4.0 - 4.99,POINT (-124.2225 41.2443),10.0
2025-03-18 00:50:30,32.6428,-118.036,4.12,14.83,Mainshock,4.0 - 4.99,POINT (-118.036 32.6428),67.0
2025-03-18 00:37:33,40.2283,-124.1685,4.6,10.31,Mainshock,4.0 - 4.99,POINT (-124.1685 40.2283),9.0
2025-03-18 00:38:49,32.0087,-116.3305,4.3,9.75,Mainshock,4.0 - 4.99,POINT (-116.3305 32.0087),89.0
2025-03-18 00:50:00,36.7763,-121.2937,4.2,8.76,Mainshock,4.0 - 4.99,POINT (-121.2937 36.7763),38.0
2025-03-18 00:50:49,33.5575,-119.1195,5.45,5.55,Mainshock,5.0 - 5.99,POINT (-119.1195 33.5575),57.0
2025-03-18 00:12:59,38.06,-118.59,4.3,16.0,Mainshock,4.0 - 4.99,POINT (-118.59 38.06),73.0
2025-03-18 00:41:15,40.3318,-124.5573,4.74,27.61,Mainshock,4.0 - 4.99,POINT (-124.5573 40.3318),9.0
2025-03-18 00:34:39,36.8108,-121.5433,4.0,8.51,Mainshock,4.0 - 4.99,POINT (-121.5433 36.8108),38.0
2025-03-18 00:53:26,37.5838,-118.8645,5.9,3.13,Mainshock,5.0 - 5.99,POINT (-118.8645 37.5838),72.0
2025-03-18 00:05:48,37.6407,-118.8445,4.9,4.2,Foreshock,4.0 - 4.99,POINT (-118.8445 37.6407),72.0
2025-03-18 00:50:06,37.566,-118.8885,4.5,1.57,Mainshock,4.0 - 4.99,POINT (-118.8885 37.566),72.0
2025-03-18 00:34:32,37.5258,-118.8797,4.0,1.66,Foreshock,4.0 - 4.99,POINT (-118.8797 37.5258),72.0
2025-03-18 00:35:12,37.5335,-118.8037,4.2,4.02,Foreshock,4.0 - 4.99,POINT (-118.8037 37.5335),72.0
2025-03-18 00:01:04,37.4942,-118.8718,4.12,5.56,Foreshock,4.0 - 4.99,POINT (-118.8718 37.4942),72.0
2025-03-18 00:01:55,37.5117,-118.8737,4.5,3.19,Foreshock,4.0 - 4.99,POINT (-118.8737 37.5117),72.0
2025-03-18 00:37:22,37.6378,-118.8475,4.1,5.7,Mainshock,4.0 - 4.99,POINT (-118.8475 37.6378),72.0
2025-03-18 00:20:37,37.5983,-118.8083,4.0,-0.58,Foreshock,4.0 - 4.99,POINT (-118.8083 37.5983),72.0
2025-03-18 00:28:16,33.5898,-119.0042,4.76,9.78,Mainshock,4.0 - 4.99,POINT (-119.0042 33.5898),57.0
2025-03-18 00:15:52,33.618,-119.017,4.61,14.6,Foreshock,4.0 - 4.99,POINT (-119.017 33.618),57.0
2025-03-18 00:34:36,35.0107,-119.1335,4.71,6.63,Mainshock,4.0 - 4.99,POINT (-119.1335 35.0107),59.0
2025-03-18 00:37:05,35.0128,-119.1778,4.19,0.3,Aftershock,4.0 - 4.99,POINT (-119.1778 35.0128),59.0
2025-03-18 00:46:10,40.3292,-124.5512,4.0,27.18,Mainshock,4.0 - 4.99,POINT (-124.5512 40.3292),9.0
2025-03-18 00:18:50,38.62,-118.188,4.5,11.0,Mainshock,4.0 - 4.99,POINT (-118.188 38.62),73.0
2025-03-18 00:47:52,38.668,-118.223,4.1,6.0,Mainshock,4.0 - 4.99,POINT (-118.223 38.668),73.0
2025-03-18 00:56:53,38.633,-118.21,4.4,17.0,Mainshock,4.0 - 4.99,POINT (-118.21 38.633),73.0
2025-03-18 06:10:48,35.8995,-120.441,3.29,5.65,Mainshock,3.0 - 3.99,POINT (-120.441 35.8995),48.0
2025-03-18 02:34:48,35.31783,-119.4085,4.05,12.05,Mainshock,4.0 - 4.99,POINT (-119.4085 35.31783),59.0
2025-03-18 07:20:55,38.18884,-117.862,4.36,1.48,Foreshock,4.0 - 4.99,POINT (-117.862 38.18884),84.0
2025-03-18 07:21:13,38.20917,-117.80133,4.37,21.62,Mainshock,4.0 - 4.99,POINT (-117.80133 38.20917),84.0
2025-03-18 00:28:07,37.33383,-117.90234,4.75,9.5,Mainshock,4.0 - 4.99,POINT (-117.90234 37.33383),83.0
2025-03-18 02:42:10,40.38467,-124.86433,4.58,12.57,Mainshock,4.0 - 4.99,POINT (-124.86433 40.38467),9.0
2025-03-18 04:21:22,38.1945,-117.88834,3.62,-1.84,Mainshock,3.0 - 3.99,POINT (-117.88834 38.1945),84.0
2025-03-18 00:56:40,40.478,-124.32183,3.03,18.75,Mainshock,3.0 - 3.99,POINT (-124.32183 40.478),9.0
2025-03-18 02:32:07,37.33633,-117.90283,3.01,8.72,Mainshock,3.0 - 3.99,POINT (-117.90283 37.33633),83.0
2025-03-18 06:21:31,34.43433,-118.99683,3.7,-0.76,Mainshock,3.0 - 3.99,POINT (-118.99683 34.43433),69.0
2025-03-18 23:46:18,33.36217,-116.87383,3.34,4.07,Aftershock,3.0 - 3.99,POINT (-116.87383 33.36217),90.0
2025-03-18 03:19:08,33.473,-116.4425,3.91,13.11,Mainshock,3.0 - 3.99,POINT (-116.4425 33.473),90.0
2025-03-18 00:02:30,34.43,-119.275,3.21,10.44,Mainshock,3.0 - 3.99,POINT (-119.275 34.43),58.0
2025-03-18 07:39:15,33.8255,-116.75166,3.7,13.08,Mainshock,3.0 - 3.99,POINT (-116.75166 33.8255),90.0
2025-03-18 17:55:07,38.94033,-122.09016,3.2,4.69,Mainshock,3.0 - 3.99,POINT (-122.09016 38.94033),29.0
2025-03-18 18:31:13,38.96717,-122.11283,3.3,1.59,Mainshock,3.0 - 3.99,POINT (-122.11283 38.96717),29.0
2025-03-18 15:45:10,38.20417,-117.77283,3.62,4.97,Mainshock,3.0 - 3.99,POINT (-117.77283 38.20417),84.0
2025-03-18 22:40:11,38.26383,-118.344,4.36,21.21,Mainshock,4.0 - 4.99,POINT (-118.344 38.26383),73.0
2025-03-18 16:53:10,36.66667,-121.27033,3.07,5.17,Mainshock,3.0 - 3.99,POINT (-121.27033 36.66667),38.0
2025-03-18 20:57:15,33.43833,-116.393,3.17,5.74,Mainshock,3.0 - 3.99,POINT (-116.393 33.43833),90.0
2025-03-18 09:59:04,36.02234,-117.78767,3.09,1.68,Mainshock,3.0 - 3.99,POINT (-117.78767 36.02234),82.0
2025-03-18 10:51:22,35.0695,-118.99033,3.57,16.62,Mainshock,3.0 - 3.99,POINT (-118.99033 35.0695),70.0
2025-03-18 10:52:41,35.04567,-118.997,3.35,14.87,Aftershock,3.0 - 3.99,POINT (-118.997 35.04567),70.0
2025-03-18 07:16:42,38.15217,-118.007,3.84,-1.21,Mainshock,3.0 - 3.99,POINT (-118.007 38.15217),73.0
2025-03-18 17:46:27,33.3245,-116.92717,3.93,11.56,Mainshock,3.0 - 3.99,POINT (-116.92717 33.3245),90.0
2025-03-18 17:26:16,33.9495,-118.19583,3.38,7.14,Mainshock,3.0 - 3.99,POINT (-118.19583 33.9495),68.0
2025-03-18 01:41:48,38.65533,-119.7725,3.47,-1.09,Mainshock,3.0 - 3.99,POINT (-119.7725 38.65533),62.0
2025-03-18 15:50:09,38.84617,-122.81917,3.14,1.12,Aftershock,3.0 - 3.99,POINT (-122.81917 38.84617),29.0
2025-03-18 04:55:17,38.78567,-122.74533,3.36,0.84,Mainshock,3.0 - 3.99,POINT (-122.74533 38.78567),29.0
2025-03-18 23:24:47,33.7025,-117.5035,3.64,4.17,Mainshock,3.0 - 3.99,POINT (-117.5035 33.7025),79.0
2025-03-18 00:01:53,37.72817,-122.13567,3.09,4.28,Mainshock,3.0 - 3.99,POINT (-122.13567 37.72817),28.0
2025-03-18 23:16:00,38.80817,-122.80133,3.27,2.93,Mainshock,3.0 - 3.99,POINT (-122.80133 38.80817),29.0
2025-03-18 00:25:02,34.40867,-119.13917,4.1,14.84,Mainshock,4.0 - 4.99,POINT (-119.13917 34.40867),58.0
2025-03-18 03:13:42,37.7395,-122.14783,3.24,3.84,Mainshock,3.0 - 3.99,POINT (-122.14783 37.7395),28.0
2025-03-18 16:41:35,34.37917,-118.656,3.31,1.6,Mainshock,3.0 - 3.99,POINT (-118.656 34.37917),69.0
2025-03-18 05:34:53,38.19383,-117.89433,3.35,-1.69,Mainshock,3.0 - 3.99,POINT (-117.89433 38.19383),84.0
2025-03-18 21:16:23,38.20633,-117.77617,4.48,-1.84,Mainshock,4.0 - 4.99,POINT (-117.77617 38.20633),84.0
2025-03-18 12:10:59,36.84517,-121.5535,3.09,7.0,Mainshock,3.0 - 3.99,POINT (-121.5535 36.84517),38.0
2025-03-18 23:02:47,35.69867,-121.1255,3.3,6.6,Mainshock,3.0 - 3.99,POINT (-121.1255 35.69867),37.0
2025-03-18 21:35:37,40.292,-124.41917,3.14,8.51,Mainshock,3.0 - 3.99,POINT (-124.41917 40.292),9.0
2025-03-18 05:06:09,38.27617,-118.35917,3.66,-2.03,Mainshock,3.0 - 3.99,POINT (-118.35917 38.27617),73.0
2025-03-18 05:07:36,36.72066,-121.37117,3.4,2.7,Mainshock,3.0 - 3.99,POINT (-121.37117 36.72066),38.0
2025-03-18 01:42:23,38.1935,-117.77983,3.34,0.93,Mainshock,3.0 - 3.99,POINT (-117.77983 38.1935),84.0
2025-03-18 01:44:18,34.42017,-119.12984,4.1,16.8,Mainshock,4.0 - 4.99,POINT (-119.12984 34.42017),58.0
2025-03-18 04:44:34,34.42867,-119.11916,3.12,17.92,Mainshock,3.0 - 3.99,POINT (-119.11916 34.42867),58.0
2025-03-18 04:44:34,34.44283,-119.14133,3.13,5.36,Mainshock,3.0 - 3.99,POINT (-119.14133 34.44283),58.0
2025-03-18 05:01:11,34.44433,-119.30016,3.18,9.95,Mainshock,3.0 - 3.99,POINT (-119.30016 34.44433),58.0
2025-03-18 05:06:43,34.45117,-119.2965,3.12,7.56,Mainshock,3.0 - 3.99,POINT (-119.2965 34.45117),58.0
2025-03-18 18:17:21,38.15083,-118.02683,3.43,9.51,Mainshock,3.0 - 3.99,POINT (-118.02683 38.15083),73.0
2025-03-18 11:39:58,38.7805,-122.75816,3.78,0.4,Mainshock,3.0 - 3.99,POINT (-122.75816 38.7805),29.0
2025-03-18 11:02:15,35.513,-118.383,3.43,10.4,Mainshock,3.0 - 3.99,POINT (-118.383 35.513),70.0
2025-03-18 15:07:29,36.52867,-121.11816,3.22,6.48,Mainshock,3.0 - 3.99,POINT (-121.11816 36.52867),38.0
2025-03-18 16:22:42,38.22583,-119.08,3.54,8.97,Mainshock,3.0 - 3.99,POINT (-119.08 38.22583),62.0
2025-03-18 20:51:30,36.58933,-121.18633,3.23,6.1,Foreshock,3.0 - 3.99,POINT (-121.18633 36.58933),38.0
2025-03-18 20:51:32,36.58467,-121.18833,4.12,6.03,Mainshock,4.0 - 4.99,POINT (-121.18833 36.58467),38.0
2025-03-18 04:09:24,36.586,-121.18283,3.07,5.89,Foreshock,3.0 - 3.99,POINT (-121.18283 36.586),38.0
2025-03-18 11:48:31,37.158,-115.21616,3.39,-1.17,Mainshock,3.0 - 3.99,POINT (-115.21616 37.158),105.0
2025-03-18 18:15:34,35.82433,-117.65533,3.18,9.35,Mainshock,3.0 - 3.99,POINT (-117.65533 35.82433),81.0
2025-03-18 04:51:22,38.521,-119.5405,3.99,-0.54,Mainshock,3.0 - 3.99,POINT (-119.5405 38.521),62.0
2025-03-18 15:16:25,36.483,-120.9055,3.28,17.94,Mainshock,3.0 - 3.99,POINT (-120.9055 36.483),49.0
2025-03-18 16:59:41,37.00217,-121.7615,3.58,12.04,Mainshock,3.0 - 3.99,POINT (-121.7615 37.00217),39.0
2025-03-18 10:33:38,34.02367,-117.5745,3.39,4.95,Mainshock,3.0 - 3.99,POINT (-117.5745 34.02367),80.0
2025-03-18 09:42:11,41.937,-119.6215,3.3,16.9,Mainshock,3.0 - 3.99,POINT (-119.6215 41.937),65.0
2025-03-18 21:10:58,39.12667,-122.2585,3.67,-0.49,Mainshock,3.0 - 3.99,POINT (-122.2585 39.12667),30.0
2025-03-18 17:46:51,38.51367,-119.54283,3.29,-0.46,Mainshock,3.0 - 3.99,POINT (-119.54283 38.51367),62.0
2025-03-18 03:44:35,41.9795,-119.5835,3.3,10.25,Mainshock,3.0 - 3.99,POINT (-119.5835 41.9795),65.0
2025-03-18 22:27:18,37.13183,-116.18367,3.08,-0.74,Mainshock,3.0 - 3.99,POINT (-116.18367 37.13183),94.0
2025-03-18 02:05:26,37.40933,-118.60316,3.93,10.53,Mainshock,3.0 - 3.99,POINT (-118.60316 37.40933),72.0
2025-03-18 08:16:30,37.41083,-118.601,3.29,10.53,Mainshock,3.0 - 3.99,POINT (-118.601 37.41083),72.0
2025-03-18 22:39:04,36.8105,-121.5395,3.33,5.84,Mainshock,3.0 - 3.99,POINT (-121.5395 36.8105),38.0
2025-03-18 11:34:29,38.2155,-117.869,3.84,-1.9,Mainshock,3.0 - 3.99,POINT (-117.869 38.2155),84.0
2025-03-18 15:31:59,40.8165,-123.46967,3.02,26.05,Aftershock,3.0 - 3.99,POINT (-123.46967 40.8165),20.0
2025-03-18 10:31:04,41.04533,-123.5105,3.54,33.39,Mainshock,3.0 - 3.99,POINT (-123.5105 41.04533),21.0
2025-03-18 09:51:31,35.03167,-116.9805,3.92,4.42,Mainshock,3.0 - 3.99,POINT (-116.9805 35.03167),92.0
2025-03-18 15:16:46,40.48717,-124.21017,4.07,21.4,Mainshock,4.0 - 4.99,POINT (-124.21017 40.48717),9.0
2025-03-18 15:18:31,40.48167,-124.21867,3.8,21.41,Aftershock,3.0 - 3.99,POINT (-124.21867 40.48167),9.0
2025-03-18 09:35:54,35.32,-118.5445,3.51,8.26,Mainshock,3.0 - 3.99,POINT (-118.5445 35.32),70.0
2025-03-18 23:40:18,33.18467,-115.4295,3.35,10.06,Mainshock,3.0 - 3.99,POINT (-115.4295 33.18467),101.0
2025-03-18 17:26:19,38.01083,-118.05117,3.32,9.85,Mainshock,3.0 - 3.99,POINT (-118.05117 38.01083),73.0
2025-03-18 04:31:12,33.03617,-117.03484,4.5,2.26,Mainshock,4.0 - 4.99,POINT (-117.03484 33.03617),79.0
2025-03-18 05:38:34,32.29517,-116.04366,4.03,3.03,Mainshock,4.0 - 4.99,POINT (-116.04366 32.29517),89.0
2025-03-18 05:00:09,38.79667,-122.98333,3.15,1.3,Mainshock,3.0 - 3.99,POINT (-122.98333 38.79667),29.0
2025-03-18 05:02:34,36.67817,-121.30417,3.22,4.37,Mainshock,3.0 - 3.99,POINT (-121.30417 36.67817),38.0
2025-03-18 18:17:56,38.8195,-122.80317,3.32,3.74,Aftershock,3.0 - 3.99,POINT (-122.80317 38.8195),29.0
2025-03-18 03:17:37,38.79883,-122.81167,3.34,3.08,Mainshock,3.0 - 3.99,POINT (-122.81167 38.79883),29.0
2025-03-18 21:56:48,36.12033,-118.0715,3.82,-1.33,Mainshock,3.0 - 3.99,POINT (-118.0715 36.12033),71.0
2025-03-18 20:17:27,40.82133,-124.36134,3.25,23.02,Mainshock,3.0 - 3.99,POINT (-124.36134 40.82133),9.0
2025-03-18 21:35:32,32.9895,-116.31233,3.67,1.49,Mainshock,3.0 - 3.99,POINT (-116.31233 32.9895),89.0
2025-03-18 23:21:37,36.91333,-118.036,3.24,5.66,Mainshock,3.0 - 3.99,POINT (-118.036 36.91333),71.0
2025-03-18 06:53:50,35.52617,-117.394,3.54,11.1,Mainshock,3.0 - 3.99,POINT (-117.394 35.52617),81.0
2025-03-18 13:32:36,33.3375,-116.85567,3.74,6.38,Mainshock,3.0 - 3.99,POINT (-116.85567 33.3375),90.0
2025-03-18 11:20:00,40.37717,-124.75467,3.0,18.35,Mainshock,3.0 - 3.99,POINT (-124.75467 40.37717),9.0
2025-03-18 21:28:14,34.92233,-119.34,3.54,1.45,Mainshock,3.0 - 3.99,POINT (-119.34 34.92233),58.0
2025-03-18 06:16:50,33.9785,-116.44017,3.96,-1.14,Mainshock,3.0 - 3.99,POINT (-116.44017 33.9785),90.0
2025-03-18 16:20:35,40.48367,-124.30917,3.05,19.16,Mainshock,3.0 - 3.99,POINT (-124.30917 40.48367),9.0
2025-03-18 01:30:30,37.51867,-118.82283,3.35,5.31,Mainshock,3.0 - 3.99,POINT (-118.82283 37.51867),72.0
2025-03-18 08:11:39,37.22983,-118.29183,3.31,5.47,Mainshock,3.0 - 3.99,POINT (-118.29183 37.22983),72.0
2025-03-18 09:23:32,35.60417,-117.412,4.31,7.28,Mainshock,4.0 - 4.99,POINT (-117.412 35.60417),81.0
2025-03-18 00:42:05,36.23833,-120.81084,3.02,6.67,Mainshock,3.0 - 3.99,POINT (-120.81084 36.23833),49.0
2025-03-18 12:07:22,38.0765,-122.00767,4.14,18.43,Mainshock,4.0 - 4.99,POINT (-122.00767 38.0765),29.0
2025-03-18 20:57:23,38.2075,-117.889,3.66,-1.79,Mainshock,3.0 - 3.99,POINT (-117.889 38.2075),84.0
2025-03-18 10:40:30,33.2275,-116.64333,3.75,5.58,Mainshock,3.0 - 3.99,POINT (-116.64333 33.2275),90.0
2025-03-18 14:41:33,33.291,-116.11417,3.22,0.03,Mainshock,3.0 - 3.99,POINT (-116.11417 33.291),90.0
2025-03-18 22:48:21,35.5105,-118.3835,3.89,8.93,Mainshock,3.0 - 3.99,POINT (-118.3835 35.5105),70.0
2025-03-18 07:34:17,35.51,-118.3825,3.39,7.74,Foreshock,3.0 - 3.99,POINT (-118.3825 35.51),70.0
2025-03-18 22:26:59,40.2915,-124.51884,3.79,20.18,Mainshock,3.0 - 3.99,POINT (-124.51884 40.2915),9.0
2025-03-18 09:40:43,38.94617,-123.0025,3.01,6.06,Mainshock,3.0 - 3.99,POINT (-123.0025 38.94617),18.0
2025-03-18 16:55:22,38.207,-117.81866,4.1,11.01,Mainshock,4.0 - 4.99,POINT (-117.81866 38.207),84.0
2025-03-18 17:58:34,35.17967,-118.975,3.35,14.16,Mainshock,3.0 - 3.99,POINT (-118.975 35.17967),70.0
2025-03-18 23:47:52,35.116,-118.994,3.32,13.97,Mainshock,3.0 - 3.99,POINT (-118.994 35.116),70.0
2025-03-18 20:14:16,37.19233,-121.58067,3.33,5.08,Mainshock,3.0 - 3.99,POINT (-121.58067 37.19233),39.0
2025-03-18 09:05:12,35.97233,-120.52666,3.35,10.72,Mainshock,3.0 - 3.99,POINT (-120.52666 35.97233),48.0
2025-03-18 11:57:40,38.83017,-122.74717,4.19,0.48,Mainshock,4.0 - 4.99,POINT (-122.74717 38.83017),29.0
2025-03-18 17:48:11,38.222,-117.78833,3.7,-1.71,Mainshock,3.0 - 3.99,POINT (-117.78833 38.222),84.0
2025-03-18 05:27:56,37.1925,-118.2695,3.24,11.63,Mainshock,3.0 - 3.99,POINT (-118.2695 37.1925),72.0
2025-03-18 11:13:48,41.40583,-119.2365,3.32,-1.09,Mainshock,3.0 - 3.99,POINT (-119.2365 41.40583),65.0
2025-03-18 17:28:48,38.694,-116.09,3.5,0.041,Mainshock,3.0 - 3.99,POINT (-116.09 38.694),95.0
2025-03-18 07:22:41,37.353,-118.55167,3.38,10.3,Mainshock,3.0 - 3.99,POINT (-118.55167 37.353),72.0
2025-03-18 06:15:46,35.5535,-118.39967,3.71,6.81,Mainshock,3.0 - 3.99,POINT (-118.39967 35.5535),70.0
2025-03-18 10:29:52,33.22783,-116.1245,3.21,-1.2,Mainshock,3.0 - 3.99,POINT (-116.1245 33.22783),90.0
2025-03-18 15:02:04,38.687,-116.088,3.5,0.8,Mainshock,3.0 - 3.99,POINT (-116.088 38.687),95.0
2025-03-18 16:47:18,38.675,-116.085,3.5,0.1,Mainshock,3.0 - 3.99,POINT (-116.085 38.675),95.0
2025-03-18 16:01:36,33.30133,-116.31533,3.4,0.33,Mainshock,3.0 - 3.99,POINT (-116.31533 33.30133),90.0
2025-03-18 18:54:03,33.27167,-116.01867,3.6,-1.14,Mainshock,3.0 - 3.99,POINT (-116.01867 33.27167),90.0
2025-03-18 19:30:34,34.21733,-117.59167,3.34,6.05,Mainshock,3.0 - 3.99,POINT (-117.59167 34.21733),80.0
2025-03-18 01:19:06,35.7085,-117.58533,4.59,9.93,Mainshock,4.0 - 4.99,POINT (-117.58533 35.7085),81.0
2025-03-18 01:47:56,32.96167,-122.266,3.18,9.92,Mainshock,3.0 - 3.99,POINT (-122.266 32.96167),23.0
2025-03-18 08:19:59,38.8165,-122.82217,3.26,2.64,Mainshock,3.0 - 3.99,POINT (-122.82217 38.8165),29.0
2025-03-18 10:41:43,33.41017,-118.0165,3.55,-0.51,Mainshock,3.0 - 3.99,POINT (-118.0165 33.41017),68.0
2025-03-18 11:34:47,35.48633,-118.28384,3.48,5.94,Mainshock,3.0 - 3.99,POINT (-118.28384 35.48633),70.0
2025-03-18 15:44:26,35.50917,-118.38116,3.88,7.61,Mainshock,3.0 - 3.99,POINT (-118.38116 35.50917),70.0
2025-03-18 18:18:39,33.26583,-115.99617,3.57,1.32,Mainshock,3.0 - 3.99,POINT (-115.99617 33.26583),101.0
2025-03-18 17:07:58,35.5145,-118.38683,3.59,9.63,Mainshock,3.0 - 3.99,POINT (-118.38683 35.5145),70.0
2025-03-18 17:00:16,37.91333,-118.45517,3.06,10.03,Mainshock,3.0 - 3.99,POINT (-118.45517 37.91333),72.0
2025-03-18 00:11:28,36.196,-117.82283,3.21,6.97,Mainshock,3.0 - 3.99,POINT (-117.82283 36.196),82.0
2025-03-18 01:41:04,39.46567,-121.47617,4.24,0.59,Mainshock,4.0 - 4.99,POINT (-121.47617 39.46567),41.0
2025-03-18 02:47:13,36.07433,-120.163,3.37,7.88,Mainshock,3.0 - 3.99,POINT (-120.163 36.07433),49.0
2025-03-18 11:21:20,32.69517,-116.7355,4.21,3.96,Mainshock,4.0 - 4.99,POINT (-116.7355 32.69517),89.0
2025-03-18 21:44:06,40.31367,-124.57833,3.9,15.88,Mainshock,3.0 - 3.99,POINT (-124.57833 40.31367),9.0
2025-03-18 18:45:00,34.44617,-117.80517,3.45,-0.64,Mainshock,3.0 - 3.99,POINT (-117.80517 34.44617),80.0
2025-03-18 02:38:51,36.65467,-121.09283,3.26,11.05,Mainshock,3.0 - 3.99,POINT (-121.09283 36.65467),38.0
2025-03-18 20:44:14,38.58167,-119.446,4.45,5.4,Mainshock,4.0 - 4.99,POINT (-119.446 38.58167),62.0
2025-03-18 00:33:28,38.58433,-119.44883,3.0,5.07,Foreshock,3.0 - 3.99,POINT (-119.44883 38.58433),62.0
2025-03-18 17:12:57,38.586,-119.44984,3.49,5.23,Mainshock,3.0 - 3.99,POINT (-119.44984 38.586),62.0
2025-03-18 03:37:05,38.58767,-119.45233,3.45,5.2,Foreshock,3.0 - 3.99,POINT (-119.45233 38.58767),62.0
2025-03-18 07:25:36,41.132,-123.882,3.17,28.27,Mainshock,3.0 - 3.99,POINT (-123.882 41.132),21.0
2025-03-18 12:33:35,40.7575,-123.9355,3.57,22.58,Mainshock,3.0 - 3.99,POINT (-123.9355 40.7575),20.0
2025-03-18 00:53:01,33.91817,-116.78567,3.2,15.0,Mainshock,3.0 - 3.99,POINT (-116.78567 33.91817),90.0
2025-03-18 07:32:51,33.30867,-116.33033,3.39,2.91,Mainshock,3.0 - 3.99,POINT (-116.33033 33.30867),90.0
2025-03-18 19:42:52,37.35683,-121.71267,3.0,8.12,Mainshock,3.0 - 3.99,POINT (-121.71267 37.35683),39.0
2025-03-18 13:04:11,38.199,-117.9755,3.18,7.73,Mainshock,3.0 - 3.99,POINT (-117.9755 38.199),84.0
2025-03-18 22:48:03,35.642,-118.31834,3.52,7.83,Mainshock,3.0 - 3.99,POINT (-118.31834 35.642),70.0
2025-03-18 18:31:27,38.16567,-117.91267,3.83,-1.74,Mainshock,3.0 - 3.99,POINT (-117.91267 38.16567),84.0
2025-03-18 22:41:44,40.5055,-124.256,3.33,26.24,Mainshock,3.0 - 3.99,POINT (-124.256 40.5055),9.0
2025-03-18 13:36:22,36.549,-121.0965,4.0,1.6,Mainshock,4.0 - 4.99,POINT (-121.0965 36.549),38.0
2025-03-18 15:21:20,41.96283,-119.57017,3.16,14.9,Mainshock,3.0 - 3.99,POINT (-119.57017 41.96283),65.0
2025-03-18 17:04:55,33.99933,-117.56517,3.84,7.86,Mainshock,3.0 - 3.99,POINT (-117.56517 33.99933),79.0
2025-03-18 18:57:55,36.56883,-121.13084,3.47,9.91,Mainshock,3.0 - 3.99,POINT (-121.13084 36.56883),38.0
2025-03-18 22:55:15,37.31217,-121.67817,3.36,7.77,Mainshock,3.0 - 3.99,POINT (-121.67817 37.31217),39.0
2025-03-18 11:55:23,33.973,-116.84866,3.29,-0.81,Mainshock,3.0 - 3.99,POINT (-116.84866 33.973),90.0
2025-03-18 06:55:21,36.6365,-121.25816,3.24,9.53,Mainshock,3.0 - 3.99,POINT (-121.25816 36.6365),38.0
2025-03-18 20:09:09,39.6025,-120.40317,3.3,-1.55,Mainshock,3.0 - 3.99,POINT (-120.40317 39.6025),52.0
2025-03-18 22:44:25,37.4665,-118.81233,3.0,8.99,Mainshock,3.0 - 3.99,POINT (-118.81233 37.4665),72.0
2025-03-18 01:39:38,38.475,-122.70717,4.39,5.57,Mainshock,4.0 - 4.99,POINT (-122.70717 38.475),29.0
2025-03-18 01:40:20,38.48133,-122.70367,4.29,5.59,Aftershock,4.0 - 4.99,POINT (-122.70367 38.48133),29.0
2025-03-18 20:07:05,36.94433,-121.03584,3.25,6.42,Mainshock,3.0 - 3.99,POINT (-121.03584 36.94433),38.0
2025-03-18 16:12:42,38.52333,-119.505,3.65,5.3,Mainshock,3.0 - 3.99,POINT (-119.505 38.52333),62.0
2025-03-18 03:53:51,41.98933,-119.56467,3.01,0.47,Mainshock,3.0 - 3.99,POINT (-119.56467 41.98933),65.0
2025-03-18 20:44:17,40.34083,-124.42367,3.18,18.88,Mainshock,3.0 - 3.99,POINT (-124.42367 40.34083),9.0
2025-03-18 06:55:48,33.727,-115.93716,3.53,-1.14,Mainshock,3.0 - 3.99,POINT (-115.93716 33.727),101.0
2025-03-18 09:13:21,33.73483,-115.912,3.45,-1.16,Mainshock,3.0 - 3.99,POINT (-115.912 33.73483),101.0
2025-03-18 04:47:18,36.72967,-121.34534,3.26,7.74,Mainshock,3.0 - 3.99,POINT (-121.34534 36.72967),38.0
2025-03-18 14:03:08,39.8005,-123.18616,3.96,9.05,Mainshock,3.0 - 3.99,POINT (-123.18616 39.8005),19.0
2025-03-18 18:34:41,33.324,-115.80566,3.49,0.07,Mainshock,3.0 - 3.99,POINT (-115.80566 33.324),101.0
2025-03-18 02:43:10,40.29417,-124.4145,3.69,7.88,Mainshock,3.0 - 3.99,POINT (-124.4145 40.29417),9.0
2025-03-18 06:58:34,38.77133,-122.714,3.05,1.66,Mainshock,3.0 - 3.99,POINT (-122.714 38.77133),29.0
2025-03-18 19:27:39,40.31367,-124.7245,4.84,13.08,Mainshock,4.0 - 4.99,POINT (-124.7245 40.31367),9.0
2025-03-18 08:03:39,35.50867,-118.386,4.09,9.4,Mainshock,4.0 - 4.99,POINT (-118.386 35.50867),70.0
2025-03-18 13:02:57,34.41133,-116.4855,3.24,-1.23,Mainshock,3.0 - 3.99,POINT (-116.4855 34.41133),91.0
2025-03-18 17:02:02,37.5,-121.62067,3.35,7.61,Mainshock,3.0 - 3.99,POINT (-121.62067 37.5),39.0
2025-03-18 11:50:11,33.4845,-116.5065,3.51,8.53,Mainshock,3.0 - 3.99,POINT (-116.5065 33.4845),90.0
2025-03-18 08:24:34,33.8695,-117.73833,3.21,3.58,Mainshock,3.0 - 3.99,POINT (-117.73833 33.8695),79.0
2025-03-18 04:51:30,37.32784,-120.04117,3.01,19.55,Mainshock,3.0 - 3.99,POINT (-120.04117 37.32784),50.0
2025-03-18 22:45:04,33.02,-116.30883,3.63,-0.28,Mainshock,3.0 - 3.99,POINT (-116.30883 33.02),90.0
2025-03-18 22:35:24,39.35917,-119.96584,3.12,-1.34,Mainshock,3.0 - 3.99,POINT (-119.96584 39.35917),63.0
2025-03-18 00:28:36,38.54984,-119.44117,3.54,7.27,Mainshock,3.0 - 3.99,POINT (-119.44117 38.54984),62.0
2025-03-18 12:54:07,35.053,-118.98817,3.73,14.48,Mainshock,3.0 - 3.99,POINT (-118.98817 35.053),70.0
2025-03-18 17:24:22,35.04217,-118.9865,3.04,13.94,Mainshock,3.0 - 3.99,POINT (-118.9865 35.04217),70.0
2025-03-18 17:30:41,38.765,-122.71433,3.14,1.69,Mainshock,3.0 - 3.99,POINT (-122.71433 38.765),29.0
2025-03-18 23:59:04,38.81217,-122.81517,3.33,3.26,Mainshock,3.0 - 3.99,POINT (-122.81517 38.81217),29.0
2025-03-18 23:59:50,38.81767,-122.80783,3.27,2.43,Aftershock,3.0 - 3.99,POINT (-122.80783 38.81767),29.0
2025-03-18 00:02:34,38.816,-122.81084,3.22,1.68,Foreshock,3.0 - 3.99,POINT (-122.81084 38.816),29.0
2025-03-18 07:55:16,40.3495,-123.5185,4.32,33.05,Mainshock,4.0 - 4.99,POINT (-123.5185 40.3495),20.0
2025-03-18 09:24:58,33.48417,-116.42284,3.27,4.95,Mainshock,3.0 - 3.99,POINT (-116.42284 33.48417),90.0
2025-03-18 18:16:23,40.57817,-124.14,4.1,28.35,Mainshock,4.0 - 4.99,POINT (-124.14 40.57817),9.0
2025-03-18 18:42:02,37.3115,-121.672,5.06,8.38,Mainshock,5.0 - 5.99,POINT (-121.672 37.3115),39.0
2025-03-18 22:08:37,37.31067,-121.67516,3.54,8.05,Mainshock,3.0 - 3.99,POINT (-121.67516 37.31067),39.0
2025-03-18 06:24:19,38.54716,-119.534,3.05,4.12,Mainshock,3.0 - 3.99,POINT (-119.534 38.54716),62.0
2025-03-18 08:14:34,33.64617,-116.723,3.03,3.84,Mainshock,3.0 - 3.99,POINT (-116.723 33.64617),90.0
2025-03-18 17:54:22,40.31133,-124.36867,3.66,28.88,Mainshock,3.0 - 3.99,POINT (-124.36867 40.31133),9.0
2025-03-18 20:26:32,38.83317,-122.79617,3.19,2.47,Mainshock,3.0 - 3.99,POINT (-122.79617 38.83317),29.0
2025-03-18 02:01:27,39.48283,-123.1165,3.76,5.64,Mainshock,3.0 - 3.99,POINT (-123.1165 39.48283),19.0
2025-03-18 19:41:35,38.51817,-119.52067,3.23,4.61,Mainshock,3.0 - 3.99,POINT (-119.52067 38.51817),62.0
2025-03-18 13:11:22,38.51117,-119.5185,3.09,4.48,Foreshock,3.0 - 3.99,POINT (-119.5185 38.51117),62.0
2025-03-18 04:01:52,39.332,-117.479,3.0,7.54,Mainshock,3.0 - 3.99,POINT (-117.479 39.332),85.0
2025-03-18 00:52:21,37.97533,-116.02167,3.0,8.74,Mainshock,3.0 - 3.99,POINT (-116.02167 37.97533),94.0
2025-03-18 15:28:29,32.804,-116.008,4.17,-0.76,Mainshock,4.0 - 4.99,POINT (-116.008 32.804),89.0
2025-03-18 12:21:48,37.15633,-118.338,3.91,8.17,Mainshock,3.0 - 3.99,POINT (-118.338 37.15633),72.0
2025-03-18 06:53:49,41.98267,-119.62183,3.12,-0.3,Mainshock,3.0 - 3.99,POINT (-119.62183 41.98267),65.0
2025-03-18 23:13:16,37.32583,-121.68767,3.59,8.21,Mainshock,3.0 - 3.99,POINT (-121.68767 37.32583),39.0
2025-03-18 00:10:37,35.93567,-120.01266,3.98,9.46,Mainshock,3.0 - 3.99,POINT (-120.01266 35.93567),48.0
2025-03-18 08:43:21,41.98967,-119.5615,3.71,19.14,Mainshock,3.0 - 3.99,POINT (-119.5615 41.98967),65.0
2025-03-18 14:13:22,35.50917,-118.39217,3.85,9.56,Mainshock,3.0 - 3.99,POINT (-118.39217 35.50917),70.0
2025-03-18 02:46:32,39.631,-120.1395,3.12,-1.24,Mainshock,3.0 - 3.99,POINT (-120.1395 39.631),52.0
2025-03-18 16:48:47,41.991,-119.574,3.08,-0.49,Mainshock,3.0 - 3.99,POINT (-119.574 41.991),65.0
2025-03-18 07:10:32,38.355,-115.833,3.0,11.2,Mainshock,3.0 - 3.99,POINT (-115.833 38.355),106.0
2025-03-18 12:31:28,36.60467,-121.20934,3.28,8.88,Mainshock,3.0 - 3.99,POINT (-121.20934 36.60467),38.0
2025-03-18 11:39:42,37.91817,-122.304,3.57,5.48,Mainshock,3.0 - 3.99,POINT (-122.304 37.91817),28.0
2025-03-18 10:34:24,40.525,-124.423,6.4,17.91,Mainshock,6.0 - 6.99,POINT (-124.423 40.525),9.0
2025-03-18 10:37:21,40.54016,-124.31817,3.64,17.88,Aftershock,3.0 - 3.99,POINT (-124.31817 40.54016),9.0
2025-03-18 10:38:02,40.62883,-123.98634,3.3,21.81,Aftershock,3.0 - 3.99,POINT (-123.98634 40.62883),20.0
2025-03-18 10:39:02,40.52283,-124.18816,4.92,26.55,Aftershock,4.0 - 4.99,POINT (-124.18816 40.52283),9.0
2025-03-18 10:39:46,40.553,-124.33167,3.2,19.76,Aftershock,3.0 - 3.99,POINT (-124.33167 40.553),9.0
2025-03-18 10:40:03,40.61117,-124.10683,3.2,23.04,Aftershock,3.0 - 3.99,POINT (-124.10683 40.61117),9.0
2025-03-18 10:41:28,41.293,-124.01334,3.3,5.1,Mainshock,3.0 - 3.99,POINT (-124.01334 41.293),10.0
2025-03-18 10:44:47,40.51833,-124.36784,3.3,14.19,Mainshock,3.0 - 3.99,POINT (-124.36784 40.51833),9.0
2025-03-18 10:44:53,40.60167,-124.322,3.3,20.15,Aftershock,3.0 - 3.99,POINT (-124.322 40.60167),9.0
2025-03-18 10:51:19,40.62,-123.908,3.2,23.31,Foreshock,3.0 - 3.99,POINT (-123.908 40.62),20.0
2025-03-18 10:52:39,40.586,-124.31284,3.05,20.75,Foreshock,3.0 - 3.99,POINT (-124.31284 40.586),9.0
2025-03-18 10:53:16,40.52733,-124.35433,3.52,17.09,Mainshock,3.0 - 3.99,POINT (-124.35433 40.52733),9.0
2025-03-18 11:42:54,40.529,-124.3145,3.02,17.94,Mainshock,3.0 - 3.99,POINT (-124.3145 40.529),9.0
2025-03-18 13:35:06,40.52683,-124.324,3.4,18.0,Mainshock,3.0 - 3.99,POINT (-124.324 40.52683),9.0
2025-03-18 13:53:19,40.51867,-124.389,3.31,17.56,Mainshock,3.0 - 3.99,POINT (-124.389 40.51867),9.0
2025-03-18 15:09:05,40.6005,-124.06883,3.99,22.5,Mainshock,3.0 - 3.99,POINT (-124.06883 40.6005),9.0
2025-03-18 15:30:01,40.56567,-123.97667,3.01,20.1,Foreshock,3.0 - 3.99,POINT (-123.97667 40.56567),20.0
2025-03-18 15:33:26,40.54617,-124.31817,3.18,18.06,Mainshock,3.0 - 3.99,POINT (-124.31817 40.54617),9.0
2025-03-18 16:33:41,40.53033,-124.36234,3.2,17.7,Mainshock,3.0 - 3.99,POINT (-124.36234 40.53033),9.0
2025-03-18 22:06:34,40.5455,-124.32917,4.35,19.74,Mainshock,4.0 - 4.99,POINT (-124.32917 40.5455),9.0
2025-03-18 01:07:33,40.50583,-124.46616,3.02,22.8,Foreshock,3.0 - 3.99,POINT (-124.46616 40.50583),9.0
2025-03-18 07:17:15,40.693,-124.029,3.0,21.97,Mainshock,3.0 - 3.99,POINT (-124.029 40.693),9.0
2025-03-18 16:28:16,40.59717,-124.06517,3.3,22.03,Mainshock,3.0 - 3.99,POINT (-124.06517 40.59717),9.0
2025-03-18 02:22:50,37.62017,-122.025,3.34,3.82,Mainshock,3.0 - 3.99,POINT (-122.025 37.62017),28.0
2025-03-18 08:47:13,40.52,-124.411,3.33,17.87,Mainshock,3.0 - 3.99,POINT (-124.411 40.52),9.0
2025-03-18 11:49:55,40.36017,-124.33466,3.79,28.71,Mainshock,3.0 - 3.99,POINT (-124.33466 40.36017),9.0
2025-03-18 19:33:44,40.55717,-124.00833,4.16,22.4,Mainshock,4.0 - 4.99,POINT (-124.00833 40.55717),9.0
2025-03-18 13:22:52,39.07117,-118.28133,3.33,-2.07,Mainshock,3.0 - 3.99,POINT (-118.28133 39.07117),74.0
2025-03-18 11:41:09,34.35483,-116.912,3.67,2.69,Mainshock,3.0 - 3.99,POINT (-116.912 34.35483),91.0
2025-03-18 12:12:26,33.39067,-116.3675,4.2,2.29,Mainshock,4.0 - 4.99,POINT (-116.3675 33.39067),90.0
2025-03-18 06:19:31,36.59583,-121.20016,3.14,8.14,Mainshock,3.0 - 3.99,POINT (-121.20016 36.59583),38.0
2025-03-18 06:49:10,36.595,-121.20634,3.9,7.74,Mainshock,3.0 - 3.99,POINT (-121.20634 36.595),38.0
2025-03-18 18:35:04,40.409,-123.971,5.35,30.63,Mainshock,5.0 - 5.99,POINT (-123.971 40.409),20.0
2025-03-18 22:41:09,37.371,-118.368,3.06,5.96,Mainshock,3.0 - 3.99,POINT (-118.368 37.371),72.0
2025-03-18 20:49:34,36.025,-117.7715,3.22,5.49,Mainshock,3.0 - 3.99,POINT (-117.7715 36.025),82.0
2025-03-18 12:27:19,40.70683,-124.21033,3.27,18.71,Mainshock,3.0 - 3.99,POINT (-124.21033 40.70683),9.0
2025-03-18 19:42:56,33.39817,-116.38467,3.22,4.68,Mainshock,3.0 - 3.99,POINT (-116.38467 33.39817),90.0
2025-03-18 15:34:50,36.0785,-118.91133,3.39,10.92,Mainshock,3.0 - 3.99,POINT (-118.91133 36.0785),71.0
2025-03-18 18:32:14,40.94883,-124.03033,3.61,22.2,Mainshock,3.0 - 3.99,POINT (-124.03033 40.94883),9.0
2025-03-18 17:21:42,40.52133,-124.93233,4.05,17.86,Mainshock,4.0 - 4.99,POINT (-124.93233 40.52133),9.0
2025-03-18 18:59:20,33.703,-116.74834,3.25,15.29,Mainshock,3.0 - 3.99,POINT (-116.74834 33.703),90.0
2025-03-18 10:02:52,40.5245,-124.41,3.5,18.4,Mainshock,3.0 - 3.99,POINT (-124.41 40.5245),9.0
2025-03-18 03:06:21,38.5285,-119.5205,3.2,5.56,Mainshock,3.0 - 3.99,POINT (-119.5205 38.5285),62.0
2025-03-18 22:51:35,37.29517,-120.028,3.38,16.43,Mainshock,3.0 - 3.99,POINT (-120.028 37.29517),50.0
2025-03-18 13:58:40,35.86317,-117.70016,3.33,11.47,Mainshock,3.0 - 3.99,POINT (-117.70016 35.86317),81.0
2025-03-18 17:15:55,36.80967,-121.531,3.56,5.32,Mainshock,3.0 - 3.99,POINT (-121.531 36.80967),38.0
2025-03-18 19:21:41,36.80733,-121.532,3.16,4.17,Mainshock,3.0 - 3.99,POINT (-121.532 36.80733),38.0
2025-03-18 20:30:07,41.12867,-123.8765,3.66,26.26,Mainshock,3.0 - 3.99,POINT (-123.8765 41.12867),21.0
2025-03-18 01:18:07,38.75117,-123.09483,3.59,6.28,Mainshock,3.0 - 3.99,POINT (-123.09483 38.75117),18.0
2025-03-18 07:15:39,36.484,-120.69234,3.02,10.28,Mainshock,3.0 - 3.99,POINT (-120.69234 36.484),49.0
2025-03-18 08:01:14,41.128,-123.87534,4.26,25.27,Mainshock,4.0 - 4.99,POINT (-123.87534 41.128),21.0
2025-03-18 03:27:50,38.82084,-122.788,3.06,0.9,Mainshock,3.0 - 3.99,POINT (-122.788 38.82084),29.0
2025-03-18 13:58:02,37.10933,-121.51683,3.62,5.65,Mainshock,3.0 - 3.99,POINT (-121.51683 37.10933),39.0
2025-03-18 10:00:54,33.85,-118.70016,4.18,11.73,Mainshock,4.0 - 4.99,POINT (-118.70016 33.85),68.0
2025-03-18 10:03:33,33.897,-118.68833,3.68,-0.37,Aftershock,3.0 - 3.99,POINT (-118.68833 33.897),68.0
2025-03-18 10:28:22,40.588,-124.12383,3.23,17.1,Mainshock,3.0 - 3.99,POINT (-124.12383 40.588),9.0
2025-03-18 17:16:14,38.20667,-117.85183,3.39,-0.76,Mainshock,3.0 - 3.99,POINT (-117.85183 38.20667),84.0
2025-03-18 23:56:58,40.5355,-124.39733,3.7,24.7,Mainshock,3.0 - 3.99,POINT (-124.39733 40.5355),9.0
2025-03-18 00:11:02,34.30167,-118.477,3.29,-0.4,Mainshock,3.0 - 3.99,POINT (-118.477 34.30167),69.0
2025-03-18 08:08:31,34.75333,-121.57317,3.6,28.95,Mainshock,3.0 - 3.99,POINT (-121.57317 34.75333),36.0
2025-03-18 03:23:06,38.18483,-117.904,3.52,1.0,Mainshock,3.0 - 3.99,POINT (-117.904 38.18483),84.0
2025-03-18 10:13:10,36.14517,-120.2365,3.34,10.85,Mainshock,3.0 - 3.99,POINT (-120.2365 36.14517),49.0
2025-03-18 10:09:46,32.9765,-115.93884,3.24,4.28,Mainshock,3.0 - 3.99,POINT (-115.93884 32.9765),100.0
2025-03-18 17:41:39,40.224,-123.15017,3.0,39.42,Mainshock,3.0 - 3.99,POINT (-123.15017 40.224),20.0
2025-03-18 19:13:53,38.8385,-122.82,3.34,2.35,Mainshock,3.0 - 3.99,POINT (-122.82 38.8385),29.0
2025-03-18 15:48:21,40.5595,-124.22034,3.07,15.63,Mainshock,3.0 - 3.99,POINT (-124.22034 40.5595),9.0
2025-03-18 18:22:12,38.171,-117.894,3.23,3.54,Mainshock,3.0 - 3.99,POINT (-117.894 38.171),84.0
2025-03-18 13:30:51,35.61533,-117.41583,3.33,6.35,Mainshock,3.0 - 3.99,POINT (-117.41583 35.61533),81.0
2025-03-18 07:09:40,38.82867,-122.81483,3.3,1.96,Mainshock,3.0 - 3.99,POINT (-122.81483 38.82867),29.0
2025-03-18 21:16:17,38.79083,-122.77583,3.35,3.83,Foreshock,3.0 - 3.99,POINT (-122.77583 38.79083),29.0
2025-03-18 21:16:50,38.78767,-122.78217,3.59,2.72,Mainshock,3.0 - 3.99,POINT (-122.78217 38.78767),29.0
2025-03-18 14:33:12,36.59417,-121.20116,3.8,9.29,Mainshock,3.0 - 3.99,POINT (-121.20116 36.59417),38.0
2025-03-18 05:00:29,37.51767,-117.9835,3.82,0.11,Mainshock,3.0 - 3.99,POINT (-117.9835 37.51767),83.0
2025-03-18 09:25:08,37.51367,-117.98367,3.04,1.11,Mainshock,3.0 - 3.99,POINT (-117.98367 37.51367),83.0
2025-03-18 09:35:28,37.5195,-117.972,3.15,-0.46,Mainshock,3.0 - 3.99,POINT (-117.972 37.5195),83.0
2025-03-18 10:13:18,37.52133,-117.971,3.88,-1.23,Mainshock,3.0 - 3.99,POINT (-117.971 37.52133),83.0
2025-03-18 17:41:24,36.69967,-121.339,3.19,4.02,Foreshock,3.0 - 3.99,POINT (-121.339 36.69967),38.0
2025-03-18 17:41:44,36.70033,-121.34,3.24,3.99,Mainshock,3.0 - 3.99,POINT (-121.34 36.70033),38.0
2025-03-18 17:46:51,36.6975,-121.33817,3.21,4.19,Mainshock,3.0 - 3.99,POINT (-121.33817 36.6975),38.0
2025-03-18 18:29:41,35.74733,-121.2455,3.49,6.15,Mainshock,3.0 - 3.99,POINT (-121.2455 35.74733),37.0
2025-03-18 21:44:05,37.5105,-117.95567,3.75,-0.79,Aftershock,3.0 - 3.99,POINT (-117.95567 37.5105),83.0
2025-03-18 07:03:42,37.50967,-117.972,3.87,-0.21,Mainshock,3.0 - 3.99,POINT (-117.972 37.50967),83.0
2025-03-18 14:23:06,37.508,-117.97417,3.7,0.32,Mainshock,3.0 - 3.99,POINT (-117.97417 37.508),83.0
2025-03-18 16:52:07,33.24417,-115.86483,3.54,1.32,Mainshock,3.0 - 3.99,POINT (-115.86483 33.24417),101.0
2025-03-18 17:19:33,33.25267,-115.85767,3.59,-1.02,Mainshock,3.0 - 3.99,POINT (-115.85767 33.25267),101.0
2025-03-18 23:18:19,40.5415,-124.3725,4.54,18.1,Mainshock,4.0 - 4.99,POINT (-124.3725 40.5415),9.0
2025-03-18 03:38:53,36.7035,-121.341,3.22,4.04,Mainshock,3.0 - 3.99,POINT (-121.341 36.7035),38.0
2025-03-18 00:30:20,35.5345,-117.44083,3.31,11.3,Mainshock,3.0 - 3.99,POINT (-117.44083 35.5345),81.0
2025-03-18 13:45:13,33.16483,-116.37617,3.57,-0.76,Mainshock,3.0 - 3.99,POINT (-116.37617 33.16483),90.0
2025-03-18 06:20:46,35.8145,-116.8565,3.49,4.12,Mainshock,3.0 - 3.99,POINT (-116.8565 35.8145),92.0
2025-03-18 13:01:18,37.61733,-122.47733,3.4,9.13,Mainshock,3.0 - 3.99,POINT (-122.47733 37.61733),28.0
2025-03-18 01:16:07,33.3755,-116.91634,4.18,9.01,Mainshock,4.0 - 4.99,POINT (-116.91634 33.3755),90.0
2025-03-18 16:24:56,37.7505,-122.14267,3.0,7.58,Mainshock,3.0 - 3.99,POINT (-122.14267 37.7505),28.0
2025-03-18 16:43:48,37.74917,-122.14333,3.01,7.62,Mainshock,3.0 - 3.99,POINT (-122.14333 37.74917),28.0
2025-03-18 11:35:27,35.20183,-118.66883,3.24,7.45,Mainshock,3.0 - 3.99,POINT (-118.66883 35.20183),70.0
2025-03-18 21:47:00,35.3925,-122.26266,3.6,11.37,Mainshock,3.0 - 3.99,POINT (-122.26266 35.3925),26.0
2025-03-18 22:23:17,36.801,-121.323,4.41,10.16,Mainshock,4.0 - 4.99,POINT (-121.323 36.801),38.0
2025-03-18 05:07:58,38.83484,-122.81067,3.05,2.09,Mainshock,3.0 - 3.99,POINT (-122.81067 38.83484),29.0
2025-03-18 17:40:32,37.10933,-121.51817,3.0,5.68,Mainshock,3.0 - 3.99,POINT (-121.51817 37.10933),39.0
2025-03-18 02:22:35,36.565,-121.1555,3.26,3.66,Mainshock,3.0 - 3.99,POINT (-121.1555 36.565),38.0
2025-03-18 05:39:51,38.83517,-122.80683,4.43,2.45,Mainshock,4.0 - 4.99,POINT (-122.80683 38.83517),29.0
2025-03-18 06:30:34,38.80133,-122.77317,3.09,0.39,Mainshock,3.0 - 3.99,POINT (-122.77317 38.80133),29.0
2025-03-18 02:52:41,37.49067,-118.83967,3.02,3.8,Mainshock,3.0 - 3.99,POINT (-118.83967 37.49067),72.0
2025-03-18 07:42:10,38.7865,-122.7635,3.88,2.01,Mainshock,3.0 - 3.99,POINT (-122.7635 38.7865),29.0
2025-03-18 14:56:51,32.49067,-115.33183,3.83,0.8,Mainshock,3.0 - 3.99,POINT (-115.33183 32.49067),100.0
2025-03-18 07:45:16,33.82217,-120.51767,3.42,12.08,Mainshock,3.0 - 3.99,POINT (-120.51767 33.82217),46.0
2025-03-18 15:27:56,34.943,-116.70766,3.58,-1.03,Mainshock,3.0 - 3.99,POINT (-116.70766 34.943),91.0
2025-03-18 03:35:47,37.91633,-121.83967,3.65,16.04,Mainshock,3.0 - 3.99,POINT (-121.83967 37.91633),39.0
2025-03-18 09:13:56,36.938,-121.43983,3.16,3.88,Mainshock,3.0 - 3.99,POINT (-121.43983 36.938),38.0
2025-03-18 04:12:15,35.766,-121.23217,3.12,7.63,Mainshock,3.0 - 3.99,POINT (-121.23217 35.766),37.0
2025-03-18 06:46:58,34.0245,-116.85433,3.71,19.98,Mainshock,3.0 - 3.99,POINT (-116.85433 34.0245),91.0
2025-03-18 07:34:33,37.28683,-121.65767,3.1,6.26,Mainshock,3.0 - 3.99,POINT (-121.65767 37.28683),39.0
2025-03-18 06:49:53,32.81083,-115.62383,3.22,4.31,Mainshock,3.0 - 3.99,POINT (-115.62383 32.81083),100.0
2025-03-18 12:07:04,32.83517,-115.64817,4.05,8.62,Mainshock,4.0 - 4.99,POINT (-115.64817 32.83517),100.0
2025-03-18 18:16:10,32.79417,-115.444,3.02,4.47,Mainshock,3.0 - 3.99,POINT (-115.444 32.79417),100.0
2025-03-18 21:06:48,32.8175,-115.59917,3.84,4.31,Mainshock,3.0 - 3.99,POINT (-115.59917 32.8175),100.0
2025-03-18 05:55:59,33.02867,-116.00117,3.42,-0.87,Foreshock,3.0 - 3.99,POINT (-116.00117 33.02867),90.0
2025-03-18 06:40:00,32.88667,-115.79583,3.01,3.04,Mainshock,3.0 - 3.99,POINT (-115.79583 32.88667),100.0
2025-03-18 07:09:35,33.17383,-115.61633,4.4,18.72,Mainshock,4.0 - 4.99,POINT (-115.61633 33.17383),101.0
2025-03-18 07:32:13,33.1265,-115.62833,3.24,23.77,Mainshock,3.0 - 3.99,POINT (-115.62833 33.1265),101.0
2025-03-18 07:58:20,33.13417,-115.6725,4.31,-0.67,Mainshock,4.0 - 4.99,POINT (-115.6725 33.13417),101.0
2025-03-18 11:44:03,33.17183,-115.63983,3.29,-0.72,Mainshock,3.0 - 3.99,POINT (-115.63983 33.17183),101.0
2025-03-18 20:36:51,33.013,-115.99866,3.09,1.98,Mainshock,3.0 - 3.99,POINT (-115.99866 33.013),101.0
2025-03-18 23:13:47,38.8905,-123.6595,3.62,9.07,Mainshock,3.0 - 3.99,POINT (-123.6595 38.8905),18.0
2025-03-18 01:40:24,35.88,-117.72283,3.57,11.11,Mainshock,3.0 - 3.99,POINT (-117.72283 35.88),81.0
2025-03-18 03:14:17,36.81167,-121.54083,3.12,5.09,Mainshock,3.0 - 3.99,POINT (-121.54083 36.81167),38.0
2025-03-18 11:12:15,35.05267,-118.88983,3.37,15.91,Mainshock,3.0 - 3.99,POINT (-118.88983 35.05267),70.0
2025-03-18 15:05:23,34.04183,-118.642,3.36,-0.57,Mainshock,3.0 - 3.99,POINT (-118.642 34.04183),69.0
2025-03-18 23:19:41,40.20417,-121.1095,5.48,5.85,Mainshock,5.0 - 5.99,POINT (-121.1095 40.20417),42.0
2025-03-18 02:54:45,40.196,-121.10033,3.79,4.79,Foreshock,3.0 - 3.99,POINT (-121.10033 40.196),42.0
2025-03-18 10:18:41,40.196,-121.09983,5.16,6.06,Mainshock,5.0 - 5.99,POINT (-121.09983 40.196),42.0
2025-03-18 12:42:51,40.19417,-121.09317,3.09,4.59,Mainshock,3.0 - 3.99,POINT (-121.09317 40.19417),42.0
2025-03-18 21:07:31,38.82183,-122.76534,3.02,2.04,Mainshock,3.0 - 3.99,POINT (-122.76534 38.82183),29.0
2025-03-18 11:37:26,40.23717,-121.16783,3.24,6.02,Mainshock,3.0 - 3.99,POINT (-121.16783 40.23717),42.0
2025-03-18 15:01:45,36.6485,-121.272,3.07,3.75,Mainshock,3.0 - 3.99,POINT (-121.272 36.6485),38.0
2025-03-18 15:55:53,40.22517,-121.13467,3.72,8.4,Mainshock,3.0 - 3.99,POINT (-121.13467 40.22517),42.0
2025-03-18 08:18:16,33.373,-116.89933,3.47,-1.27,Mainshock,3.0 - 3.99,POINT (-116.89933 33.373),90.0
2025-03-18 03:26:28,37.28833,-117.59683,4.25,-1.09,Mainshock,4.0 - 4.99,POINT (-117.59683 37.28833),83.0
2025-03-18 03:35:54,37.28033,-117.59184,3.06,0.67,Aftershock,3.0 - 3.99,POINT (-117.59184 37.28033),83.0
2025-03-18 00:30:24,37.28033,-117.58767,3.15,3.13,Mainshock,3.0 - 3.99,POINT (-117.58767 37.28033),83.0
2025-03-18 11:26:25,40.22667,-121.14783,4.13,6.71,Mainshock,4.0 - 4.99,POINT (-121.14783 40.22667),42.0
2025-03-18 20:39:01,38.63766,-119.777,3.08,-1.28,Mainshock,3.0 - 3.99,POINT (-119.777 38.63766),62.0
2025-03-18 08:31:38,37.29383,-117.57283,3.21,-1.32,Mainshock,3.0 - 3.99,POINT (-117.57283 37.29383),83.0
2025-03-18 20:24:52,33.98583,-119.125,3.49,9.87,Mainshock,3.0 - 3.99,POINT (-119.125 33.98583),57.0
2025-03-18 03:00:51,36.41817,-118.2635,3.39,-1.43,Mainshock,3.0 - 3.99,POINT (-118.2635 36.41817),71.0
2025-03-18 08:57:15,40.51933,-124.436,3.04,17.91,Mainshock,3.0 - 3.99,POINT (-124.436 40.51933),9.0
2025-03-18 00:23:05,39.61583,-119.96667,4.12,4.59,Mainshock,4.0 - 4.99,POINT (-119.96667 39.61583),63.0
2025-03-18 00:28:07,39.62067,-119.95817,3.17,3.95,Mainshock,3.0 - 3.99,POINT (-119.95817 39.62067),63.0
2025-03-18 12:01:18,38.79217,-122.7785,4.45,3.83,Mainshock,4.0 - 4.99,POINT (-122.7785 38.79217),29.0
2025-03-18 12:01:28,38.79617,-122.79533,4.17,0.84,Aftershock,4.0 - 4.99,POINT (-122.79533 38.79617),29.0
2025-03-18 12:01:51,38.79667,-122.7775,3.45,-0.87,Aftershock,3.0 - 3.99,POINT (-122.7775 38.79667),29.0
2025-03-18 04:43:02,33.13533,-116.5065,3.2,-0.51,Mainshock,3.0 - 3.99,POINT (-116.5065 33.13533),90.0
2025-03-18 16:41:44,34.229,-119.73183,3.28,-0.39,Mainshock,3.0 - 3.99,POINT (-119.73183 34.229),58.0
2025-03-18 02:56:01,40.485,-124.76967,3.5,15.73,Mainshock,3.0 - 3.99,POINT (-124.76967 40.485),9.0
2025-03-18 22:45:43,36.53683,-121.1455,3.29,2.6,Mainshock,3.0 - 3.99,POINT (-121.1455 36.53683),38.0
2025-03-18 18:03:48,40.2885,-124.47667,3.12,12.94,Mainshock,3.0 - 3.99,POINT (-124.47667 40.2885),9.0
2025-03-18 03:44:59,39.08933,-123.0895,4.35,10.52,Mainshock,4.0 - 4.99,POINT (-123.0895 39.08933),19.0
2025-03-18 06:49:11,35.49617,-118.15,3.64,5.45,Mainshock,3.0 - 3.99,POINT (-118.15 35.49617),70.0
2025-03-18 10:10:33,34.94867,-116.72984,3.39,-0.97,Mainshock,3.0 - 3.99,POINT (-116.72984 34.94867),91.0
2025-03-18 01:50:47,39.638,-119.6555,3.66,2.09,Mainshock,3.0 - 3.99,POINT (-119.6555 39.638),63.0
2025-03-18 02:26:51,39.63583,-119.6555,3.21,-1.9,Mainshock,3.0 - 3.99,POINT (-119.6555 39.63583),63.0
2025-03-18 01:05:30,39.6295,-119.6455,3.21,1.84,Foreshock,3.0 - 3.99,POINT (-119.6455 39.6295),63.0
2025-03-18 04:39:36,37.05383,-121.50867,3.01,7.67,Mainshock,3.0 - 3.99,POINT (-121.50867 37.05383),39.0
2025-03-18 05:10:14,35.001,-118.525,3.44,12.01,Mainshock,3.0 - 3.99,POINT (-118.525 35.001),70.0
2025-03-18 20:59:41,40.223,-121.1495,3.22,5.48,Mainshock,3.0 - 3.99,POINT (-121.1495 40.223),42.0
2025-03-18 09:29:47,33.76383,-118.90017,3.89,21.42,Mainshock,3.0 - 3.99,POINT (-118.90017 33.76383),68.0
2025-03-18 14:58:49,40.38983,-124.4095,3.88,29.86,Mainshock,3.0 - 3.99,POINT (-124.4095 40.38983),9.0
2025-03-18 02:16:54,38.55333,-118.16866,3.55,-1.59,Mainshock,3.0 - 3.99,POINT (-118.16866 38.55333),73.0
2025-03-18 09:21:20,40.2315,-121.15717,3.5,5.25,Mainshock,3.0 - 3.99,POINT (-121.15717 40.2315),42.0
2025-03-18 05:30:39,38.7495,-122.7315,3.34,1.5,Mainshock,3.0 - 3.99,POINT (-122.7315 38.7495),29.0
2025-03-18 11:37:25,38.1775,-117.84866,3.0,2.61,Aftershock,3.0 - 3.99,POINT (-117.84866 38.1775),84.0
2025-03-18 01:00:31,38.15667,-118.02067,3.09,9.39,Mainshock,3.0 - 3.99,POINT (-118.02067 38.15667),73.0
2025-03-18 02:45:58,38.76917,-122.72667,3.18,1.39,Mainshock,3.0 - 3.99,POINT (-122.72667 38.76917),29.0
2025-03-18 03:37:31,38.54883,-118.15984,3.21,-1.36,Mainshock,3.0 - 3.99,POINT (-118.15984 38.54883),73.0
2025-03-18 04:36:10,38.54367,-118.18383,3.85,17.56,Mainshock,3.0 - 3.99,POINT (-118.18383 38.54367),73.0
2025-03-18 07:34:24,39.53483,-116.554,4.52,11.51,Mainshock,4.0 - 4.99,POINT (-116.554 39.53483),96.0
2025-03-18 01:34:01,38.51583,-119.52033,3.13,4.78,Mainshock,3.0 - 3.99,POINT (-119.52033 38.51583),62.0
2025-03-18 13:49:04,37.25617,-121.63233,3.61,5.88,Mainshock,3.0 - 3.99,POINT (-121.63233 37.25617),39.0
2025-03-18 05:38:09,33.11083,-115.6535,4.21,-0.36,Mainshock,4.0 - 4.99,POINT (-115.6535 33.11083),101.0
2025-03-18 08:15:01,37.527,-118.85333,3.01,5.79,Mainshock,3.0 - 3.99,POINT (-118.85333 37.527),72.0
2025-03-18 20:38:28,36.534,-119.30283,3.0,-0.54,Mainshock,3.0 - 3.99,POINT (-119.30283 36.534),60.0
2025-03-18 22:06:03,37.86917,-118.08234,3.0,2.45,Mainshock,3.0 - 3.99,POINT (-118.08234 37.86917),72.0
2025-03-18 23:25:26,35.31767,-118.5665,3.5,7.57,Mainshock,3.0 - 3.99,POINT (-118.5665 35.31767),70.0
2025-03-18 19:17:18,35.9345,-120.484,4.28,9.5,Mainshock,4.0 - 4.99,POINT (-120.484 35.9345),48.0
2025-03-18 02:08:14,38.17967,-117.84683,3.0,4.7,Mainshock,3.0 - 3.99,POINT (-117.84683 38.17967),84.0
2025-03-18 15:28:58,40.95067,-124.2655,3.8,22.99,Mainshock,3.0 - 3.99,POINT (-124.2655 40.95067),9.0
2025-03-18 14:44:24,37.86567,-122.04767,3.04,9.8,Mainshock,3.0 - 3.99,POINT (-122.04767 37.86567),28.0
2025-03-18 19:59:00,34.91233,-119.04533,3.41,10.65,Mainshock,3.0 - 3.99,POINT (-119.04533 34.91233),58.0
2025-03-18 21:08:00,40.31833,-124.23434,4.07,31.93,Mainshock,4.0 - 4.99,POINT (-124.23434 40.31833),9.0
2025-03-18 07:21:16,34.32583,-116.85717,3.3,-1.05,Mainshock,3.0 - 3.99,POINT (-116.85717 34.32583),91.0
2025-03-18 21:41:01,34.40933,-119.17633,5.03,13.07,Mainshock,5.0 - 5.99,POINT (-119.17633 34.40933),58.0
2025-03-18 21:45:26,34.43017,-119.15533,3.85,2.92,Aftershock,3.0 - 3.99,POINT (-119.15533 34.43017),58.0
2025-03-18 21:47:34,34.4425,-119.18266,3.34,-0.84,Aftershock,3.0 - 3.99,POINT (-119.18266 34.4425),58.0
2025-03-18 21:55:42,34.44217,-119.1395,3.35,-0.33,Mainshock,3.0 - 3.99,POINT (-119.1395 34.44217),58.0
2025-03-18 22:08:52,34.43033,-119.16333,3.64,-0.88,Mainshock,3.0 - 3.99,POINT (-119.16333 34.43033),58.0
2025-03-18 22:18:16,34.41817,-119.174,3.96,2.61,Mainshock,3.0 - 3.99,POINT (-119.174 34.41817),58.0
2025-03-18 22:55:15,34.45383,-119.16367,3.12,-0.76,Mainshock,3.0 - 3.99,POINT (-119.16367 34.45383),58.0
2025-03-18 02:30:22,38.54483,-119.5455,3.13,1.7,Mainshock,3.0 - 3.99,POINT (-119.5455 38.54483),62.0
2025-03-18 05:25:17,34.43,-119.17583,3.83,-0.85,Mainshock,3.0 - 3.99,POINT (-119.17583 34.43),58.0
2025-03-18 05:41:23,34.44717,-119.14133,3.23,8.01,Mainshock,3.0 - 3.99,POINT (-119.14133 34.44717),58.0
2025-03-18 23:50:25,34.41033,-119.18716,3.36,9.82,Mainshock,3.0 - 3.99,POINT (-119.18716 34.41033),58.0
2025-03-18 10:33:30,40.29367,-124.55317,3.11,15.43,Mainshock,3.0 - 3.99,POINT (-124.55317 40.29367),9.0
2025-03-18 11:39:19,34.417,-119.14367,3.98,2.43,Mainshock,3.0 - 3.99,POINT (-119.14367 34.417),58.0
2025-03-18 14:57:02,34.40233,-119.18066,3.31,1.48,Mainshock,3.0 - 3.99,POINT (-119.18066 34.40233),58.0
2025-03-18 14:14:45,38.82467,-122.8105,3.96,3.04,Mainshock,3.0 - 3.99,POINT (-122.8105 38.82467),29.0
2025-03-18 08:05:31,32.83767,-117.99533,3.68,-0.38,Mainshock,3.0 - 3.99,POINT (-117.99533 32.83767),78.0
2025-03-18 00:59:36,37.43283,-121.30217,3.25,-0.38,Mainshock,3.0 - 3.99,POINT (-121.30217 37.43283),39.0
2025-03-18 23:30:16,40.60233,-121.82917,3.06,14.04,Mainshock,3.0 - 3.99,POINT (-121.82917 40.60233),42.0
2025-03-18 17:56:45,35.14367,-119.036,3.41,7.31,Mainshock,3.0 - 3.99,POINT (-119.036 35.14367),59.0
2025-03-18 14:43:10,33.62033,-120.02283,3.32,3.7,Mainshock,3.0 - 3.99,POINT (-120.02283 33.62033),46.0
2025-03-18 17:24:38,40.953,-121.56,4.99,15.63,Mainshock,4.0 - 4.99,POINT (-121.56 40.953),42.0
2025-03-18 17:25:05,40.96183,-121.5705,4.33,12.44,Aftershock,4.0 - 4.99,POINT (-121.5705 40.96183),42.0
2025-03-18 23:40:28,34.02167,-116.96167,3.16,0.23,Mainshock,3.0 - 3.99,POINT (-116.96167 34.02167),91.0
2025-03-18 08:52:11,38.17017,-117.8535,3.2,2.98,Mainshock,3.0 - 3.99,POINT (-117.8535 38.17017),84.0
2025-03-18 08:32:21,37.1875,-121.573,3.28,5.81,Mainshock,3.0 - 3.99,POINT (-121.573 37.1875),39.0
2025-03-18 02:43:54,36.5745,-121.17567,3.35,7.74,Mainshock,3.0 - 3.99,POINT (-121.17567 36.5745),38.0
2025-03-18 01:39:45,36.69867,-118.0575,3.2,4.83,Mainshock,3.0 - 3.99,POINT (-118.0575 36.69867),71.0
2025-03-18 04:17:37,39.2225,-120.09566,3.22,3.53,Mainshock,3.0 - 3.99,POINT (-120.09566 39.2225),52.0
2025-03-18 06:20:52,38.81083,-122.793,3.22,1.47,Mainshock,3.0 - 3.99,POINT (-122.793 38.81083),29.0
2025-03-18 00:15:32,37.44183,-121.28484,3.97,0.05,Mainshock,3.0 - 3.99,POINT (-121.28484 37.44183),39.0
2025-03-18 03:44:30,37.43583,-121.30317,3.49,-0.4,Mainshock,3.0 - 3.99,POINT (-121.30317 37.43583),39.0
2025-03-18 04:13:10,37.43817,-121.29583,4.53,3.51,Mainshock,4.0 - 4.99,POINT (-121.29583 37.43817),39.0
2025-03-18 05:25:21,37.422,-121.30367,3.06,3.68,Mainshock,3.0 - 3.99,POINT (-121.30367 37.422),39.0
2025-03-18 15:57:47,37.41867,-121.3045,3.22,3.44,Mainshock,3.0 - 3.99,POINT (-121.3045 37.41867),39.0
2025-03-18 06:42:34,35.02533,-119.65217,3.05,11.08,Mainshock,3.0 - 3.99,POINT (-119.65217 35.02533),59.0
2025-03-18 18:40:03,40.694,-123.581,3.17,30.66,Mainshock,3.0 - 3.99,POINT (-123.581 40.694),20.0
2025-03-18 01:29:07,35.8815,-117.68833,3.07,9.14,Mainshock,3.0 - 3.99,POINT (-117.68833 35.8815),81.0
2025-03-18 20:00:21,38.558,-119.51183,3.6,4.58,Mainshock,3.0 - 3.99,POINT (-119.51183 38.558),62.0
2025-03-18 15:26:26,40.55883,-124.28867,4.65,17.88,Mainshock,4.0 - 4.99,POINT (-124.28867 40.55883),9.0
2025-03-18 17:16:47,40.501,-124.4385,4.22,29.09,Mainshock,4.0 - 4.99,POINT (-124.4385 40.501),9.0
2025-03-18 15:41:29,40.29517,-124.287,4.09,9.8,Foreshock,4.0 - 4.99,POINT (-124.287 40.29517),9.0
2025-03-18 19:29:36,40.2915,-124.2905,3.61,9.59,Mainshock,3.0 - 3.99,POINT (-124.2905 40.2915),9.0
2025-03-18 17:03:08,34.94316,-119.02567,3.08,4.6,Mainshock,3.0 - 3.99,POINT (-119.02567 34.94316),58.0
2025-03-18 03:09:58,35.03617,-117.6645,3.46,7.76,Mainshock,3.0 - 3.99,POINT (-117.6645 35.03617),81.0
2025-03-18 21:30:23,38.82717,-122.804,3.87,1.75,Mainshock,3.0 - 3.99,POINT (-122.804 38.82717),29.0
2025-03-18 21:41:21,36.46583,-120.88084,3.0,17.23,Mainshock,3.0 - 3.99,POINT (-120.88084 36.46583),49.0
2025-03-18 17:23:57,39.001,-117.058,3.5,0.8,Mainshock,3.0 - 3.99,POINT (-117.058 39.001),85.0
2025-03-18 19:50:16,34.57217,-119.1305,3.9,7.97,Mainshock,3.0 - 3.99,POINT (-119.1305 34.57217),58.0
2025-03-18 19:52:15,34.56333,-119.141,3.31,-0.9,Aftershock,3.0 - 3.99,POINT (-119.141 34.56333),58.0
2025-03-18 23:53:04,39.62117,-119.644,3.29,0.57,Mainshock,3.0 - 3.99,POINT (-119.644 39.62117),63.0
2025-03-18 10:20:49,40.31567,-124.05483,4.83,31.06,Mainshock,4.0 - 4.99,POINT (-124.05483 40.31567),9.0
2025-03-18 10:31:25,40.756,-124.52084,4.03,23.63,Mainshock,4.0 - 4.99,POINT (-124.52084 40.756),9.0
2025-03-18 16:29:14,38.127,-121.64283,4.24,8.46,Mainshock,4.0 - 4.99,POINT (-121.64283 38.127),40.0
2025-03-18 18:26:54,39.6225,-119.641,3.69,5.45,Mainshock,3.0 - 3.99,POINT (-119.641 39.6225),63.0
2025-03-18 07:43:03,39.62,-119.64217,3.68,-1.67,Foreshock,3.0 - 3.99,POINT (-119.64217 39.62),63.0
2025-03-18 15:59:25,39.62567,-119.64017,3.56,4.76,Mainshock,3.0 - 3.99,POINT (-119.64017 39.62567),63.0
2025-03-18 16:37:43,41.9405,-119.67333,3.53,17.74,Mainshock,3.0 - 3.99,POINT (-119.67333 41.9405),65.0
2025-03-18 16:39:56,36.02733,-117.77717,3.62,6.19,Mainshock,3.0 - 3.99,POINT (-117.77717 36.02733),82.0
2025-03-18 01:38:31,37.61783,-122.377,3.67,11.61,Mainshock,3.0 - 3.99,POINT (-122.377 37.61783),28.0
2025-03-18 05:40:18,38.55717,-119.51033,4.24,4.46,Mainshock,4.0 - 4.99,POINT (-119.51033 38.55717),62.0
2025-03-18 05:49:49,38.55367,-119.50616,3.29,4.9,Mainshock,3.0 - 3.99,POINT (-119.50616 38.55367),62.0
2025-03-18 12:31:37,33.48233,-116.41617,3.45,2.04,Mainshock,3.0 - 3.99,POINT (-116.41617 33.48233),90.0
2025-03-18 02:18:25,38.34517,-118.91534,3.17,11.53,Mainshock,3.0 - 3.99,POINT (-118.91534 38.34517),73.0
2025-03-18 20:12:18,34.417,-119.16483,4.09,13.41,Mainshock,4.0 - 4.99,POINT (-119.16483 34.417),58.0
2025-03-18 01:51:05,40.12883,-121.11417,3.35,0.87,Mainshock,3.0 - 3.99,POINT (-121.11417 40.12883),42.0
2025-03-18 20:13:16,36.1945,-117.98383,3.03,4.66,Mainshock,3.0 - 3.99,POINT (-117.98383 36.1945),82.0
2025-03-18 17:57:18,38.9495,-118.55417,3.33,-1.87,Mainshock,3.0 - 3.99,POINT (-118.55417 38.9495),73.0
2025-03-18 15:30:43,38.21667,-117.8335,4.14,-1.84,Mainshock,4.0 - 4.99,POINT (-117.8335 38.21667),84.0
2025-03-18 03:15:24,40.417,-124.82083,4.1,17.42,Mainshock,4.0 - 4.99,POINT (-124.82083 40.417),9.0
2025-03-18 17:54:51,37.24733,-118.27533,3.23,12.75,Mainshock,3.0 - 3.99,POINT (-118.27533 37.24733),72.0
2025-03-18 13:26:24,40.62433,-123.62517,3.24,22.72,Mainshock,3.0 - 3.99,POINT (-123.62517 40.62433),20.0
2025-03-18 15:49:00,40.63334,-124.313,3.17,22.72,Mainshock,3.0 - 3.99,POINT (-124.313 40.63334),9.0
2025-03-18 10:37:40,35.52283,-118.38483,3.7,9.08,Mainshock,3.0 - 3.99,POINT (-118.38483 35.52283),70.0
2025-03-18 07:59:39,34.264,-116.8095,3.62,-1.14,Mainshock,3.0 - 3.99,POINT (-116.8095 34.264),91.0
2025-03-18 09:32:27,40.37366,-119.41283,3.04,-1.31,Mainshock,3.0 - 3.99,POINT (-119.41283 40.37366),64.0
2025-03-18 10:19:54,33.27533,-116.208,3.31,-1.2,Mainshock,3.0 - 3.99,POINT (-116.208 33.27533),90.0
2025-03-18 23:35:30,33.94567,-116.84967,3.14,2.74,Mainshock,3.0 - 3.99,POINT (-116.84967 33.94567),90.0
2025-03-18 07:35:43,32.7695,-115.87,3.2,7.25,Mainshock,3.0 - 3.99,POINT (-115.87 32.7695),100.0
2025-03-18 07:43:27,32.75067,-115.86283,4.8,-0.22,Mainshock,4.0 - 4.99,POINT (-115.86283 32.75067),100.0
2025-03-18 15:51:26,32.7655,-115.884,3.31,4.78,Mainshock,3.0 - 3.99,POINT (-115.884 32.7655),100.0
2025-03-18 05:47:02,37.0655,-118.5315,3.49,10.46,Mainshock,3.0 - 3.99,POINT (-118.5315 37.0655),72.0
2025-03-18 04:09:58,33.84317,-117.91283,3.45,-0.21,Mainshock,3.0 - 3.99,POINT (-117.91283 33.84317),79.0
2025-03-18 04:30:22,32.77667,-115.87267,3.59,4.73,Mainshock,3.0 - 3.99,POINT (-115.87267 32.77667),100.0
2025-03-18 06:16:51,36.85083,-120.96967,3.7,6.53,Mainshock,3.0 - 3.99,POINT (-120.96967 36.85083),49.0
2025-03-18 23:58:19,34.00083,-116.3325,3.18,-1.26,Mainshock,3.0 - 3.99,POINT (-116.3325 34.00083),91.0
2025-03-18 21:44:53,33.16633,-115.68584,3.15,2.02,Mainshock,3.0 - 3.99,POINT (-115.68584 33.16633),101.0
2025-03-18 14:19:51,39.948,-120.84883,3.35,-0.13,Mainshock,3.0 - 3.99,POINT (-120.84883 39.948),52.0
2025-03-18 06:52:19,38.79683,-122.746,3.5,0.34,Mainshock,3.0 - 3.99,POINT (-122.746 38.79683),29.0
2025-03-18 14:28:18,34.223,-116.79134,3.14,-1.06,Mainshock,3.0 - 3.99,POINT (-116.79134 34.223),91.0
2025-03-18 09:31:40,39.61666,-119.63866,3.66,5.38,Mainshock,3.0 - 3.99,POINT (-119.63866 39.61666),63.0
2025-03-18 05:52:22,33.63933,-117.98983,3.52,8.93,Mainshock,3.0 - 3.99,POINT (-117.98983 33.63933),79.0
2025-03-18 15:42:08,33.98917,-116.33817,3.04,-1.26,Mainshock,3.0 - 3.99,POINT (-116.33817 33.98917),90.0
2025-03-18 11:07:25,35.92933,-117.68684,3.13,7.39,Mainshock,3.0 - 3.99,POINT (-117.68684 35.92933),81.0
2025-03-18 12:08:20,35.93467,-117.6845,3.25,6.82,Mainshock,3.0 - 3.99,POINT (-117.6845 35.93467),81.0
2025-03-18 13:19:44,35.9325,-117.68716,3.11,5.64,Mainshock,3.0 - 3.99,POINT (-117.68716 35.9325),81.0
2025-03-18 17:25:29,35.93017,-117.686,3.39,8.27,Mainshock,3.0 - 3.99,POINT (-117.686 35.93017),81.0
2025-03-18 20:05:40,35.2355,-120.784,3.07,6.22,Mainshock,3.0 - 3.99,POINT (-120.784 35.2355),48.0
2025-03-18 07:10:11,38.814,-122.79884,3.89,2.08,Mainshock,3.0 - 3.99,POINT (-122.79884 38.814),29.0
2025-03-18 02:26:27,35.39967,-118.6445,3.69,8.41,Mainshock,3.0 - 3.99,POINT (-118.6445 35.39967),70.0
2025-03-18 08:29:11,35.7495,-117.57467,3.36,9.02,Mainshock,3.0 - 3.99,POINT (-117.57467 35.7495),81.0
